supplier_id,date,disruption_probability,risk_rank,risk_level,horizon_days,model_version,disruption_risk
S060,2028-05-30,0.1840528697,1,HIGH,7,SupplyGrid-XGBoost-single-v1,0
S026,2028-05-30,0.1739461273,2,HIGH,7,SupplyGrid-XGBoost-single-v1,1
S002,2028-05-30,0.1450728327,3,LOW,7,SupplyGrid-XGBoost-single-v1,1
S050,2028-05-30,0.1444105655,4,LOW,7,SupplyGrid-XGBoost-single-v1,0
S069,2028-05-30,0.1370475888,5,LOW,7,SupplyGrid-XGBoost-single-v1,0
S016,2028-05-30,0.1322773099,6,LOW,7,SupplyGrid-XGBoost-single-v1,0
S035,2028-05-30,0.1293341219,7,LOW,7,SupplyGrid-XGBoost-single-v1,0
S092,2028-05-30,0.1289187074,8,LOW,7,SupplyGrid-XGBoost-single-v1,0
S019,2028-05-30,0.1282524467,9,LOW,7,SupplyGrid-XGBoost-single-v1,0
S001,2028-05-30,0.1233998612,10,LOW,7,SupplyGrid-XGBoost-single-v1,0
S079,2028-05-30,0.118326813,11,LOW,7,SupplyGrid-XGBoost-single-v1,0
S042,2028-05-30,0.117936857,12,LOW,7,SupplyGrid-XGBoost-single-v1,0
S038,2028-05-30,0.1171531677,13,LOW,7,SupplyGrid-XGBoost-single-v1,0
S024,2028-05-30,0.1169700697,14,LOW,7,SupplyGrid-XGBoost-single-v1,0
S039,2028-05-30,0.1169700697,15,LOW,7,SupplyGrid-XGBoost-single-v1,0
S058,2028-05-30,0.1150771528,16,LOW,7,SupplyGrid-XGBoost-single-v1,0
S046,2028-05-30,0.1146780029,17,LOW,7,SupplyGrid-XGBoost-single-v1,0
S084,2028-05-30,0.1145047024,18,LOW,7,SupplyGrid-XGBoost-single-v1,0
S078,2028-05-30,0.1136068627,19,LOW,7,SupplyGrid-XGBoost-single-v1,1
S062,2028-05-30,0.112978369,20,LOW,7,SupplyGrid-XGBoost-single-v1,0
S014,2028-05-30,0.1127246544,21,LOW,7,SupplyGrid-XGBoost-single-v1,0
S005,2028-05-30,0.1118650958,22,LOW,7,SupplyGrid-XGBoost-single-v1,0
S083,2028-05-30,0.1100295931,23,LOW,7,SupplyGrid-XGBoost-single-v1,1
S075,2028-05-30,0.1079637706,24,LOW,7,SupplyGrid-XGBoost-single-v1,0
S073,2028-05-30,0.1063033789,25,LOW,7,SupplyGrid-XGBoost-single-v1,0
S006,2028-05-30,0.1055343598,26,LOW,7,SupplyGrid-XGBoost-single-v1,1
S017,2028-05-30,0.1054215729,27,LOW,7,SupplyGrid-XGBoost-single-v1,1
S074,2028-05-30,0.1046897396,28,LOW,7,SupplyGrid-XGBoost-single-v1,0
S053,2028-05-30,0.1039449945,29,LOW,7,SupplyGrid-XGBoost-single-v1,0
S036,2028-05-30,0.1016239375,30,LOW,7,SupplyGrid-XGBoost-single-v1,0
S076,2028-05-30,0.1008267105,31,LOW,7,SupplyGrid-XGBoost-single-v1,0
S023,2028-05-30,0.1005215049,32,LOW,7,SupplyGrid-XGBoost-single-v1,0
S022,2028-05-30,0.09924855828,33,LOW,7,SupplyGrid-XGBoost-single-v1,0
S034,2028-05-30,0.09870193899,34,LOW,7,SupplyGrid-XGBoost-single-v1,0
S064,2028-05-30,0.09835703671,35,LOW,7,SupplyGrid-XGBoost-single-v1,1
S043,2028-05-30,0.09800434858,36,LOW,7,SupplyGrid-XGBoost-single-v1,0
S094,2028-05-30,0.09711763263,37,LOW,7,SupplyGrid-XGBoost-single-v1,0
S090,2028-05-30,0.09563061595,38,LOW,7,SupplyGrid-XGBoost-single-v1,0
S095,2028-05-30,0.09440638125,39,LOW,7,SupplyGrid-XGBoost-single-v1,0
S087,2028-05-30,0.08934225887,40,LOW,7,SupplyGrid-XGBoost-single-v1,0
S047,2028-05-30,0.08866075426,41,LOW,7,SupplyGrid-XGBoost-single-v1,0
S082,2028-05-30,0.08858980983,42,LOW,7,SupplyGrid-XGBoost-single-v1,0
S088,2028-05-30,0.08683595061,43,LOW,7,SupplyGrid-XGBoost-single-v1,0
S048,2028-05-30,0.08472309262,44,LOW,7,SupplyGrid-XGBoost-single-v1,0
S037,2028-05-30,0.08455184102,45,LOW,7,SupplyGrid-XGBoost-single-v1,0
S100,2028-05-30,0.08318032324,46,LOW,7,SupplyGrid-XGBoost-single-v1,0
S051,2028-05-30,0.08097200841,47,LOW,7,SupplyGrid-XGBoost-single-v1,1
S059,2028-05-30,0.08060026169,48,LOW,7,SupplyGrid-XGBoost-single-v1,0
S085,2028-05-30,0.07962678373,49,LOW,7,SupplyGrid-XGBoost-single-v1,0
S091,2028-05-30,0.07954650372,50,LOW,7,SupplyGrid-XGBoost-single-v1,0
S041,2028-05-30,0.07915712893,51,LOW,7,SupplyGrid-XGBoost-single-v1,0
S010,2028-05-30,0.07885871828,52,LOW,7,SupplyGrid-XGBoost-single-v1,0
S008,2028-05-30,0.07885327935,53,LOW,7,SupplyGrid-XGBoost-single-v1,0
S052,2028-05-30,0.07885073125,54,LOW,7,SupplyGrid-XGBoost-single-v1,0
S077,2028-05-30,0.07865229994,55,LOW,7,SupplyGrid-XGBoost-single-v1,1
S013,2028-05-30,0.07792514563,56,LOW,7,SupplyGrid-XGBoost-single-v1,0
S055,2028-05-30,0.07792514563,57,LOW,7,SupplyGrid-XGBoost-single-v1,0
S027,2028-05-30,0.07743388414,58,LOW,7,SupplyGrid-XGBoost-single-v1,0
S097,2028-05-30,0.0763893947,59,LOW,7,SupplyGrid-XGBoost-single-v1,0
S072,2028-05-30,0.07628402859,60,LOW,7,SupplyGrid-XGBoost-single-v1,0
S032,2028-05-30,0.07507242262,61,LOW,7,SupplyGrid-XGBoost-single-v1,0
S063,2028-05-30,0.07507242262,62,LOW,7,SupplyGrid-XGBoost-single-v1,0
S020,2028-05-30,0.07382848859,63,LOW,7,SupplyGrid-XGBoost-single-v1,0
S025,2028-05-30,0.07125163823,64,LOW,7,SupplyGrid-XGBoost-single-v1,0
S004,2028-05-30,0.07116610557,65,LOW,7,SupplyGrid-XGBoost-single-v1,0
S045,2028-05-30,0.0711157918,66,LOW,7,SupplyGrid-XGBoost-single-v1,0
S009,2028-05-30,0.07103135437,67,LOW,7,SupplyGrid-XGBoost-single-v1,0
S031,2028-05-30,0.0698511824,68,LOW,7,SupplyGrid-XGBoost-single-v1,0
S098,2028-05-30,0.06919015199,69,LOW,7,SupplyGrid-XGBoost-single-v1,0
S099,2028-05-30,0.06892234087,70,LOW,7,SupplyGrid-XGBoost-single-v1,1
S093,2028-05-30,0.06854399294,71,LOW,7,SupplyGrid-XGBoost-single-v1,0
S065,2028-05-30,0.06653377414,72,LOW,7,SupplyGrid-XGBoost-single-v1,0
S070,2028-05-30,0.06294345111,73,LOW,7,SupplyGrid-XGBoost-single-v1,0
S080,2028-05-30,0.06275162846,74,LOW,7,SupplyGrid-XGBoost-single-v1,0
S007,2028-05-30,0.0616704151,75,LOW,7,SupplyGrid-XGBoost-single-v1,0
S068,2028-05-30,0.06023677438,76,LOW,7,SupplyGrid-XGBoost-single-v1,0
S081,2028-05-30,0.05978031456,77,LOW,7,SupplyGrid-XGBoost-single-v1,0
S096,2028-05-30,0.05950580165,78,LOW,7,SupplyGrid-XGBoost-single-v1,0
S011,2028-05-30,0.0589443557,79,LOW,7,SupplyGrid-XGBoost-single-v1,0
S018,2028-05-30,0.05823766813,80,LOW,7,SupplyGrid-XGBoost-single-v1,0
S029,2028-05-30,0.05823766813,81,LOW,7,SupplyGrid-XGBoost-single-v1,0
S054,2028-05-30,0.05823766813,82,LOW,7,SupplyGrid-XGBoost-single-v1,0
S067,2028-05-30,0.05823766813,83,LOW,7,SupplyGrid-XGBoost-single-v1,0
S089,2028-05-30,0.05823766813,84,LOW,7,SupplyGrid-XGBoost-single-v1,0
S021,2028-05-30,0.05783374608,85,LOW,7,SupplyGrid-XGBoost-single-v1,0
S030,2028-05-30,0.05752947927,86,LOW,7,SupplyGrid-XGBoost-single-v1,0
S033,2028-05-30,0.05752947927,87,LOW,7,SupplyGrid-XGBoost-single-v1,0
S044,2028-05-30,0.05752947927,88,LOW,7,SupplyGrid-XGBoost-single-v1,0
S066,2028-05-30,0.05752947927,89,LOW,7,SupplyGrid-XGBoost-single-v1,0
S028,2028-05-30,0.0569855459,90,LOW,7,SupplyGrid-XGBoost-single-v1,0
S060,2028-05-31,0.1601390392,1,HIGH,7,SupplyGrid-XGBoost-single-v1,0
S035,2028-05-31,0.1546356231,2,HIGH,7,SupplyGrid-XGBoost-single-v1,0
S026,2028-05-31,0.1533453912,3,HIGH,7,SupplyGrid-XGBoost-single-v1,1
S050,2028-05-31,0.1501168311,4,HIGH,7,SupplyGrid-XGBoost-single-v1,0
S039,2028-05-31,0.1484998465,5,LOW,7,SupplyGrid-XGBoost-single-v1,0
S002,2028-05-31,0.1450728327,6,LOW,7,SupplyGrid-XGBoost-single-v1,1
S019,2028-05-31,0.1397308111,7,LOW,7,SupplyGrid-XGBoost-single-v1,0
S092,2028-05-31,0.1255124658,8,LOW,7,SupplyGrid-XGBoost-single-v1,0
S062,2028-05-31,0.1248300448,9,LOW,7,SupplyGrid-XGBoost-single-v1,0
S076,2028-05-31,0.1240402237,10,LOW,7,SupplyGrid-XGBoost-single-v1,0
S073,2028-05-31,0.1226109266,11,LOW,7,SupplyGrid-XGBoost-single-v1,0
S078,2028-05-31,0.1204391196,12,LOW,7,SupplyGrid-XGBoost-single-v1,1
S003,2028-05-31,0.1190339774,13,LOW,7,SupplyGrid-XGBoost-single-v1,0
S079,2028-05-31,0.118326813,14,LOW,7,SupplyGrid-XGBoost-single-v1,0
S024,2028-05-31,0.1169700697,15,LOW,7,SupplyGrid-XGBoost-single-v1,0
S006,2028-05-31,0.1167078838,16,LOW,7,SupplyGrid-XGBoost-single-v1,1
S069,2028-05-31,0.1143203005,17,LOW,7,SupplyGrid-XGBoost-single-v1,0
S005,2028-05-31,0.1118650958,18,LOW,7,SupplyGrid-XGBoost-single-v1,0
S042,2028-05-31,0.1110636443,19,LOW,7,SupplyGrid-XGBoost-single-v1,0
S058,2028-05-31,0.1083501354,20,LOW,7,SupplyGrid-XGBoost-single-v1,0
S084,2028-05-31,0.1083501354,21,LOW,7,SupplyGrid-XGBoost-single-v1,0
S046,2028-05-31,0.108087346,22,LOW,7,SupplyGrid-XGBoost-single-v1,0
S064,2028-05-31,0.107443288,23,LOW,7,SupplyGrid-XGBoost-single-v1,1
S038,2028-05-31,0.106418632,24,LOW,7,SupplyGrid-XGBoost-single-v1,0
S074,2028-05-31,0.1046897396,25,LOW,7,SupplyGrid-XGBoost-single-v1,0
S053,2028-05-31,0.1039449945,26,LOW,7,SupplyGrid-XGBoost-single-v1,0
S075,2028-05-31,0.1025059074,27,LOW,7,SupplyGrid-XGBoost-single-v1,0
S023,2028-05-31,0.1005215049,28,LOW,7,SupplyGrid-XGBoost-single-v1,0
S040,2028-05-31,0.10009408,29,LOW,7,SupplyGrid-XGBoost-single-v1,0
S034,2028-05-31,0.09870193899,30,LOW,7,SupplyGrid-XGBoost-single-v1,0
S072,2028-05-31,0.09800434858,31,LOW,7,SupplyGrid-XGBoost-single-v1,0
S095,2028-05-31,0.09771934897,32,LOW,7,SupplyGrid-XGBoost-single-v1,0
S090,2028-05-31,0.09563061595,33,LOW,7,SupplyGrid-XGBoost-single-v1,0
S059,2028-05-31,0.09537266195,34,LOW,7,SupplyGrid-XGBoost-single-v1,0
S016,2028-05-31,0.09445030987,35,LOW,7,SupplyGrid-XGBoost-single-v1,0
S077,2028-05-31,0.09115065634,36,LOW,7,SupplyGrid-XGBoost-single-v1,1
S036,2028-05-31,0.09082106501,37,LOW,7,SupplyGrid-XGBoost-single-v1,0
S094,2028-05-31,0.09072899818,38,LOW,7,SupplyGrid-XGBoost-single-v1,0
S043,2028-05-31,0.08996331692,39,LOW,7,SupplyGrid-XGBoost-single-v1,0
S055,2028-05-31,0.0894080624,40,LOW,7,SupplyGrid-XGBoost-single-v1,0
S087,2028-05-31,0.08834799379,41,LOW,7,SupplyGrid-XGBoost-single-v1,0
S022,2028-05-31,0.08725454658,42,LOW,7,SupplyGrid-XGBoost-single-v1,0
S088,2028-05-31,0.08683595061,43,LOW,7,SupplyGrid-XGBoost-single-v1,0
S091,2028-05-31,0.08674876392,44,LOW,7,SupplyGrid-XGBoost-single-v1,0
S061,2028-05-31,0.0867273286,45,LOW,7,SupplyGrid-XGBoost-single-v1,0
S001,2028-05-31,0.08623836935,46,LOW,7,SupplyGrid-XGBoost-single-v1,0
S047,2028-05-31,0.08535118401,47,LOW,7,SupplyGrid-XGBoost-single-v1,0
S037,2028-05-31,0.08455184102,48,LOW,7,SupplyGrid-XGBoost-single-v1,0
S100,2028-05-31,0.08020846546,49,LOW,7,SupplyGrid-XGBoost-single-v1,0
S051,2028-05-31,0.0801467672,50,LOW,7,SupplyGrid-XGBoost-single-v1,1
S082,2028-05-31,0.07986488193,51,LOW,7,SupplyGrid-XGBoost-single-v1,0
S085,2028-05-31,0.07962678373,52,LOW,7,SupplyGrid-XGBoost-single-v1,0
S041,2028-05-31,0.07915712893,53,LOW,7,SupplyGrid-XGBoost-single-v1,0
S052,2028-05-31,0.07885073125,54,LOW,7,SupplyGrid-XGBoost-single-v1,0
S013,2028-05-31,0.07792514563,55,LOW,7,SupplyGrid-XGBoost-single-v1,0
S048,2028-05-31,0.07739163935,56,LOW,7,SupplyGrid-XGBoost-single-v1,0
S009,2028-05-31,0.07719397545,57,LOW,7,SupplyGrid-XGBoost-single-v1,0
S096,2028-05-31,0.07684630156,58,LOW,7,SupplyGrid-XGBoost-single-v1,0
S093,2028-05-31,0.07613448799,59,LOW,7,SupplyGrid-XGBoost-single-v1,0
S010,2028-05-31,0.07613120228,60,LOW,7,SupplyGrid-XGBoost-single-v1,0
S032,2028-05-31,0.07507242262,61,LOW,7,SupplyGrid-XGBoost-single-v1,0
S063,2028-05-31,0.07507242262,62,LOW,7,SupplyGrid-XGBoost-single-v1,0
S014,2028-05-31,0.07418762147,63,LOW,7,SupplyGrid-XGBoost-single-v1,0
S028,2028-05-31,0.07364913076,64,LOW,7,SupplyGrid-XGBoost-single-v1,0
S020,2028-05-31,0.07270579785,65,LOW,7,SupplyGrid-XGBoost-single-v1,0
S025,2028-05-31,0.07125163823,66,LOW,7,SupplyGrid-XGBoost-single-v1,0
S045,2028-05-31,0.0711157918,67,LOW,7,SupplyGrid-XGBoost-single-v1,0
S031,2028-05-31,0.0698511824,68,LOW,7,SupplyGrid-XGBoost-single-v1,0
S098,2028-05-31,0.06919015199,69,LOW,7,SupplyGrid-XGBoost-single-v1,0
S008,2028-05-31,0.06645162404,70,LOW,7,SupplyGrid-XGBoost-single-v1,0
S004,2028-05-31,0.0619613044,71,LOW,7,SupplyGrid-XGBoost-single-v1,0
S007,2028-05-31,0.0616704151,72,LOW,7,SupplyGrid-XGBoost-single-v1,0
S070,2028-05-31,0.06124585867,73,LOW,7,SupplyGrid-XGBoost-single-v1,0
S068,2028-05-31,0.06023677438,74,LOW,7,SupplyGrid-XGBoost-single-v1,0
S081,2028-05-31,0.05978031456,75,LOW,7,SupplyGrid-XGBoost-single-v1,0
S097,2028-05-31,0.05976101011,76,LOW,7,SupplyGrid-XGBoost-single-v1,0
S027,2028-05-31,0.0593708083,77,LOW,7,SupplyGrid-XGBoost-single-v1,0
S065,2028-05-31,0.05915120244,78,LOW,7,SupplyGrid-XGBoost-single-v1,0
S011,2028-05-31,0.0589443557,79,LOW,7,SupplyGrid-XGBoost-single-v1,0
S080,2028-05-31,0.05879281089,80,LOW,7,SupplyGrid-XGBoost-single-v1,0
S018,2028-05-31,0.05823766813,81,LOW,7,SupplyGrid-XGBoost-single-v1,0
S029,2028-05-31,0.05823766813,82,LOW,7,SupplyGrid-XGBoost-single-v1,0
S054,2028-05-31,0.05823766813,83,LOW,7,SupplyGrid-XGBoost-single-v1,0
S067,2028-05-31,0.05823766813,84,LOW,7,SupplyGrid-XGBoost-single-v1,0
S089,2028-05-31,0.05823766813,85,LOW,7,SupplyGrid-XGBoost-single-v1,0
S099,2028-05-31,0.05823766813,86,LOW,7,SupplyGrid-XGBoost-single-v1,1
S021,2028-05-31,0.05783374608,87,LOW,7,SupplyGrid-XGBoost-single-v1,0
S030,2028-05-31,0.05752947927,88,LOW,7,SupplyGrid-XGBoost-single-v1,0
S033,2028-05-31,0.05752947927,89,LOW,7,SupplyGrid-XGBoost-single-v1,0
S044,2028-05-31,0.05752947927,90,LOW,7,SupplyGrid-XGBoost-single-v1,0
S066,2028-05-31,0.05752947927,91,LOW,7,SupplyGrid-XGBoost-single-v1,0
S060,2028-06-01,0.1658228189,1,HIGH,7,SupplyGrid-XGBoost-single-v1,0
S019,2028-06-01,0.1566799283,2,HIGH,7,SupplyGrid-XGBoost-single-v1,0
S035,2028-06-01,0.1441341788,3,LOW,7,SupplyGrid-XGBoost-single-v1,0
S050,2028-06-01,0.143170014,4,LOW,7,SupplyGrid-XGBoost-single-v1,0
S039,2028-06-01,0.141317457,5,LOW,7,SupplyGrid-XGBoost-single-v1,0
S026,2028-06-01,0.1378882527,6,LOW,7,SupplyGrid-XGBoost-single-v1,1
S056,2028-06-01,0.136189431,7,LOW,7,SupplyGrid-XGBoost-single-v1,0
S095,2028-06-01,0.1286079735,8,LOW,7,SupplyGrid-XGBoost-single-v1,0
S003,2028-06-01,0.1263303459,9,LOW,7,SupplyGrid-XGBoost-single-v1,0
S006,2028-06-01,0.1261785775,10,LOW,7,SupplyGrid-XGBoost-single-v1,1
S078,2028-06-01,0.1221763939,11,LOW,7,SupplyGrid-XGBoost-single-v1,1
S042,2028-06-01,0.1218974665,12,LOW,7,SupplyGrid-XGBoost-single-v1,0
S024,2028-06-01,0.1213430315,13,LOW,7,SupplyGrid-XGBoost-single-v1,0
S016,2028-06-01,0.1192357391,14,LOW,7,SupplyGrid-XGBoost-single-v1,0
S079,2028-06-01,0.118326813,15,LOW,7,SupplyGrid-XGBoost-single-v1,0
S076,2028-06-01,0.1085731611,16,LOW,7,SupplyGrid-XGBoost-single-v1,0
S073,2028-06-01,0.1063033789,17,LOW,7,SupplyGrid-XGBoost-single-v1,0
S074,2028-06-01,0.1062272936,18,LOW,7,SupplyGrid-XGBoost-single-v1,0
S092,2028-06-01,0.1061648428,19,LOW,7,SupplyGrid-XGBoost-single-v1,0
S069,2028-06-01,0.103268832,20,LOW,7,SupplyGrid-XGBoost-single-v1,0
S005,2028-06-01,0.1028164551,21,LOW,7,SupplyGrid-XGBoost-single-v1,0
S064,2028-06-01,0.1026782021,22,LOW,7,SupplyGrid-XGBoost-single-v1,1
S094,2028-06-01,0.102207534,23,LOW,7,SupplyGrid-XGBoost-single-v1,0
S023,2028-06-01,0.1005215049,24,LOW,7,SupplyGrid-XGBoost-single-v1,0
S055,2028-06-01,0.1000621319,25,LOW,7,SupplyGrid-XGBoost-single-v1,0
S058,2028-06-01,0.09955394268,26,LOW,7,SupplyGrid-XGBoost-single-v1,0
S014,2028-06-01,0.09919571877,27,LOW,7,SupplyGrid-XGBoost-single-v1,0
S034,2028-06-01,0.09870193899,28,LOW,7,SupplyGrid-XGBoost-single-v1,0
S043,2028-06-01,0.09800434858,29,LOW,7,SupplyGrid-XGBoost-single-v1,0
S084,2028-06-01,0.09788809717,30,LOW,7,SupplyGrid-XGBoost-single-v1,0
S062,2028-06-01,0.09780912846,31,LOW,7,SupplyGrid-XGBoost-single-v1,0
S053,2028-06-01,0.09779682755,32,LOW,7,SupplyGrid-XGBoost-single-v1,0
S090,2028-06-01,0.09563061595,33,LOW,7,SupplyGrid-XGBoost-single-v1,0
S091,2028-06-01,0.09431931376,34,LOW,7,SupplyGrid-XGBoost-single-v1,0
S075,2028-06-01,0.09428557754,35,LOW,7,SupplyGrid-XGBoost-single-v1,0
S077,2028-06-01,0.09271363914,36,LOW,7,SupplyGrid-XGBoost-single-v1,1
S036,2028-06-01,0.09082106501,37,LOW,7,SupplyGrid-XGBoost-single-v1,0
S100,2028-06-01,0.0890956372,38,LOW,7,SupplyGrid-XGBoost-single-v1,0
S087,2028-06-01,0.08834799379,39,LOW,7,SupplyGrid-XGBoost-single-v1,0
S059,2028-06-01,0.08752660453,40,LOW,7,SupplyGrid-XGBoost-single-v1,0
S040,2028-06-01,0.08737041801,41,LOW,7,SupplyGrid-XGBoost-single-v1,0
S022,2028-06-01,0.08725454658,42,LOW,7,SupplyGrid-XGBoost-single-v1,0
S088,2028-06-01,0.08683595061,43,LOW,7,SupplyGrid-XGBoost-single-v1,0
S061,2028-06-01,0.0867273286,44,LOW,7,SupplyGrid-XGBoost-single-v1,0
S001,2028-06-01,0.08623836935,45,LOW,7,SupplyGrid-XGBoost-single-v1,0
S046,2028-06-01,0.08582537621,46,LOW,7,SupplyGrid-XGBoost-single-v1,0
S020,2028-06-01,0.08580304682,47,LOW,7,SupplyGrid-XGBoost-single-v1,0
S038,2028-06-01,0.08532436937,48,LOW,7,SupplyGrid-XGBoost-single-v1,0
S037,2028-06-01,0.08455184102,49,LOW,7,SupplyGrid-XGBoost-single-v1,0
S048,2028-06-01,0.08237414062,50,LOW,7,SupplyGrid-XGBoost-single-v1,0
S047,2028-06-01,0.08111590892,51,LOW,7,SupplyGrid-XGBoost-single-v1,0
S085,2028-06-01,0.07962678373,52,LOW,7,SupplyGrid-XGBoost-single-v1,0
S041,2028-06-01,0.07915712893,53,LOW,7,SupplyGrid-XGBoost-single-v1,0
S052,2028-06-01,0.07885073125,54,LOW,7,SupplyGrid-XGBoost-single-v1,0
S013,2028-06-01,0.07792514563,55,LOW,7,SupplyGrid-XGBoost-single-v1,0
S097,2028-06-01,0.07788582146,56,LOW,7,SupplyGrid-XGBoost-single-v1,0
S072,2028-06-01,0.07628402859,57,LOW,7,SupplyGrid-XGBoost-single-v1,0
S010,2028-06-01,0.07613120228,58,LOW,7,SupplyGrid-XGBoost-single-v1,0
S032,2028-06-01,0.07507242262,59,LOW,7,SupplyGrid-XGBoost-single-v1,0
S063,2028-06-01,0.07507242262,60,LOW,7,SupplyGrid-XGBoost-single-v1,0
S028,2028-06-01,0.07364913076,61,LOW,7,SupplyGrid-XGBoost-single-v1,0
S025,2028-06-01,0.07125163823,62,LOW,7,SupplyGrid-XGBoost-single-v1,0
S004,2028-06-01,0.07116610557,63,LOW,7,SupplyGrid-XGBoost-single-v1,0
S009,2028-06-01,0.07103135437,64,LOW,7,SupplyGrid-XGBoost-single-v1,0
S098,2028-06-01,0.07040574402,65,LOW,7,SupplyGrid-XGBoost-single-v1,0
S031,2028-06-01,0.0698511824,66,LOW,7,SupplyGrid-XGBoost-single-v1,0
S080,2028-06-01,0.06957180053,67,LOW,7,SupplyGrid-XGBoost-single-v1,0
S082,2028-06-01,0.06879685074,68,LOW,7,SupplyGrid-XGBoost-single-v1,0
S007,2028-06-01,0.0616704151,69,LOW,7,SupplyGrid-XGBoost-single-v1,0
S045,2028-06-01,0.06117964163,70,LOW,7,SupplyGrid-XGBoost-single-v1,0
S008,2028-06-01,0.06108986586,71,LOW,7,SupplyGrid-XGBoost-single-v1,0
S070,2028-06-01,0.06063354388,72,LOW,7,SupplyGrid-XGBoost-single-v1,0
S068,2028-06-01,0.06023677438,73,LOW,7,SupplyGrid-XGBoost-single-v1,0
S081,2028-06-01,0.05978031456,74,LOW,7,SupplyGrid-XGBoost-single-v1,0
S096,2028-06-01,0.05950580165,75,LOW,7,SupplyGrid-XGBoost-single-v1,0
S011,2028-06-01,0.0589443557,76,LOW,7,SupplyGrid-XGBoost-single-v1,0
S093,2028-06-01,0.0589443557,77,LOW,7,SupplyGrid-XGBoost-single-v1,0
S018,2028-06-01,0.05823766813,78,LOW,7,SupplyGrid-XGBoost-single-v1,0
S029,2028-06-01,0.05823766813,79,LOW,7,SupplyGrid-XGBoost-single-v1,0
S054,2028-06-01,0.05823766813,80,LOW,7,SupplyGrid-XGBoost-single-v1,0
S065,2028-06-01,0.05823766813,81,LOW,7,SupplyGrid-XGBoost-single-v1,0
S067,2028-06-01,0.05823766813,82,LOW,7,SupplyGrid-XGBoost-single-v1,0
S089,2028-06-01,0.05823766813,83,LOW,7,SupplyGrid-XGBoost-single-v1,0
S099,2028-06-01,0.05823766813,84,LOW,7,SupplyGrid-XGBoost-single-v1,1
S021,2028-06-01,0.05783374608,85,LOW,7,SupplyGrid-XGBoost-single-v1,0
S030,2028-06-01,0.05752947927,86,LOW,7,SupplyGrid-XGBoost-single-v1,0
S033,2028-06-01,0.05752947927,87,LOW,7,SupplyGrid-XGBoost-single-v1,0
S044,2028-06-01,0.05752947927,88,LOW,7,SupplyGrid-XGBoost-single-v1,0
S066,2028-06-01,0.05752947927,89,LOW,7,SupplyGrid-XGBoost-single-v1,0
S027,2028-06-01,0.0569855459,90,LOW,7,SupplyGrid-XGBoost-single-v1,0
S086,2028-06-02,0.1931417584,1,HIGH,7,SupplyGrid-XGBoost-single-v1,0
S012,2028-06-02,0.1701227576,2,HIGH,7,SupplyGrid-XGBoost-single-v1,0
S078,2028-06-02,0.1601096094,3,HIGH,7,SupplyGrid-XGBoost-single-v1,1
S019,2028-06-02,0.1566799283,4,HIGH,7,SupplyGrid-XGBoost-single-v1,0
S050,2028-06-02,0.1513504088,5,HIGH,7,SupplyGrid-XGBoost-single-v1,0
S079,2028-06-02,0.1392123252,6,LOW,7,SupplyGrid-XGBoost-single-v1,0
S060,2028-06-02,0.1372948885,7,LOW,7,SupplyGrid-XGBoost-single-v1,0
S056,2028-06-02,0.136189431,8,LOW,7,SupplyGrid-XGBoost-single-v1,0
S017,2028-06-02,0.1304370761,9,LOW,7,SupplyGrid-XGBoost-single-v1,0
S039,2028-06-02,0.1304370761,10,LOW,7,SupplyGrid-XGBoost-single-v1,0
S035,2028-06-02,0.1298314482,11,LOW,7,SupplyGrid-XGBoost-single-v1,0
S003,2028-06-02,0.1283814609,12,LOW,7,SupplyGrid-XGBoost-single-v1,0
S006,2028-06-02,0.1261785775,13,LOW,7,SupplyGrid-XGBoost-single-v1,1
S016,2028-06-02,0.1232338771,14,LOW,7,SupplyGrid-XGBoost-single-v1,0
S024,2028-06-02,0.1213430315,15,LOW,7,SupplyGrid-XGBoost-single-v1,0
S042,2028-06-02,0.1198704392,16,LOW,7,SupplyGrid-XGBoost-single-v1,0
S026,2028-06-02,0.1177730411,17,LOW,7,SupplyGrid-XGBoost-single-v1,1
S036,2028-06-02,0.1162301153,18,LOW,7,SupplyGrid-XGBoost-single-v1,0
S090,2028-06-02,0.1130236462,19,LOW,7,SupplyGrid-XGBoost-single-v1,0
S034,2028-06-02,0.1128717065,20,LOW,7,SupplyGrid-XGBoost-single-v1,0
S057,2028-06-02,0.1120762974,21,LOW,7,SupplyGrid-XGBoost-single-v1,0
S088,2028-06-02,0.1111990362,22,LOW,7,SupplyGrid-XGBoost-single-v1,0
S095,2028-06-02,0.1109450683,23,LOW,7,SupplyGrid-XGBoost-single-v1,0
S058,2028-06-02,0.1083501354,24,LOW,7,SupplyGrid-XGBoost-single-v1,0
S073,2028-06-02,0.1078845188,25,LOW,7,SupplyGrid-XGBoost-single-v1,0
S074,2028-06-02,0.1046897396,26,LOW,7,SupplyGrid-XGBoost-single-v1,0
S014,2028-06-02,0.1026577055,27,LOW,7,SupplyGrid-XGBoost-single-v1,0
S094,2028-06-02,0.102207534,28,LOW,7,SupplyGrid-XGBoost-single-v1,0
S092,2028-06-02,0.1011150107,29,LOW,7,SupplyGrid-XGBoost-single-v1,0
S023,2028-06-02,0.1005215049,30,LOW,7,SupplyGrid-XGBoost-single-v1,0
S069,2028-06-02,0.09894867241,31,LOW,7,SupplyGrid-XGBoost-single-v1,0
S043,2028-06-02,0.09800434858,32,LOW,7,SupplyGrid-XGBoost-single-v1,0
S071,2028-06-02,0.09788809717,33,LOW,7,SupplyGrid-XGBoost-single-v1,0
S062,2028-06-02,0.09780912846,34,LOW,7,SupplyGrid-XGBoost-single-v1,0
S084,2028-06-02,0.09690858424,35,LOW,7,SupplyGrid-XGBoost-single-v1,0
S059,2028-06-02,0.09537266195,36,LOW,7,SupplyGrid-XGBoost-single-v1,0
S041,2028-06-02,0.09386500716,37,LOW,7,SupplyGrid-XGBoost-single-v1,0
S046,2028-06-02,0.09314275533,38,LOW,7,SupplyGrid-XGBoost-single-v1,0
S064,2028-06-02,0.0912989974,39,LOW,7,SupplyGrid-XGBoost-single-v1,1
S077,2028-06-02,0.09115065634,40,LOW,7,SupplyGrid-XGBoost-single-v1,1
S055,2028-06-02,0.09031929821,41,LOW,7,SupplyGrid-XGBoost-single-v1,0
S072,2028-06-02,0.08996331692,42,LOW,7,SupplyGrid-XGBoost-single-v1,0
S076,2028-06-02,0.08980607986,43,LOW,7,SupplyGrid-XGBoost-single-v1,0
S053,2028-06-02,0.08977112174,44,LOW,7,SupplyGrid-XGBoost-single-v1,0
S047,2028-06-02,0.08866075426,45,LOW,7,SupplyGrid-XGBoost-single-v1,0
S048,2028-06-02,0.087799564,46,LOW,7,SupplyGrid-XGBoost-single-v1,0
S075,2028-06-02,0.08745849878,47,LOW,7,SupplyGrid-XGBoost-single-v1,0
S005,2028-06-02,0.08737041801,48,LOW,7,SupplyGrid-XGBoost-single-v1,0
S040,2028-06-02,0.08737041801,49,LOW,7,SupplyGrid-XGBoost-single-v1,0
S020,2028-06-02,0.08710897714,50,LOW,7,SupplyGrid-XGBoost-single-v1,0
S087,2028-06-02,0.08702525496,51,LOW,7,SupplyGrid-XGBoost-single-v1,0
S061,2028-06-02,0.0867273286,52,LOW,7,SupplyGrid-XGBoost-single-v1,0
S001,2028-06-02,0.08494427055,53,LOW,7,SupplyGrid-XGBoost-single-v1,0
S049,2028-06-02,0.08455184102,54,LOW,7,SupplyGrid-XGBoost-single-v1,0
S038,2028-06-02,0.08434496075,55,LOW,7,SupplyGrid-XGBoost-single-v1,0
S028,2028-06-02,0.08286756277,56,LOW,7,SupplyGrid-XGBoost-single-v1,0
S097,2028-06-02,0.0822083354,57,LOW,7,SupplyGrid-XGBoost-single-v1,0
S082,2028-06-02,0.07986488193,58,LOW,7,SupplyGrid-XGBoost-single-v1,0
S085,2028-06-02,0.07962678373,59,LOW,7,SupplyGrid-XGBoost-single-v1,0
S100,2028-06-02,0.07942263037,60,LOW,7,SupplyGrid-XGBoost-single-v1,0
S052,2028-06-02,0.07885073125,61,LOW,7,SupplyGrid-XGBoost-single-v1,0
S013,2028-06-02,0.07792514563,62,LOW,7,SupplyGrid-XGBoost-single-v1,0
S096,2028-06-02,0.07684630156,63,LOW,7,SupplyGrid-XGBoost-single-v1,0
S098,2028-06-02,0.07684630156,64,LOW,7,SupplyGrid-XGBoost-single-v1,0
S010,2028-06-02,0.07613120228,65,LOW,7,SupplyGrid-XGBoost-single-v1,0
S037,2028-06-02,0.07533133775,66,LOW,7,SupplyGrid-XGBoost-single-v1,0
S032,2028-06-02,0.07507242262,67,LOW,7,SupplyGrid-XGBoost-single-v1,0
S063,2028-06-02,0.07507242262,68,LOW,7,SupplyGrid-XGBoost-single-v1,0
S022,2028-06-02,0.07349845767,69,LOW,7,SupplyGrid-XGBoost-single-v1,1
S091,2028-06-02,0.07126954943,70,LOW,7,SupplyGrid-XGBoost-single-v1,0
S025,2028-06-02,0.07125163823,71,LOW,7,SupplyGrid-XGBoost-single-v1,0
S009,2028-06-02,0.07103135437,72,LOW,7,SupplyGrid-XGBoost-single-v1,0
S031,2028-06-02,0.0698511824,73,LOW,7,SupplyGrid-XGBoost-single-v1,0
S011,2028-06-02,0.06783606112,74,LOW,7,SupplyGrid-XGBoost-single-v1,0
S080,2028-06-02,0.06773050129,75,LOW,7,SupplyGrid-XGBoost-single-v1,0
S007,2028-06-02,0.0616704151,76,LOW,7,SupplyGrid-XGBoost-single-v1,0
S045,2028-06-02,0.06117964163,77,LOW,7,SupplyGrid-XGBoost-single-v1,0
S008,2028-06-02,0.06108986586,78,LOW,7,SupplyGrid-XGBoost-single-v1,0
S070,2028-06-02,0.06063354388,79,LOW,7,SupplyGrid-XGBoost-single-v1,0
S068,2028-06-02,0.06023677438,80,LOW,7,SupplyGrid-XGBoost-single-v1,0
S004,2028-06-02,0.05978031456,81,LOW,7,SupplyGrid-XGBoost-single-v1,0
S081,2028-06-02,0.05978031456,82,LOW,7,SupplyGrid-XGBoost-single-v1,0
S093,2028-06-02,0.0589443557,83,LOW,7,SupplyGrid-XGBoost-single-v1,0
S021,2028-06-02,0.05874136463,84,LOW,7,SupplyGrid-XGBoost-single-v1,0
S018,2028-06-02,0.05823766813,85,LOW,7,SupplyGrid-XGBoost-single-v1,0
S029,2028-06-02,0.05823766813,86,LOW,7,SupplyGrid-XGBoost-single-v1,0
S054,2028-06-02,0.05823766813,87,LOW,7,SupplyGrid-XGBoost-single-v1,0
S065,2028-06-02,0.05823766813,88,LOW,7,SupplyGrid-XGBoost-single-v1,0
S067,2028-06-02,0.05823766813,89,LOW,7,SupplyGrid-XGBoost-single-v1,0
S089,2028-06-02,0.05823766813,90,LOW,7,SupplyGrid-XGBoost-single-v1,0
S099,2028-06-02,0.05823766813,91,LOW,7,SupplyGrid-XGBoost-single-v1,1
S030,2028-06-02,0.05752947927,92,LOW,7,SupplyGrid-XGBoost-single-v1,0
S033,2028-06-02,0.05752947927,93,LOW,7,SupplyGrid-XGBoost-single-v1,0
S044,2028-06-02,0.05752947927,94,LOW,7,SupplyGrid-XGBoost-single-v1,0
S066,2028-06-02,0.05752947927,95,LOW,7,SupplyGrid-XGBoost-single-v1,1
S027,2028-06-02,0.0569855459,96,LOW,7,SupplyGrid-XGBoost-single-v1,0
S086,2028-06-03,0.1931417584,1,HIGH,7,SupplyGrid-XGBoost-single-v1,0
S012,2028-06-03,0.1836146116,2,HIGH,7,SupplyGrid-XGBoost-single-v1,0
S017,2028-06-03,0.1484998465,3,LOW,7,SupplyGrid-XGBoost-single-v1,0
S039,2028-06-03,0.1484998465,4,LOW,7,SupplyGrid-XGBoost-single-v1,0
S035,2028-06-03,0.1421942562,5,LOW,7,SupplyGrid-XGBoost-single-v1,0
S006,2028-06-03,0.1402020305,6,LOW,7,SupplyGrid-XGBoost-single-v1,1
S050,2028-06-03,0.1382368356,7,LOW,7,SupplyGrid-XGBoost-single-v1,0
S056,2028-06-03,0.136189431,8,LOW,7,SupplyGrid-XGBoost-single-v1,0
S060,2028-06-03,0.1337957084,9,LOW,7,SupplyGrid-XGBoost-single-v1,0
S003,2028-06-03,0.1190339774,10,LOW,7,SupplyGrid-XGBoost-single-v1,0
S079,2028-06-03,0.118326813,11,LOW,7,SupplyGrid-XGBoost-single-v1,0
S092,2028-06-03,0.11558678,12,LOW,7,SupplyGrid-XGBoost-single-v1,0
S019,2028-06-03,0.1125871092,13,LOW,7,SupplyGrid-XGBoost-single-v1,0
S016,2028-06-03,0.112296477,14,LOW,7,SupplyGrid-XGBoost-single-v1,0
S057,2028-06-03,0.1120762974,15,LOW,7,SupplyGrid-XGBoost-single-v1,0
S024,2028-06-03,0.1083501354,16,LOW,7,SupplyGrid-XGBoost-single-v1,0
S084,2028-06-03,0.1083501354,17,LOW,7,SupplyGrid-XGBoost-single-v1,0
S069,2028-06-03,0.1069103181,18,LOW,7,SupplyGrid-XGBoost-single-v1,0
S020,2028-06-03,0.1062642634,19,LOW,7,SupplyGrid-XGBoost-single-v1,0
S036,2028-06-03,0.1031216532,20,LOW,7,SupplyGrid-XGBoost-single-v1,0
S088,2028-06-03,0.1021981016,21,LOW,7,SupplyGrid-XGBoost-single-v1,0
S058,2028-06-03,0.1013855785,22,LOW,7,SupplyGrid-XGBoost-single-v1,0
S059,2028-06-03,0.1013855785,23,LOW,7,SupplyGrid-XGBoost-single-v1,0
S023,2028-06-03,0.1005215049,24,LOW,7,SupplyGrid-XGBoost-single-v1,0
S040,2028-06-03,0.10009408,25,LOW,7,SupplyGrid-XGBoost-single-v1,0
S034,2028-06-03,0.09870193899,26,LOW,7,SupplyGrid-XGBoost-single-v1,0
S043,2028-06-03,0.09800434858,27,LOW,7,SupplyGrid-XGBoost-single-v1,0
S042,2028-06-03,0.09790192544,28,LOW,7,SupplyGrid-XGBoost-single-v1,0
S062,2028-06-03,0.09780912846,29,LOW,7,SupplyGrid-XGBoost-single-v1,0
S095,2028-06-03,0.09769082814,30,LOW,7,SupplyGrid-XGBoost-single-v1,0
S071,2028-06-03,0.09690858424,31,LOW,7,SupplyGrid-XGBoost-single-v1,0
S048,2028-06-03,0.09686616808,32,LOW,7,SupplyGrid-XGBoost-single-v1,0
S076,2028-06-03,0.09550511837,33,LOW,7,SupplyGrid-XGBoost-single-v1,0
S041,2028-06-03,0.09386500716,34,LOW,7,SupplyGrid-XGBoost-single-v1,0
S074,2028-06-03,0.09359490126,35,LOW,7,SupplyGrid-XGBoost-single-v1,0
S038,2028-06-03,0.09354630858,36,LOW,7,SupplyGrid-XGBoost-single-v1,0
S073,2028-06-03,0.09120099247,37,LOW,7,SupplyGrid-XGBoost-single-v1,0
S053,2028-06-03,0.08977112174,38,LOW,7,SupplyGrid-XGBoost-single-v1,0
S094,2028-06-03,0.089374125,39,LOW,7,SupplyGrid-XGBoost-single-v1,0
S005,2028-06-03,0.08737041801,40,LOW,7,SupplyGrid-XGBoost-single-v1,0
S014,2028-06-03,0.08735202253,41,LOW,7,SupplyGrid-XGBoost-single-v1,0
S087,2028-06-03,0.08702525496,42,LOW,7,SupplyGrid-XGBoost-single-v1,0
S061,2028-06-03,0.0867273286,43,LOW,7,SupplyGrid-XGBoost-single-v1,0
S046,2028-06-03,0.08582537621,44,LOW,7,SupplyGrid-XGBoost-single-v1,0
S047,2028-06-03,0.08535118401,45,LOW,7,SupplyGrid-XGBoost-single-v1,0
S090,2028-06-03,0.08531454951,46,LOW,7,SupplyGrid-XGBoost-single-v1,0
S001,2028-06-03,0.08494427055,47,LOW,7,SupplyGrid-XGBoost-single-v1,0
S049,2028-06-03,0.08455184102,48,LOW,7,SupplyGrid-XGBoost-single-v1,0
S022,2028-06-03,0.08330124617,49,LOW,7,SupplyGrid-XGBoost-single-v1,1
S096,2028-06-03,0.08319376409,50,LOW,7,SupplyGrid-XGBoost-single-v1,0
S063,2028-06-03,0.08169617504,51,LOW,7,SupplyGrid-XGBoost-single-v1,0
S009,2028-06-03,0.08158832788,52,LOW,7,SupplyGrid-XGBoost-single-v1,0
S055,2028-06-03,0.08111152053,53,LOW,7,SupplyGrid-XGBoost-single-v1,0
S031,2028-06-03,0.08107406646,54,LOW,7,SupplyGrid-XGBoost-single-v1,0
S082,2028-06-03,0.07986488193,55,LOW,7,SupplyGrid-XGBoost-single-v1,0
S028,2028-06-03,0.07975530624,56,LOW,7,SupplyGrid-XGBoost-single-v1,0
S052,2028-06-03,0.07885073125,57,LOW,7,SupplyGrid-XGBoost-single-v1,0
S077,2028-06-03,0.07865229994,58,LOW,7,SupplyGrid-XGBoost-single-v1,1
S100,2028-06-03,0.07818050683,59,LOW,7,SupplyGrid-XGBoost-single-v1,0
S013,2028-06-03,0.07792514563,60,LOW,7,SupplyGrid-XGBoost-single-v1,0
S098,2028-06-03,0.07684630156,61,LOW,7,SupplyGrid-XGBoost-single-v1,0
S072,2028-06-03,0.07628402859,62,LOW,7,SupplyGrid-XGBoost-single-v1,0
S011,2028-06-03,0.07613448799,63,LOW,7,SupplyGrid-XGBoost-single-v1,0
S010,2028-06-03,0.07613120228,64,LOW,7,SupplyGrid-XGBoost-single-v1,0
S097,2028-06-03,0.07552567124,65,LOW,7,SupplyGrid-XGBoost-single-v1,0
S032,2028-06-03,0.07507242262,66,LOW,7,SupplyGrid-XGBoost-single-v1,0
S037,2028-06-03,0.07418762147,67,LOW,7,SupplyGrid-XGBoost-single-v1,0
S008,2028-06-03,0.07136918604,68,LOW,7,SupplyGrid-XGBoost-single-v1,0
S075,2028-06-03,0.07126045227,69,LOW,7,SupplyGrid-XGBoost-single-v1,0
S025,2028-06-03,0.07125163823,70,LOW,7,SupplyGrid-XGBoost-single-v1,0
S045,2028-06-03,0.0711157918,71,LOW,7,SupplyGrid-XGBoost-single-v1,0
S091,2028-06-03,0.07018281519,72,LOW,7,SupplyGrid-XGBoost-single-v1,0
S085,2028-06-03,0.0656157881,73,LOW,7,SupplyGrid-XGBoost-single-v1,0
S021,2028-06-03,0.06292890012,74,LOW,7,SupplyGrid-XGBoost-single-v1,0
S004,2028-06-03,0.0619613044,75,LOW,7,SupplyGrid-XGBoost-single-v1,0
S007,2028-06-03,0.0616704151,76,LOW,7,SupplyGrid-XGBoost-single-v1,0
S068,2028-06-03,0.06023677438,77,LOW,7,SupplyGrid-XGBoost-single-v1,0
S081,2028-06-03,0.05978031456,78,LOW,7,SupplyGrid-XGBoost-single-v1,0
S070,2028-06-03,0.05966623127,79,LOW,7,SupplyGrid-XGBoost-single-v1,0
S080,2028-06-03,0.05915120244,80,LOW,7,SupplyGrid-XGBoost-single-v1,0
S093,2028-06-03,0.0589443557,81,LOW,7,SupplyGrid-XGBoost-single-v1,0
S018,2028-06-03,0.05823766813,82,LOW,7,SupplyGrid-XGBoost-single-v1,0
S029,2028-06-03,0.05823766813,83,LOW,7,SupplyGrid-XGBoost-single-v1,0
S054,2028-06-03,0.05823766813,84,LOW,7,SupplyGrid-XGBoost-single-v1,0
S065,2028-06-03,0.05823766813,85,LOW,7,SupplyGrid-XGBoost-single-v1,0
S067,2028-06-03,0.05823766813,86,LOW,7,SupplyGrid-XGBoost-single-v1,0
S089,2028-06-03,0.05823766813,87,LOW,7,SupplyGrid-XGBoost-single-v1,0
S099,2028-06-03,0.05823766813,88,LOW,7,SupplyGrid-XGBoost-single-v1,1
S030,2028-06-03,0.05752947927,89,LOW,7,SupplyGrid-XGBoost-single-v1,0
S033,2028-06-03,0.05752947927,90,LOW,7,SupplyGrid-XGBoost-single-v1,0
S044,2028-06-03,0.05752947927,91,LOW,7,SupplyGrid-XGBoost-single-v1,0
S066,2028-06-03,0.05752947927,92,LOW,7,SupplyGrid-XGBoost-single-v1,1
S027,2028-06-03,0.0569855459,93,LOW,7,SupplyGrid-XGBoost-single-v1,0
S086,2028-06-04,0.1956944615,1,HIGH,7,SupplyGrid-XGBoost-single-v1,0
S012,2028-06-04,0.1701227576,2,HIGH,7,SupplyGrid-XGBoost-single-v1,0
S083,2028-06-04,0.1558721811,3,HIGH,7,SupplyGrid-XGBoost-single-v1,0
S039,2028-06-04,0.1484998465,4,LOW,7,SupplyGrid-XGBoost-single-v1,0
S056,2028-06-04,0.136189431,5,LOW,7,SupplyGrid-XGBoost-single-v1,0
S050,2028-06-04,0.1350513995,6,LOW,7,SupplyGrid-XGBoost-single-v1,0
S035,2028-06-04,0.1324053407,7,LOW,7,SupplyGrid-XGBoost-single-v1,0
S003,2028-06-04,0.1283814609,8,LOW,7,SupplyGrid-XGBoost-single-v1,0
S006,2028-06-04,0.1261785775,9,LOW,7,SupplyGrid-XGBoost-single-v1,1
S019,2028-06-04,0.1236655191,10,LOW,7,SupplyGrid-XGBoost-single-v1,0
S017,2028-06-04,0.1189547107,11,LOW,7,SupplyGrid-XGBoost-single-v1,0
S079,2028-06-04,0.118326813,12,LOW,7,SupplyGrid-XGBoost-single-v1,0
S015,2028-06-04,0.117419526,13,LOW,7,SupplyGrid-XGBoost-single-v1,0
S057,2028-06-04,0.1120762974,14,LOW,7,SupplyGrid-XGBoost-single-v1,0
S040,2028-06-04,0.1118650958,15,LOW,7,SupplyGrid-XGBoost-single-v1,0
S088,2028-06-04,0.1111990362,16,LOW,7,SupplyGrid-XGBoost-single-v1,0
S063,2028-06-04,0.1097929701,17,LOW,7,SupplyGrid-XGBoost-single-v1,0
S095,2028-06-04,0.1063418463,18,LOW,7,SupplyGrid-XGBoost-single-v1,0
S060,2028-06-04,0.1049598232,19,LOW,7,SupplyGrid-XGBoost-single-v1,0
S055,2028-06-04,0.1044252664,20,LOW,7,SupplyGrid-XGBoost-single-v1,0
S043,2028-06-04,0.1041640863,21,LOW,7,SupplyGrid-XGBoost-single-v1,0
S058,2028-06-04,0.1030795202,22,LOW,7,SupplyGrid-XGBoost-single-v1,0
S046,2028-06-04,0.101028502,23,LOW,7,SupplyGrid-XGBoost-single-v1,0
S023,2028-06-04,0.1005215049,24,LOW,7,SupplyGrid-XGBoost-single-v1,0
S048,2028-06-04,0.1003524587,25,LOW,7,SupplyGrid-XGBoost-single-v1,0
S024,2028-06-04,0.09955394268,26,LOW,7,SupplyGrid-XGBoost-single-v1,0
S034,2028-06-04,0.09870193899,27,LOW,7,SupplyGrid-XGBoost-single-v1,0
S071,2028-06-04,0.09788809717,28,LOW,7,SupplyGrid-XGBoost-single-v1,0
S062,2028-06-04,0.09780912846,29,LOW,7,SupplyGrid-XGBoost-single-v1,0
S084,2028-06-04,0.09680882841,30,LOW,7,SupplyGrid-XGBoost-single-v1,0
S059,2028-06-04,0.09537266195,31,LOW,7,SupplyGrid-XGBoost-single-v1,0
S041,2028-06-04,0.09386500716,32,LOW,7,SupplyGrid-XGBoost-single-v1,0
S092,2028-06-04,0.09250846505,33,LOW,7,SupplyGrid-XGBoost-single-v1,0
S069,2028-06-04,0.09083796293,34,LOW,7,SupplyGrid-XGBoost-single-v1,0
S036,2028-06-04,0.09082106501,35,LOW,7,SupplyGrid-XGBoost-single-v1,0
S073,2028-06-04,0.08983974904,36,LOW,7,SupplyGrid-XGBoost-single-v1,0
S020,2028-06-04,0.08980607986,37,LOW,7,SupplyGrid-XGBoost-single-v1,0
S047,2028-06-04,0.08866075426,38,LOW,7,SupplyGrid-XGBoost-single-v1,0
S010,2028-06-04,0.08737482876,39,LOW,7,SupplyGrid-XGBoost-single-v1,0
S005,2028-06-04,0.08737041801,40,LOW,7,SupplyGrid-XGBoost-single-v1,0
S022,2028-06-04,0.08725454658,41,LOW,7,SupplyGrid-XGBoost-single-v1,1
S087,2028-06-04,0.08702525496,42,LOW,7,SupplyGrid-XGBoost-single-v1,0
S038,2028-06-04,0.08676763624,43,LOW,7,SupplyGrid-XGBoost-single-v1,0
S061,2028-06-04,0.0867273286,44,LOW,7,SupplyGrid-XGBoost-single-v1,0
S074,2028-06-04,0.08652875572,45,LOW,7,SupplyGrid-XGBoost-single-v1,0
S094,2028-06-04,0.08631701022,46,LOW,7,SupplyGrid-XGBoost-single-v1,0
S090,2028-06-04,0.08531454951,47,LOW,7,SupplyGrid-XGBoost-single-v1,0
S001,2028-06-04,0.08494427055,48,LOW,7,SupplyGrid-XGBoost-single-v1,0
S049,2028-06-04,0.08455184102,49,LOW,7,SupplyGrid-XGBoost-single-v1,0
S042,2028-06-04,0.08350382745,50,LOW,7,SupplyGrid-XGBoost-single-v1,0
S028,2028-06-04,0.0826010555,51,LOW,7,SupplyGrid-XGBoost-single-v1,0
S031,2028-06-04,0.08247993886,52,LOW,7,SupplyGrid-XGBoost-single-v1,0
S014,2028-06-04,0.08235032111,53,LOW,7,SupplyGrid-XGBoost-single-v1,0
S096,2028-06-04,0.08179682493,54,LOW,7,SupplyGrid-XGBoost-single-v1,0
S076,2028-06-04,0.0800627172,55,LOW,7,SupplyGrid-XGBoost-single-v1,0
S082,2028-06-04,0.07986488193,56,LOW,7,SupplyGrid-XGBoost-single-v1,0
S052,2028-06-04,0.07885073125,57,LOW,7,SupplyGrid-XGBoost-single-v1,0
S077,2028-06-04,0.07865229994,58,LOW,7,SupplyGrid-XGBoost-single-v1,1
S016,2028-06-04,0.07818050683,59,LOW,7,SupplyGrid-XGBoost-single-v1,0
S013,2028-06-04,0.07792514563,60,LOW,7,SupplyGrid-XGBoost-single-v1,0
S100,2028-06-04,0.07699712366,61,LOW,7,SupplyGrid-XGBoost-single-v1,0
S072,2028-06-04,0.07628402859,62,LOW,7,SupplyGrid-XGBoost-single-v1,0
S011,2028-06-04,0.07613448799,63,LOW,7,SupplyGrid-XGBoost-single-v1,0
S053,2028-06-04,0.0761186108,64,LOW,7,SupplyGrid-XGBoost-single-v1,0
S032,2028-06-04,0.07507242262,65,LOW,7,SupplyGrid-XGBoost-single-v1,0
S097,2028-06-04,0.07433958352,66,LOW,7,SupplyGrid-XGBoost-single-v1,0
S037,2028-06-04,0.07418762147,67,LOW,7,SupplyGrid-XGBoost-single-v1,0
S004,2028-06-04,0.07182125002,68,LOW,7,SupplyGrid-XGBoost-single-v1,0
S025,2028-06-04,0.07125163823,69,LOW,7,SupplyGrid-XGBoost-single-v1,0
S009,2028-06-04,0.07103135437,70,LOW,7,SupplyGrid-XGBoost-single-v1,0
S091,2028-06-04,0.07018281519,71,LOW,7,SupplyGrid-XGBoost-single-v1,0
S070,2028-06-04,0.06865888834,72,LOW,7,SupplyGrid-XGBoost-single-v1,0
S044,2028-06-04,0.0685178116,73,LOW,7,SupplyGrid-XGBoost-single-v1,0
S098,2028-06-04,0.06847604364,74,LOW,7,SupplyGrid-XGBoost-single-v1,0
S054,2028-06-04,0.06773050129,75,LOW,7,SupplyGrid-XGBoost-single-v1,0
S045,2028-06-04,0.06654872,76,LOW,7,SupplyGrid-XGBoost-single-v1,0
S085,2028-06-04,0.06484655291,77,LOW,7,SupplyGrid-XGBoost-single-v1,0
S008,2028-06-04,0.06204521284,78,LOW,7,SupplyGrid-XGBoost-single-v1,0
S007,2028-06-04,0.0616704151,79,LOW,7,SupplyGrid-XGBoost-single-v1,0
S068,2028-06-04,0.06023677438,80,LOW,7,SupplyGrid-XGBoost-single-v1,0
S075,2028-06-04,0.06023677438,81,LOW,7,SupplyGrid-XGBoost-single-v1,0
S081,2028-06-04,0.05978031456,82,LOW,7,SupplyGrid-XGBoost-single-v1,0
S093,2028-06-04,0.0589443557,83,LOW,7,SupplyGrid-XGBoost-single-v1,0
S018,2028-06-04,0.05823766813,84,LOW,7,SupplyGrid-XGBoost-single-v1,0
S029,2028-06-04,0.05823766813,85,LOW,7,SupplyGrid-XGBoost-single-v1,0
S065,2028-06-04,0.05823766813,86,LOW,7,SupplyGrid-XGBoost-single-v1,0
S067,2028-06-04,0.05823766813,87,LOW,7,SupplyGrid-XGBoost-single-v1,0
S080,2028-06-04,0.05823766813,88,LOW,7,SupplyGrid-XGBoost-single-v1,0
S089,2028-06-04,0.05823766813,89,LOW,7,SupplyGrid-XGBoost-single-v1,0
S021,2028-06-04,0.05783374608,90,LOW,7,SupplyGrid-XGBoost-single-v1,0
S030,2028-06-04,0.05752947927,91,LOW,7,SupplyGrid-XGBoost-single-v1,0
S033,2028-06-04,0.05752947927,92,LOW,7,SupplyGrid-XGBoost-single-v1,0
S066,2028-06-04,0.05752947927,93,LOW,7,SupplyGrid-XGBoost-single-v1,1
S027,2028-06-04,0.0569855459,94,LOW,7,SupplyGrid-XGBoost-single-v1,0
S086,2028-06-05,0.2177139521,1,HIGH,7,SupplyGrid-XGBoost-single-v1,0
S012,2028-06-05,0.1509005278,2,HIGH,7,SupplyGrid-XGBoost-single-v1,0
S002,2028-06-05,0.1478975713,3,LOW,7,SupplyGrid-XGBoost-single-v1,0
S083,2028-06-05,0.1402015239,4,LOW,7,SupplyGrid-XGBoost-single-v1,0
S056,2028-06-05,0.1303356588,5,LOW,7,SupplyGrid-XGBoost-single-v1,0
S015,2028-06-05,0.127056241,6,LOW,7,SupplyGrid-XGBoost-single-v1,0
S035,2028-06-05,0.1268111765,7,LOW,7,SupplyGrid-XGBoost-single-v1,0
S019,2028-06-05,0.1257475466,8,LOW,7,SupplyGrid-XGBoost-single-v1,0
S050,2028-06-05,0.1226001307,9,LOW,7,SupplyGrid-XGBoost-single-v1,0
S078,2028-06-05,0.1203573421,10,LOW,7,SupplyGrid-XGBoost-single-v1,0
S003,2028-06-05,0.1190339774,11,LOW,7,SupplyGrid-XGBoost-single-v1,0
S079,2028-06-05,0.118326813,12,LOW,7,SupplyGrid-XGBoost-single-v1,0
S039,2028-06-05,0.1168270186,13,LOW,7,SupplyGrid-XGBoost-single-v1,0
S017,2028-06-05,0.1150771528,14,LOW,7,SupplyGrid-XGBoost-single-v1,0
S057,2028-06-05,0.1120762974,15,LOW,7,SupplyGrid-XGBoost-single-v1,0
S040,2028-06-05,0.1118650958,16,LOW,7,SupplyGrid-XGBoost-single-v1,0
S043,2028-06-05,0.1115376353,17,LOW,7,SupplyGrid-XGBoost-single-v1,0
S036,2028-06-05,0.1115050837,18,LOW,7,SupplyGrid-XGBoost-single-v1,0
S094,2028-06-05,0.1105521321,19,LOW,7,SupplyGrid-XGBoost-single-v1,0
S058,2028-06-05,0.108586289,20,LOW,7,SupplyGrid-XGBoost-single-v1,0
S069,2028-06-05,0.1051608548,21,LOW,7,SupplyGrid-XGBoost-single-v1,0
S087,2028-06-05,0.1045696661,22,LOW,7,SupplyGrid-XGBoost-single-v1,0
S051,2028-06-05,0.1042057127,23,LOW,7,SupplyGrid-XGBoost-single-v1,0
S060,2028-06-05,0.1034166068,24,LOW,7,SupplyGrid-XGBoost-single-v1,0
S020,2028-06-05,0.1033855453,25,LOW,7,SupplyGrid-XGBoost-single-v1,0
S055,2028-06-05,0.1026872024,26,LOW,7,SupplyGrid-XGBoost-single-v1,0
S022,2028-06-05,0.1026823968,27,LOW,7,SupplyGrid-XGBoost-single-v1,1
S023,2028-06-05,0.1005215049,28,LOW,7,SupplyGrid-XGBoost-single-v1,0
S090,2028-06-05,0.1004371196,29,LOW,7,SupplyGrid-XGBoost-single-v1,0
S016,2028-06-05,0.09889874607,30,LOW,7,SupplyGrid-XGBoost-single-v1,0
S034,2028-06-05,0.09870193899,31,LOW,7,SupplyGrid-XGBoost-single-v1,0
S071,2028-06-05,0.09788809717,32,LOW,7,SupplyGrid-XGBoost-single-v1,0
S062,2028-06-05,0.09780912846,33,LOW,7,SupplyGrid-XGBoost-single-v1,0
S024,2028-06-05,0.09537266195,34,LOW,7,SupplyGrid-XGBoost-single-v1,0
S059,2028-06-05,0.09537266195,35,LOW,7,SupplyGrid-XGBoost-single-v1,1
S028,2028-06-05,0.0945629105,36,LOW,7,SupplyGrid-XGBoost-single-v1,0
S041,2028-06-05,0.09386500716,37,LOW,7,SupplyGrid-XGBoost-single-v1,0
S073,2028-06-05,0.08983974904,38,LOW,7,SupplyGrid-XGBoost-single-v1,0
S092,2028-06-05,0.08891770244,39,LOW,7,SupplyGrid-XGBoost-single-v1,0
S010,2028-06-05,0.08826737851,40,LOW,7,SupplyGrid-XGBoost-single-v1,0
S084,2028-06-05,0.08735202253,41,LOW,7,SupplyGrid-XGBoost-single-v1,0
S074,2028-06-05,0.08652875572,42,LOW,7,SupplyGrid-XGBoost-single-v1,0
S046,2028-06-05,0.08582537621,43,LOW,7,SupplyGrid-XGBoost-single-v1,0
S047,2028-06-05,0.08535118401,44,LOW,7,SupplyGrid-XGBoost-single-v1,0
S001,2028-06-05,0.08494427055,45,LOW,7,SupplyGrid-XGBoost-single-v1,0
S049,2028-06-05,0.08455184102,46,LOW,7,SupplyGrid-XGBoost-single-v1,0
S048,2028-06-05,0.08422433585,47,LOW,7,SupplyGrid-XGBoost-single-v1,0
S095,2028-06-05,0.08421005309,48,LOW,7,SupplyGrid-XGBoost-single-v1,0
S088,2028-06-05,0.08314198256,49,LOW,7,SupplyGrid-XGBoost-single-v1,0
S009,2028-06-05,0.08242708445,50,LOW,7,SupplyGrid-XGBoost-single-v1,0
S096,2028-06-05,0.08179682493,51,LOW,7,SupplyGrid-XGBoost-single-v1,0
S076,2028-06-05,0.0800627172,52,LOW,7,SupplyGrid-XGBoost-single-v1,0
S014,2028-06-05,0.0791965872,53,LOW,7,SupplyGrid-XGBoost-single-v1,1
S038,2028-06-05,0.07905454934,54,LOW,7,SupplyGrid-XGBoost-single-v1,0
S052,2028-06-05,0.07885073125,55,LOW,7,SupplyGrid-XGBoost-single-v1,0
S077,2028-06-05,0.07865229994,56,LOW,7,SupplyGrid-XGBoost-single-v1,1
S013,2028-06-05,0.07792514563,57,LOW,7,SupplyGrid-XGBoost-single-v1,0
S004,2028-06-05,0.07719424367,58,LOW,7,SupplyGrid-XGBoost-single-v1,0
S070,2028-06-05,0.07704965025,59,LOW,7,SupplyGrid-XGBoost-single-v1,0
S100,2028-06-05,0.07699712366,60,LOW,7,SupplyGrid-XGBoost-single-v1,0
S005,2028-06-05,0.0766896382,61,LOW,7,SupplyGrid-XGBoost-single-v1,0
S072,2028-06-05,0.07628402859,62,LOW,7,SupplyGrid-XGBoost-single-v1,0
S011,2028-06-05,0.07613448799,63,LOW,7,SupplyGrid-XGBoost-single-v1,0
S053,2028-06-05,0.0761186108,64,LOW,7,SupplyGrid-XGBoost-single-v1,0
S061,2028-06-05,0.0761186108,65,LOW,7,SupplyGrid-XGBoost-single-v1,0
S032,2028-06-05,0.07507242262,66,LOW,7,SupplyGrid-XGBoost-single-v1,0
S037,2028-06-05,0.07418762147,67,LOW,7,SupplyGrid-XGBoost-single-v1,0
S045,2028-06-05,0.07236259431,68,LOW,7,SupplyGrid-XGBoost-single-v1,0
S025,2028-06-05,0.07125163823,69,LOW,7,SupplyGrid-XGBoost-single-v1,0
S091,2028-06-05,0.07018281519,70,LOW,7,SupplyGrid-XGBoost-single-v1,0
S031,2028-06-05,0.0698511824,71,LOW,7,SupplyGrid-XGBoost-single-v1,0
S080,2028-06-05,0.06935133785,72,LOW,7,SupplyGrid-XGBoost-single-v1,0
S082,2028-06-05,0.06879685074,73,LOW,7,SupplyGrid-XGBoost-single-v1,0
S044,2028-06-05,0.0685178116,74,LOW,7,SupplyGrid-XGBoost-single-v1,0
S054,2028-06-05,0.06773050129,75,LOW,7,SupplyGrid-XGBoost-single-v1,0
S097,2028-06-05,0.066222772,76,LOW,7,SupplyGrid-XGBoost-single-v1,0
S063,2028-06-05,0.06438235939,77,LOW,7,SupplyGrid-XGBoost-single-v1,0
S085,2028-06-05,0.06420070678,78,LOW,7,SupplyGrid-XGBoost-single-v1,0
S007,2028-06-05,0.0616704151,79,LOW,7,SupplyGrid-XGBoost-single-v1,0
S042,2028-06-05,0.06132687628,80,LOW,7,SupplyGrid-XGBoost-single-v1,0
S008,2028-06-05,0.06108986586,81,LOW,7,SupplyGrid-XGBoost-single-v1,0
S068,2028-06-05,0.06023677438,82,LOW,7,SupplyGrid-XGBoost-single-v1,0
S075,2028-06-05,0.06023677438,83,LOW,7,SupplyGrid-XGBoost-single-v1,0
S081,2028-06-05,0.05978031456,84,LOW,7,SupplyGrid-XGBoost-single-v1,0
S098,2028-06-05,0.05950580165,85,LOW,7,SupplyGrid-XGBoost-single-v1,0
S093,2028-06-05,0.0589443557,86,LOW,7,SupplyGrid-XGBoost-single-v1,0
S018,2028-06-05,0.05823766813,87,LOW,7,SupplyGrid-XGBoost-single-v1,0
S029,2028-06-05,0.05823766813,88,LOW,7,SupplyGrid-XGBoost-single-v1,0
S065,2028-06-05,0.05823766813,89,LOW,7,SupplyGrid-XGBoost-single-v1,0
S067,2028-06-05,0.05823766813,90,LOW,7,SupplyGrid-XGBoost-single-v1,0
S089,2028-06-05,0.05823766813,91,LOW,7,SupplyGrid-XGBoost-single-v1,0
S021,2028-06-05,0.05783374608,92,LOW,7,SupplyGrid-XGBoost-single-v1,0
S030,2028-06-05,0.05752947927,93,LOW,7,SupplyGrid-XGBoost-single-v1,0
S033,2028-06-05,0.05752947927,94,LOW,7,SupplyGrid-XGBoost-single-v1,0
S066,2028-06-05,0.05752947927,95,LOW,7,SupplyGrid-XGBoost-single-v1,1
S027,2028-06-05,0.0569855459,96,LOW,7,SupplyGrid-XGBoost-single-v1,0
S086,2028-06-06,0.2177139521,1,HIGH,7,SupplyGrid-XGBoost-single-v1,0
S002,2028-06-06,0.1797815859,2,HIGH,7,SupplyGrid-XGBoost-single-v1,0
S083,2028-06-06,0.1438404024,3,LOW,7,SupplyGrid-XGBoost-single-v1,0
S012,2028-06-06,0.1424164623,4,LOW,7,SupplyGrid-XGBoost-single-v1,0
S015,2028-06-06,0.1381700486,5,LOW,7,SupplyGrid-XGBoost-single-v1,0
S056,2028-06-06,0.1354071945,6,LOW,7,SupplyGrid-XGBoost-single-v1,0
S035,2028-06-06,0.1274835169,7,LOW,7,SupplyGrid-XGBoost-single-v1,0
S050,2028-06-06,0.1194236577,8,LOW,7,SupplyGrid-XGBoost-single-v1,0
S079,2028-06-06,0.118326813,9,LOW,7,SupplyGrid-XGBoost-single-v1,0
S039,2028-06-06,0.1168514267,10,LOW,7,SupplyGrid-XGBoost-single-v1,0
S019,2028-06-06,0.1148642749,11,LOW,7,SupplyGrid-XGBoost-single-v1,0
S051,2028-06-06,0.1133611724,12,LOW,7,SupplyGrid-XGBoost-single-v1,0
S003,2028-06-06,0.1131167784,13,LOW,7,SupplyGrid-XGBoost-single-v1,0
S022,2028-06-06,0.1117206886,14,LOW,7,SupplyGrid-XGBoost-single-v1,1
S076,2028-06-06,0.1094141081,15,LOW,7,SupplyGrid-XGBoost-single-v1,0
S090,2028-06-06,0.1093018651,16,LOW,7,SupplyGrid-XGBoost-single-v1,0
S017,2028-06-06,0.1083501354,17,LOW,7,SupplyGrid-XGBoost-single-v1,0
S060,2028-06-06,0.1034166068,18,LOW,7,SupplyGrid-XGBoost-single-v1,0
S055,2028-06-06,0.1026872024,19,LOW,7,SupplyGrid-XGBoost-single-v1,0
S057,2028-06-06,0.1026432961,20,LOW,7,SupplyGrid-XGBoost-single-v1,0
S094,2028-06-06,0.1015975177,21,LOW,7,SupplyGrid-XGBoost-single-v1,0
S023,2028-06-06,0.1005215049,22,LOW,7,SupplyGrid-XGBoost-single-v1,0
S013,2028-06-06,0.1000621319,23,LOW,7,SupplyGrid-XGBoost-single-v1,0
S095,2028-06-06,0.09915810078,24,LOW,7,SupplyGrid-XGBoost-single-v1,0
S069,2028-06-06,0.09894867241,25,LOW,7,SupplyGrid-XGBoost-single-v1,0
S016,2028-06-06,0.09889874607,26,LOW,7,SupplyGrid-XGBoost-single-v1,0
S034,2028-06-06,0.09870193899,27,LOW,7,SupplyGrid-XGBoost-single-v1,0
S099,2028-06-06,0.09865427017,28,LOW,7,SupplyGrid-XGBoost-single-v1,0
S005,2028-06-06,0.09851314873,29,LOW,7,SupplyGrid-XGBoost-single-v1,0
S040,2028-06-06,0.09851314873,30,LOW,7,SupplyGrid-XGBoost-single-v1,0
S028,2028-06-06,0.09819132835,31,LOW,7,SupplyGrid-XGBoost-single-v1,0
S071,2028-06-06,0.09788809717,32,LOW,7,SupplyGrid-XGBoost-single-v1,0
S062,2028-06-06,0.09780912846,33,LOW,7,SupplyGrid-XGBoost-single-v1,0
S078,2028-06-06,0.09609851241,34,LOW,7,SupplyGrid-XGBoost-single-v1,0
S074,2028-06-06,0.09436103702,35,LOW,7,SupplyGrid-XGBoost-single-v1,0
S041,2028-06-06,0.09386500716,36,LOW,7,SupplyGrid-XGBoost-single-v1,0
S038,2028-06-06,0.09359490126,37,LOW,7,SupplyGrid-XGBoost-single-v1,0
S070,2028-06-06,0.09342459589,38,LOW,7,SupplyGrid-XGBoost-single-v1,0
S043,2028-06-06,0.09132625163,39,LOW,7,SupplyGrid-XGBoost-single-v1,0
S073,2028-06-06,0.09120099247,40,LOW,7,SupplyGrid-XGBoost-single-v1,0
S036,2028-06-06,0.09082106501,41,LOW,7,SupplyGrid-XGBoost-single-v1,0
S100,2028-06-06,0.089257963,42,LOW,7,SupplyGrid-XGBoost-single-v1,0
S092,2028-06-06,0.08891770244,43,LOW,7,SupplyGrid-XGBoost-single-v1,0
S014,2028-06-06,0.08789086342,44,LOW,7,SupplyGrid-XGBoost-single-v1,1
S020,2028-06-06,0.08776963502,45,LOW,7,SupplyGrid-XGBoost-single-v1,0
S059,2028-06-06,0.08752660453,46,LOW,7,SupplyGrid-XGBoost-single-v1,1
S084,2028-06-06,0.08752660453,47,LOW,7,SupplyGrid-XGBoost-single-v1,1
S047,2028-06-06,0.08665089309,48,LOW,7,SupplyGrid-XGBoost-single-v1,0
S046,2028-06-06,0.08582537621,49,LOW,7,SupplyGrid-XGBoost-single-v1,0
S001,2028-06-06,0.08494427055,50,LOW,7,SupplyGrid-XGBoost-single-v1,0
S049,2028-06-06,0.08455184102,51,LOW,7,SupplyGrid-XGBoost-single-v1,0
S009,2028-06-06,0.08385429531,52,LOW,7,SupplyGrid-XGBoost-single-v1,0
S088,2028-06-06,0.08218538016,53,LOW,7,SupplyGrid-XGBoost-single-v1,0
S045,2028-06-06,0.0809533447,54,LOW,7,SupplyGrid-XGBoost-single-v1,0
S058,2028-06-06,0.0802622363,55,LOW,7,SupplyGrid-XGBoost-single-v1,0
S087,2028-06-06,0.07964480668,56,LOW,7,SupplyGrid-XGBoost-single-v1,0
S042,2028-06-06,0.07915338874,57,LOW,7,SupplyGrid-XGBoost-single-v1,0
S052,2028-06-06,0.07885073125,58,LOW,7,SupplyGrid-XGBoost-single-v1,0
S096,2028-06-06,0.07684630156,59,LOW,7,SupplyGrid-XGBoost-single-v1,0
S072,2028-06-06,0.07628402859,60,LOW,7,SupplyGrid-XGBoost-single-v1,0
S011,2028-06-06,0.07613448799,61,LOW,7,SupplyGrid-XGBoost-single-v1,0
S010,2028-06-06,0.07613120228,62,LOW,7,SupplyGrid-XGBoost-single-v1,0
S053,2028-06-06,0.0761186108,63,LOW,7,SupplyGrid-XGBoost-single-v1,0
S061,2028-06-06,0.0761186108,64,LOW,7,SupplyGrid-XGBoost-single-v1,0
S032,2028-06-06,0.07507242262,65,LOW,7,SupplyGrid-XGBoost-single-v1,0
S085,2028-06-06,0.07458853722,66,LOW,7,SupplyGrid-XGBoost-single-v1,0
S024,2028-06-06,0.07418762147,67,LOW,7,SupplyGrid-XGBoost-single-v1,0
S037,2028-06-06,0.07418762147,68,LOW,7,SupplyGrid-XGBoost-single-v1,0
S048,2028-06-06,0.07303826511,69,LOW,7,SupplyGrid-XGBoost-single-v1,0
S082,2028-06-06,0.07236259431,70,LOW,7,SupplyGrid-XGBoost-single-v1,0
S025,2028-06-06,0.07125163823,71,LOW,7,SupplyGrid-XGBoost-single-v1,0
S031,2028-06-06,0.07093317062,72,LOW,7,SupplyGrid-XGBoost-single-v1,0
S081,2028-06-06,0.07072675228,73,LOW,7,SupplyGrid-XGBoost-single-v1,0
S008,2028-06-06,0.07028105855,74,LOW,7,SupplyGrid-XGBoost-single-v1,0
S091,2028-06-06,0.07018281519,75,LOW,7,SupplyGrid-XGBoost-single-v1,0
S063,2028-06-06,0.06975266337,76,LOW,7,SupplyGrid-XGBoost-single-v1,0
S054,2028-06-06,0.06773050129,77,LOW,7,SupplyGrid-XGBoost-single-v1,0
S097,2028-06-06,0.066222772,78,LOW,7,SupplyGrid-XGBoost-single-v1,0
S080,2028-06-06,0.06476893276,79,LOW,7,SupplyGrid-XGBoost-single-v1,0
S007,2028-06-06,0.0616704151,80,LOW,7,SupplyGrid-XGBoost-single-v1,0
S075,2028-06-06,0.06117964163,81,LOW,7,SupplyGrid-XGBoost-single-v1,0
S068,2028-06-06,0.06023677438,82,LOW,7,SupplyGrid-XGBoost-single-v1,1
S004,2028-06-06,0.05978031456,83,LOW,7,SupplyGrid-XGBoost-single-v1,0
S098,2028-06-06,0.05950580165,84,LOW,7,SupplyGrid-XGBoost-single-v1,0
S093,2028-06-06,0.0589443557,85,LOW,7,SupplyGrid-XGBoost-single-v1,0
S018,2028-06-06,0.05823766813,86,LOW,7,SupplyGrid-XGBoost-single-v1,0
S029,2028-06-06,0.05823766813,87,LOW,7,SupplyGrid-XGBoost-single-v1,0
S065,2028-06-06,0.05823766813,88,LOW,7,SupplyGrid-XGBoost-single-v1,0
S067,2028-06-06,0.05823766813,89,LOW,7,SupplyGrid-XGBoost-single-v1,0
S089,2028-06-06,0.05823766813,90,LOW,7,SupplyGrid-XGBoost-single-v1,0
S021,2028-06-06,0.05783374608,91,LOW,7,SupplyGrid-XGBoost-single-v1,0
S030,2028-06-06,0.05752947927,92,LOW,7,SupplyGrid-XGBoost-single-v1,0
S033,2028-06-06,0.05752947927,93,LOW,7,SupplyGrid-XGBoost-single-v1,0
S044,2028-06-06,0.05752947927,94,LOW,7,SupplyGrid-XGBoost-single-v1,0
S066,2028-06-06,0.05752947927,95,LOW,7,SupplyGrid-XGBoost-single-v1,1
S027,2028-06-06,0.0569855459,96,LOW,7,SupplyGrid-XGBoost-single-v1,0
S086,2028-06-07,0.2177139521,1,HIGH,7,SupplyGrid-XGBoost-single-v1,0
S002,2028-06-07,0.1797815859,2,HIGH,7,SupplyGrid-XGBoost-single-v1,0
S012,2028-06-07,0.1424164623,3,LOW,7,SupplyGrid-XGBoost-single-v1,0
S015,2028-06-07,0.1381700486,4,LOW,7,SupplyGrid-XGBoost-single-v1,0
S099,2028-06-07,0.1364616305,5,LOW,7,SupplyGrid-XGBoost-single-v1,0
S035,2028-06-07,0.1274835169,6,LOW,7,SupplyGrid-XGBoost-single-v1,0
S026,2028-06-07,0.12626414,7,LOW,7,SupplyGrid-XGBoost-single-v1,0
S062,2028-06-07,0.1248300448,8,LOW,7,SupplyGrid-XGBoost-single-v1,0
S050,2028-06-07,0.1233189702,9,LOW,7,SupplyGrid-XGBoost-single-v1,0
S083,2028-06-07,0.1230768487,10,LOW,7,SupplyGrid-XGBoost-single-v1,0
S095,2028-06-07,0.1206129119,11,LOW,7,SupplyGrid-XGBoost-single-v1,0
S094,2028-06-07,0.1193237528,12,LOW,7,SupplyGrid-XGBoost-single-v1,0
S039,2028-06-07,0.1185439527,13,LOW,7,SupplyGrid-XGBoost-single-v1,0
S079,2028-06-07,0.118326813,14,LOW,7,SupplyGrid-XGBoost-single-v1,0
S003,2028-06-07,0.1152403131,15,LOW,7,SupplyGrid-XGBoost-single-v1,0
S073,2028-06-07,0.1149395183,16,LOW,7,SupplyGrid-XGBoost-single-v1,0
S090,2028-06-07,0.1143944338,17,LOW,7,SupplyGrid-XGBoost-single-v1,0
S051,2028-06-07,0.1133611724,18,LOW,7,SupplyGrid-XGBoost-single-v1,0
S019,2028-06-07,0.1131938249,19,LOW,7,SupplyGrid-XGBoost-single-v1,0
S017,2028-06-07,0.1083501354,20,LOW,7,SupplyGrid-XGBoost-single-v1,0
S020,2028-06-07,0.1062642634,21,LOW,7,SupplyGrid-XGBoost-single-v1,0
S078,2028-06-07,0.1042057127,22,LOW,7,SupplyGrid-XGBoost-single-v1,0
S060,2028-06-07,0.1034166068,23,LOW,7,SupplyGrid-XGBoost-single-v1,0
S040,2028-06-07,0.1027928591,24,LOW,7,SupplyGrid-XGBoost-single-v1,0
S056,2028-06-07,0.1019396856,25,LOW,7,SupplyGrid-XGBoost-single-v1,0
S023,2028-06-07,0.1005215049,26,LOW,7,SupplyGrid-XGBoost-single-v1,0
S055,2028-06-07,0.1003793851,27,LOW,7,SupplyGrid-XGBoost-single-v1,0
S057,2028-06-07,0.1001827046,28,LOW,7,SupplyGrid-XGBoost-single-v1,0
S013,2028-06-07,0.1000621319,29,LOW,7,SupplyGrid-XGBoost-single-v1,0
S016,2028-06-07,0.09889874607,30,LOW,7,SupplyGrid-XGBoost-single-v1,0
S100,2028-06-07,0.09889874607,31,LOW,7,SupplyGrid-XGBoost-single-v1,0
S034,2028-06-07,0.09870193899,32,LOW,7,SupplyGrid-XGBoost-single-v1,0
S064,2028-06-07,0.09823755175,33,LOW,7,SupplyGrid-XGBoost-single-v1,0
S010,2028-06-07,0.09781261533,34,LOW,7,SupplyGrid-XGBoost-single-v1,1
S028,2028-06-07,0.09598820657,35,LOW,7,SupplyGrid-XGBoost-single-v1,0
S005,2028-06-07,0.09043452889,36,LOW,7,SupplyGrid-XGBoost-single-v1,0
S088,2028-06-07,0.09025628865,37,LOW,7,SupplyGrid-XGBoost-single-v1,0
S092,2028-06-07,0.08891770244,38,LOW,7,SupplyGrid-XGBoost-single-v1,0
S076,2028-06-07,0.08866075426,39,LOW,7,SupplyGrid-XGBoost-single-v1,0
S059,2028-06-07,0.08752660453,40,LOW,7,SupplyGrid-XGBoost-single-v1,1
S084,2028-06-07,0.08752660453,41,LOW,7,SupplyGrid-XGBoost-single-v1,1
S043,2028-06-07,0.08691363037,42,LOW,7,SupplyGrid-XGBoost-single-v1,0
S070,2028-06-07,0.08665389568,43,LOW,7,SupplyGrid-XGBoost-single-v1,0
S082,2028-06-07,0.08614373952,44,LOW,7,SupplyGrid-XGBoost-single-v1,0
S074,2028-06-07,0.08573558927,45,LOW,7,SupplyGrid-XGBoost-single-v1,0
S001,2028-06-07,0.08494427055,46,LOW,7,SupplyGrid-XGBoost-single-v1,0
S049,2028-06-07,0.08455184102,47,LOW,7,SupplyGrid-XGBoost-single-v1,0
S022,2028-06-07,0.08330124617,48,LOW,7,SupplyGrid-XGBoost-single-v1,1
S038,2028-06-07,0.08207687736,49,LOW,7,SupplyGrid-XGBoost-single-v1,0
S009,2028-06-07,0.08158832788,50,LOW,7,SupplyGrid-XGBoost-single-v1,0
S047,2028-06-07,0.0800627172,51,LOW,7,SupplyGrid-XGBoost-single-v1,0
S041,2028-06-07,0.07915712893,52,LOW,7,SupplyGrid-XGBoost-single-v1,0
S058,2028-06-07,0.07911343127,53,LOW,7,SupplyGrid-XGBoost-single-v1,0
S008,2028-06-07,0.07885327935,54,LOW,7,SupplyGrid-XGBoost-single-v1,0
S052,2028-06-07,0.07885073125,55,LOW,7,SupplyGrid-XGBoost-single-v1,0
S096,2028-06-07,0.07824720442,56,LOW,7,SupplyGrid-XGBoost-single-v1,0
S042,2028-06-07,0.07791513205,57,LOW,7,SupplyGrid-XGBoost-single-v1,0
S069,2028-06-07,0.07703693211,58,LOW,7,SupplyGrid-XGBoost-single-v1,0
S036,2028-06-07,0.07667517662,59,LOW,7,SupplyGrid-XGBoost-single-v1,0
S072,2028-06-07,0.07628402859,60,LOW,7,SupplyGrid-XGBoost-single-v1,0
S053,2028-06-07,0.0761186108,61,LOW,7,SupplyGrid-XGBoost-single-v1,0
S061,2028-06-07,0.0761186108,62,LOW,7,SupplyGrid-XGBoost-single-v1,0
S071,2028-06-07,0.07533133775,63,LOW,7,SupplyGrid-XGBoost-single-v1,0
S032,2028-06-07,0.07507242262,64,LOW,7,SupplyGrid-XGBoost-single-v1,0
S097,2028-06-07,0.07433958352,65,LOW,7,SupplyGrid-XGBoost-single-v1,0
S024,2028-06-07,0.07418762147,66,LOW,7,SupplyGrid-XGBoost-single-v1,0
S037,2028-06-07,0.07418762147,67,LOW,7,SupplyGrid-XGBoost-single-v1,0
S045,2028-06-07,0.07292033732,68,LOW,7,SupplyGrid-XGBoost-single-v1,0
S031,2028-06-07,0.07093317062,69,LOW,7,SupplyGrid-XGBoost-single-v1,0
S046,2028-06-07,0.07080757618,70,LOW,7,SupplyGrid-XGBoost-single-v1,0
S025,2028-06-07,0.07058767974,71,LOW,7,SupplyGrid-XGBoost-single-v1,0
S091,2028-06-07,0.07018281519,72,LOW,7,SupplyGrid-XGBoost-single-v1,0
S011,2028-06-07,0.06974907219,73,LOW,7,SupplyGrid-XGBoost-single-v1,0
S087,2028-06-07,0.06860499829,74,LOW,7,SupplyGrid-XGBoost-single-v1,0
S014,2028-06-07,0.06824237853,75,LOW,7,SupplyGrid-XGBoost-single-v1,1
S048,2028-06-07,0.06811413169,76,LOW,7,SupplyGrid-XGBoost-single-v1,0
S080,2028-06-07,0.06615038961,77,LOW,7,SupplyGrid-XGBoost-single-v1,0
S085,2028-06-07,0.06318031251,78,LOW,7,SupplyGrid-XGBoost-single-v1,0
S007,2028-06-07,0.0616704151,79,LOW,7,SupplyGrid-XGBoost-single-v1,0
S063,2028-06-07,0.06141697988,80,LOW,7,SupplyGrid-XGBoost-single-v1,0
S066,2028-06-07,0.06140878424,81,LOW,7,SupplyGrid-XGBoost-single-v1,1
S075,2028-06-07,0.06117964163,82,LOW,7,SupplyGrid-XGBoost-single-v1,0
S068,2028-06-07,0.06023677438,83,LOW,7,SupplyGrid-XGBoost-single-v1,1
S004,2028-06-07,0.05978031456,84,LOW,7,SupplyGrid-XGBoost-single-v1,0
S081,2028-06-07,0.05978031456,85,LOW,7,SupplyGrid-XGBoost-single-v1,0
S098,2028-06-07,0.05950580165,86,LOW,7,SupplyGrid-XGBoost-single-v1,0
S093,2028-06-07,0.0589443557,87,LOW,7,SupplyGrid-XGBoost-single-v1,0
S018,2028-06-07,0.05823766813,88,LOW,7,SupplyGrid-XGBoost-single-v1,0
S029,2028-06-07,0.05823766813,89,LOW,7,SupplyGrid-XGBoost-single-v1,0
S054,2028-06-07,0.05823766813,90,LOW,7,SupplyGrid-XGBoost-single-v1,0
S065,2028-06-07,0.05823766813,91,LOW,7,SupplyGrid-XGBoost-single-v1,0
S067,2028-06-07,0.05823766813,92,LOW,7,SupplyGrid-XGBoost-single-v1,0
S089,2028-06-07,0.05823766813,93,LOW,7,SupplyGrid-XGBoost-single-v1,0
S021,2028-06-07,0.05783374608,94,LOW,7,SupplyGrid-XGBoost-single-v1,0
S030,2028-06-07,0.05752947927,95,LOW,7,SupplyGrid-XGBoost-single-v1,0
S033,2028-06-07,0.05752947927,96,LOW,7,SupplyGrid-XGBoost-single-v1,0
S044,2028-06-07,0.05752947927,97,LOW,7,SupplyGrid-XGBoost-single-v1,0
S027,2028-06-07,0.0569855459,98,LOW,7,SupplyGrid-XGBoost-single-v1,0
S086,2028-06-08,0.1782555431,1,HIGH,7,SupplyGrid-XGBoost-single-v1,0
S083,2028-06-08,0.1650036275,2,HIGH,7,SupplyGrid-XGBoost-single-v1,0
S002,2028-06-08,0.1586224437,3,HIGH,7,SupplyGrid-XGBoost-single-v1,0
S094,2028-06-08,0.151379317,4,HIGH,7,SupplyGrid-XGBoost-single-v1,0
S015,2028-06-08,0.1381700486,5,LOW,7,SupplyGrid-XGBoost-single-v1,0
S028,2028-06-08,0.1368031055,6,LOW,7,SupplyGrid-XGBoost-single-v1,0
S003,2028-06-08,0.1334437132,7,LOW,7,SupplyGrid-XGBoost-single-v1,0
S095,2028-06-08,0.1300660968,8,LOW,7,SupplyGrid-XGBoost-single-v1,0
S026,2028-06-08,0.12626414,9,LOW,7,SupplyGrid-XGBoost-single-v1,0
S064,2028-06-08,0.1251821816,10,LOW,7,SupplyGrid-XGBoost-single-v1,0
S035,2028-06-08,0.1249915063,11,LOW,7,SupplyGrid-XGBoost-single-v1,0
S062,2028-06-08,0.1248300448,12,LOW,7,SupplyGrid-XGBoost-single-v1,0
S050,2028-06-08,0.1233189702,13,LOW,7,SupplyGrid-XGBoost-single-v1,0
S051,2028-06-08,0.1203573421,14,LOW,7,SupplyGrid-XGBoost-single-v1,0
S056,2028-06-08,0.1196237803,15,LOW,7,SupplyGrid-XGBoost-single-v1,0
S079,2028-06-08,0.118326813,16,LOW,7,SupplyGrid-XGBoost-single-v1,0
S082,2028-06-08,0.1174793318,17,LOW,7,SupplyGrid-XGBoost-single-v1,0
S099,2028-06-08,0.1165263876,18,LOW,7,SupplyGrid-XGBoost-single-v1,0
S034,2028-06-08,0.1158968434,19,LOW,7,SupplyGrid-XGBoost-single-v1,0
S073,2028-06-08,0.1149395183,20,LOW,7,SupplyGrid-XGBoost-single-v1,0
S020,2028-06-08,0.1147396192,21,LOW,7,SupplyGrid-XGBoost-single-v1,0
S078,2028-06-08,0.1133611724,22,LOW,7,SupplyGrid-XGBoost-single-v1,0
S019,2028-06-08,0.1131938249,23,LOW,7,SupplyGrid-XGBoost-single-v1,0
S040,2028-06-08,0.1125476062,24,LOW,7,SupplyGrid-XGBoost-single-v1,0
S090,2028-06-08,0.1093018651,25,LOW,7,SupplyGrid-XGBoost-single-v1,0
S039,2028-06-08,0.108586289,26,LOW,7,SupplyGrid-XGBoost-single-v1,0
S060,2028-06-08,0.1034166068,27,LOW,7,SupplyGrid-XGBoost-single-v1,0
S023,2028-06-08,0.1005215049,28,LOW,7,SupplyGrid-XGBoost-single-v1,0
S012,2028-06-08,0.1001827046,29,LOW,7,SupplyGrid-XGBoost-single-v1,0
S016,2028-06-08,0.09889874607,30,LOW,7,SupplyGrid-XGBoost-single-v1,0
S057,2028-06-08,0.09870193899,31,LOW,7,SupplyGrid-XGBoost-single-v1,0
S010,2028-06-08,0.09781261533,32,LOW,7,SupplyGrid-XGBoost-single-v1,1
S047,2028-06-08,0.09711140394,33,LOW,7,SupplyGrid-XGBoost-single-v1,0
S084,2028-06-08,0.09680882841,34,LOW,7,SupplyGrid-XGBoost-single-v1,1
S041,2028-06-08,0.09329957515,35,LOW,7,SupplyGrid-XGBoost-single-v1,0
S013,2028-06-08,0.09186946601,36,LOW,7,SupplyGrid-XGBoost-single-v1,0
S072,2028-06-08,0.09051053971,37,LOW,7,SupplyGrid-XGBoost-single-v1,0
S005,2028-06-08,0.09043452889,38,LOW,7,SupplyGrid-XGBoost-single-v1,0
S088,2028-06-08,0.09025628865,39,LOW,7,SupplyGrid-XGBoost-single-v1,0
S100,2028-06-08,0.089257963,40,LOW,7,SupplyGrid-XGBoost-single-v1,0
S092,2028-06-08,0.08891770244,41,LOW,7,SupplyGrid-XGBoost-single-v1,0
S017,2028-06-08,0.0888562277,42,LOW,7,SupplyGrid-XGBoost-single-v1,0
S055,2028-06-08,0.08876145631,43,LOW,7,SupplyGrid-XGBoost-single-v1,0
S076,2028-06-08,0.08866075426,44,LOW,7,SupplyGrid-XGBoost-single-v1,0
S045,2028-06-08,0.08858980983,45,LOW,7,SupplyGrid-XGBoost-single-v1,0
S058,2028-06-08,0.08789086342,46,LOW,7,SupplyGrid-XGBoost-single-v1,0
S049,2028-06-08,0.08752660453,47,LOW,7,SupplyGrid-XGBoost-single-v1,0
S001,2028-06-08,0.08494427055,48,LOW,7,SupplyGrid-XGBoost-single-v1,0
S008,2028-06-08,0.08392134309,49,LOW,7,SupplyGrid-XGBoost-single-v1,0
S096,2028-06-08,0.08319376409,50,LOW,7,SupplyGrid-XGBoost-single-v1,0
S009,2028-06-08,0.08242708445,51,LOW,7,SupplyGrid-XGBoost-single-v1,0
S036,2028-06-08,0.08161564916,52,LOW,7,SupplyGrid-XGBoost-single-v1,0
S052,2028-06-08,0.07885073125,53,LOW,7,SupplyGrid-XGBoost-single-v1,0
S042,2028-06-08,0.07791513205,54,LOW,7,SupplyGrid-XGBoost-single-v1,0
S043,2028-06-08,0.07745736092,55,LOW,7,SupplyGrid-XGBoost-single-v1,0
S070,2028-06-08,0.07704965025,56,LOW,7,SupplyGrid-XGBoost-single-v1,0
S069,2028-06-08,0.07703693211,57,LOW,7,SupplyGrid-XGBoost-single-v1,0
S053,2028-06-08,0.0761186108,58,LOW,7,SupplyGrid-XGBoost-single-v1,0
S061,2028-06-08,0.0761186108,59,LOW,7,SupplyGrid-XGBoost-single-v1,0
S063,2028-06-08,0.07494084537,60,LOW,7,SupplyGrid-XGBoost-single-v1,0
S097,2028-06-08,0.07433958352,61,LOW,7,SupplyGrid-XGBoost-single-v1,0
S024,2028-06-08,0.07418762147,62,LOW,7,SupplyGrid-XGBoost-single-v1,0
S037,2028-06-08,0.07418762147,63,LOW,7,SupplyGrid-XGBoost-single-v1,0
S071,2028-06-08,0.07418762147,64,LOW,7,SupplyGrid-XGBoost-single-v1,0
S022,2028-06-08,0.07349845767,65,LOW,7,SupplyGrid-XGBoost-single-v1,1
S085,2028-06-08,0.07341598719,66,LOW,7,SupplyGrid-XGBoost-single-v1,0
S059,2028-06-08,0.07223466039,67,LOW,7,SupplyGrid-XGBoost-single-v1,1
S031,2028-06-08,0.07093317062,68,LOW,7,SupplyGrid-XGBoost-single-v1,0
S025,2028-06-08,0.07058767974,69,LOW,7,SupplyGrid-XGBoost-single-v1,0
S087,2028-06-08,0.07035066187,70,LOW,7,SupplyGrid-XGBoost-single-v1,0
S091,2028-06-08,0.07018281519,71,LOW,7,SupplyGrid-XGBoost-single-v1,0
S046,2028-06-08,0.06998205185,72,LOW,7,SupplyGrid-XGBoost-single-v1,0
S080,2028-06-08,0.06935133785,73,LOW,7,SupplyGrid-XGBoost-single-v1,0
S038,2028-06-08,0.06871389598,74,LOW,7,SupplyGrid-XGBoost-single-v1,0
S018,2028-06-08,0.06773050129,75,LOW,7,SupplyGrid-XGBoost-single-v1,0
S054,2028-06-08,0.06773050129,76,LOW,7,SupplyGrid-XGBoost-single-v1,1
S048,2028-06-08,0.06573173404,77,LOW,7,SupplyGrid-XGBoost-single-v1,0
S032,2028-06-08,0.061808981,78,LOW,7,SupplyGrid-XGBoost-single-v1,0
S007,2028-06-08,0.0616704151,79,LOW,7,SupplyGrid-XGBoost-single-v1,0
S014,2028-06-08,0.06124881282,80,LOW,7,SupplyGrid-XGBoost-single-v1,1
S068,2028-06-08,0.06023677438,81,LOW,7,SupplyGrid-XGBoost-single-v1,1
S075,2028-06-08,0.06023677438,82,LOW,7,SupplyGrid-XGBoost-single-v1,0
S004,2028-06-08,0.05978031456,83,LOW,7,SupplyGrid-XGBoost-single-v1,0
S081,2028-06-08,0.05978031456,84,LOW,7,SupplyGrid-XGBoost-single-v1,0
S098,2028-06-08,0.05950580165,85,LOW,7,SupplyGrid-XGBoost-single-v1,0
S027,2028-06-08,0.05907097831,86,LOW,7,SupplyGrid-XGBoost-single-v1,0
S011,2028-06-08,0.0589443557,87,LOW,7,SupplyGrid-XGBoost-single-v1,0
S093,2028-06-08,0.0589443557,88,LOW,7,SupplyGrid-XGBoost-single-v1,0
S029,2028-06-08,0.05823766813,89,LOW,7,SupplyGrid-XGBoost-single-v1,0
S065,2028-06-08,0.05823766813,90,LOW,7,SupplyGrid-XGBoost-single-v1,0
S067,2028-06-08,0.05823766813,91,LOW,7,SupplyGrid-XGBoost-single-v1,0
S074,2028-06-08,0.05823766813,92,LOW,7,SupplyGrid-XGBoost-single-v1,0
S089,2028-06-08,0.05823766813,93,LOW,7,SupplyGrid-XGBoost-single-v1,0
S021,2028-06-08,0.05783374608,94,LOW,7,SupplyGrid-XGBoost-single-v1,0
S030,2028-06-08,0.05752947927,95,LOW,7,SupplyGrid-XGBoost-single-v1,0
S033,2028-06-08,0.05752947927,96,LOW,7,SupplyGrid-XGBoost-single-v1,0
S044,2028-06-08,0.05752947927,97,LOW,7,SupplyGrid-XGBoost-single-v1,0
S066,2028-06-08,0.05752947927,98,LOW,7,SupplyGrid-XGBoost-single-v1,1
S083,2028-06-09,0.2154911309,1,HIGH,7,SupplyGrid-XGBoost-single-v1,0
S086,2028-06-09,0.2014066577,2,HIGH,7,SupplyGrid-XGBoost-single-v1,0
S002,2028-06-09,0.1713906229,3,HIGH,7,SupplyGrid-XGBoost-single-v1,0
S094,2028-06-09,0.151379317,4,HIGH,7,SupplyGrid-XGBoost-single-v1,0
S062,2028-06-09,0.1497122347,5,LOW,7,SupplyGrid-XGBoost-single-v1,0
S019,2028-06-09,0.1339348108,6,LOW,7,SupplyGrid-XGBoost-single-v1,0
S082,2028-06-09,0.1291323602,7,LOW,7,SupplyGrid-XGBoost-single-v1,0
S035,2028-06-09,0.1274835169,8,LOW,7,SupplyGrid-XGBoost-single-v1,0
S099,2028-06-09,0.1266113371,9,LOW,7,SupplyGrid-XGBoost-single-v1,0
S026,2028-06-09,0.12626414,10,LOW,7,SupplyGrid-XGBoost-single-v1,0
S064,2028-06-09,0.1251821816,11,LOW,7,SupplyGrid-XGBoost-single-v1,0
S040,2028-06-09,0.1234982237,12,LOW,7,SupplyGrid-XGBoost-single-v1,0
S050,2028-06-09,0.1233189702,13,LOW,7,SupplyGrid-XGBoost-single-v1,0
S056,2028-06-09,0.1213761717,14,LOW,7,SupplyGrid-XGBoost-single-v1,0
S079,2028-06-09,0.118326813,15,LOW,7,SupplyGrid-XGBoost-single-v1,0
S015,2028-06-09,0.117419526,16,LOW,7,SupplyGrid-XGBoost-single-v1,0
S039,2028-06-09,0.1169700697,17,LOW,7,SupplyGrid-XGBoost-single-v1,0
S028,2028-06-09,0.1162301153,18,LOW,7,SupplyGrid-XGBoost-single-v1,0
S012,2028-06-09,0.1156728491,19,LOW,7,SupplyGrid-XGBoost-single-v1,0
S034,2028-06-09,0.1139921546,20,LOW,7,SupplyGrid-XGBoost-single-v1,0
S003,2028-06-09,0.1138911247,21,LOW,7,SupplyGrid-XGBoost-single-v1,0
S051,2028-06-09,0.1133611724,22,LOW,7,SupplyGrid-XGBoost-single-v1,0
S078,2028-06-09,0.1133611724,23,LOW,7,SupplyGrid-XGBoost-single-v1,0
S020,2028-06-09,0.112878181,24,LOW,7,SupplyGrid-XGBoost-single-v1,0
S010,2028-06-09,0.1113227084,25,LOW,7,SupplyGrid-XGBoost-single-v1,1
S095,2028-06-09,0.109111689,26,LOW,7,SupplyGrid-XGBoost-single-v1,0
S016,2028-06-09,0.1086910367,27,LOW,7,SupplyGrid-XGBoost-single-v1,0
S090,2028-06-09,0.107702449,28,LOW,7,SupplyGrid-XGBoost-single-v1,0
S055,2028-06-09,0.1073763594,29,LOW,7,SupplyGrid-XGBoost-single-v1,0
S072,2028-06-09,0.1064469516,30,LOW,7,SupplyGrid-XGBoost-single-v1,0
S073,2028-06-09,0.1056717709,31,LOW,7,SupplyGrid-XGBoost-single-v1,0
S060,2028-06-09,0.1034166068,32,LOW,7,SupplyGrid-XGBoost-single-v1,0
S041,2028-06-09,0.1016055346,33,LOW,7,SupplyGrid-XGBoost-single-v1,1
S005,2028-06-09,0.1012778729,34,LOW,7,SupplyGrid-XGBoost-single-v1,0
S047,2028-06-09,0.1008267105,35,LOW,7,SupplyGrid-XGBoost-single-v1,0
S023,2028-06-09,0.1005215049,36,LOW,7,SupplyGrid-XGBoost-single-v1,0
S057,2028-06-09,0.09870193899,37,LOW,7,SupplyGrid-XGBoost-single-v1,0
S084,2028-06-09,0.09537266195,38,LOW,7,SupplyGrid-XGBoost-single-v1,1
S043,2028-06-09,0.09132625163,39,LOW,7,SupplyGrid-XGBoost-single-v1,0
S100,2028-06-09,0.089257963,40,LOW,7,SupplyGrid-XGBoost-single-v1,0
S092,2028-06-09,0.08891770244,41,LOW,7,SupplyGrid-XGBoost-single-v1,0
S049,2028-06-09,0.08517064899,42,LOW,7,SupplyGrid-XGBoost-single-v1,0
S001,2028-06-09,0.08494427055,43,LOW,7,SupplyGrid-XGBoost-single-v1,0
S009,2028-06-09,0.08385429531,44,LOW,7,SupplyGrid-XGBoost-single-v1,0
S059,2028-06-09,0.08293043077,45,LOW,7,SupplyGrid-XGBoost-single-v1,1
S076,2028-06-09,0.08111590892,46,LOW,7,SupplyGrid-XGBoost-single-v1,0
S058,2028-06-09,0.08060546964,47,LOW,7,SupplyGrid-XGBoost-single-v1,0
S042,2028-06-09,0.08015318215,48,LOW,7,SupplyGrid-XGBoost-single-v1,0
S088,2028-06-09,0.08011179417,49,LOW,7,SupplyGrid-XGBoost-single-v1,0
S036,2028-06-09,0.07961440086,50,LOW,7,SupplyGrid-XGBoost-single-v1,0
S008,2028-06-09,0.07885327935,51,LOW,7,SupplyGrid-XGBoost-single-v1,0
S052,2028-06-09,0.07885073125,52,LOW,7,SupplyGrid-XGBoost-single-v1,0
S013,2028-06-09,0.07792514563,53,LOW,7,SupplyGrid-XGBoost-single-v1,0
S017,2028-06-09,0.07723396271,54,LOW,7,SupplyGrid-XGBoost-single-v1,0
S087,2028-06-09,0.07707083225,55,LOW,7,SupplyGrid-XGBoost-single-v1,0
S069,2028-06-09,0.07703693211,56,LOW,7,SupplyGrid-XGBoost-single-v1,0
S096,2028-06-09,0.07684630156,57,LOW,7,SupplyGrid-XGBoost-single-v1,0
S053,2028-06-09,0.0761186108,58,LOW,7,SupplyGrid-XGBoost-single-v1,0
S061,2028-06-09,0.0761186108,59,LOW,7,SupplyGrid-XGBoost-single-v1,0
S097,2028-06-09,0.07433958352,60,LOW,7,SupplyGrid-XGBoost-single-v1,0
S024,2028-06-09,0.07418762147,61,LOW,7,SupplyGrid-XGBoost-single-v1,0
S037,2028-06-09,0.07418762147,62,LOW,7,SupplyGrid-XGBoost-single-v1,0
S071,2028-06-09,0.07418762147,63,LOW,7,SupplyGrid-XGBoost-single-v1,0
S031,2028-06-09,0.07093317062,64,LOW,7,SupplyGrid-XGBoost-single-v1,0
S014,2028-06-09,0.07064980268,65,LOW,7,SupplyGrid-XGBoost-single-v1,1
S025,2028-06-09,0.07058767974,66,LOW,7,SupplyGrid-XGBoost-single-v1,0
S091,2028-06-09,0.07018281519,67,LOW,7,SupplyGrid-XGBoost-single-v1,0
S046,2028-06-09,0.06928884238,68,LOW,7,SupplyGrid-XGBoost-single-v1,0
S045,2028-06-09,0.06879685074,69,LOW,7,SupplyGrid-XGBoost-single-v1,0
S098,2028-06-09,0.06847604364,70,LOW,7,SupplyGrid-XGBoost-single-v1,0
S063,2028-06-09,0.06796952337,71,LOW,7,SupplyGrid-XGBoost-single-v1,0
S011,2028-06-09,0.06783606112,72,LOW,7,SupplyGrid-XGBoost-single-v1,0
S054,2028-06-09,0.06773050129,73,LOW,7,SupplyGrid-XGBoost-single-v1,1
S080,2028-06-09,0.06615038961,74,LOW,7,SupplyGrid-XGBoost-single-v1,0
S048,2028-06-09,0.06573173404,75,LOW,7,SupplyGrid-XGBoost-single-v1,0
S085,2028-06-09,0.06318031251,76,LOW,7,SupplyGrid-XGBoost-single-v1,0
S007,2028-06-09,0.0616704151,77,LOW,7,SupplyGrid-XGBoost-single-v1,0
S032,2028-06-09,0.06108145788,78,LOW,7,SupplyGrid-XGBoost-single-v1,0
S068,2028-06-09,0.06023677438,79,LOW,7,SupplyGrid-XGBoost-single-v1,1
S075,2028-06-09,0.06023677438,80,LOW,7,SupplyGrid-XGBoost-single-v1,0
S004,2028-06-09,0.05978031456,81,LOW,7,SupplyGrid-XGBoost-single-v1,0
S081,2028-06-09,0.05978031456,82,LOW,7,SupplyGrid-XGBoost-single-v1,0
S070,2028-06-09,0.05966623127,83,LOW,7,SupplyGrid-XGBoost-single-v1,0
S027,2028-06-09,0.05907097831,84,LOW,7,SupplyGrid-XGBoost-single-v1,0
S093,2028-06-09,0.0589443557,85,LOW,7,SupplyGrid-XGBoost-single-v1,0
S038,2028-06-09,0.05879281089,86,LOW,7,SupplyGrid-XGBoost-single-v1,0
S018,2028-06-09,0.05823766813,87,LOW,7,SupplyGrid-XGBoost-single-v1,0
S029,2028-06-09,0.05823766813,88,LOW,7,SupplyGrid-XGBoost-single-v1,0
S065,2028-06-09,0.05823766813,89,LOW,7,SupplyGrid-XGBoost-single-v1,0
S067,2028-06-09,0.05823766813,90,LOW,7,SupplyGrid-XGBoost-single-v1,0
S074,2028-06-09,0.05823766813,91,LOW,7,SupplyGrid-XGBoost-single-v1,0
S089,2028-06-09,0.05823766813,92,LOW,7,SupplyGrid-XGBoost-single-v1,0
S021,2028-06-09,0.05783374608,93,LOW,7,SupplyGrid-XGBoost-single-v1,0
S030,2028-06-09,0.05752947927,94,LOW,7,SupplyGrid-XGBoost-single-v1,0
S033,2028-06-09,0.05752947927,95,LOW,7,SupplyGrid-XGBoost-single-v1,0
S044,2028-06-09,0.05752947927,96,LOW,7,SupplyGrid-XGBoost-single-v1,0
S086,2028-06-10,0.1970984787,1,HIGH,7,SupplyGrid-XGBoost-single-v1,0
S002,2028-06-10,0.1797815859,2,HIGH,7,SupplyGrid-XGBoost-single-v1,0
S083,2028-06-10,0.1650036275,3,HIGH,7,SupplyGrid-XGBoost-single-v1,0
S010,2028-06-10,0.1520705968,4,HIGH,7,SupplyGrid-XGBoost-single-v1,1
S026,2028-06-10,0.1474749148,5,LOW,7,SupplyGrid-XGBoost-single-v1,0
S064,2028-06-10,0.1327985525,6,LOW,7,SupplyGrid-XGBoost-single-v1,0
S062,2028-06-10,0.1324282736,7,LOW,7,SupplyGrid-XGBoost-single-v1,0
S056,2028-06-10,0.1299373657,8,LOW,7,SupplyGrid-XGBoost-single-v1,0
S078,2028-06-10,0.1268694848,9,LOW,7,SupplyGrid-XGBoost-single-v1,0
S094,2028-06-10,0.1264778525,10,LOW,7,SupplyGrid-XGBoost-single-v1,0
S034,2028-06-10,0.1259350628,11,LOW,7,SupplyGrid-XGBoost-single-v1,0
S019,2028-06-10,0.1257475466,12,LOW,7,SupplyGrid-XGBoost-single-v1,0
S003,2028-06-10,0.1237799525,13,LOW,7,SupplyGrid-XGBoost-single-v1,0
S050,2028-06-10,0.1233189702,14,LOW,7,SupplyGrid-XGBoost-single-v1,0
S051,2028-06-10,0.1221763939,15,LOW,7,SupplyGrid-XGBoost-single-v1,0
S039,2028-06-10,0.1213430315,16,LOW,7,SupplyGrid-XGBoost-single-v1,0
S012,2028-06-10,0.1184638366,17,LOW,7,SupplyGrid-XGBoost-single-v1,0
S079,2028-06-10,0.118326813,18,LOW,7,SupplyGrid-XGBoost-single-v1,0
S006,2028-06-10,0.1179800257,19,LOW,7,SupplyGrid-XGBoost-single-v1,1
S015,2028-06-10,0.117419526,20,LOW,7,SupplyGrid-XGBoost-single-v1,0
S073,2028-06-10,0.1149395183,21,LOW,7,SupplyGrid-XGBoost-single-v1,0
S099,2028-06-10,0.1146126762,22,LOW,7,SupplyGrid-XGBoost-single-v1,0
S090,2028-06-10,0.1143944338,23,LOW,7,SupplyGrid-XGBoost-single-v1,0
S035,2028-06-10,0.1139183715,24,LOW,7,SupplyGrid-XGBoost-single-v1,0
S077,2028-06-10,0.1120762974,25,LOW,7,SupplyGrid-XGBoost-single-v1,0
S028,2028-06-10,0.1104060933,26,LOW,7,SupplyGrid-XGBoost-single-v1,0
S082,2028-06-10,0.1076467186,27,LOW,7,SupplyGrid-XGBoost-single-v1,0
S016,2028-06-10,0.1068568826,28,LOW,7,SupplyGrid-XGBoost-single-v1,0
S040,2028-06-10,0.1064439118,29,LOW,7,SupplyGrid-XGBoost-single-v1,0
S043,2028-06-10,0.1051857397,30,LOW,7,SupplyGrid-XGBoost-single-v1,0
S060,2028-06-10,0.1034166068,31,LOW,7,SupplyGrid-XGBoost-single-v1,0
S023,2028-06-10,0.1005215049,32,LOW,7,SupplyGrid-XGBoost-single-v1,0
S095,2028-06-10,0.09915810078,33,LOW,7,SupplyGrid-XGBoost-single-v1,0
S057,2028-06-10,0.09870193899,34,LOW,7,SupplyGrid-XGBoost-single-v1,0
S005,2028-06-10,0.09851314873,35,LOW,7,SupplyGrid-XGBoost-single-v1,0
S072,2028-06-10,0.09800434858,36,LOW,7,SupplyGrid-XGBoost-single-v1,0
S009,2028-06-10,0.09719374031,37,LOW,7,SupplyGrid-XGBoost-single-v1,0
S084,2028-06-10,0.09537266195,38,LOW,7,SupplyGrid-XGBoost-single-v1,1
S020,2028-06-10,0.09501954913,39,LOW,7,SupplyGrid-XGBoost-single-v1,0
S055,2028-06-10,0.09242709726,40,LOW,7,SupplyGrid-XGBoost-single-v1,0
S017,2028-06-10,0.09106680751,41,LOW,7,SupplyGrid-XGBoost-single-v1,0
S059,2028-06-10,0.08983916044,42,LOW,7,SupplyGrid-XGBoost-single-v1,1
S092,2028-06-10,0.08891770244,43,LOW,7,SupplyGrid-XGBoost-single-v1,0
S088,2028-06-10,0.08886109293,44,LOW,7,SupplyGrid-XGBoost-single-v1,0
S047,2028-06-10,0.08520130813,45,LOW,7,SupplyGrid-XGBoost-single-v1,0
S001,2028-06-10,0.08494427055,46,LOW,7,SupplyGrid-XGBoost-single-v1,0
S041,2028-06-10,0.08408048004,47,LOW,7,SupplyGrid-XGBoost-single-v1,1
S087,2028-06-10,0.08371015638,48,LOW,7,SupplyGrid-XGBoost-single-v1,0
S036,2028-06-10,0.083009772,49,LOW,7,SupplyGrid-XGBoost-single-v1,0
S042,2028-06-10,0.08292832226,50,LOW,7,SupplyGrid-XGBoost-single-v1,0
S031,2028-06-10,0.08147680014,51,LOW,7,SupplyGrid-XGBoost-single-v1,0
S049,2028-06-10,0.08060026169,52,LOW,7,SupplyGrid-XGBoost-single-v1,0
S058,2028-06-10,0.07934644818,53,LOW,7,SupplyGrid-XGBoost-single-v1,0
S076,2028-06-10,0.07885327935,54,LOW,7,SupplyGrid-XGBoost-single-v1,0
S052,2028-06-10,0.07885073125,55,LOW,7,SupplyGrid-XGBoost-single-v1,0
S013,2028-06-10,0.07792514563,56,LOW,7,SupplyGrid-XGBoost-single-v1,0
S014,2028-06-10,0.07711084187,57,LOW,7,SupplyGrid-XGBoost-single-v1,1
S069,2028-06-10,0.07703693211,58,LOW,7,SupplyGrid-XGBoost-single-v1,0
S100,2028-06-10,0.07699712366,59,LOW,7,SupplyGrid-XGBoost-single-v1,0
S053,2028-06-10,0.0761186108,60,LOW,7,SupplyGrid-XGBoost-single-v1,0
S061,2028-06-10,0.0761186108,61,LOW,7,SupplyGrid-XGBoost-single-v1,0
S024,2028-06-10,0.07418762147,62,LOW,7,SupplyGrid-XGBoost-single-v1,0
S037,2028-06-10,0.07418762147,63,LOW,7,SupplyGrid-XGBoost-single-v1,0
S071,2028-06-10,0.07418762147,64,LOW,7,SupplyGrid-XGBoost-single-v1,0
S007,2028-06-10,0.07338809967,65,LOW,7,SupplyGrid-XGBoost-single-v1,0
S025,2028-06-10,0.07058767974,66,LOW,7,SupplyGrid-XGBoost-single-v1,0
S091,2028-06-10,0.07018281519,67,LOW,7,SupplyGrid-XGBoost-single-v1,0
S070,2028-06-10,0.06937476248,68,LOW,7,SupplyGrid-XGBoost-single-v1,0
S046,2028-06-10,0.06928884238,69,LOW,7,SupplyGrid-XGBoost-single-v1,0
S045,2028-06-10,0.06879685074,70,LOW,7,SupplyGrid-XGBoost-single-v1,0
S004,2028-06-10,0.06878890842,71,LOW,7,SupplyGrid-XGBoost-single-v1,0
S096,2028-06-10,0.06847604364,72,LOW,7,SupplyGrid-XGBoost-single-v1,0
S097,2028-06-10,0.06809360534,73,LOW,7,SupplyGrid-XGBoost-single-v1,0
S027,2028-06-10,0.06787745655,74,LOW,7,SupplyGrid-XGBoost-single-v1,0
S054,2028-06-10,0.06703037024,75,LOW,7,SupplyGrid-XGBoost-single-v1,1
S098,2028-06-10,0.06473813206,76,LOW,7,SupplyGrid-XGBoost-single-v1,0
S085,2028-06-10,0.06318031251,77,LOW,7,SupplyGrid-XGBoost-single-v1,0
S011,2028-06-10,0.06291270256,78,LOW,7,SupplyGrid-XGBoost-single-v1,0
S008,2028-06-10,0.06108986586,79,LOW,7,SupplyGrid-XGBoost-single-v1,0
S032,2028-06-10,0.06047068909,80,LOW,7,SupplyGrid-XGBoost-single-v1,0
S080,2028-06-10,0.06036600098,81,LOW,7,SupplyGrid-XGBoost-single-v1,0
S068,2028-06-10,0.06023677438,82,LOW,7,SupplyGrid-XGBoost-single-v1,1
S075,2028-06-10,0.06023677438,83,LOW,7,SupplyGrid-XGBoost-single-v1,0
S081,2028-06-10,0.05978031456,84,LOW,7,SupplyGrid-XGBoost-single-v1,0
S063,2028-06-10,0.05950580165,85,LOW,7,SupplyGrid-XGBoost-single-v1,0
S074,2028-06-10,0.05915120244,86,LOW,7,SupplyGrid-XGBoost-single-v1,0
S093,2028-06-10,0.0589443557,87,LOW,7,SupplyGrid-XGBoost-single-v1,0
S038,2028-06-10,0.05879281089,88,LOW,7,SupplyGrid-XGBoost-single-v1,0
S018,2028-06-10,0.05823766813,89,LOW,7,SupplyGrid-XGBoost-single-v1,0
S029,2028-06-10,0.05823766813,90,LOW,7,SupplyGrid-XGBoost-single-v1,0
S065,2028-06-10,0.05823766813,91,LOW,7,SupplyGrid-XGBoost-single-v1,0
S067,2028-06-10,0.05823766813,92,LOW,7,SupplyGrid-XGBoost-single-v1,0
S089,2028-06-10,0.05823766813,93,LOW,7,SupplyGrid-XGBoost-single-v1,0
S021,2028-06-10,0.05783374608,94,LOW,7,SupplyGrid-XGBoost-single-v1,0
S030,2028-06-10,0.05752947927,95,LOW,7,SupplyGrid-XGBoost-single-v1,0
S033,2028-06-10,0.05752947927,96,LOW,7,SupplyGrid-XGBoost-single-v1,0
S044,2028-06-10,0.05752947927,97,LOW,7,SupplyGrid-XGBoost-single-v1,0
S048,2028-06-10,0.05752947927,98,LOW,7,SupplyGrid-XGBoost-single-v1,0
S086,2028-06-11,0.1944948882,1,HIGH,7,SupplyGrid-XGBoost-single-v1,0
S002,2028-06-11,0.1608098447,2,HIGH,7,SupplyGrid-XGBoost-single-v1,1
S026,2028-06-11,0.159754023,3,HIGH,7,SupplyGrid-XGBoost-single-v1,0
S083,2028-06-11,0.1558721811,4,HIGH,7,SupplyGrid-XGBoost-single-v1,0
S078,2028-06-11,0.1550448984,5,HIGH,7,SupplyGrid-XGBoost-single-v1,0
S010,2028-06-11,0.1520705968,6,HIGH,7,SupplyGrid-XGBoost-single-v1,1
S034,2028-06-11,0.1379943788,7,LOW,7,SupplyGrid-XGBoost-single-v1,0
S040,2028-06-11,0.135572046,8,LOW,7,SupplyGrid-XGBoost-single-v1,0
S064,2028-06-11,0.1349385232,9,LOW,7,SupplyGrid-XGBoost-single-v1,0
S062,2028-06-11,0.1345632076,10,LOW,7,SupplyGrid-XGBoost-single-v1,0
S012,2028-06-11,0.1312618256,11,LOW,7,SupplyGrid-XGBoost-single-v1,0
S056,2028-06-11,0.1299373657,12,LOW,7,SupplyGrid-XGBoost-single-v1,0
S094,2028-06-11,0.1250906289,13,LOW,7,SupplyGrid-XGBoost-single-v1,0
S050,2028-06-11,0.1233189702,14,LOW,7,SupplyGrid-XGBoost-single-v1,0
S051,2028-06-11,0.1221763939,15,LOW,7,SupplyGrid-XGBoost-single-v1,0
S073,2028-06-11,0.1220196486,16,LOW,7,SupplyGrid-XGBoost-single-v1,0
S039,2028-06-11,0.1213430315,17,LOW,7,SupplyGrid-XGBoost-single-v1,0
S079,2028-06-11,0.118326813,18,LOW,7,SupplyGrid-XGBoost-single-v1,0
S095,2028-06-11,0.1148225963,19,LOW,7,SupplyGrid-XGBoost-single-v1,0
S003,2028-06-11,0.1138911247,20,LOW,7,SupplyGrid-XGBoost-single-v1,0
S023,2028-06-11,0.1134869903,21,LOW,7,SupplyGrid-XGBoost-single-v1,0
S077,2028-06-11,0.1120762974,22,LOW,7,SupplyGrid-XGBoost-single-v1,0
S019,2028-06-11,0.1088914722,23,LOW,7,SupplyGrid-XGBoost-single-v1,0
S090,2028-06-11,0.107702449,24,LOW,7,SupplyGrid-XGBoost-single-v1,0
S016,2028-06-11,0.1068568826,25,LOW,7,SupplyGrid-XGBoost-single-v1,0
S072,2028-06-11,0.1057171896,26,LOW,7,SupplyGrid-XGBoost-single-v1,0
S015,2028-06-11,0.1050259545,27,LOW,7,SupplyGrid-XGBoost-single-v1,0
S035,2028-06-11,0.1047232226,28,LOW,7,SupplyGrid-XGBoost-single-v1,0
S060,2028-06-11,0.1034166068,29,LOW,7,SupplyGrid-XGBoost-single-v1,0
S057,2028-06-11,0.09870193899,30,LOW,7,SupplyGrid-XGBoost-single-v1,0
S020,2028-06-11,0.09761887789,31,LOW,7,SupplyGrid-XGBoost-single-v1,0
S009,2028-06-11,0.09719374031,32,LOW,7,SupplyGrid-XGBoost-single-v1,0
S017,2028-06-11,0.09690858424,33,LOW,7,SupplyGrid-XGBoost-single-v1,0
S059,2028-06-11,0.09493755549,34,LOW,7,SupplyGrid-XGBoost-single-v1,1
S099,2028-06-11,0.09480831027,35,LOW,7,SupplyGrid-XGBoost-single-v1,0
S082,2028-06-11,0.09364307672,36,LOW,7,SupplyGrid-XGBoost-single-v1,0
S055,2028-06-11,0.09242709726,37,LOW,7,SupplyGrid-XGBoost-single-v1,0
S005,2028-06-11,0.09043452889,38,LOW,7,SupplyGrid-XGBoost-single-v1,0
S047,2028-06-11,0.08980607986,39,LOW,7,SupplyGrid-XGBoost-single-v1,0
S028,2028-06-11,0.08930851519,40,LOW,7,SupplyGrid-XGBoost-single-v1,0
S031,2028-06-11,0.08901423216,41,LOW,7,SupplyGrid-XGBoost-single-v1,0
S092,2028-06-11,0.08891770244,42,LOW,7,SupplyGrid-XGBoost-single-v1,0
S088,2028-06-11,0.08886109293,43,LOW,7,SupplyGrid-XGBoost-single-v1,0
S076,2028-06-11,0.08866075426,44,LOW,7,SupplyGrid-XGBoost-single-v1,0
S084,2028-06-11,0.08752660453,45,LOW,7,SupplyGrid-XGBoost-single-v1,1
S049,2028-06-11,0.08517064899,46,LOW,7,SupplyGrid-XGBoost-single-v1,0
S001,2028-06-11,0.08494427055,47,LOW,7,SupplyGrid-XGBoost-single-v1,0
S041,2028-06-11,0.08311403543,48,LOW,7,SupplyGrid-XGBoost-single-v1,1
S066,2028-06-11,0.08278369159,49,LOW,7,SupplyGrid-XGBoost-single-v1,0
S058,2028-06-11,0.07934644818,50,LOW,7,SupplyGrid-XGBoost-single-v1,0
S052,2028-06-11,0.07885073125,51,LOW,7,SupplyGrid-XGBoost-single-v1,0
S013,2028-06-11,0.07792514563,52,LOW,7,SupplyGrid-XGBoost-single-v1,0
S042,2028-06-11,0.07791513205,53,LOW,7,SupplyGrid-XGBoost-single-v1,0
S069,2028-06-11,0.07703693211,54,LOW,7,SupplyGrid-XGBoost-single-v1,0
S100,2028-06-11,0.07699712366,55,LOW,7,SupplyGrid-XGBoost-single-v1,0
S098,2028-06-11,0.07684630156,56,LOW,7,SupplyGrid-XGBoost-single-v1,0
S043,2028-06-11,0.07628402859,57,LOW,7,SupplyGrid-XGBoost-single-v1,0
S053,2028-06-11,0.0761186108,58,LOW,7,SupplyGrid-XGBoost-single-v1,0
S061,2028-06-11,0.0761186108,59,LOW,7,SupplyGrid-XGBoost-single-v1,0
S054,2028-06-11,0.07523819059,60,LOW,7,SupplyGrid-XGBoost-single-v1,1
S036,2028-06-11,0.07478521764,61,LOW,7,SupplyGrid-XGBoost-single-v1,0
S085,2028-06-11,0.07469986379,62,LOW,7,SupplyGrid-XGBoost-single-v1,0
S024,2028-06-11,0.07418762147,63,LOW,7,SupplyGrid-XGBoost-single-v1,0
S037,2028-06-11,0.07418762147,64,LOW,7,SupplyGrid-XGBoost-single-v1,0
S071,2028-06-11,0.07418762147,65,LOW,7,SupplyGrid-XGBoost-single-v1,0
S032,2028-06-11,0.07197789848,66,LOW,7,SupplyGrid-XGBoost-single-v1,0
S063,2028-06-11,0.07084325701,67,LOW,7,SupplyGrid-XGBoost-single-v1,0
S070,2028-06-11,0.07059334964,68,LOW,7,SupplyGrid-XGBoost-single-v1,0
S025,2028-06-11,0.07058767974,69,LOW,7,SupplyGrid-XGBoost-single-v1,0
S096,2028-06-11,0.07040574402,70,LOW,7,SupplyGrid-XGBoost-single-v1,0
S087,2028-06-11,0.07035066187,71,LOW,7,SupplyGrid-XGBoost-single-v1,0
S091,2028-06-11,0.07018281519,72,LOW,7,SupplyGrid-XGBoost-single-v1,0
S004,2028-06-11,0.06950603426,73,LOW,7,SupplyGrid-XGBoost-single-v1,0
S045,2028-06-11,0.06879685074,74,LOW,7,SupplyGrid-XGBoost-single-v1,0
S014,2028-06-11,0.06871389598,75,LOW,7,SupplyGrid-XGBoost-single-v1,1
S046,2028-06-11,0.06819347292,76,LOW,7,SupplyGrid-XGBoost-single-v1,0
S027,2028-06-11,0.06787745655,77,LOW,7,SupplyGrid-XGBoost-single-v1,0
S097,2028-06-11,0.0669150725,78,LOW,7,SupplyGrid-XGBoost-single-v1,0
S080,2028-06-11,0.06615038961,79,LOW,7,SupplyGrid-XGBoost-single-v1,0
S011,2028-06-11,0.06554935127,80,LOW,7,SupplyGrid-XGBoost-single-v1,0
S007,2028-06-11,0.0616704151,81,LOW,7,SupplyGrid-XGBoost-single-v1,0
S008,2028-06-11,0.06108986586,82,LOW,7,SupplyGrid-XGBoost-single-v1,0
S068,2028-06-11,0.06023677438,83,LOW,7,SupplyGrid-XGBoost-single-v1,1
S075,2028-06-11,0.06023677438,84,LOW,7,SupplyGrid-XGBoost-single-v1,0
S081,2028-06-11,0.05978031456,85,LOW,7,SupplyGrid-XGBoost-single-v1,0
S048,2028-06-11,0.05963356048,86,LOW,7,SupplyGrid-XGBoost-single-v1,0
S093,2028-06-11,0.0589443557,87,LOW,7,SupplyGrid-XGBoost-single-v1,0
S038,2028-06-11,0.05879281089,88,LOW,7,SupplyGrid-XGBoost-single-v1,0
S018,2028-06-11,0.05823766813,89,LOW,7,SupplyGrid-XGBoost-single-v1,0
S029,2028-06-11,0.05823766813,90,LOW,7,SupplyGrid-XGBoost-single-v1,0
S065,2028-06-11,0.05823766813,91,LOW,7,SupplyGrid-XGBoost-single-v1,0
S067,2028-06-11,0.05823766813,92,LOW,7,SupplyGrid-XGBoost-single-v1,0
S074,2028-06-11,0.05823766813,93,LOW,7,SupplyGrid-XGBoost-single-v1,0
S089,2028-06-11,0.05823766813,94,LOW,7,SupplyGrid-XGBoost-single-v1,0
S021,2028-06-11,0.05783374608,95,LOW,7,SupplyGrid-XGBoost-single-v1,0
S030,2028-06-11,0.05752947927,96,LOW,7,SupplyGrid-XGBoost-single-v1,0
S033,2028-06-11,0.05752947927,97,LOW,7,SupplyGrid-XGBoost-single-v1,0
S044,2028-06-11,0.05752947927,98,LOW,7,SupplyGrid-XGBoost-single-v1,0
S086,2028-06-12,0.1944948882,1,HIGH,7,SupplyGrid-XGBoost-single-v1,0
S026,2028-06-12,0.1521621794,2,HIGH,7,SupplyGrid-XGBoost-single-v1,0
S010,2028-06-12,0.1520705968,3,HIGH,7,SupplyGrid-XGBoost-single-v1,1
S056,2028-06-12,0.1450975239,4,LOW,7,SupplyGrid-XGBoost-single-v1,0
S002,2028-06-12,0.1427230984,5,LOW,7,SupplyGrid-XGBoost-single-v1,1
S012,2028-06-12,0.1424164623,6,LOW,7,SupplyGrid-XGBoost-single-v1,0
S083,2028-06-12,0.1402015239,7,LOW,7,SupplyGrid-XGBoost-single-v1,0
S078,2028-06-12,0.1363133937,8,LOW,7,SupplyGrid-XGBoost-single-v1,0
S062,2028-06-12,0.1324282736,9,LOW,7,SupplyGrid-XGBoost-single-v1,0
S034,2028-06-12,0.1259350628,10,LOW,7,SupplyGrid-XGBoost-single-v1,0
S040,2028-06-12,0.1252202988,11,LOW,7,SupplyGrid-XGBoost-single-v1,0
S094,2028-06-12,0.1239243224,12,LOW,7,SupplyGrid-XGBoost-single-v1,0
S039,2028-06-12,0.1213430315,13,LOW,7,SupplyGrid-XGBoost-single-v1,0
S095,2028-06-12,0.1191260964,14,LOW,7,SupplyGrid-XGBoost-single-v1,1
S079,2028-06-12,0.118326813,15,LOW,7,SupplyGrid-XGBoost-single-v1,0
S050,2028-06-12,0.1179427877,16,LOW,7,SupplyGrid-XGBoost-single-v1,0
S064,2028-06-12,0.1165586933,17,LOW,7,SupplyGrid-XGBoost-single-v1,0
S073,2028-06-12,0.1149395183,18,LOW,7,SupplyGrid-XGBoost-single-v1,0
S077,2028-06-12,0.1120762974,19,LOW,7,SupplyGrid-XGBoost-single-v1,0
S072,2028-06-12,0.1115376353,20,LOW,7,SupplyGrid-XGBoost-single-v1,0
S051,2028-06-12,0.1097257808,21,LOW,7,SupplyGrid-XGBoost-single-v1,0
S090,2028-06-12,0.1093018651,22,LOW,7,SupplyGrid-XGBoost-single-v1,0
S003,2028-06-12,0.1060111076,23,LOW,7,SupplyGrid-XGBoost-single-v1,0
S082,2028-06-12,0.1050802022,24,LOW,7,SupplyGrid-XGBoost-single-v1,0
S015,2028-06-12,0.1050259545,25,LOW,7,SupplyGrid-XGBoost-single-v1,0
S019,2028-06-12,0.1049946994,26,LOW,7,SupplyGrid-XGBoost-single-v1,0
S035,2028-06-12,0.1047232226,27,LOW,7,SupplyGrid-XGBoost-single-v1,0
S060,2028-06-12,0.1034166068,28,LOW,7,SupplyGrid-XGBoost-single-v1,0
S016,2028-06-12,0.1006578356,29,LOW,7,SupplyGrid-XGBoost-single-v1,0
S023,2028-06-12,0.1005215049,30,LOW,7,SupplyGrid-XGBoost-single-v1,0
S057,2028-06-12,0.09870193899,31,LOW,7,SupplyGrid-XGBoost-single-v1,0
S005,2028-06-12,0.09851314873,32,LOW,7,SupplyGrid-XGBoost-single-v1,0
S088,2028-06-12,0.09609765559,33,LOW,7,SupplyGrid-XGBoost-single-v1,0
S055,2028-06-12,0.09242709726,34,LOW,7,SupplyGrid-XGBoost-single-v1,0
S020,2028-06-12,0.09141984582,35,LOW,7,SupplyGrid-XGBoost-single-v1,0
S009,2028-06-12,0.09140409529,36,LOW,7,SupplyGrid-XGBoost-single-v1,0
S013,2028-06-12,0.09031929821,37,LOW,7,SupplyGrid-XGBoost-single-v1,0
S043,2028-06-12,0.08996331692,38,LOW,7,SupplyGrid-XGBoost-single-v1,0
S031,2028-06-12,0.0899181813,39,LOW,7,SupplyGrid-XGBoost-single-v1,0
S092,2028-06-12,0.08891770244,40,LOW,7,SupplyGrid-XGBoost-single-v1,0
S098,2028-06-12,0.08570479602,41,LOW,7,SupplyGrid-XGBoost-single-v1,0
S052,2028-06-12,0.08562918007,42,LOW,7,SupplyGrid-XGBoost-single-v1,0
S049,2028-06-12,0.08517064899,43,LOW,7,SupplyGrid-XGBoost-single-v1,0
S001,2028-06-12,0.08494427055,44,LOW,7,SupplyGrid-XGBoost-single-v1,0
S028,2028-06-12,0.08394491673,45,LOW,7,SupplyGrid-XGBoost-single-v1,0
S070,2028-06-12,0.08341238648,46,LOW,7,SupplyGrid-XGBoost-single-v1,0
S066,2028-06-12,0.08278369159,47,LOW,7,SupplyGrid-XGBoost-single-v1,0
S047,2028-06-12,0.0820742175,48,LOW,7,SupplyGrid-XGBoost-single-v1,0
S084,2028-06-12,0.08060026169,49,LOW,7,SupplyGrid-XGBoost-single-v1,1
S076,2028-06-12,0.07885327935,50,LOW,7,SupplyGrid-XGBoost-single-v1,0
S058,2028-06-12,0.07798944414,51,LOW,7,SupplyGrid-XGBoost-single-v1,0
S017,2028-06-12,0.07723396271,52,LOW,7,SupplyGrid-XGBoost-single-v1,0
S069,2028-06-12,0.07703693211,53,LOW,7,SupplyGrid-XGBoost-single-v1,0
S097,2028-06-12,0.07700823992,54,LOW,7,SupplyGrid-XGBoost-single-v1,0
S100,2028-06-12,0.07699712366,55,LOW,7,SupplyGrid-XGBoost-single-v1,0
S099,2028-06-12,0.07613942027,56,LOW,7,SupplyGrid-XGBoost-single-v1,0
S061,2028-06-12,0.0761186108,57,LOW,7,SupplyGrid-XGBoost-single-v1,0
S041,2028-06-12,0.07544181496,58,LOW,7,SupplyGrid-XGBoost-single-v1,1
S054,2028-06-12,0.07523819059,59,LOW,7,SupplyGrid-XGBoost-single-v1,1
S027,2028-06-12,0.07478521764,60,LOW,7,SupplyGrid-XGBoost-single-v1,0
S085,2028-06-12,0.07469986379,61,LOW,7,SupplyGrid-XGBoost-single-v1,0
S033,2028-06-12,0.07433958352,62,LOW,7,SupplyGrid-XGBoost-single-v1,0
S024,2028-06-12,0.07418762147,63,LOW,7,SupplyGrid-XGBoost-single-v1,0
S037,2028-06-12,0.07418762147,64,LOW,7,SupplyGrid-XGBoost-single-v1,0
S071,2028-06-12,0.07418762147,65,LOW,7,SupplyGrid-XGBoost-single-v1,0
S042,2028-06-12,0.07139191031,66,LOW,7,SupplyGrid-XGBoost-single-v1,0
S068,2028-06-12,0.07126045227,67,LOW,7,SupplyGrid-XGBoost-single-v1,1
S032,2028-06-12,0.07084325701,68,LOW,7,SupplyGrid-XGBoost-single-v1,0
S063,2028-06-12,0.07084325701,69,LOW,7,SupplyGrid-XGBoost-single-v1,0
S025,2028-06-12,0.07058767974,70,LOW,7,SupplyGrid-XGBoost-single-v1,0
S091,2028-06-12,0.07018281519,71,LOW,7,SupplyGrid-XGBoost-single-v1,0
S096,2028-06-12,0.06919015199,72,LOW,7,SupplyGrid-XGBoost-single-v1,0
S018,2028-06-12,0.06892234087,73,LOW,7,SupplyGrid-XGBoost-single-v1,0
S067,2028-06-12,0.06892234087,74,LOW,7,SupplyGrid-XGBoost-single-v1,0
S045,2028-06-12,0.06879685074,75,LOW,7,SupplyGrid-XGBoost-single-v1,0
S004,2028-06-12,0.06878890842,76,LOW,7,SupplyGrid-XGBoost-single-v1,0
S046,2028-06-12,0.06819347292,77,LOW,7,SupplyGrid-XGBoost-single-v1,0
S087,2028-06-12,0.06755594164,78,LOW,7,SupplyGrid-XGBoost-single-v1,0
S053,2028-06-12,0.0626828447,79,LOW,7,SupplyGrid-XGBoost-single-v1,0
S007,2028-06-12,0.0616704151,80,LOW,7,SupplyGrid-XGBoost-single-v1,0
S008,2028-06-12,0.06108986586,81,LOW,7,SupplyGrid-XGBoost-single-v1,0
S075,2028-06-12,0.06023677438,82,LOW,7,SupplyGrid-XGBoost-single-v1,0
S081,2028-06-12,0.05978031456,83,LOW,7,SupplyGrid-XGBoost-single-v1,0
S011,2028-06-12,0.0589443557,84,LOW,7,SupplyGrid-XGBoost-single-v1,0
S093,2028-06-12,0.0589443557,85,LOW,7,SupplyGrid-XGBoost-single-v1,0
S038,2028-06-12,0.05879281089,86,LOW,7,SupplyGrid-XGBoost-single-v1,0
S029,2028-06-12,0.05823766813,87,LOW,7,SupplyGrid-XGBoost-single-v1,0
S065,2028-06-12,0.05823766813,88,LOW,7,SupplyGrid-XGBoost-single-v1,0
S074,2028-06-12,0.05823766813,89,LOW,7,SupplyGrid-XGBoost-single-v1,0
S080,2028-06-12,0.05823766813,90,LOW,7,SupplyGrid-XGBoost-single-v1,0
S089,2028-06-12,0.05823766813,91,LOW,7,SupplyGrid-XGBoost-single-v1,0
S021,2028-06-12,0.05783374608,92,LOW,7,SupplyGrid-XGBoost-single-v1,0
S030,2028-06-12,0.05752947927,93,LOW,7,SupplyGrid-XGBoost-single-v1,0
S044,2028-06-12,0.05752947927,94,LOW,7,SupplyGrid-XGBoost-single-v1,0
S048,2028-06-12,0.05752947927,95,LOW,7,SupplyGrid-XGBoost-single-v1,0
S036,2028-06-12,0.0569855459,96,LOW,7,SupplyGrid-XGBoost-single-v1,0
S086,2028-06-13,0.2166617662,1,HIGH,7,SupplyGrid-XGBoost-single-v1,1
S056,2028-06-13,0.1556565464,2,HIGH,7,SupplyGrid-XGBoost-single-v1,0
S026,2028-06-13,0.1524102241,3,HIGH,7,SupplyGrid-XGBoost-single-v1,0
S039,2028-06-13,0.1484998465,4,LOW,7,SupplyGrid-XGBoost-single-v1,0
S019,2028-06-13,0.1453380436,5,LOW,7,SupplyGrid-XGBoost-single-v1,0
S078,2028-06-13,0.1393069327,6,LOW,7,SupplyGrid-XGBoost-single-v1,0
S051,2028-06-13,0.1373361796,7,LOW,7,SupplyGrid-XGBoost-single-v1,0
S010,2028-06-13,0.1355400234,8,LOW,7,SupplyGrid-XGBoost-single-v1,1
S002,2028-06-13,0.1301911622,9,LOW,7,SupplyGrid-XGBoost-single-v1,1
S012,2028-06-13,0.1291415095,10,LOW,7,SupplyGrid-XGBoost-single-v1,0
S095,2028-06-13,0.1280782074,11,LOW,7,SupplyGrid-XGBoost-single-v1,1
S034,2028-06-13,0.1259350628,12,LOW,7,SupplyGrid-XGBoost-single-v1,0
S094,2028-06-13,0.1239243224,13,LOW,7,SupplyGrid-XGBoost-single-v1,0
S083,2028-06-13,0.1230768487,14,LOW,7,SupplyGrid-XGBoost-single-v1,0
S040,2028-06-13,0.1187812984,15,LOW,7,SupplyGrid-XGBoost-single-v1,0
S079,2028-06-13,0.118326813,16,LOW,7,SupplyGrid-XGBoost-single-v1,1
S073,2028-06-13,0.1149395183,17,LOW,7,SupplyGrid-XGBoost-single-v1,0
S077,2028-06-13,0.1120762974,18,LOW,7,SupplyGrid-XGBoost-single-v1,0
S064,2028-06-13,0.1117213964,19,LOW,7,SupplyGrid-XGBoost-single-v1,0
S099,2028-06-13,0.1117206886,20,LOW,7,SupplyGrid-XGBoost-single-v1,0
S072,2028-06-13,0.1099095568,21,LOW,7,SupplyGrid-XGBoost-single-v1,0
S015,2028-06-13,0.1070756838,22,LOW,7,SupplyGrid-XGBoost-single-v1,0
S070,2028-06-13,0.1069926396,23,LOW,7,SupplyGrid-XGBoost-single-v1,0
S016,2028-06-13,0.106673643,24,LOW,7,SupplyGrid-XGBoost-single-v1,0
S050,2028-06-13,0.1045282632,25,LOW,7,SupplyGrid-XGBoost-single-v1,0
S062,2028-06-13,0.1037618667,26,LOW,7,SupplyGrid-XGBoost-single-v1,0
S060,2028-06-13,0.1034166068,27,LOW,7,SupplyGrid-XGBoost-single-v1,0
S035,2028-06-13,0.1029807627,28,LOW,7,SupplyGrid-XGBoost-single-v1,0
S023,2028-06-13,0.1005215049,29,LOW,7,SupplyGrid-XGBoost-single-v1,0
S057,2028-06-13,0.09870193899,30,LOW,7,SupplyGrid-XGBoost-single-v1,0
S043,2028-06-13,0.09800434858,31,LOW,7,SupplyGrid-XGBoost-single-v1,0
S003,2028-06-13,0.09637907147,32,LOW,7,SupplyGrid-XGBoost-single-v1,0
S031,2028-06-13,0.0956235677,33,LOW,7,SupplyGrid-XGBoost-single-v1,0
S098,2028-06-13,0.09468749166,34,LOW,7,SupplyGrid-XGBoost-single-v1,0
S041,2028-06-13,0.09368543327,35,LOW,7,SupplyGrid-XGBoost-single-v1,1
S052,2028-06-13,0.09294397384,36,LOW,7,SupplyGrid-XGBoost-single-v1,0
S055,2028-06-13,0.09242709726,37,LOW,7,SupplyGrid-XGBoost-single-v1,0
S090,2028-06-13,0.0917609781,38,LOW,7,SupplyGrid-XGBoost-single-v1,0
S009,2028-06-13,0.09140409529,39,LOW,7,SupplyGrid-XGBoost-single-v1,0
S005,2028-06-13,0.09043452889,40,LOW,7,SupplyGrid-XGBoost-single-v1,0
S076,2028-06-13,0.08980607986,41,LOW,7,SupplyGrid-XGBoost-single-v1,0
S013,2028-06-13,0.0894080624,42,LOW,7,SupplyGrid-XGBoost-single-v1,0
S092,2028-06-13,0.08891770244,43,LOW,7,SupplyGrid-XGBoost-single-v1,0
S088,2028-06-13,0.08886109293,44,LOW,7,SupplyGrid-XGBoost-single-v1,0
S047,2028-06-13,0.0888119638,45,LOW,7,SupplyGrid-XGBoost-single-v1,0
S001,2028-06-13,0.08494427055,46,LOW,7,SupplyGrid-XGBoost-single-v1,0
S022,2028-06-13,0.08455184102,47,LOW,7,SupplyGrid-XGBoost-single-v1,0
S027,2028-06-13,0.0844733417,48,LOW,7,SupplyGrid-XGBoost-single-v1,0
S011,2028-06-13,0.08286619186,49,LOW,7,SupplyGrid-XGBoost-single-v1,0
S066,2028-06-13,0.08278369159,50,LOW,7,SupplyGrid-XGBoost-single-v1,0
S082,2028-06-13,0.0809533447,51,LOW,7,SupplyGrid-XGBoost-single-v1,0
S097,2028-06-13,0.08092647791,52,LOW,7,SupplyGrid-XGBoost-single-v1,0
S058,2028-06-13,0.07934644818,53,LOW,7,SupplyGrid-XGBoost-single-v1,0
S042,2028-06-13,0.07791513205,54,LOW,7,SupplyGrid-XGBoost-single-v1,0
S069,2028-06-13,0.07703693211,55,LOW,7,SupplyGrid-XGBoost-single-v1,0
S100,2028-06-13,0.07699712366,56,LOW,7,SupplyGrid-XGBoost-single-v1,0
S018,2028-06-13,0.07639676332,57,LOW,7,SupplyGrid-XGBoost-single-v1,0
S061,2028-06-13,0.0761186108,58,LOW,7,SupplyGrid-XGBoost-single-v1,0
S020,2028-06-13,0.07523120195,59,LOW,7,SupplyGrid-XGBoost-single-v1,0
S028,2028-06-13,0.0748641938,60,LOW,7,SupplyGrid-XGBoost-single-v1,0
S033,2028-06-13,0.07433958352,61,LOW,7,SupplyGrid-XGBoost-single-v1,0
S017,2028-06-13,0.07418762147,62,LOW,7,SupplyGrid-XGBoost-single-v1,0
S024,2028-06-13,0.07418762147,63,LOW,7,SupplyGrid-XGBoost-single-v1,0
S037,2028-06-13,0.07418762147,64,LOW,7,SupplyGrid-XGBoost-single-v1,0
S049,2028-06-13,0.07418762147,65,LOW,7,SupplyGrid-XGBoost-single-v1,0
S071,2028-06-13,0.07418762147,66,LOW,7,SupplyGrid-XGBoost-single-v1,0
S032,2028-06-13,0.07084325701,67,LOW,7,SupplyGrid-XGBoost-single-v1,0
S025,2028-06-13,0.07058767974,68,LOW,7,SupplyGrid-XGBoost-single-v1,0
S096,2028-06-13,0.07040574402,69,LOW,7,SupplyGrid-XGBoost-single-v1,0
S089,2028-06-13,0.06892234087,70,LOW,7,SupplyGrid-XGBoost-single-v1,0
S045,2028-06-13,0.06879685074,71,LOW,7,SupplyGrid-XGBoost-single-v1,0
S046,2028-06-13,0.06819347292,72,LOW,7,SupplyGrid-XGBoost-single-v1,0
S067,2028-06-13,0.06773050129,73,LOW,7,SupplyGrid-XGBoost-single-v1,0
S087,2028-06-13,0.06755594164,74,LOW,7,SupplyGrid-XGBoost-single-v1,0
S091,2028-06-13,0.06694625318,75,LOW,7,SupplyGrid-XGBoost-single-v1,0
S085,2028-06-13,0.06318031251,76,LOW,7,SupplyGrid-XGBoost-single-v1,0
S053,2028-06-13,0.06194573268,77,LOW,7,SupplyGrid-XGBoost-single-v1,0
S007,2028-06-13,0.0616704151,78,LOW,7,SupplyGrid-XGBoost-single-v1,0
S008,2028-06-13,0.06108986586,79,LOW,7,SupplyGrid-XGBoost-single-v1,0
S075,2028-06-13,0.06023677438,80,LOW,7,SupplyGrid-XGBoost-single-v1,0
S021,2028-06-13,0.05994826555,81,LOW,7,SupplyGrid-XGBoost-single-v1,0
S004,2028-06-13,0.05978031456,82,LOW,7,SupplyGrid-XGBoost-single-v1,0
S081,2028-06-13,0.05978031456,83,LOW,7,SupplyGrid-XGBoost-single-v1,0
S063,2028-06-13,0.05950580165,84,LOW,7,SupplyGrid-XGBoost-single-v1,0
S093,2028-06-13,0.0589443557,85,LOW,7,SupplyGrid-XGBoost-single-v1,0
S038,2028-06-13,0.05879281089,86,LOW,7,SupplyGrid-XGBoost-single-v1,0
S029,2028-06-13,0.05823766813,87,LOW,7,SupplyGrid-XGBoost-single-v1,0
S054,2028-06-13,0.05823766813,88,LOW,7,SupplyGrid-XGBoost-single-v1,1
S065,2028-06-13,0.05823766813,89,LOW,7,SupplyGrid-XGBoost-single-v1,0
S074,2028-06-13,0.05823766813,90,LOW,7,SupplyGrid-XGBoost-single-v1,0
S080,2028-06-13,0.05823766813,91,LOW,7,SupplyGrid-XGBoost-single-v1,0
S030,2028-06-13,0.05752947927,92,LOW,7,SupplyGrid-XGBoost-single-v1,0
S044,2028-06-13,0.05752947927,93,LOW,7,SupplyGrid-XGBoost-single-v1,0
S048,2028-06-13,0.05752947927,94,LOW,7,SupplyGrid-XGBoost-single-v1,0
S036,2028-06-13,0.0569855459,95,LOW,7,SupplyGrid-XGBoost-single-v1,0
S086,2028-06-14,0.2005424649,1,HIGH,7,SupplyGrid-XGBoost-single-v1,1
S056,2028-06-14,0.1765029877,2,HIGH,7,SupplyGrid-XGBoost-single-v1,0
S078,2028-06-14,0.1651548445,3,HIGH,7,SupplyGrid-XGBoost-single-v1,0
S026,2028-06-14,0.1415974349,4,LOW,7,SupplyGrid-XGBoost-single-v1,0
S039,2028-06-14,0.1364724785,5,LOW,7,SupplyGrid-XGBoost-single-v1,0
S002,2028-06-14,0.1262114942,6,LOW,7,SupplyGrid-XGBoost-single-v1,1
S050,2028-06-14,0.1233189702,7,LOW,7,SupplyGrid-XGBoost-single-v1,0
S083,2028-06-14,0.1230768487,8,LOW,7,SupplyGrid-XGBoost-single-v1,0
S051,2028-06-14,0.1204391196,9,LOW,7,SupplyGrid-XGBoost-single-v1,0
S015,2028-06-14,0.119414404,10,LOW,7,SupplyGrid-XGBoost-single-v1,0
S079,2028-06-14,0.118326813,11,LOW,7,SupplyGrid-XGBoost-single-v1,1
S012,2028-06-14,0.1156728491,12,LOW,7,SupplyGrid-XGBoost-single-v1,0
S077,2028-06-14,0.1120762974,13,LOW,7,SupplyGrid-XGBoost-single-v1,0
S043,2028-06-14,0.1099095568,14,LOW,7,SupplyGrid-XGBoost-single-v1,0
S072,2028-06-14,0.1074748188,15,LOW,7,SupplyGrid-XGBoost-single-v1,0
S060,2028-06-14,0.107008405,16,LOW,7,SupplyGrid-XGBoost-single-v1,0
S055,2028-06-14,0.1068604961,17,LOW,7,SupplyGrid-XGBoost-single-v1,0
S034,2028-06-14,0.1065528095,18,LOW,7,SupplyGrid-XGBoost-single-v1,0
S095,2028-06-14,0.1063418463,19,LOW,7,SupplyGrid-XGBoost-single-v1,1
S003,2028-06-14,0.104927443,20,LOW,7,SupplyGrid-XGBoost-single-v1,0
S040,2028-06-14,0.1028164551,21,LOW,7,SupplyGrid-XGBoost-single-v1,0
S099,2028-06-14,0.1026823968,22,LOW,7,SupplyGrid-XGBoost-single-v1,0
S062,2028-06-14,0.1025945395,23,LOW,7,SupplyGrid-XGBoost-single-v1,0
S070,2028-06-14,0.101578258,24,LOW,7,SupplyGrid-XGBoost-single-v1,0
S052,2028-06-14,0.1012217849,25,LOW,7,SupplyGrid-XGBoost-single-v1,0
S023,2028-06-14,0.1005215049,26,LOW,7,SupplyGrid-XGBoost-single-v1,0
S001,2028-06-14,0.1000083834,27,LOW,7,SupplyGrid-XGBoost-single-v1,0
S016,2028-06-14,0.09889874607,28,LOW,7,SupplyGrid-XGBoost-single-v1,0
S057,2028-06-14,0.09870193899,29,LOW,7,SupplyGrid-XGBoost-single-v1,0
S037,2028-06-14,0.09537266195,30,LOW,7,SupplyGrid-XGBoost-single-v1,0
S019,2028-06-14,0.09468377382,31,LOW,7,SupplyGrid-XGBoost-single-v1,0
S027,2028-06-14,0.09432086349,32,LOW,7,SupplyGrid-XGBoost-single-v1,0
S094,2028-06-14,0.09394631535,33,LOW,7,SupplyGrid-XGBoost-single-v1,0
S013,2028-06-14,0.09186946601,34,LOW,7,SupplyGrid-XGBoost-single-v1,0
S009,2028-06-14,0.09140409529,35,LOW,7,SupplyGrid-XGBoost-single-v1,0
S011,2028-06-14,0.09033583105,36,LOW,7,SupplyGrid-XGBoost-single-v1,0
S064,2028-06-14,0.09008574486,37,LOW,7,SupplyGrid-XGBoost-single-v1,0
S073,2028-06-14,0.08983974904,38,LOW,7,SupplyGrid-XGBoost-single-v1,0
S076,2028-06-14,0.08980607986,39,LOW,7,SupplyGrid-XGBoost-single-v1,0
S035,2028-06-14,0.08901915699,40,LOW,7,SupplyGrid-XGBoost-single-v1,0
S041,2028-06-14,0.08901018649,41,LOW,7,SupplyGrid-XGBoost-single-v1,1
S092,2028-06-14,0.08891770244,42,LOW,7,SupplyGrid-XGBoost-single-v1,0
S088,2028-06-14,0.08886109293,43,LOW,7,SupplyGrid-XGBoost-single-v1,0
S090,2028-06-14,0.08821031451,44,LOW,7,SupplyGrid-XGBoost-single-v1,0
S020,2028-06-14,0.08665089309,45,LOW,7,SupplyGrid-XGBoost-single-v1,0
S022,2028-06-14,0.08455184102,46,LOW,7,SupplyGrid-XGBoost-single-v1,0
S066,2028-06-14,0.08278369159,47,LOW,7,SupplyGrid-XGBoost-single-v1,0
S031,2028-06-14,0.08247993886,48,LOW,7,SupplyGrid-XGBoost-single-v1,0
S047,2028-06-14,0.0820742175,49,LOW,7,SupplyGrid-XGBoost-single-v1,0
S033,2028-06-14,0.08049803972,50,LOW,7,SupplyGrid-XGBoost-single-v1,0
S082,2028-06-14,0.07896692306,51,LOW,7,SupplyGrid-XGBoost-single-v1,0
S042,2028-06-14,0.07791513205,52,LOW,7,SupplyGrid-XGBoost-single-v1,0
S058,2028-06-14,0.07711084187,53,LOW,7,SupplyGrid-XGBoost-single-v1,0
S069,2028-06-14,0.07703693211,54,LOW,7,SupplyGrid-XGBoost-single-v1,0
S100,2028-06-14,0.07699712366,55,LOW,7,SupplyGrid-XGBoost-single-v1,0
S096,2028-06-14,0.07684630156,56,LOW,7,SupplyGrid-XGBoost-single-v1,0
S005,2028-06-14,0.0766896382,57,LOW,7,SupplyGrid-XGBoost-single-v1,0
S061,2028-06-14,0.0761186108,58,LOW,7,SupplyGrid-XGBoost-single-v1,0
S018,2028-06-14,0.07523819059,59,LOW,7,SupplyGrid-XGBoost-single-v1,0
S097,2028-06-14,0.07433958352,60,LOW,7,SupplyGrid-XGBoost-single-v1,0
S017,2028-06-14,0.07418762147,61,LOW,7,SupplyGrid-XGBoost-single-v1,0
S024,2028-06-14,0.07418762147,62,LOW,7,SupplyGrid-XGBoost-single-v1,0
S049,2028-06-14,0.07418762147,63,LOW,7,SupplyGrid-XGBoost-single-v1,0
S071,2028-06-14,0.07418762147,64,LOW,7,SupplyGrid-XGBoost-single-v1,0
S025,2028-06-14,0.07058767974,65,LOW,7,SupplyGrid-XGBoost-single-v1,0
S091,2028-06-14,0.07018281519,66,LOW,7,SupplyGrid-XGBoost-single-v1,0
S075,2028-06-14,0.06930907816,67,LOW,7,SupplyGrid-XGBoost-single-v1,0
S054,2028-06-14,0.06892234087,68,LOW,7,SupplyGrid-XGBoost-single-v1,1
S067,2028-06-14,0.06892234087,69,LOW,7,SupplyGrid-XGBoost-single-v1,0
S089,2028-06-14,0.06892234087,70,LOW,7,SupplyGrid-XGBoost-single-v1,0
S021,2028-06-14,0.06887596846,71,LOW,7,SupplyGrid-XGBoost-single-v1,0
S046,2028-06-14,0.06819347292,72,LOW,7,SupplyGrid-XGBoost-single-v1,0
S098,2028-06-14,0.06796952337,73,LOW,7,SupplyGrid-XGBoost-single-v1,0
S087,2028-06-14,0.06755594164,74,LOW,7,SupplyGrid-XGBoost-single-v1,0
S085,2028-06-14,0.06318031251,75,LOW,7,SupplyGrid-XGBoost-single-v1,0
S032,2028-06-14,0.06167743728,76,LOW,7,SupplyGrid-XGBoost-single-v1,0
S007,2028-06-14,0.0616704151,77,LOW,7,SupplyGrid-XGBoost-single-v1,0
S053,2028-06-14,0.06132687628,78,LOW,7,SupplyGrid-XGBoost-single-v1,0
S045,2028-06-14,0.06117964163,79,LOW,7,SupplyGrid-XGBoost-single-v1,0
S008,2028-06-14,0.06108986586,80,LOW,7,SupplyGrid-XGBoost-single-v1,0
S004,2028-06-14,0.05978031456,81,LOW,7,SupplyGrid-XGBoost-single-v1,1
S081,2028-06-14,0.05978031456,82,LOW,7,SupplyGrid-XGBoost-single-v1,0
S063,2028-06-14,0.05950580165,83,LOW,7,SupplyGrid-XGBoost-single-v1,0
S093,2028-06-14,0.0589443557,84,LOW,7,SupplyGrid-XGBoost-single-v1,0
S038,2028-06-14,0.05879281089,85,LOW,7,SupplyGrid-XGBoost-single-v1,0
S029,2028-06-14,0.05823766813,86,LOW,7,SupplyGrid-XGBoost-single-v1,0
S065,2028-06-14,0.05823766813,87,LOW,7,SupplyGrid-XGBoost-single-v1,0
S074,2028-06-14,0.05823766813,88,LOW,7,SupplyGrid-XGBoost-single-v1,0
S080,2028-06-14,0.05823766813,89,LOW,7,SupplyGrid-XGBoost-single-v1,0
S028,2028-06-14,0.05788064748,90,LOW,7,SupplyGrid-XGBoost-single-v1,0
S030,2028-06-14,0.05752947927,91,LOW,7,SupplyGrid-XGBoost-single-v1,0
S044,2028-06-14,0.05752947927,92,LOW,7,SupplyGrid-XGBoost-single-v1,0
S048,2028-06-14,0.05752947927,93,LOW,7,SupplyGrid-XGBoost-single-v1,0
S036,2028-06-14,0.0569855459,94,LOW,7,SupplyGrid-XGBoost-single-v1,0
S086,2028-06-15,0.1970984787,1,HIGH,7,SupplyGrid-XGBoost-single-v1,1
S026,2028-06-15,0.158120051,2,HIGH,7,SupplyGrid-XGBoost-single-v1,0
S078,2028-06-15,0.1550448984,3,HIGH,7,SupplyGrid-XGBoost-single-v1,0
S056,2028-06-15,0.1450975239,4,LOW,7,SupplyGrid-XGBoost-single-v1,0
S015,2028-06-15,0.1318409443,5,LOW,7,SupplyGrid-XGBoost-single-v1,0
S012,2028-06-15,0.1291415095,6,LOW,7,SupplyGrid-XGBoost-single-v1,0
S083,2028-06-15,0.1272545755,7,LOW,7,SupplyGrid-XGBoost-single-v1,0
S072,2028-06-15,0.1267202348,8,LOW,7,SupplyGrid-XGBoost-single-v1,0
S050,2028-06-15,0.1233189702,9,LOW,7,SupplyGrid-XGBoost-single-v1,0
S060,2028-06-15,0.1220346466,10,LOW,7,SupplyGrid-XGBoost-single-v1,0
S039,2028-06-15,0.1213430315,11,LOW,7,SupplyGrid-XGBoost-single-v1,0
S051,2028-06-15,0.1204391196,12,LOW,7,SupplyGrid-XGBoost-single-v1,0
S079,2028-06-15,0.118326813,13,LOW,7,SupplyGrid-XGBoost-single-v1,1
S002,2028-06-15,0.1170007586,14,LOW,7,SupplyGrid-XGBoost-single-v1,1
S099,2028-06-15,0.1117206886,15,LOW,7,SupplyGrid-XGBoost-single-v1,0
S034,2028-06-15,0.1071211919,16,LOW,7,SupplyGrid-XGBoost-single-v1,0
S019,2028-06-15,0.1060014591,17,LOW,7,SupplyGrid-XGBoost-single-v1,0
S073,2028-06-15,0.1056717709,18,LOW,7,SupplyGrid-XGBoost-single-v1,0
S040,2028-06-15,0.1028164551,19,LOW,7,SupplyGrid-XGBoost-single-v1,0
S062,2028-06-15,0.1016135737,20,LOW,7,SupplyGrid-XGBoost-single-v1,0
S052,2028-06-15,0.1012217849,21,LOW,7,SupplyGrid-XGBoost-single-v1,0
S023,2028-06-15,0.1005215049,22,LOW,7,SupplyGrid-XGBoost-single-v1,0
S077,2028-06-15,0.1001827046,23,LOW,7,SupplyGrid-XGBoost-single-v1,0
S016,2028-06-15,0.09889874607,24,LOW,7,SupplyGrid-XGBoost-single-v1,0
S057,2028-06-15,0.09870193899,25,LOW,7,SupplyGrid-XGBoost-single-v1,0
S043,2028-06-15,0.09800434858,26,LOW,7,SupplyGrid-XGBoost-single-v1,0
S003,2028-06-15,0.09782877564,27,LOW,7,SupplyGrid-XGBoost-single-v1,0
S001,2028-06-15,0.09735230356,28,LOW,7,SupplyGrid-XGBoost-single-v1,0
S094,2028-06-15,0.09719003737,29,LOW,7,SupplyGrid-XGBoost-single-v1,0
S095,2028-06-15,0.0960528329,30,LOW,7,SupplyGrid-XGBoost-single-v1,1
S035,2028-06-15,0.09480826557,31,LOW,7,SupplyGrid-XGBoost-single-v1,0
S027,2028-06-15,0.09432086349,32,LOW,7,SupplyGrid-XGBoost-single-v1,0
S090,2028-06-15,0.09291278571,33,LOW,7,SupplyGrid-XGBoost-single-v1,0
S074,2028-06-15,0.09064223617,34,LOW,7,SupplyGrid-XGBoost-single-v1,0
S013,2028-06-15,0.09031929821,35,LOW,7,SupplyGrid-XGBoost-single-v1,0
S031,2028-06-15,0.0899181813,36,LOW,7,SupplyGrid-XGBoost-single-v1,0
S092,2028-06-15,0.08891770244,37,LOW,7,SupplyGrid-XGBoost-single-v1,0
S088,2028-06-15,0.08886109293,38,LOW,7,SupplyGrid-XGBoost-single-v1,0
S061,2028-06-15,0.08825290948,39,LOW,7,SupplyGrid-XGBoost-single-v1,0
S082,2028-06-15,0.08745849878,40,LOW,7,SupplyGrid-XGBoost-single-v1,0
S064,2028-06-15,0.0857020542,41,LOW,7,SupplyGrid-XGBoost-single-v1,0
S020,2028-06-15,0.08535118401,42,LOW,7,SupplyGrid-XGBoost-single-v1,0
S070,2028-06-15,0.08488237858,43,LOW,7,SupplyGrid-XGBoost-single-v1,0
S014,2028-06-15,0.08455184102,44,LOW,7,SupplyGrid-XGBoost-single-v1,0
S022,2028-06-15,0.08455184102,45,LOW,7,SupplyGrid-XGBoost-single-v1,0
S009,2028-06-15,0.08385429531,46,LOW,7,SupplyGrid-XGBoost-single-v1,0
S097,2028-06-15,0.08336786181,47,LOW,7,SupplyGrid-XGBoost-single-v1,0
S042,2028-06-15,0.08292832226,48,LOW,7,SupplyGrid-XGBoost-single-v1,0
S066,2028-06-15,0.08278369159,49,LOW,7,SupplyGrid-XGBoost-single-v1,0
S033,2028-06-15,0.08192124218,50,LOW,7,SupplyGrid-XGBoost-single-v1,0
S041,2028-06-15,0.08101909608,51,LOW,7,SupplyGrid-XGBoost-single-v1,1
S046,2028-06-15,0.07917268574,52,LOW,7,SupplyGrid-XGBoost-single-v1,0
S058,2028-06-15,0.07905454934,53,LOW,7,SupplyGrid-XGBoost-single-v1,0
S037,2028-06-15,0.07882834226,54,LOW,7,SupplyGrid-XGBoost-single-v1,0
S055,2028-06-15,0.07792514563,55,LOW,7,SupplyGrid-XGBoost-single-v1,0
S004,2028-06-15,0.07719424367,56,LOW,7,SupplyGrid-XGBoost-single-v1,1
S069,2028-06-15,0.07703693211,57,LOW,7,SupplyGrid-XGBoost-single-v1,0
S100,2028-06-15,0.07699712366,58,LOW,7,SupplyGrid-XGBoost-single-v1,0
S005,2028-06-15,0.0766896382,59,LOW,7,SupplyGrid-XGBoost-single-v1,0
S017,2028-06-15,0.07418762147,60,LOW,7,SupplyGrid-XGBoost-single-v1,0
S024,2028-06-15,0.07418762147,61,LOW,7,SupplyGrid-XGBoost-single-v1,0
S049,2028-06-15,0.07418762147,62,LOW,7,SupplyGrid-XGBoost-single-v1,0
S071,2028-06-15,0.07418762147,63,LOW,7,SupplyGrid-XGBoost-single-v1,0
S076,2028-06-15,0.07337399572,64,LOW,7,SupplyGrid-XGBoost-single-v1,0
S047,2028-06-15,0.07225767523,65,LOW,7,SupplyGrid-XGBoost-single-v1,0
S075,2028-06-15,0.07126045227,66,LOW,7,SupplyGrid-XGBoost-single-v1,0
S008,2028-06-15,0.07101255655,67,LOW,7,SupplyGrid-XGBoost-single-v1,0
S025,2028-06-15,0.07058767974,68,LOW,7,SupplyGrid-XGBoost-single-v1,0
S091,2028-06-15,0.07018281519,69,LOW,7,SupplyGrid-XGBoost-single-v1,0
S021,2028-06-15,0.06887596846,70,LOW,7,SupplyGrid-XGBoost-single-v1,0
S096,2028-06-15,0.06847604364,71,LOW,7,SupplyGrid-XGBoost-single-v1,0
S011,2028-06-15,0.06783606112,72,LOW,7,SupplyGrid-XGBoost-single-v1,0
S089,2028-06-15,0.06773050129,73,LOW,7,SupplyGrid-XGBoost-single-v1,0
S032,2028-06-15,0.0675784573,74,LOW,7,SupplyGrid-XGBoost-single-v1,0
S087,2028-06-15,0.06755594164,75,LOW,7,SupplyGrid-XGBoost-single-v1,0
S085,2028-06-15,0.06318031251,76,LOW,7,SupplyGrid-XGBoost-single-v1,0
S098,2028-06-15,0.06198963523,77,LOW,7,SupplyGrid-XGBoost-single-v1,0
S007,2028-06-15,0.0616704151,78,LOW,7,SupplyGrid-XGBoost-single-v1,0
S053,2028-06-15,0.06132687628,79,LOW,7,SupplyGrid-XGBoost-single-v1,1
S067,2028-06-15,0.06131075323,80,LOW,7,SupplyGrid-XGBoost-single-v1,0
S045,2028-06-15,0.06023677438,81,LOW,7,SupplyGrid-XGBoost-single-v1,0
S081,2028-06-15,0.05978031456,82,LOW,7,SupplyGrid-XGBoost-single-v1,0
S063,2028-06-15,0.05950580165,83,LOW,7,SupplyGrid-XGBoost-single-v1,0
S093,2028-06-15,0.0589443557,84,LOW,7,SupplyGrid-XGBoost-single-v1,0
S038,2028-06-15,0.05879281089,85,LOW,7,SupplyGrid-XGBoost-single-v1,0
S018,2028-06-15,0.05823766813,86,LOW,7,SupplyGrid-XGBoost-single-v1,0
S029,2028-06-15,0.05823766813,87,LOW,7,SupplyGrid-XGBoost-single-v1,0
S065,2028-06-15,0.05823766813,88,LOW,7,SupplyGrid-XGBoost-single-v1,0
S080,2028-06-15,0.05823766813,89,LOW,7,SupplyGrid-XGBoost-single-v1,0
S030,2028-06-15,0.05752947927,90,LOW,7,SupplyGrid-XGBoost-single-v1,0
S044,2028-06-15,0.05752947927,91,LOW,7,SupplyGrid-XGBoost-single-v1,0
S048,2028-06-15,0.05752947927,92,LOW,7,SupplyGrid-XGBoost-single-v1,0
S028,2028-06-15,0.0569855459,93,LOW,7,SupplyGrid-XGBoost-single-v1,0
S036,2028-06-15,0.0569855459,94,LOW,7,SupplyGrid-XGBoost-single-v1,0
S026,2028-06-16,0.1900855899,1,HIGH,7,SupplyGrid-XGBoost-single-v1,0
S086,2028-06-16,0.1605121493,2,HIGH,7,SupplyGrid-XGBoost-single-v1,1
S056,2028-06-16,0.1471607536,3,LOW,7,SupplyGrid-XGBoost-single-v1,0
S015,2028-06-16,0.1420319527,4,LOW,7,SupplyGrid-XGBoost-single-v1,0
S072,2028-06-16,0.141130358,5,LOW,7,SupplyGrid-XGBoost-single-v1,0
S078,2028-06-16,0.1382436752,6,LOW,7,SupplyGrid-XGBoost-single-v1,0
S079,2028-06-16,0.1361977607,7,LOW,7,SupplyGrid-XGBoost-single-v1,1
S006,2028-06-16,0.1302793175,8,LOW,7,SupplyGrid-XGBoost-single-v1,1
S050,2028-06-16,0.1233189702,9,LOW,7,SupplyGrid-XGBoost-single-v1,0
S060,2028-06-16,0.1220346466,10,LOW,7,SupplyGrid-XGBoost-single-v1,0
S040,2028-06-16,0.1187812984,11,LOW,7,SupplyGrid-XGBoost-single-v1,0
S003,2028-06-16,0.1177566648,12,LOW,7,SupplyGrid-XGBoost-single-v1,0
S082,2028-06-16,0.1174793318,13,LOW,7,SupplyGrid-XGBoost-single-v1,0
S012,2028-06-16,0.1173052564,14,LOW,7,SupplyGrid-XGBoost-single-v1,0
S083,2028-06-16,0.1128356457,15,LOW,7,SupplyGrid-XGBoost-single-v1,0
S051,2028-06-16,0.1119523793,16,LOW,7,SupplyGrid-XGBoost-single-v1,0
S034,2028-06-16,0.1113220602,17,LOW,7,SupplyGrid-XGBoost-single-v1,0
S043,2028-06-16,0.110685125,18,LOW,7,SupplyGrid-XGBoost-single-v1,0
S039,2028-06-16,0.108586289,19,LOW,7,SupplyGrid-XGBoost-single-v1,0
S022,2028-06-16,0.1083501354,20,LOW,7,SupplyGrid-XGBoost-single-v1,0
S002,2028-06-16,0.107587032,21,LOW,7,SupplyGrid-XGBoost-single-v1,1
S073,2028-06-16,0.103915371,22,LOW,7,SupplyGrid-XGBoost-single-v1,0
S099,2028-06-16,0.1026823968,23,LOW,7,SupplyGrid-XGBoost-single-v1,0
S027,2028-06-16,0.1016239375,24,LOW,7,SupplyGrid-XGBoost-single-v1,0
S023,2028-06-16,0.1005215049,25,LOW,7,SupplyGrid-XGBoost-single-v1,0
S001,2028-06-16,0.1000083834,26,LOW,7,SupplyGrid-XGBoost-single-v1,0
S014,2028-06-16,0.09955394268,27,LOW,7,SupplyGrid-XGBoost-single-v1,0
S084,2028-06-16,0.09955394268,28,LOW,7,SupplyGrid-XGBoost-single-v1,1
S057,2028-06-16,0.09870193899,29,LOW,7,SupplyGrid-XGBoost-single-v1,0
S077,2028-06-16,0.09870193899,30,LOW,7,SupplyGrid-XGBoost-single-v1,0
S061,2028-06-16,0.09779682755,31,LOW,7,SupplyGrid-XGBoost-single-v1,0
S095,2028-06-16,0.09769082814,32,LOW,7,SupplyGrid-XGBoost-single-v1,1
S019,2028-06-16,0.09702386707,33,LOW,7,SupplyGrid-XGBoost-single-v1,0
S035,2028-06-16,0.09658009559,34,LOW,7,SupplyGrid-XGBoost-single-v1,0
S064,2028-06-16,0.09603784978,35,LOW,7,SupplyGrid-XGBoost-single-v1,0
S070,2028-06-16,0.09342459589,36,LOW,7,SupplyGrid-XGBoost-single-v1,0
S062,2028-06-16,0.09312211722,37,LOW,7,SupplyGrid-XGBoost-single-v1,0
S052,2028-06-16,0.09294397384,38,LOW,7,SupplyGrid-XGBoost-single-v1,0
S090,2028-06-16,0.09291278571,39,LOW,7,SupplyGrid-XGBoost-single-v1,0
S016,2028-06-16,0.09079171717,40,LOW,7,SupplyGrid-XGBoost-single-v1,0
S031,2028-06-16,0.0899181813,41,LOW,7,SupplyGrid-XGBoost-single-v1,0
S076,2028-06-16,0.08980607986,42,LOW,7,SupplyGrid-XGBoost-single-v1,0
S092,2028-06-16,0.08891770244,43,LOW,7,SupplyGrid-XGBoost-single-v1,0
S088,2028-06-16,0.08886109293,44,LOW,7,SupplyGrid-XGBoost-single-v1,0
S020,2028-06-16,0.08817246556,45,LOW,7,SupplyGrid-XGBoost-single-v1,0
S074,2028-06-16,0.08632276207,46,LOW,7,SupplyGrid-XGBoost-single-v1,0
S049,2028-06-16,0.08517064899,47,LOW,7,SupplyGrid-XGBoost-single-v1,0
S013,2028-06-16,0.08463134617,48,LOW,7,SupplyGrid-XGBoost-single-v1,0
S042,2028-06-16,0.08419453353,49,LOW,7,SupplyGrid-XGBoost-single-v1,0
S075,2028-06-16,0.08277751505,50,LOW,7,SupplyGrid-XGBoost-single-v1,0
S004,2028-06-16,0.08216516674,51,LOW,7,SupplyGrid-XGBoost-single-v1,1
S009,2028-06-16,0.08158832788,52,LOW,7,SupplyGrid-XGBoost-single-v1,0
S094,2028-06-16,0.08101255447,53,LOW,7,SupplyGrid-XGBoost-single-v1,0
S033,2028-06-16,0.08049803972,54,LOW,7,SupplyGrid-XGBoost-single-v1,0
S055,2028-06-16,0.07792514563,55,LOW,7,SupplyGrid-XGBoost-single-v1,0
S037,2028-06-16,0.07791713625,56,LOW,7,SupplyGrid-XGBoost-single-v1,0
S069,2028-06-16,0.07703693211,57,LOW,7,SupplyGrid-XGBoost-single-v1,0
S100,2028-06-16,0.07699712366,58,LOW,7,SupplyGrid-XGBoost-single-v1,0
S005,2028-06-16,0.0766896382,59,LOW,7,SupplyGrid-XGBoost-single-v1,0
S097,2028-06-16,0.07548544556,60,LOW,7,SupplyGrid-XGBoost-single-v1,0
S017,2028-06-16,0.07418762147,61,LOW,7,SupplyGrid-XGBoost-single-v1,0
S024,2028-06-16,0.07418762147,62,LOW,7,SupplyGrid-XGBoost-single-v1,0
S071,2028-06-16,0.07418762147,63,LOW,7,SupplyGrid-XGBoost-single-v1,0
S066,2028-06-16,0.07374046743,64,LOW,7,SupplyGrid-XGBoost-single-v1,1
S047,2028-06-16,0.07225767523,65,LOW,7,SupplyGrid-XGBoost-single-v1,0
S032,2028-06-16,0.07193941623,66,LOW,7,SupplyGrid-XGBoost-single-v1,0
S046,2028-06-16,0.07101255655,67,LOW,7,SupplyGrid-XGBoost-single-v1,0
S025,2028-06-16,0.07058767974,68,LOW,7,SupplyGrid-XGBoost-single-v1,0
S096,2028-06-16,0.06919015199,69,LOW,7,SupplyGrid-XGBoost-single-v1,0
S021,2028-06-16,0.06887596846,70,LOW,7,SupplyGrid-XGBoost-single-v1,0
S058,2028-06-16,0.06871389598,71,LOW,7,SupplyGrid-XGBoost-single-v1,0
S087,2028-06-16,0.06755594164,72,LOW,7,SupplyGrid-XGBoost-single-v1,0
S028,2028-06-16,0.06745694578,73,LOW,7,SupplyGrid-XGBoost-single-v1,0
S007,2028-06-16,0.06391569227,74,LOW,7,SupplyGrid-XGBoost-single-v1,0
S085,2028-06-16,0.06318031251,75,LOW,7,SupplyGrid-XGBoost-single-v1,0
S091,2028-06-16,0.06109682843,76,LOW,7,SupplyGrid-XGBoost-single-v1,0
S008,2028-06-16,0.06108986586,77,LOW,7,SupplyGrid-XGBoost-single-v1,0
S098,2028-06-16,0.06043796614,78,LOW,7,SupplyGrid-XGBoost-single-v1,0
S053,2028-06-16,0.0603492111,79,LOW,7,SupplyGrid-XGBoost-single-v1,1
S045,2028-06-16,0.06023677438,80,LOW,7,SupplyGrid-XGBoost-single-v1,0
S081,2028-06-16,0.05978031456,81,LOW,7,SupplyGrid-XGBoost-single-v1,0
S063,2028-06-16,0.05950580165,82,LOW,7,SupplyGrid-XGBoost-single-v1,0
S065,2028-06-16,0.05915120244,83,LOW,7,SupplyGrid-XGBoost-single-v1,0
S067,2028-06-16,0.05915120244,84,LOW,7,SupplyGrid-XGBoost-single-v1,0
S011,2028-06-16,0.0589443557,85,LOW,7,SupplyGrid-XGBoost-single-v1,0
S093,2028-06-16,0.0589443557,86,LOW,7,SupplyGrid-XGBoost-single-v1,0
S038,2028-06-16,0.05879281089,87,LOW,7,SupplyGrid-XGBoost-single-v1,0
S018,2028-06-16,0.05823766813,88,LOW,7,SupplyGrid-XGBoost-single-v1,0
S029,2028-06-16,0.05823766813,89,LOW,7,SupplyGrid-XGBoost-single-v1,0
S080,2028-06-16,0.05823766813,90,LOW,7,SupplyGrid-XGBoost-single-v1,0
S089,2028-06-16,0.05823766813,91,LOW,7,SupplyGrid-XGBoost-single-v1,0
S030,2028-06-16,0.05752947927,92,LOW,7,SupplyGrid-XGBoost-single-v1,0
S044,2028-06-16,0.05752947927,93,LOW,7,SupplyGrid-XGBoost-single-v1,0
S048,2028-06-16,0.05752947927,94,LOW,7,SupplyGrid-XGBoost-single-v1,0
S036,2028-06-16,0.0569855459,95,LOW,7,SupplyGrid-XGBoost-single-v1,0
S086,2028-06-17,0.1810031086,1,HIGH,7,SupplyGrid-XGBoost-single-v1,1
S026,2028-06-17,0.1716760397,2,HIGH,7,SupplyGrid-XGBoost-single-v1,0
S079,2028-06-17,0.1500730664,3,HIGH,7,SupplyGrid-XGBoost-single-v1,1
S056,2028-06-17,0.1443477422,4,LOW,7,SupplyGrid-XGBoost-single-v1,0
S072,2028-06-17,0.141130358,5,LOW,7,SupplyGrid-XGBoost-single-v1,0
S064,2028-06-17,0.1347769797,6,LOW,7,SupplyGrid-XGBoost-single-v1,0
S015,2028-06-17,0.1318409443,7,LOW,7,SupplyGrid-XGBoost-single-v1,0
S040,2028-06-17,0.1252202988,8,LOW,7,SupplyGrid-XGBoost-single-v1,0
S050,2028-06-17,0.1233189702,9,LOW,7,SupplyGrid-XGBoost-single-v1,0
S078,2028-06-17,0.1223250553,10,LOW,7,SupplyGrid-XGBoost-single-v1,0
S043,2028-06-17,0.1189590842,11,LOW,7,SupplyGrid-XGBoost-single-v1,0
S002,2028-06-17,0.1170007586,12,LOW,7,SupplyGrid-XGBoost-single-v1,1
S022,2028-06-17,0.1169700697,13,LOW,7,SupplyGrid-XGBoost-single-v1,0
S039,2028-06-17,0.1168514267,14,LOW,7,SupplyGrid-XGBoost-single-v1,0
S035,2028-06-17,0.1139183715,15,LOW,7,SupplyGrid-XGBoost-single-v1,0
S077,2028-06-17,0.1128717065,16,LOW,7,SupplyGrid-XGBoost-single-v1,0
S083,2028-06-17,0.1101606786,17,LOW,7,SupplyGrid-XGBoost-single-v1,0
S099,2028-06-17,0.1083760932,18,LOW,7,SupplyGrid-XGBoost-single-v1,0
S059,2028-06-17,0.1083501354,19,LOW,7,SupplyGrid-XGBoost-single-v1,0
S054,2028-06-17,0.1073804498,20,LOW,7,SupplyGrid-XGBoost-single-v1,0
S082,2028-06-17,0.107132636,21,LOW,7,SupplyGrid-XGBoost-single-v1,0
S051,2028-06-17,0.1061128527,22,LOW,7,SupplyGrid-XGBoost-single-v1,0
S073,2028-06-17,0.1056717709,23,LOW,7,SupplyGrid-XGBoost-single-v1,0
S060,2028-06-17,0.1034166068,24,LOW,7,SupplyGrid-XGBoost-single-v1,0
S034,2028-06-17,0.1027246863,25,LOW,7,SupplyGrid-XGBoost-single-v1,0
S027,2028-06-17,0.1016239375,26,LOW,7,SupplyGrid-XGBoost-single-v1,0
S023,2028-06-17,0.1005215049,27,LOW,7,SupplyGrid-XGBoost-single-v1,0
S012,2028-06-17,0.1001827046,28,LOW,7,SupplyGrid-XGBoost-single-v1,0
S001,2028-06-17,0.1000083834,29,LOW,7,SupplyGrid-XGBoost-single-v1,0
S057,2028-06-17,0.09870193899,30,LOW,7,SupplyGrid-XGBoost-single-v1,0
S095,2028-06-17,0.09769082814,31,LOW,7,SupplyGrid-XGBoost-single-v1,1
S075,2028-06-17,0.09428557754,32,LOW,7,SupplyGrid-XGBoost-single-v1,0
S003,2028-06-17,0.09401164204,33,LOW,7,SupplyGrid-XGBoost-single-v1,0
S019,2028-06-17,0.0932758525,34,LOW,7,SupplyGrid-XGBoost-single-v1,0
S052,2028-06-17,0.09045665711,35,LOW,7,SupplyGrid-XGBoost-single-v1,0
S033,2028-06-17,0.09019485861,36,LOW,7,SupplyGrid-XGBoost-single-v1,0
S074,2028-06-17,0.08928850293,37,LOW,7,SupplyGrid-XGBoost-single-v1,0
S092,2028-06-17,0.08891770244,38,LOW,7,SupplyGrid-XGBoost-single-v1,0
S094,2028-06-17,0.08833119273,39,LOW,7,SupplyGrid-XGBoost-single-v1,0
S090,2028-06-17,0.08755087107,40,LOW,7,SupplyGrid-XGBoost-single-v1,0
S004,2028-06-17,0.08681482077,41,LOW,7,SupplyGrid-XGBoost-single-v1,1
S070,2028-06-17,0.08665389568,42,LOW,7,SupplyGrid-XGBoost-single-v1,0
S049,2028-06-17,0.0860427767,43,LOW,7,SupplyGrid-XGBoost-single-v1,0
S042,2028-06-17,0.08582765609,44,LOW,7,SupplyGrid-XGBoost-single-v1,0
S020,2028-06-17,0.08535118401,45,LOW,7,SupplyGrid-XGBoost-single-v1,0
S014,2028-06-17,0.08455184102,46,LOW,7,SupplyGrid-XGBoost-single-v1,0
S084,2028-06-17,0.08455184102,47,LOW,7,SupplyGrid-XGBoost-single-v1,1
S009,2028-06-17,0.08385429531,48,LOW,7,SupplyGrid-XGBoost-single-v1,0
S031,2028-06-17,0.0837399289,49,LOW,7,SupplyGrid-XGBoost-single-v1,0
S013,2028-06-17,0.08305857331,50,LOW,7,SupplyGrid-XGBoost-single-v1,0
S088,2028-06-17,0.08011179417,51,LOW,7,SupplyGrid-XGBoost-single-v1,0
S046,2028-06-17,0.0795667842,52,LOW,7,SupplyGrid-XGBoost-single-v1,0
S062,2028-06-17,0.07912158221,53,LOW,7,SupplyGrid-XGBoost-single-v1,0
S058,2028-06-17,0.07905454934,54,LOW,7,SupplyGrid-XGBoost-single-v1,0
S055,2028-06-17,0.07792514563,55,LOW,7,SupplyGrid-XGBoost-single-v1,0
S069,2028-06-17,0.07703693211,56,LOW,7,SupplyGrid-XGBoost-single-v1,0
S097,2028-06-17,0.07700823992,57,LOW,7,SupplyGrid-XGBoost-single-v1,0
S016,2028-06-17,0.07699712366,58,LOW,7,SupplyGrid-XGBoost-single-v1,0
S100,2028-06-17,0.07699712366,59,LOW,7,SupplyGrid-XGBoost-single-v1,0
S096,2028-06-17,0.07684630156,60,LOW,7,SupplyGrid-XGBoost-single-v1,0
S005,2028-06-17,0.0766896382,61,LOW,7,SupplyGrid-XGBoost-single-v1,0
S061,2028-06-17,0.0761186108,62,LOW,7,SupplyGrid-XGBoost-single-v1,0
S017,2028-06-17,0.07418762147,63,LOW,7,SupplyGrid-XGBoost-single-v1,0
S024,2028-06-17,0.07418762147,64,LOW,7,SupplyGrid-XGBoost-single-v1,0
S071,2028-06-17,0.07418762147,65,LOW,7,SupplyGrid-XGBoost-single-v1,0
S066,2028-06-17,0.07261899114,66,LOW,7,SupplyGrid-XGBoost-single-v1,1
S047,2028-06-17,0.07225767523,67,LOW,7,SupplyGrid-XGBoost-single-v1,0
S008,2028-06-17,0.07101255655,68,LOW,7,SupplyGrid-XGBoost-single-v1,0
S037,2028-06-17,0.07068763673,69,LOW,7,SupplyGrid-XGBoost-single-v1,0
S025,2028-06-17,0.07058767974,70,LOW,7,SupplyGrid-XGBoost-single-v1,0
S076,2028-06-17,0.06976217777,71,LOW,7,SupplyGrid-XGBoost-single-v1,0
S089,2028-06-17,0.06892234087,72,LOW,7,SupplyGrid-XGBoost-single-v1,0
S021,2028-06-17,0.06887596846,73,LOW,7,SupplyGrid-XGBoost-single-v1,0
S087,2028-06-17,0.06755594164,74,LOW,7,SupplyGrid-XGBoost-single-v1,0
S044,2028-06-17,0.066222772,75,LOW,7,SupplyGrid-XGBoost-single-v1,0
S085,2028-06-17,0.06318031251,76,LOW,7,SupplyGrid-XGBoost-single-v1,0
S007,2028-06-17,0.0616704151,77,LOW,7,SupplyGrid-XGBoost-single-v1,0
S048,2028-06-17,0.06140878424,78,LOW,7,SupplyGrid-XGBoost-single-v1,0
S032,2028-06-17,0.06043796614,79,LOW,7,SupplyGrid-XGBoost-single-v1,0
S053,2028-06-17,0.0603492111,80,LOW,7,SupplyGrid-XGBoost-single-v1,1
S045,2028-06-17,0.06023677438,81,LOW,7,SupplyGrid-XGBoost-single-v1,0
S081,2028-06-17,0.05978031456,82,LOW,7,SupplyGrid-XGBoost-single-v1,0
S063,2028-06-17,0.05950580165,83,LOW,7,SupplyGrid-XGBoost-single-v1,0
S098,2028-06-17,0.05950580165,84,LOW,7,SupplyGrid-XGBoost-single-v1,0
S067,2028-06-17,0.05915120244,85,LOW,7,SupplyGrid-XGBoost-single-v1,0
S011,2028-06-17,0.0589443557,86,LOW,7,SupplyGrid-XGBoost-single-v1,0
S091,2028-06-17,0.0589443557,87,LOW,7,SupplyGrid-XGBoost-single-v1,0
S093,2028-06-17,0.0589443557,88,LOW,7,SupplyGrid-XGBoost-single-v1,0
S038,2028-06-17,0.05879281089,89,LOW,7,SupplyGrid-XGBoost-single-v1,0
S018,2028-06-17,0.05823766813,90,LOW,7,SupplyGrid-XGBoost-single-v1,0
S029,2028-06-17,0.05823766813,91,LOW,7,SupplyGrid-XGBoost-single-v1,0
S065,2028-06-17,0.05823766813,92,LOW,7,SupplyGrid-XGBoost-single-v1,0
S080,2028-06-17,0.05823766813,93,LOW,7,SupplyGrid-XGBoost-single-v1,0
S030,2028-06-17,0.05752947927,94,LOW,7,SupplyGrid-XGBoost-single-v1,0
S028,2028-06-17,0.0569855459,95,LOW,7,SupplyGrid-XGBoost-single-v1,0
S036,2028-06-17,0.0569855459,96,LOW,7,SupplyGrid-XGBoost-single-v1,0
S086,2028-06-18,0.1743345261,1,HIGH,7,SupplyGrid-XGBoost-single-v1,1
S026,2028-06-18,0.159754023,2,HIGH,7,SupplyGrid-XGBoost-single-v1,0
S079,2028-06-18,0.1521943808,3,HIGH,7,SupplyGrid-XGBoost-single-v1,1
S010,2028-06-18,0.1476957053,4,LOW,7,SupplyGrid-XGBoost-single-v1,0
S056,2028-06-18,0.1420076936,5,LOW,7,SupplyGrid-XGBoost-single-v1,0
S015,2028-06-18,0.1318409443,6,LOW,7,SupplyGrid-XGBoost-single-v1,0
S072,2028-06-18,0.129527688,7,LOW,7,SupplyGrid-XGBoost-single-v1,0
S083,2028-06-18,0.1279606223,8,LOW,7,SupplyGrid-XGBoost-single-v1,0
S078,2028-06-18,0.126923129,9,LOW,7,SupplyGrid-XGBoost-single-v1,0
S064,2028-06-18,0.1236469969,10,LOW,7,SupplyGrid-XGBoost-single-v1,0
S073,2028-06-18,0.1220196486,11,LOW,7,SupplyGrid-XGBoost-single-v1,0
S060,2028-06-18,0.1213222668,12,LOW,7,SupplyGrid-XGBoost-single-v1,0
S035,2028-06-18,0.1209442243,13,LOW,7,SupplyGrid-XGBoost-single-v1,0
S082,2028-06-18,0.1203092784,14,LOW,7,SupplyGrid-XGBoost-single-v1,0
S068,2028-06-18,0.1187812984,15,LOW,7,SupplyGrid-XGBoost-single-v1,0
S012,2028-06-18,0.1158968434,16,LOW,7,SupplyGrid-XGBoost-single-v1,1
S043,2028-06-18,0.1157738715,17,LOW,7,SupplyGrid-XGBoost-single-v1,0
S054,2028-06-18,0.1073804498,18,LOW,7,SupplyGrid-XGBoost-single-v1,0
S022,2028-06-18,0.1046183184,19,LOW,7,SupplyGrid-XGBoost-single-v1,0
S050,2028-06-18,0.1045282632,20,LOW,7,SupplyGrid-XGBoost-single-v1,0
S027,2028-06-18,0.1031216532,21,LOW,7,SupplyGrid-XGBoost-single-v1,0
S039,2028-06-18,0.1030795202,22,LOW,7,SupplyGrid-XGBoost-single-v1,0
S040,2028-06-18,0.1024478227,23,LOW,7,SupplyGrid-XGBoost-single-v1,0
S004,2028-06-18,0.1017638147,24,LOW,7,SupplyGrid-XGBoost-single-v1,1
S023,2028-06-18,0.1005215049,25,LOW,7,SupplyGrid-XGBoost-single-v1,0
S077,2028-06-18,0.1001827046,26,LOW,7,SupplyGrid-XGBoost-single-v1,1
S059,2028-06-18,0.09955394268,27,LOW,7,SupplyGrid-XGBoost-single-v1,0
S057,2028-06-18,0.09870193899,28,LOW,7,SupplyGrid-XGBoost-single-v1,0
S001,2028-06-18,0.0983357653,29,LOW,7,SupplyGrid-XGBoost-single-v1,0
S095,2028-06-18,0.09749815613,30,LOW,7,SupplyGrid-XGBoost-single-v1,1
S003,2028-06-18,0.09696116298,31,LOW,7,SupplyGrid-XGBoost-single-v1,0
S075,2028-06-18,0.09570710361,32,LOW,7,SupplyGrid-XGBoost-single-v1,0
S094,2028-06-18,0.09552914649,33,LOW,7,SupplyGrid-XGBoost-single-v1,0
S034,2028-06-18,0.0932758525,34,LOW,7,SupplyGrid-XGBoost-single-v1,0
S099,2028-06-18,0.09288787097,35,LOW,7,SupplyGrid-XGBoost-single-v1,0
S062,2028-06-18,0.09186946601,36,LOW,7,SupplyGrid-XGBoost-single-v1,0
S051,2028-06-18,0.09167360514,37,LOW,7,SupplyGrid-XGBoost-single-v1,0
S009,2028-06-18,0.09140409529,38,LOW,7,SupplyGrid-XGBoost-single-v1,0
S092,2028-06-18,0.08891770244,39,LOW,7,SupplyGrid-XGBoost-single-v1,0
S042,2028-06-18,0.08761701733,40,LOW,7,SupplyGrid-XGBoost-single-v1,0
S024,2028-06-18,0.0860427767,41,LOW,7,SupplyGrid-XGBoost-single-v1,0
S090,2028-06-18,0.08599895984,42,LOW,7,SupplyGrid-XGBoost-single-v1,0
S014,2028-06-18,0.08455184102,43,LOW,7,SupplyGrid-XGBoost-single-v1,0
S084,2028-06-18,0.08455184102,44,LOW,7,SupplyGrid-XGBoost-single-v1,1
S031,2028-06-18,0.0837399289,45,LOW,7,SupplyGrid-XGBoost-single-v1,0
S070,2028-06-18,0.08341238648,46,LOW,7,SupplyGrid-XGBoost-single-v1,0
S019,2028-06-18,0.08270799369,47,LOW,7,SupplyGrid-XGBoost-single-v1,0
S066,2028-06-18,0.08231492341,48,LOW,7,SupplyGrid-XGBoost-single-v1,1
S020,2028-06-18,0.0820742175,49,LOW,7,SupplyGrid-XGBoost-single-v1,0
S074,2028-06-18,0.08189766109,50,LOW,7,SupplyGrid-XGBoost-single-v1,0
S033,2028-06-18,0.08173045516,51,LOW,7,SupplyGrid-XGBoost-single-v1,0
S088,2028-06-18,0.08150245994,52,LOW,7,SupplyGrid-XGBoost-single-v1,0
S025,2028-06-18,0.08108444512,53,LOW,7,SupplyGrid-XGBoost-single-v1,0
S089,2028-06-18,0.08009408414,54,LOW,7,SupplyGrid-XGBoost-single-v1,0
S052,2028-06-18,0.07885073125,55,LOW,7,SupplyGrid-XGBoost-single-v1,0
S013,2028-06-18,0.07792514563,56,LOW,7,SupplyGrid-XGBoost-single-v1,0
S055,2028-06-18,0.07792514563,57,LOW,7,SupplyGrid-XGBoost-single-v1,0
S069,2028-06-18,0.07703693211,58,LOW,7,SupplyGrid-XGBoost-single-v1,0
S016,2028-06-18,0.07699712366,59,LOW,7,SupplyGrid-XGBoost-single-v1,0
S100,2028-06-18,0.07699712366,60,LOW,7,SupplyGrid-XGBoost-single-v1,0
S005,2028-06-18,0.0766896382,61,LOW,7,SupplyGrid-XGBoost-single-v1,0
S061,2028-06-18,0.0761186108,62,LOW,7,SupplyGrid-XGBoost-single-v1,0
S085,2028-06-18,0.07469986379,63,LOW,7,SupplyGrid-XGBoost-single-v1,0
S017,2028-06-18,0.07418762147,64,LOW,7,SupplyGrid-XGBoost-single-v1,0
S049,2028-06-18,0.07418762147,65,LOW,7,SupplyGrid-XGBoost-single-v1,0
S071,2028-06-18,0.07418762147,66,LOW,7,SupplyGrid-XGBoost-single-v1,0
S045,2028-06-18,0.07003122568,67,LOW,7,SupplyGrid-XGBoost-single-v1,0
S076,2028-06-18,0.06976217777,68,LOW,7,SupplyGrid-XGBoost-single-v1,1
S037,2028-06-18,0.06946754456,69,LOW,7,SupplyGrid-XGBoost-single-v1,0
S096,2028-06-18,0.06919015199,70,LOW,7,SupplyGrid-XGBoost-single-v1,0
S021,2028-06-18,0.06887596846,71,LOW,7,SupplyGrid-XGBoost-single-v1,0
S046,2028-06-18,0.06819347292,72,LOW,7,SupplyGrid-XGBoost-single-v1,0
S048,2028-06-18,0.06809360534,73,LOW,7,SupplyGrid-XGBoost-single-v1,0
S032,2028-06-18,0.0675784573,74,LOW,7,SupplyGrid-XGBoost-single-v1,0
S087,2028-06-18,0.06755594164,75,LOW,7,SupplyGrid-XGBoost-single-v1,0
S028,2028-06-18,0.06745694578,76,LOW,7,SupplyGrid-XGBoost-single-v1,0
S007,2028-06-18,0.0616704151,77,LOW,7,SupplyGrid-XGBoost-single-v1,0
S008,2028-06-18,0.06108986586,78,LOW,7,SupplyGrid-XGBoost-single-v1,0
S047,2028-06-18,0.06108986586,79,LOW,7,SupplyGrid-XGBoost-single-v1,0
S053,2028-06-18,0.0603492111,80,LOW,7,SupplyGrid-XGBoost-single-v1,1
S081,2028-06-18,0.05978031456,81,LOW,7,SupplyGrid-XGBoost-single-v1,0
S063,2028-06-18,0.05950580165,82,LOW,7,SupplyGrid-XGBoost-single-v1,0
S098,2028-06-18,0.05950580165,83,LOW,7,SupplyGrid-XGBoost-single-v1,0
S018,2028-06-18,0.05915120244,84,LOW,7,SupplyGrid-XGBoost-single-v1,0
S011,2028-06-18,0.0589443557,85,LOW,7,SupplyGrid-XGBoost-single-v1,0
S091,2028-06-18,0.0589443557,86,LOW,7,SupplyGrid-XGBoost-single-v1,0
S093,2028-06-18,0.0589443557,87,LOW,7,SupplyGrid-XGBoost-single-v1,0
S038,2028-06-18,0.05879281089,88,LOW,7,SupplyGrid-XGBoost-single-v1,0
S058,2028-06-18,0.05879281089,89,LOW,7,SupplyGrid-XGBoost-single-v1,0
S029,2028-06-18,0.05823766813,90,LOW,7,SupplyGrid-XGBoost-single-v1,0
S065,2028-06-18,0.05823766813,91,LOW,7,SupplyGrid-XGBoost-single-v1,0
S067,2028-06-18,0.05823766813,92,LOW,7,SupplyGrid-XGBoost-single-v1,0
S080,2028-06-18,0.05823766813,93,LOW,7,SupplyGrid-XGBoost-single-v1,1
S030,2028-06-18,0.05752947927,94,LOW,7,SupplyGrid-XGBoost-single-v1,0
S044,2028-06-18,0.05752947927,95,LOW,7,SupplyGrid-XGBoost-single-v1,0
S097,2028-06-18,0.05752947927,96,LOW,7,SupplyGrid-XGBoost-single-v1,0
S036,2028-06-18,0.0569855459,97,LOW,7,SupplyGrid-XGBoost-single-v1,0
S010,2028-06-19,0.166589722,1,HIGH,7,SupplyGrid-XGBoost-single-v1,0
S086,2028-06-19,0.1571544111,2,HIGH,7,SupplyGrid-XGBoost-single-v1,1
S015,2028-06-19,0.144372195,3,LOW,7,SupplyGrid-XGBoost-single-v1,0
S079,2028-06-19,0.1403992474,4,LOW,7,SupplyGrid-XGBoost-single-v1,1
S078,2028-06-19,0.1393069327,5,LOW,7,SupplyGrid-XGBoost-single-v1,0
S035,2028-06-19,0.1389040649,6,LOW,7,SupplyGrid-XGBoost-single-v1,0
S068,2028-06-19,0.134560436,7,LOW,7,SupplyGrid-XGBoost-single-v1,0
S056,2028-06-19,0.13181822,8,LOW,7,SupplyGrid-XGBoost-single-v1,0
S072,2028-06-19,0.129527688,9,LOW,7,SupplyGrid-XGBoost-single-v1,0
S026,2028-06-19,0.12626414,10,LOW,7,SupplyGrid-XGBoost-single-v1,0
S060,2028-06-19,0.1213222668,11,LOW,7,SupplyGrid-XGBoost-single-v1,0
S027,2028-06-19,0.1162301153,12,LOW,7,SupplyGrid-XGBoost-single-v1,0
S094,2028-06-19,0.1159999296,13,LOW,7,SupplyGrid-XGBoost-single-v1,0
S012,2028-06-19,0.1158968434,14,LOW,7,SupplyGrid-XGBoost-single-v1,1
S073,2028-06-19,0.1149395183,15,LOW,7,SupplyGrid-XGBoost-single-v1,0
S064,2028-06-19,0.1144922972,16,LOW,7,SupplyGrid-XGBoost-single-v1,0
S077,2028-06-19,0.1139921546,17,LOW,7,SupplyGrid-XGBoost-single-v1,1
S099,2028-06-19,0.1130416319,18,LOW,7,SupplyGrid-XGBoost-single-v1,0
S001,2028-06-19,0.1088398769,19,LOW,7,SupplyGrid-XGBoost-single-v1,0
S083,2028-06-19,0.1085502282,20,LOW,7,SupplyGrid-XGBoost-single-v1,0
S059,2028-06-19,0.1083501354,21,LOW,7,SupplyGrid-XGBoost-single-v1,0
S054,2028-06-19,0.1073804498,22,LOW,7,SupplyGrid-XGBoost-single-v1,0
S043,2028-06-19,0.1058989763,23,LOW,7,SupplyGrid-XGBoost-single-v1,0
S039,2028-06-19,0.1048564389,24,LOW,7,SupplyGrid-XGBoost-single-v1,0
S050,2028-06-19,0.1045282632,25,LOW,7,SupplyGrid-XGBoost-single-v1,0
S033,2028-06-19,0.1040573642,26,LOW,7,SupplyGrid-XGBoost-single-v1,0
S022,2028-06-19,0.1030795202,27,LOW,7,SupplyGrid-XGBoost-single-v1,1
S023,2028-06-19,0.1005215049,28,LOW,7,SupplyGrid-XGBoost-single-v1,0
S082,2028-06-19,0.09947749972,29,LOW,7,SupplyGrid-XGBoost-single-v1,0
S057,2028-06-19,0.09870193899,30,LOW,7,SupplyGrid-XGBoost-single-v1,0
S003,2028-06-19,0.09696116298,31,LOW,7,SupplyGrid-XGBoost-single-v1,0
S004,2028-06-19,0.09500902891,32,LOW,7,SupplyGrid-XGBoost-single-v1,1
S052,2028-06-19,0.09434740245,33,LOW,7,SupplyGrid-XGBoost-single-v1,0
S034,2028-06-19,0.0932758525,34,LOW,7,SupplyGrid-XGBoost-single-v1,0
S040,2028-06-19,0.09249658138,35,LOW,7,SupplyGrid-XGBoost-single-v1,0
S013,2028-06-19,0.09186946601,36,LOW,7,SupplyGrid-XGBoost-single-v1,0
S055,2028-06-19,0.09031929821,37,LOW,7,SupplyGrid-XGBoost-single-v1,0
S062,2028-06-19,0.09031929821,38,LOW,7,SupplyGrid-XGBoost-single-v1,0
S069,2028-06-19,0.08930345625,39,LOW,7,SupplyGrid-XGBoost-single-v1,0
S100,2028-06-19,0.089257963,40,LOW,7,SupplyGrid-XGBoost-single-v1,0
S092,2028-06-19,0.08891770244,41,LOW,7,SupplyGrid-XGBoost-single-v1,0
S066,2028-06-19,0.08622580022,42,LOW,7,SupplyGrid-XGBoost-single-v1,1
S090,2028-06-19,0.08599895984,43,LOW,7,SupplyGrid-XGBoost-single-v1,0
S014,2028-06-19,0.08455184102,44,LOW,7,SupplyGrid-XGBoost-single-v1,0
S084,2028-06-19,0.08455184102,45,LOW,7,SupplyGrid-XGBoost-single-v1,1
S051,2028-06-19,0.08444946259,46,LOW,7,SupplyGrid-XGBoost-single-v1,0
S042,2028-06-19,0.08434280753,47,LOW,7,SupplyGrid-XGBoost-single-v1,0
S009,2028-06-19,0.08368634433,48,LOW,7,SupplyGrid-XGBoost-single-v1,0
S070,2028-06-19,0.08201208711,49,LOW,7,SupplyGrid-XGBoost-single-v1,0
S031,2028-06-19,0.08147680014,50,LOW,7,SupplyGrid-XGBoost-single-v1,0
S028,2028-06-19,0.08116653562,51,LOW,7,SupplyGrid-XGBoost-single-v1,0
S037,2028-06-19,0.080839701,52,LOW,7,SupplyGrid-XGBoost-single-v1,0
S088,2028-06-19,0.08011179417,53,LOW,7,SupplyGrid-XGBoost-single-v1,0
S058,2028-06-19,0.07905454934,54,LOW,7,SupplyGrid-XGBoost-single-v1,0
S075,2028-06-19,0.07896692306,55,LOW,7,SupplyGrid-XGBoost-single-v1,0
S019,2028-06-19,0.07865229994,56,LOW,7,SupplyGrid-XGBoost-single-v1,0
S016,2028-06-19,0.07699712366,57,LOW,7,SupplyGrid-XGBoost-single-v1,0
S005,2028-06-19,0.0766896382,58,LOW,7,SupplyGrid-XGBoost-single-v1,0
S018,2028-06-19,0.0764773041,59,LOW,7,SupplyGrid-XGBoost-single-v1,0
S061,2028-06-19,0.0761186108,60,LOW,7,SupplyGrid-XGBoost-single-v1,0
S089,2028-06-19,0.07523819059,61,LOW,7,SupplyGrid-XGBoost-single-v1,0
S017,2028-06-19,0.07418762147,62,LOW,7,SupplyGrid-XGBoost-single-v1,0
S024,2028-06-19,0.07418762147,63,LOW,7,SupplyGrid-XGBoost-single-v1,0
S049,2028-06-19,0.07418762147,64,LOW,7,SupplyGrid-XGBoost-single-v1,0
S071,2028-06-19,0.07418762147,65,LOW,7,SupplyGrid-XGBoost-single-v1,0
S085,2028-06-19,0.07341598719,66,LOW,7,SupplyGrid-XGBoost-single-v1,0
S020,2028-06-19,0.07337399572,67,LOW,7,SupplyGrid-XGBoost-single-v1,0
S008,2028-06-19,0.07225767523,68,LOW,7,SupplyGrid-XGBoost-single-v1,0
S097,2028-06-19,0.07090888172,69,LOW,7,SupplyGrid-XGBoost-single-v1,0
S025,2028-06-19,0.07058767974,70,LOW,7,SupplyGrid-XGBoost-single-v1,0
S076,2028-06-19,0.06976217777,71,LOW,7,SupplyGrid-XGBoost-single-v1,1
S065,2028-06-19,0.06935133785,72,LOW,7,SupplyGrid-XGBoost-single-v1,0
S074,2028-06-19,0.06935133785,73,LOW,7,SupplyGrid-XGBoost-single-v1,0
S081,2028-06-19,0.06878890842,74,LOW,7,SupplyGrid-XGBoost-single-v1,0
S046,2028-06-19,0.06819347292,75,LOW,7,SupplyGrid-XGBoost-single-v1,0
S091,2028-06-19,0.06783606112,76,LOW,7,SupplyGrid-XGBoost-single-v1,0
S038,2028-06-19,0.06766329706,77,LOW,7,SupplyGrid-XGBoost-single-v1,0
S087,2028-06-19,0.06755594164,78,LOW,7,SupplyGrid-XGBoost-single-v1,0
S096,2028-06-19,0.06350939721,79,LOW,7,SupplyGrid-XGBoost-single-v1,0
S007,2028-06-19,0.0616704151,80,LOW,7,SupplyGrid-XGBoost-single-v1,0
S047,2028-06-19,0.06108986586,81,LOW,7,SupplyGrid-XGBoost-single-v1,0
S053,2028-06-19,0.0603492111,82,LOW,7,SupplyGrid-XGBoost-single-v1,1
S045,2028-06-19,0.06023677438,83,LOW,7,SupplyGrid-XGBoost-single-v1,0
S021,2028-06-19,0.05994826555,84,LOW,7,SupplyGrid-XGBoost-single-v1,0
S032,2028-06-19,0.05950580165,85,LOW,7,SupplyGrid-XGBoost-single-v1,0
S063,2028-06-19,0.05950580165,86,LOW,7,SupplyGrid-XGBoost-single-v1,0
S098,2028-06-19,0.05950580165,87,LOW,7,SupplyGrid-XGBoost-single-v1,0
S011,2028-06-19,0.0589443557,88,LOW,7,SupplyGrid-XGBoost-single-v1,0
S093,2028-06-19,0.0589443557,89,LOW,7,SupplyGrid-XGBoost-single-v1,0
S029,2028-06-19,0.05823766813,90,LOW,7,SupplyGrid-XGBoost-single-v1,0
S067,2028-06-19,0.05823766813,91,LOW,7,SupplyGrid-XGBoost-single-v1,0
S080,2028-06-19,0.05823766813,92,LOW,7,SupplyGrid-XGBoost-single-v1,1
S030,2028-06-19,0.05752947927,93,LOW,7,SupplyGrid-XGBoost-single-v1,0
S044,2028-06-19,0.05752947927,94,LOW,7,SupplyGrid-XGBoost-single-v1,0
S048,2028-06-19,0.05752947927,95,LOW,7,SupplyGrid-XGBoost-single-v1,1
S036,2028-06-19,0.0569855459,96,LOW,7,SupplyGrid-XGBoost-single-v1,0
S041,2028-06-20,0.1575998515,1,HIGH,7,SupplyGrid-XGBoost-single-v1,0
S064,2028-06-20,0.1456070691,2,LOW,7,SupplyGrid-XGBoost-single-v1,0
S015,2028-06-20,0.1420319527,3,LOW,7,SupplyGrid-XGBoost-single-v1,0
S010,2028-06-20,0.1393622011,4,LOW,7,SupplyGrid-XGBoost-single-v1,0
S078,2028-06-20,0.1373361796,5,LOW,7,SupplyGrid-XGBoost-single-v1,0
S068,2028-06-20,0.134560436,6,LOW,7,SupplyGrid-XGBoost-single-v1,0
S060,2028-06-20,0.1339223236,7,LOW,7,SupplyGrid-XGBoost-single-v1,0
S056,2028-06-20,0.13181822,8,LOW,7,SupplyGrid-XGBoost-single-v1,0
S077,2028-06-20,0.1301954091,9,LOW,7,SupplyGrid-XGBoost-single-v1,1
S012,2028-06-20,0.12776649,10,LOW,7,SupplyGrid-XGBoost-single-v1,1
S026,2028-06-20,0.12626414,11,LOW,7,SupplyGrid-XGBoost-single-v1,0
S013,2028-06-20,0.1181558818,12,LOW,7,SupplyGrid-XGBoost-single-v1,0
S033,2028-06-20,0.1172692329,13,LOW,7,SupplyGrid-XGBoost-single-v1,0
S035,2028-06-20,0.1139183715,14,LOW,7,SupplyGrid-XGBoost-single-v1,0
S072,2028-06-20,0.112323232,15,LOW,7,SupplyGrid-XGBoost-single-v1,1
S034,2028-06-20,0.1112650931,16,LOW,7,SupplyGrid-XGBoost-single-v1,0
S083,2028-06-20,0.1085502282,17,LOW,7,SupplyGrid-XGBoost-single-v1,0
S059,2028-06-20,0.1083501354,18,LOW,7,SupplyGrid-XGBoost-single-v1,0
S082,2028-06-20,0.107132636,19,LOW,7,SupplyGrid-XGBoost-single-v1,0
S073,2028-06-20,0.1056717709,20,LOW,7,SupplyGrid-XGBoost-single-v1,0
S050,2028-06-20,0.1045282632,21,LOW,7,SupplyGrid-XGBoost-single-v1,0
S022,2028-06-20,0.1030795202,22,LOW,7,SupplyGrid-XGBoost-single-v1,1
S023,2028-06-20,0.1005215049,23,LOW,7,SupplyGrid-XGBoost-single-v1,0
S069,2028-06-20,0.1004327089,24,LOW,7,SupplyGrid-XGBoost-single-v1,0
S043,2028-06-20,0.09947579354,25,LOW,7,SupplyGrid-XGBoost-single-v1,0
S100,2028-06-20,0.09889874607,26,LOW,7,SupplyGrid-XGBoost-single-v1,0
S057,2028-06-20,0.09870193899,27,LOW,7,SupplyGrid-XGBoost-single-v1,0
S001,2028-06-20,0.0983357653,28,LOW,7,SupplyGrid-XGBoost-single-v1,0
S054,2028-06-20,0.09700182825,29,LOW,7,SupplyGrid-XGBoost-single-v1,0
S003,2028-06-20,0.09696116298,30,LOW,7,SupplyGrid-XGBoost-single-v1,0
S094,2028-06-20,0.09552914649,31,LOW,7,SupplyGrid-XGBoost-single-v1,0
S070,2028-06-20,0.09342459589,32,LOW,7,SupplyGrid-XGBoost-single-v1,0
S019,2028-06-20,0.0932758525,33,LOW,7,SupplyGrid-XGBoost-single-v1,0
S027,2028-06-20,0.09240843356,34,LOW,7,SupplyGrid-XGBoost-single-v1,0
S051,2028-06-20,0.09167360514,35,LOW,7,SupplyGrid-XGBoost-single-v1,0
S052,2028-06-20,0.08980321139,36,LOW,7,SupplyGrid-XGBoost-single-v1,0
S016,2028-06-20,0.089257963,37,LOW,7,SupplyGrid-XGBoost-single-v1,0
S092,2028-06-20,0.08891770244,38,LOW,7,SupplyGrid-XGBoost-single-v1,0
S075,2028-06-20,0.08760781586,39,LOW,7,SupplyGrid-XGBoost-single-v1,0
S004,2028-06-20,0.08681482077,40,LOW,7,SupplyGrid-XGBoost-single-v1,1
S058,2028-06-20,0.08652875572,41,LOW,7,SupplyGrid-XGBoost-single-v1,0
S009,2028-06-20,0.08578038961,42,LOW,7,SupplyGrid-XGBoost-single-v1,0
S066,2028-06-20,0.0857020542,43,LOW,7,SupplyGrid-XGBoost-single-v1,1
S039,2028-06-20,0.08532436937,44,LOW,7,SupplyGrid-XGBoost-single-v1,0
S084,2028-06-20,0.08455184102,45,LOW,7,SupplyGrid-XGBoost-single-v1,1
S042,2028-06-20,0.08419453353,46,LOW,7,SupplyGrid-XGBoost-single-v1,0
S037,2028-06-20,0.08347818255,47,LOW,7,SupplyGrid-XGBoost-single-v1,0
S088,2028-06-20,0.08150245994,48,LOW,7,SupplyGrid-XGBoost-single-v1,0
S018,2028-06-20,0.08146454394,49,LOW,7,SupplyGrid-XGBoost-single-v1,0
S031,2028-06-20,0.07903112471,50,LOW,7,SupplyGrid-XGBoost-single-v1,0
S090,2028-06-20,0.07885682583,51,LOW,7,SupplyGrid-XGBoost-single-v1,0
S008,2028-06-20,0.07885327935,52,LOW,7,SupplyGrid-XGBoost-single-v1,0
S028,2028-06-20,0.07841116935,53,LOW,7,SupplyGrid-XGBoost-single-v1,0
S046,2028-06-20,0.07836421579,54,LOW,7,SupplyGrid-XGBoost-single-v1,0
S055,2028-06-20,0.07792514563,55,LOW,7,SupplyGrid-XGBoost-single-v1,0
S062,2028-06-20,0.07792514563,56,LOW,7,SupplyGrid-XGBoost-single-v1,0
S097,2028-06-20,0.07767792046,57,LOW,7,SupplyGrid-XGBoost-single-v1,0
S005,2028-06-20,0.0766896382,58,LOW,7,SupplyGrid-XGBoost-single-v1,0
S040,2028-06-20,0.0766896382,59,LOW,7,SupplyGrid-XGBoost-single-v1,0
S099,2028-06-20,0.07651883364,60,LOW,7,SupplyGrid-XGBoost-single-v1,0
S091,2028-06-20,0.07613448799,61,LOW,7,SupplyGrid-XGBoost-single-v1,0
S061,2028-06-20,0.0761186108,62,LOW,7,SupplyGrid-XGBoost-single-v1,0
S038,2028-06-20,0.07594231516,63,LOW,7,SupplyGrid-XGBoost-single-v1,0
S014,2028-06-20,0.07533133775,64,LOW,7,SupplyGrid-XGBoost-single-v1,0
S017,2028-06-20,0.07418762147,65,LOW,7,SupplyGrid-XGBoost-single-v1,0
S024,2028-06-20,0.07418762147,66,LOW,7,SupplyGrid-XGBoost-single-v1,0
S049,2028-06-20,0.07418762147,67,LOW,7,SupplyGrid-XGBoost-single-v1,0
S071,2028-06-20,0.07418762147,68,LOW,7,SupplyGrid-XGBoost-single-v1,0
S076,2028-06-20,0.07225767523,69,LOW,7,SupplyGrid-XGBoost-single-v1,1
S032,2028-06-20,0.07193941623,70,LOW,7,SupplyGrid-XGBoost-single-v1,0
S081,2028-06-20,0.07072675228,71,LOW,7,SupplyGrid-XGBoost-single-v1,0
S025,2028-06-20,0.07058767974,72,LOW,7,SupplyGrid-XGBoost-single-v1,0
S096,2028-06-20,0.06919015199,73,LOW,7,SupplyGrid-XGBoost-single-v1,0
S089,2028-06-20,0.06892234087,74,LOW,7,SupplyGrid-XGBoost-single-v1,0
S087,2028-06-20,0.06755594164,75,LOW,7,SupplyGrid-XGBoost-single-v1,0
S020,2028-06-20,0.0674847886,76,LOW,7,SupplyGrid-XGBoost-single-v1,0
S065,2028-06-20,0.06615038961,77,LOW,7,SupplyGrid-XGBoost-single-v1,0
S030,2028-06-20,0.06398670375,78,LOW,7,SupplyGrid-XGBoost-single-v1,0
S085,2028-06-20,0.06318031251,79,LOW,7,SupplyGrid-XGBoost-single-v1,0
S007,2028-06-20,0.0616704151,80,LOW,7,SupplyGrid-XGBoost-single-v1,0
S047,2028-06-20,0.06108986586,81,LOW,7,SupplyGrid-XGBoost-single-v1,0
S053,2028-06-20,0.0603492111,82,LOW,7,SupplyGrid-XGBoost-single-v1,1
S045,2028-06-20,0.06023677438,83,LOW,7,SupplyGrid-XGBoost-single-v1,0
S063,2028-06-20,0.05950580165,84,LOW,7,SupplyGrid-XGBoost-single-v1,0
S098,2028-06-20,0.05950580165,85,LOW,7,SupplyGrid-XGBoost-single-v1,0
S011,2028-06-20,0.0589443557,86,LOW,7,SupplyGrid-XGBoost-single-v1,0
S093,2028-06-20,0.0589443557,87,LOW,7,SupplyGrid-XGBoost-single-v1,0
S029,2028-06-20,0.05823766813,88,LOW,7,SupplyGrid-XGBoost-single-v1,0
S067,2028-06-20,0.05823766813,89,LOW,7,SupplyGrid-XGBoost-single-v1,0
S074,2028-06-20,0.05823766813,90,LOW,7,SupplyGrid-XGBoost-single-v1,0
S080,2028-06-20,0.05823766813,91,LOW,7,SupplyGrid-XGBoost-single-v1,1
S036,2028-06-20,0.05788064748,92,LOW,7,SupplyGrid-XGBoost-single-v1,0
S021,2028-06-20,0.05783374608,93,LOW,7,SupplyGrid-XGBoost-single-v1,0
S044,2028-06-20,0.05752947927,94,LOW,7,SupplyGrid-XGBoost-single-v1,0
S048,2028-06-20,0.05752947927,95,LOW,7,SupplyGrid-XGBoost-single-v1,1
S012,2028-06-21,0.1509005278,1,HIGH,7,SupplyGrid-XGBoost-single-v1,1
S056,2028-06-21,0.1397738606,2,LOW,7,SupplyGrid-XGBoost-single-v1,0
S078,2028-06-21,0.1373361796,3,LOW,7,SupplyGrid-XGBoost-single-v1,0
S043,2028-06-21,0.1357945502,4,LOW,7,SupplyGrid-XGBoost-single-v1,0
S015,2028-06-21,0.1318409443,5,LOW,7,SupplyGrid-XGBoost-single-v1,0
S006,2028-06-21,0.1302793175,6,LOW,7,SupplyGrid-XGBoost-single-v1,0
S060,2028-06-21,0.1292505115,7,LOW,7,SupplyGrid-XGBoost-single-v1,0
S041,2028-06-21,0.1290310472,8,LOW,7,SupplyGrid-XGBoost-single-v1,0
S064,2028-06-21,0.1278433502,9,LOW,7,SupplyGrid-XGBoost-single-v1,0
S035,2028-06-21,0.1274835169,10,LOW,7,SupplyGrid-XGBoost-single-v1,0
S083,2028-06-21,0.1272186637,11,LOW,7,SupplyGrid-XGBoost-single-v1,0
S010,2028-06-21,0.1263300776,12,LOW,7,SupplyGrid-XGBoost-single-v1,0
S077,2028-06-21,0.1259350628,13,LOW,7,SupplyGrid-XGBoost-single-v1,1
S068,2028-06-21,0.1252202988,14,LOW,7,SupplyGrid-XGBoost-single-v1,0
S082,2028-06-21,0.1224226579,15,LOW,7,SupplyGrid-XGBoost-single-v1,0
S013,2028-06-21,0.1213976368,16,LOW,7,SupplyGrid-XGBoost-single-v1,0
S059,2028-06-21,0.1150771528,17,LOW,7,SupplyGrid-XGBoost-single-v1,0
S034,2028-06-21,0.1139896065,18,LOW,7,SupplyGrid-XGBoost-single-v1,0
S026,2028-06-21,0.1114091501,19,LOW,7,SupplyGrid-XGBoost-single-v1,0
S054,2028-06-21,0.1073804498,20,LOW,7,SupplyGrid-XGBoost-single-v1,0
S070,2028-06-21,0.1069926396,21,LOW,7,SupplyGrid-XGBoost-single-v1,0
S100,2028-06-21,0.1068568826,22,LOW,7,SupplyGrid-XGBoost-single-v1,0
S073,2028-06-21,0.1054651737,23,LOW,7,SupplyGrid-XGBoost-single-v1,0
S050,2028-06-21,0.1045282632,24,LOW,7,SupplyGrid-XGBoost-single-v1,0
S092,2028-06-21,0.101841554,25,LOW,7,SupplyGrid-XGBoost-single-v1,0
S022,2028-06-21,0.1013855785,26,LOW,7,SupplyGrid-XGBoost-single-v1,1
S023,2028-06-21,0.1005215049,27,LOW,7,SupplyGrid-XGBoost-single-v1,0
S001,2028-06-21,0.1000083834,28,LOW,7,SupplyGrid-XGBoost-single-v1,0
S057,2028-06-21,0.09870193899,29,LOW,7,SupplyGrid-XGBoost-single-v1,0
S072,2028-06-21,0.09800434858,30,LOW,7,SupplyGrid-XGBoost-single-v1,1
S003,2028-06-21,0.09696116298,31,LOW,7,SupplyGrid-XGBoost-single-v1,0
S075,2028-06-21,0.09580660611,32,LOW,7,SupplyGrid-XGBoost-single-v1,0
S033,2028-06-21,0.09518519789,33,LOW,7,SupplyGrid-XGBoost-single-v1,0
S095,2028-06-21,0.09440638125,34,LOW,7,SupplyGrid-XGBoost-single-v1,0
S058,2028-06-21,0.09359490126,35,LOW,7,SupplyGrid-XGBoost-single-v1,0
S037,2028-06-21,0.09349745512,36,LOW,7,SupplyGrid-XGBoost-single-v1,0
S009,2028-06-21,0.09278664738,37,LOW,7,SupplyGrid-XGBoost-single-v1,0
S090,2028-06-21,0.09148065746,38,LOW,7,SupplyGrid-XGBoost-single-v1,0
S069,2028-06-21,0.09037787467,39,LOW,7,SupplyGrid-XGBoost-single-v1,0
S051,2028-06-21,0.09012641758,40,LOW,7,SupplyGrid-XGBoost-single-v1,0
S052,2028-06-21,0.08980321139,41,LOW,7,SupplyGrid-XGBoost-single-v1,0
S019,2028-06-21,0.08907639235,42,LOW,7,SupplyGrid-XGBoost-single-v1,0
S016,2028-06-21,0.0883563906,43,LOW,7,SupplyGrid-XGBoost-single-v1,0
S094,2028-06-21,0.08833119273,44,LOW,7,SupplyGrid-XGBoost-single-v1,0
S089,2028-06-21,0.08764068037,45,LOW,7,SupplyGrid-XGBoost-single-v1,0
S091,2028-06-21,0.08756829798,46,LOW,7,SupplyGrid-XGBoost-single-v1,0
S017,2028-06-21,0.08752660453,47,LOW,7,SupplyGrid-XGBoost-single-v1,0
S027,2028-06-21,0.08413293958,48,LOW,7,SupplyGrid-XGBoost-single-v1,0
S032,2028-06-21,0.08221144229,49,LOW,7,SupplyGrid-XGBoost-single-v1,0
S088,2028-06-21,0.08150245994,50,LOW,7,SupplyGrid-XGBoost-single-v1,1
S018,2028-06-21,0.08146454394,51,LOW,7,SupplyGrid-XGBoost-single-v1,0
S061,2028-06-21,0.08114349842,52,LOW,7,SupplyGrid-XGBoost-single-v1,0
S046,2028-06-21,0.07917268574,53,LOW,7,SupplyGrid-XGBoost-single-v1,0
S039,2028-06-21,0.07911343127,54,LOW,7,SupplyGrid-XGBoost-single-v1,0
S042,2028-06-21,0.07911141962,55,LOW,7,SupplyGrid-XGBoost-single-v1,0
S028,2028-06-21,0.07841116935,56,LOW,7,SupplyGrid-XGBoost-single-v1,0
S096,2028-06-21,0.07802756876,57,LOW,7,SupplyGrid-XGBoost-single-v1,0
S055,2028-06-21,0.07792514563,58,LOW,7,SupplyGrid-XGBoost-single-v1,0
S062,2028-06-21,0.07792514563,59,LOW,7,SupplyGrid-XGBoost-single-v1,0
S097,2028-06-21,0.07767792046,60,LOW,7,SupplyGrid-XGBoost-single-v1,0
S005,2028-06-21,0.0766896382,61,LOW,7,SupplyGrid-XGBoost-single-v1,0
S099,2028-06-21,0.07463242114,62,LOW,7,SupplyGrid-XGBoost-single-v1,0
S014,2028-06-21,0.07418762147,63,LOW,7,SupplyGrid-XGBoost-single-v1,0
S024,2028-06-21,0.07418762147,64,LOW,7,SupplyGrid-XGBoost-single-v1,0
S049,2028-06-21,0.07418762147,65,LOW,7,SupplyGrid-XGBoost-single-v1,0
S071,2028-06-21,0.07418762147,66,LOW,7,SupplyGrid-XGBoost-single-v1,0
S066,2028-06-21,0.07261899114,67,LOW,7,SupplyGrid-XGBoost-single-v1,1
S076,2028-06-21,0.07225767523,68,LOW,7,SupplyGrid-XGBoost-single-v1,1
S008,2028-06-21,0.07101255655,69,LOW,7,SupplyGrid-XGBoost-single-v1,0
S025,2028-06-21,0.07058767974,70,LOW,7,SupplyGrid-XGBoost-single-v1,0
S047,2028-06-21,0.07028105855,71,LOW,7,SupplyGrid-XGBoost-single-v1,0
S031,2028-06-21,0.0698511824,72,LOW,7,SupplyGrid-XGBoost-single-v1,0
S074,2028-06-21,0.06935133785,73,LOW,7,SupplyGrid-XGBoost-single-v1,0
S045,2028-06-21,0.06930907816,74,LOW,7,SupplyGrid-XGBoost-single-v1,0
S063,2028-06-21,0.06847604364,75,LOW,7,SupplyGrid-XGBoost-single-v1,0
S065,2028-06-21,0.06773050129,76,LOW,7,SupplyGrid-XGBoost-single-v1,0
S038,2028-06-21,0.06766329706,77,LOW,7,SupplyGrid-XGBoost-single-v1,0
S087,2028-06-21,0.06755594164,78,LOW,7,SupplyGrid-XGBoost-single-v1,0
S030,2028-06-21,0.0653526485,79,LOW,7,SupplyGrid-XGBoost-single-v1,0
S036,2028-06-21,0.06511561573,80,LOW,7,SupplyGrid-XGBoost-single-v1,0
S085,2028-06-21,0.06318031251,81,LOW,7,SupplyGrid-XGBoost-single-v1,0
S040,2028-06-21,0.06315999478,82,LOW,7,SupplyGrid-XGBoost-single-v1,0
S020,2028-06-21,0.06204521284,83,LOW,7,SupplyGrid-XGBoost-single-v1,0
S007,2028-06-21,0.0616704151,84,LOW,7,SupplyGrid-XGBoost-single-v1,0
S053,2028-06-21,0.0603492111,85,LOW,7,SupplyGrid-XGBoost-single-v1,1
S081,2028-06-21,0.05978031456,86,LOW,7,SupplyGrid-XGBoost-single-v1,0
S098,2028-06-21,0.05950580165,87,LOW,7,SupplyGrid-XGBoost-single-v1,0
S011,2028-06-21,0.0589443557,88,LOW,7,SupplyGrid-XGBoost-single-v1,0
S093,2028-06-21,0.0589443557,89,LOW,7,SupplyGrid-XGBoost-single-v1,0
S029,2028-06-21,0.05823766813,90,LOW,7,SupplyGrid-XGBoost-single-v1,0
S067,2028-06-21,0.05823766813,91,LOW,7,SupplyGrid-XGBoost-single-v1,0
S080,2028-06-21,0.05823766813,92,LOW,7,SupplyGrid-XGBoost-single-v1,1
S021,2028-06-21,0.05783374608,93,LOW,7,SupplyGrid-XGBoost-single-v1,0
S044,2028-06-21,0.05752947927,94,LOW,7,SupplyGrid-XGBoost-single-v1,0
S048,2028-06-21,0.05752947927,95,LOW,7,SupplyGrid-XGBoost-single-v1,1
S035,2028-06-22,0.1557710916,1,HIGH,7,SupplyGrid-XGBoost-single-v1,0
S002,2028-06-22,0.1478975713,2,LOW,7,SupplyGrid-XGBoost-single-v1,0
S064,2028-06-22,0.1456070691,3,LOW,7,SupplyGrid-XGBoost-single-v1,0
S006,2028-06-22,0.1403691322,4,LOW,7,SupplyGrid-XGBoost-single-v1,0
S043,2028-06-22,0.1368418783,5,LOW,7,SupplyGrid-XGBoost-single-v1,0
S068,2028-06-22,0.134560436,6,LOW,7,SupplyGrid-XGBoost-single-v1,0
S077,2028-06-22,0.1335902661,7,LOW,7,SupplyGrid-XGBoost-single-v1,1
S015,2028-06-22,0.1318409443,8,LOW,7,SupplyGrid-XGBoost-single-v1,0
S041,2028-06-22,0.1290310472,9,LOW,7,SupplyGrid-XGBoost-single-v1,0
S082,2028-06-22,0.1263254434,10,LOW,7,SupplyGrid-XGBoost-single-v1,0
S012,2028-06-22,0.1184638366,11,LOW,7,SupplyGrid-XGBoost-single-v1,1
S073,2028-06-22,0.1166323349,12,LOW,7,SupplyGrid-XGBoost-single-v1,0
S027,2028-06-22,0.1162301153,13,LOW,7,SupplyGrid-XGBoost-single-v1,0
S022,2028-06-22,0.1151558235,14,LOW,7,SupplyGrid-XGBoost-single-v1,1
S059,2028-06-22,0.1150771528,15,LOW,7,SupplyGrid-XGBoost-single-v1,0
S078,2028-06-22,0.1136068627,16,LOW,7,SupplyGrid-XGBoost-single-v1,0
S026,2028-06-22,0.1114091501,17,LOW,7,SupplyGrid-XGBoost-single-v1,0
S056,2028-06-22,0.1097184718,18,LOW,7,SupplyGrid-XGBoost-single-v1,0
S013,2028-06-22,0.1086606458,19,LOW,7,SupplyGrid-XGBoost-single-v1,0
S083,2028-06-22,0.1085502282,20,LOW,7,SupplyGrid-XGBoost-single-v1,0
S060,2028-06-22,0.1084433869,21,LOW,7,SupplyGrid-XGBoost-single-v1,0
S072,2028-06-22,0.1074748188,22,LOW,7,SupplyGrid-XGBoost-single-v1,1
S070,2028-06-22,0.1069926396,23,LOW,7,SupplyGrid-XGBoost-single-v1,0
S100,2028-06-22,0.1068568826,24,LOW,7,SupplyGrid-XGBoost-single-v1,0
S037,2028-06-22,0.1055041626,25,LOW,7,SupplyGrid-XGBoost-single-v1,0
S050,2028-06-22,0.1045282632,26,LOW,7,SupplyGrid-XGBoost-single-v1,0
S023,2028-06-22,0.1005215049,27,LOW,7,SupplyGrid-XGBoost-single-v1,0
S057,2028-06-22,0.09870193899,28,LOW,7,SupplyGrid-XGBoost-single-v1,0
S010,2028-06-22,0.09793078154,29,LOW,7,SupplyGrid-XGBoost-single-v1,0
S095,2028-06-22,0.09652217478,30,LOW,7,SupplyGrid-XGBoost-single-v1,0
S034,2028-06-22,0.09597351402,31,LOW,7,SupplyGrid-XGBoost-single-v1,0
S042,2028-06-22,0.09445518255,32,LOW,7,SupplyGrid-XGBoost-single-v1,0
S033,2028-06-22,0.09325706214,33,LOW,7,SupplyGrid-XGBoost-single-v1,0
S009,2028-06-22,0.09278664738,34,LOW,7,SupplyGrid-XGBoost-single-v1,0
S089,2028-06-22,0.09222403914,35,LOW,7,SupplyGrid-XGBoost-single-v1,0
S001,2028-06-22,0.09049469978,36,LOW,7,SupplyGrid-XGBoost-single-v1,0
S092,2028-06-22,0.08891770244,37,LOW,7,SupplyGrid-XGBoost-single-v1,0
S094,2028-06-22,0.08833119273,38,LOW,7,SupplyGrid-XGBoost-single-v1,0
S054,2028-06-22,0.08804377168,39,LOW,7,SupplyGrid-XGBoost-single-v1,1
S069,2028-06-22,0.08800984174,40,LOW,7,SupplyGrid-XGBoost-single-v1,0
S017,2028-06-22,0.08752660453,41,LOW,7,SupplyGrid-XGBoost-single-v1,0
S061,2028-06-22,0.08736051619,42,LOW,7,SupplyGrid-XGBoost-single-v1,0
S090,2028-06-22,0.08599895984,43,LOW,7,SupplyGrid-XGBoost-single-v1,0
S097,2028-06-22,0.08472309262,44,LOW,7,SupplyGrid-XGBoost-single-v1,0
S088,2028-06-22,0.08440480381,45,LOW,7,SupplyGrid-XGBoost-single-v1,1
S058,2028-06-22,0.08347818255,46,LOW,7,SupplyGrid-XGBoost-single-v1,0
S066,2028-06-22,0.08339072019,47,LOW,7,SupplyGrid-XGBoost-single-v1,1
S018,2028-06-22,0.0829032883,48,LOW,7,SupplyGrid-XGBoost-single-v1,0
S019,2028-06-22,0.0814621523,49,LOW,7,SupplyGrid-XGBoost-single-v1,0
S046,2028-06-22,0.0805484727,50,LOW,7,SupplyGrid-XGBoost-single-v1,0
S003,2028-06-22,0.08016569912,51,LOW,7,SupplyGrid-XGBoost-single-v1,0
S039,2028-06-22,0.07976315171,52,LOW,7,SupplyGrid-XGBoost-single-v1,0
S047,2028-06-22,0.07885327935,53,LOW,7,SupplyGrid-XGBoost-single-v1,0
S052,2028-06-22,0.07885073125,54,LOW,7,SupplyGrid-XGBoost-single-v1,0
S055,2028-06-22,0.07792514563,55,LOW,7,SupplyGrid-XGBoost-single-v1,0
S062,2028-06-22,0.07792514563,56,LOW,7,SupplyGrid-XGBoost-single-v1,0
S051,2028-06-22,0.07775647193,57,LOW,7,SupplyGrid-XGBoost-single-v1,0
S016,2028-06-22,0.07699712366,58,LOW,7,SupplyGrid-XGBoost-single-v1,0
S091,2028-06-22,0.07613448799,59,LOW,7,SupplyGrid-XGBoost-single-v1,0
S032,2028-06-22,0.07548974454,60,LOW,7,SupplyGrid-XGBoost-single-v1,0
S014,2028-06-22,0.07418762147,61,LOW,7,SupplyGrid-XGBoost-single-v1,0
S049,2028-06-22,0.07418762147,62,LOW,7,SupplyGrid-XGBoost-single-v1,0
S071,2028-06-22,0.07418762147,63,LOW,7,SupplyGrid-XGBoost-single-v1,0
S028,2028-06-22,0.07364913076,64,LOW,7,SupplyGrid-XGBoost-single-v1,0
S099,2028-06-22,0.07349845767,65,LOW,7,SupplyGrid-XGBoost-single-v1,0
S075,2028-06-22,0.07236259431,66,LOW,7,SupplyGrid-XGBoost-single-v1,0
S008,2028-06-22,0.07225767523,67,LOW,7,SupplyGrid-XGBoost-single-v1,0
S076,2028-06-22,0.07225767523,68,LOW,7,SupplyGrid-XGBoost-single-v1,1
S096,2028-06-22,0.0714956671,69,LOW,7,SupplyGrid-XGBoost-single-v1,0
S025,2028-06-22,0.07058767974,70,LOW,7,SupplyGrid-XGBoost-single-v1,0
S031,2028-06-22,0.0698511824,71,LOW,7,SupplyGrid-XGBoost-single-v1,0
S074,2028-06-22,0.06935133785,72,LOW,7,SupplyGrid-XGBoost-single-v1,0
S030,2028-06-22,0.0685178116,73,LOW,7,SupplyGrid-XGBoost-single-v1,0
S087,2028-06-22,0.06755594164,74,LOW,7,SupplyGrid-XGBoost-single-v1,0
S024,2028-06-22,0.0651717335,75,LOW,7,SupplyGrid-XGBoost-single-v1,0
S036,2028-06-22,0.06511561573,76,LOW,7,SupplyGrid-XGBoost-single-v1,0
S085,2028-06-22,0.06318031251,77,LOW,7,SupplyGrid-XGBoost-single-v1,0
S005,2028-06-22,0.06315999478,78,LOW,7,SupplyGrid-XGBoost-single-v1,0
S040,2028-06-22,0.06241763011,79,LOW,7,SupplyGrid-XGBoost-single-v1,0
S020,2028-06-22,0.06204521284,80,LOW,7,SupplyGrid-XGBoost-single-v1,0
S007,2028-06-22,0.0616704151,81,LOW,7,SupplyGrid-XGBoost-single-v1,0
S045,2028-06-22,0.06023677438,82,LOW,7,SupplyGrid-XGBoost-single-v1,0
S081,2028-06-22,0.05978031456,83,LOW,7,SupplyGrid-XGBoost-single-v1,0
S063,2028-06-22,0.05950580165,84,LOW,7,SupplyGrid-XGBoost-single-v1,0
S098,2028-06-22,0.05950580165,85,LOW,7,SupplyGrid-XGBoost-single-v1,0
S011,2028-06-22,0.0589443557,86,LOW,7,SupplyGrid-XGBoost-single-v1,0
S093,2028-06-22,0.0589443557,87,LOW,7,SupplyGrid-XGBoost-single-v1,0
S038,2028-06-22,0.05879281089,88,LOW,7,SupplyGrid-XGBoost-single-v1,0
S029,2028-06-22,0.05823766813,89,LOW,7,SupplyGrid-XGBoost-single-v1,0
S065,2028-06-22,0.05823766813,90,LOW,7,SupplyGrid-XGBoost-single-v1,0
S067,2028-06-22,0.05823766813,91,LOW,7,SupplyGrid-XGBoost-single-v1,0
S080,2028-06-22,0.05823766813,92,LOW,7,SupplyGrid-XGBoost-single-v1,1
S021,2028-06-22,0.05783374608,93,LOW,7,SupplyGrid-XGBoost-single-v1,0
S044,2028-06-22,0.05752947927,94,LOW,7,SupplyGrid-XGBoost-single-v1,0
S048,2028-06-22,0.05752947927,95,LOW,7,SupplyGrid-XGBoost-single-v1,1
S077,2028-06-23,0.1407038122,1,LOW,7,SupplyGrid-XGBoost-single-v1,1
S006,2028-06-23,0.1403691322,2,LOW,7,SupplyGrid-XGBoost-single-v1,0
S015,2028-06-23,0.1397976875,3,LOW,7,SupplyGrid-XGBoost-single-v1,0
S064,2028-06-23,0.1385418475,4,LOW,7,SupplyGrid-XGBoost-single-v1,0
S083,2028-06-23,0.138084352,5,LOW,7,SupplyGrid-XGBoost-single-v1,0
S035,2028-06-23,0.136966005,6,LOW,7,SupplyGrid-XGBoost-single-v1,0
S012,2028-06-23,0.133048892,7,LOW,7,SupplyGrid-XGBoost-single-v1,1
S002,2028-06-23,0.132490173,8,LOW,7,SupplyGrid-XGBoost-single-v1,0
S078,2028-06-23,0.1223250553,9,LOW,7,SupplyGrid-XGBoost-single-v1,0
S043,2028-06-23,0.11826206,10,LOW,7,SupplyGrid-XGBoost-single-v1,0
S022,2028-06-23,0.1169700697,11,LOW,7,SupplyGrid-XGBoost-single-v1,1
S041,2028-06-23,0.1153229848,12,LOW,7,SupplyGrid-XGBoost-single-v1,0
S073,2028-06-23,0.1149395183,13,LOW,7,SupplyGrid-XGBoost-single-v1,0
S082,2028-06-23,0.113227658,14,LOW,7,SupplyGrid-XGBoost-single-v1,0
S068,2028-06-23,0.1118650958,15,LOW,7,SupplyGrid-XGBoost-single-v1,0
S026,2028-06-23,0.1114091501,16,LOW,7,SupplyGrid-XGBoost-single-v1,0
S060,2028-06-23,0.1093053743,17,LOW,7,SupplyGrid-XGBoost-single-v1,0
S056,2028-06-23,0.1087875292,18,LOW,7,SupplyGrid-XGBoost-single-v1,1
S037,2028-06-23,0.1070748419,19,LOW,7,SupplyGrid-XGBoost-single-v1,0
S059,2028-06-23,0.1069961116,20,LOW,7,SupplyGrid-XGBoost-single-v1,0
S070,2028-06-23,0.1069926396,21,LOW,7,SupplyGrid-XGBoost-single-v1,0
S050,2028-06-23,0.1045282632,22,LOW,7,SupplyGrid-XGBoost-single-v1,0
S027,2028-06-23,0.1031216532,23,LOW,7,SupplyGrid-XGBoost-single-v1,0
S072,2028-06-23,0.1019210145,24,LOW,7,SupplyGrid-XGBoost-single-v1,1
S034,2028-06-23,0.1009732336,25,LOW,7,SupplyGrid-XGBoost-single-v1,0
S023,2028-06-23,0.1005215049,26,LOW,7,SupplyGrid-XGBoost-single-v1,0
S088,2028-06-23,0.09829846025,27,LOW,7,SupplyGrid-XGBoost-single-v1,1
S089,2028-06-23,0.09655619413,28,LOW,7,SupplyGrid-XGBoost-single-v1,0
S010,2028-06-23,0.09647976607,29,LOW,7,SupplyGrid-XGBoost-single-v1,0
S042,2028-06-23,0.09585849941,30,LOW,7,SupplyGrid-XGBoost-single-v1,0
S046,2028-06-23,0.09499049932,31,LOW,7,SupplyGrid-XGBoost-single-v1,0
S095,2028-06-23,0.09440638125,32,LOW,7,SupplyGrid-XGBoost-single-v1,0
S057,2028-06-23,0.09360592812,33,LOW,7,SupplyGrid-XGBoost-single-v1,0
S013,2028-06-23,0.09242709726,34,LOW,7,SupplyGrid-XGBoost-single-v1,0
S033,2028-06-23,0.09165657312,35,LOW,7,SupplyGrid-XGBoost-single-v1,0
S009,2028-06-23,0.09140409529,36,LOW,7,SupplyGrid-XGBoost-single-v1,0
S051,2028-06-23,0.09012641758,37,LOW,7,SupplyGrid-XGBoost-single-v1,0
S100,2028-06-23,0.089257963,38,LOW,7,SupplyGrid-XGBoost-single-v1,0
S092,2028-06-23,0.08891770244,39,LOW,7,SupplyGrid-XGBoost-single-v1,0
S047,2028-06-23,0.08866075426,40,LOW,7,SupplyGrid-XGBoost-single-v1,0
S028,2028-06-23,0.0862371102,41,LOW,7,SupplyGrid-XGBoost-single-v1,0
S090,2028-06-23,0.08599895984,42,LOW,7,SupplyGrid-XGBoost-single-v1,0
S017,2028-06-23,0.08517064899,43,LOW,7,SupplyGrid-XGBoost-single-v1,0
S001,2028-06-23,0.08494427055,44,LOW,7,SupplyGrid-XGBoost-single-v1,0
S097,2028-06-23,0.08173045516,45,LOW,7,SupplyGrid-XGBoost-single-v1,0
S018,2028-06-23,0.08132088184,46,LOW,7,SupplyGrid-XGBoost-single-v1,0
S094,2028-06-23,0.08101255447,47,LOW,7,SupplyGrid-XGBoost-single-v1,0
S061,2028-06-23,0.08086955547,48,LOW,7,SupplyGrid-XGBoost-single-v1,0
S058,2028-06-23,0.07934644818,49,LOW,7,SupplyGrid-XGBoost-single-v1,0
S003,2028-06-23,0.07924036682,50,LOW,7,SupplyGrid-XGBoost-single-v1,0
S076,2028-06-23,0.07885327935,51,LOW,7,SupplyGrid-XGBoost-single-v1,1
S052,2028-06-23,0.07885073125,52,LOW,7,SupplyGrid-XGBoost-single-v1,0
S019,2028-06-23,0.07865229994,53,LOW,7,SupplyGrid-XGBoost-single-v1,0
S039,2028-06-23,0.0783374086,54,LOW,7,SupplyGrid-XGBoost-single-v1,0
S055,2028-06-23,0.07792514563,55,LOW,7,SupplyGrid-XGBoost-single-v1,0
S062,2028-06-23,0.07792514563,56,LOW,7,SupplyGrid-XGBoost-single-v1,0
S016,2028-06-23,0.07699712366,57,LOW,7,SupplyGrid-XGBoost-single-v1,0
S014,2028-06-23,0.07418762147,58,LOW,7,SupplyGrid-XGBoost-single-v1,0
S049,2028-06-23,0.07418762147,59,LOW,7,SupplyGrid-XGBoost-single-v1,0
S071,2028-06-23,0.07418762147,60,LOW,7,SupplyGrid-XGBoost-single-v1,0
S054,2028-06-23,0.07349845767,61,LOW,7,SupplyGrid-XGBoost-single-v1,1
S099,2028-06-23,0.07349845767,62,LOW,7,SupplyGrid-XGBoost-single-v1,0
S069,2028-06-23,0.07140738517,63,LOW,7,SupplyGrid-XGBoost-single-v1,0
S045,2028-06-23,0.07126045227,64,LOW,7,SupplyGrid-XGBoost-single-v1,0
S025,2028-06-23,0.07058767974,65,LOW,7,SupplyGrid-XGBoost-single-v1,0
S096,2028-06-23,0.07040574402,66,LOW,7,SupplyGrid-XGBoost-single-v1,0
S007,2028-06-23,0.07001487911,67,LOW,7,SupplyGrid-XGBoost-single-v1,0
S031,2028-06-23,0.0698511824,68,LOW,7,SupplyGrid-XGBoost-single-v1,0
S091,2028-06-23,0.06854399294,69,LOW,7,SupplyGrid-XGBoost-single-v1,0
S065,2028-06-23,0.06773050129,70,LOW,7,SupplyGrid-XGBoost-single-v1,0
S038,2028-06-23,0.06766329706,71,LOW,7,SupplyGrid-XGBoost-single-v1,0
S087,2028-06-23,0.06755594164,72,LOW,7,SupplyGrid-XGBoost-single-v1,0
S044,2028-06-23,0.06560235471,73,LOW,7,SupplyGrid-XGBoost-single-v1,0
S085,2028-06-23,0.06318031251,74,LOW,7,SupplyGrid-XGBoost-single-v1,0
S005,2028-06-23,0.06241763011,75,LOW,7,SupplyGrid-XGBoost-single-v1,0
S040,2028-06-23,0.06179436669,76,LOW,7,SupplyGrid-XGBoost-single-v1,0
S008,2028-06-23,0.06108986586,77,LOW,7,SupplyGrid-XGBoost-single-v1,0
S020,2028-06-23,0.06108986586,78,LOW,7,SupplyGrid-XGBoost-single-v1,0
S067,2028-06-23,0.06067198887,79,LOW,7,SupplyGrid-XGBoost-single-v1,0
S024,2028-06-23,0.06035079435,80,LOW,7,SupplyGrid-XGBoost-single-v1,0
S075,2028-06-23,0.06023677438,81,LOW,7,SupplyGrid-XGBoost-single-v1,0
S081,2028-06-23,0.05978031456,82,LOW,7,SupplyGrid-XGBoost-single-v1,0
S032,2028-06-23,0.05950580165,83,LOW,7,SupplyGrid-XGBoost-single-v1,0
S063,2028-06-23,0.05950580165,84,LOW,7,SupplyGrid-XGBoost-single-v1,0
S098,2028-06-23,0.05950580165,85,LOW,7,SupplyGrid-XGBoost-single-v1,0
S011,2028-06-23,0.0589443557,86,LOW,7,SupplyGrid-XGBoost-single-v1,0
S093,2028-06-23,0.0589443557,87,LOW,7,SupplyGrid-XGBoost-single-v1,0
S029,2028-06-23,0.05823766813,88,LOW,7,SupplyGrid-XGBoost-single-v1,0
S074,2028-06-23,0.05823766813,89,LOW,7,SupplyGrid-XGBoost-single-v1,0
S080,2028-06-23,0.05823766813,90,LOW,7,SupplyGrid-XGBoost-single-v1,1
S036,2028-06-23,0.05788064748,91,LOW,7,SupplyGrid-XGBoost-single-v1,0
S021,2028-06-23,0.05783374608,92,LOW,7,SupplyGrid-XGBoost-single-v1,0
S030,2028-06-23,0.05752947927,93,LOW,7,SupplyGrid-XGBoost-single-v1,0
S048,2028-06-23,0.05752947927,94,LOW,7,SupplyGrid-XGBoost-single-v1,1
S077,2028-06-24,0.1713488549,1,HIGH,7,SupplyGrid-XGBoost-single-v1,1
S079,2028-06-24,0.1655807346,2,HIGH,7,SupplyGrid-XGBoost-single-v1,0
S086,2028-06-24,0.1624202579,3,HIGH,7,SupplyGrid-XGBoost-single-v1,0
S083,2028-06-24,0.1463543773,4,LOW,7,SupplyGrid-XGBoost-single-v1,0
S035,2028-06-24,0.136966005,5,LOW,7,SupplyGrid-XGBoost-single-v1,0
S006,2028-06-24,0.1325144768,6,LOW,7,SupplyGrid-XGBoost-single-v1,0
S015,2028-06-24,0.1318409443,7,LOW,7,SupplyGrid-XGBoost-single-v1,0
S056,2028-06-24,0.1293671131,8,LOW,7,SupplyGrid-XGBoost-single-v1,1
S078,2028-06-24,0.1268694848,9,LOW,7,SupplyGrid-XGBoost-single-v1,0
S002,2028-06-24,0.1220023632,10,LOW,7,SupplyGrid-XGBoost-single-v1,0
S072,2028-06-24,0.1201185808,11,LOW,7,SupplyGrid-XGBoost-single-v1,1
S043,2028-06-24,0.1199721992,12,LOW,7,SupplyGrid-XGBoost-single-v1,0
S012,2028-06-24,0.1190388799,13,LOW,7,SupplyGrid-XGBoost-single-v1,1
S064,2028-06-24,0.1189054325,14,LOW,7,SupplyGrid-XGBoost-single-v1,0
S041,2028-06-24,0.1153229848,15,LOW,7,SupplyGrid-XGBoost-single-v1,0
S073,2028-06-24,0.1149395183,16,LOW,7,SupplyGrid-XGBoost-single-v1,0
S068,2028-06-24,0.1118650958,17,LOW,7,SupplyGrid-XGBoost-single-v1,0
S026,2028-06-24,0.1114091501,18,LOW,7,SupplyGrid-XGBoost-single-v1,0
S004,2028-06-24,0.1110636443,19,LOW,7,SupplyGrid-XGBoost-single-v1,0
S042,2028-06-24,0.109760344,20,LOW,7,SupplyGrid-XGBoost-single-v1,0
S037,2028-06-24,0.1096840948,21,LOW,7,SupplyGrid-XGBoost-single-v1,0
S095,2028-06-24,0.1080333591,22,LOW,7,SupplyGrid-XGBoost-single-v1,0
S045,2028-06-24,0.107132636,23,LOW,7,SupplyGrid-XGBoost-single-v1,0
S070,2028-06-24,0.1069926396,24,LOW,7,SupplyGrid-XGBoost-single-v1,0
S050,2028-06-24,0.1045282632,25,LOW,7,SupplyGrid-XGBoost-single-v1,0
S019,2028-06-24,0.1025891602,26,LOW,7,SupplyGrid-XGBoost-single-v1,0
S017,2028-06-24,0.1013855785,27,LOW,7,SupplyGrid-XGBoost-single-v1,0
S034,2028-06-24,0.1009732336,28,LOW,7,SupplyGrid-XGBoost-single-v1,0
S023,2028-06-24,0.1005215049,29,LOW,7,SupplyGrid-XGBoost-single-v1,0
S060,2028-06-24,0.09868463129,30,LOW,7,SupplyGrid-XGBoost-single-v1,0
S046,2028-06-24,0.09863353521,31,LOW,7,SupplyGrid-XGBoost-single-v1,0
S088,2028-06-24,0.09754355997,32,LOW,7,SupplyGrid-XGBoost-single-v1,1
S082,2028-06-24,0.09747176617,33,LOW,7,SupplyGrid-XGBoost-single-v1,0
S022,2028-06-24,0.09680882841,34,LOW,7,SupplyGrid-XGBoost-single-v1,1
S010,2028-06-24,0.09647976607,35,LOW,7,SupplyGrid-XGBoost-single-v1,0
S047,2028-06-24,0.09557184577,36,LOW,7,SupplyGrid-XGBoost-single-v1,0
S059,2028-06-24,0.09537266195,37,LOW,7,SupplyGrid-XGBoost-single-v1,0
S027,2028-06-24,0.09436223656,38,LOW,7,SupplyGrid-XGBoost-single-v1,0
S057,2028-06-24,0.09348095208,39,LOW,7,SupplyGrid-XGBoost-single-v1,0
S039,2028-06-24,0.09204084426,40,LOW,7,SupplyGrid-XGBoost-single-v1,0
S051,2028-06-24,0.09167360514,41,LOW,7,SupplyGrid-XGBoost-single-v1,0
S033,2028-06-24,0.09165657312,42,LOW,7,SupplyGrid-XGBoost-single-v1,0
S028,2028-06-24,0.09082106501,43,LOW,7,SupplyGrid-XGBoost-single-v1,0
S100,2028-06-24,0.089257963,44,LOW,7,SupplyGrid-XGBoost-single-v1,0
S092,2028-06-24,0.08891770244,45,LOW,7,SupplyGrid-XGBoost-single-v1,0
S094,2028-06-24,0.08833119273,46,LOW,7,SupplyGrid-XGBoost-single-v1,0
S013,2028-06-24,0.0882621035,47,LOW,7,SupplyGrid-XGBoost-single-v1,0
S018,2028-06-24,0.08807195723,48,LOW,7,SupplyGrid-XGBoost-single-v1,0
S090,2028-06-24,0.08599895984,49,LOW,7,SupplyGrid-XGBoost-single-v1,0
S001,2028-06-24,0.08494427055,50,LOW,7,SupplyGrid-XGBoost-single-v1,0
S097,2028-06-24,0.08491265774,51,LOW,7,SupplyGrid-XGBoost-single-v1,0
S089,2028-06-24,0.08336112648,52,LOW,7,SupplyGrid-XGBoost-single-v1,0
S032,2028-06-24,0.08137468994,53,LOW,7,SupplyGrid-XGBoost-single-v1,0
S030,2028-06-24,0.08092647791,54,LOW,7,SupplyGrid-XGBoost-single-v1,0
S061,2028-06-24,0.07993681729,55,LOW,7,SupplyGrid-XGBoost-single-v1,0
S076,2028-06-24,0.07885327935,56,LOW,7,SupplyGrid-XGBoost-single-v1,1
S052,2028-06-24,0.07885073125,57,LOW,7,SupplyGrid-XGBoost-single-v1,0
S003,2028-06-24,0.07846319675,58,LOW,7,SupplyGrid-XGBoost-single-v1,0
S055,2028-06-24,0.07792514563,59,LOW,7,SupplyGrid-XGBoost-single-v1,0
S062,2028-06-24,0.07792514563,60,LOW,7,SupplyGrid-XGBoost-single-v1,0
S075,2028-06-24,0.07777266949,61,LOW,7,SupplyGrid-XGBoost-single-v1,0
S058,2028-06-24,0.0771920532,62,LOW,7,SupplyGrid-XGBoost-single-v1,0
S016,2028-06-24,0.07699712366,63,LOW,7,SupplyGrid-XGBoost-single-v1,0
S065,2028-06-24,0.07639676332,64,LOW,7,SupplyGrid-XGBoost-single-v1,0
S014,2028-06-24,0.07418762147,65,LOW,7,SupplyGrid-XGBoost-single-v1,0
S054,2028-06-24,0.07349845767,66,LOW,7,SupplyGrid-XGBoost-single-v1,1
S099,2028-06-24,0.07349845767,67,LOW,7,SupplyGrid-XGBoost-single-v1,0
S020,2028-06-24,0.07211113721,68,LOW,7,SupplyGrid-XGBoost-single-v1,0
S069,2028-06-24,0.07140738517,69,LOW,7,SupplyGrid-XGBoost-single-v1,0
S009,2028-06-24,0.07103135437,70,LOW,7,SupplyGrid-XGBoost-single-v1,0
S025,2028-06-24,0.07058767974,71,LOW,7,SupplyGrid-XGBoost-single-v1,0
S031,2028-06-24,0.0698511824,72,LOW,7,SupplyGrid-XGBoost-single-v1,0
S063,2028-06-24,0.06919015199,73,LOW,7,SupplyGrid-XGBoost-single-v1,0
S091,2028-06-24,0.06854399294,74,LOW,7,SupplyGrid-XGBoost-single-v1,0
S087,2028-06-24,0.06755594164,75,LOW,7,SupplyGrid-XGBoost-single-v1,0
S038,2028-06-24,0.0639667064,76,LOW,7,SupplyGrid-XGBoost-single-v1,0
S085,2028-06-24,0.06318031251,77,LOW,7,SupplyGrid-XGBoost-single-v1,0
S040,2028-06-24,0.06275998801,78,LOW,7,SupplyGrid-XGBoost-single-v1,0
S048,2028-06-24,0.06259957701,79,LOW,7,SupplyGrid-XGBoost-single-v1,1
S005,2028-06-24,0.06179436669,80,LOW,7,SupplyGrid-XGBoost-single-v1,0
S007,2028-06-24,0.06108986586,81,LOW,7,SupplyGrid-XGBoost-single-v1,0
S008,2028-06-24,0.06108986586,82,LOW,7,SupplyGrid-XGBoost-single-v1,0
S049,2028-06-24,0.06107018143,83,LOW,7,SupplyGrid-XGBoost-single-v1,0
S071,2028-06-24,0.06107018143,84,LOW,7,SupplyGrid-XGBoost-single-v1,0
S081,2028-06-24,0.05978031456,85,LOW,7,SupplyGrid-XGBoost-single-v1,0
S024,2028-06-24,0.05974685773,86,LOW,7,SupplyGrid-XGBoost-single-v1,0
S096,2028-06-24,0.05950580165,87,LOW,7,SupplyGrid-XGBoost-single-v1,0
S098,2028-06-24,0.05950580165,88,LOW,7,SupplyGrid-XGBoost-single-v1,0
S067,2028-06-24,0.05915120244,89,LOW,7,SupplyGrid-XGBoost-single-v1,0
S011,2028-06-24,0.0589443557,90,LOW,7,SupplyGrid-XGBoost-single-v1,0
S093,2028-06-24,0.0589443557,91,LOW,7,SupplyGrid-XGBoost-single-v1,0
S029,2028-06-24,0.05823766813,92,LOW,7,SupplyGrid-XGBoost-single-v1,0
S074,2028-06-24,0.05823766813,93,LOW,7,SupplyGrid-XGBoost-single-v1,0
S080,2028-06-24,0.05823766813,94,LOW,7,SupplyGrid-XGBoost-single-v1,1
S021,2028-06-24,0.05783374608,95,LOW,7,SupplyGrid-XGBoost-single-v1,0
S036,2028-06-24,0.0569855459,96,LOW,7,SupplyGrid-XGBoost-single-v1,0
S044,2028-06-24,0.0569855459,97,LOW,7,SupplyGrid-XGBoost-single-v1,0
S086,2028-06-25,0.1718572378,1,HIGH,7,SupplyGrid-XGBoost-single-v1,0
S079,2028-06-25,0.1655807346,2,HIGH,7,SupplyGrid-XGBoost-single-v1,0
S083,2028-06-25,0.1651100814,3,HIGH,7,SupplyGrid-XGBoost-single-v1,0
S035,2028-06-25,0.1503988951,4,HIGH,7,SupplyGrid-XGBoost-single-v1,0
S002,2028-06-25,0.132490173,5,LOW,7,SupplyGrid-XGBoost-single-v1,0
S006,2028-06-25,0.1302793175,6,LOW,7,SupplyGrid-XGBoost-single-v1,0
S056,2028-06-25,0.1293671131,7,LOW,7,SupplyGrid-XGBoost-single-v1,1
S041,2028-06-25,0.1224235147,8,LOW,7,SupplyGrid-XGBoost-single-v1,0
S095,2028-06-25,0.1206129119,9,LOW,7,SupplyGrid-XGBoost-single-v1,0
S078,2028-06-25,0.1203573421,10,LOW,7,SupplyGrid-XGBoost-single-v1,0
S037,2028-06-25,0.1196778566,11,LOW,7,SupplyGrid-XGBoost-single-v1,0
S015,2028-06-25,0.119414404,12,LOW,7,SupplyGrid-XGBoost-single-v1,0
S072,2028-06-25,0.1181815565,13,LOW,7,SupplyGrid-XGBoost-single-v1,1
S017,2028-06-25,0.1151558235,14,LOW,7,SupplyGrid-XGBoost-single-v1,0
S073,2028-06-25,0.1149395183,15,LOW,7,SupplyGrid-XGBoost-single-v1,0
S026,2028-06-25,0.1114091501,16,LOW,7,SupplyGrid-XGBoost-single-v1,0
S070,2028-06-25,0.111224182,17,LOW,7,SupplyGrid-XGBoost-single-v1,0
S004,2028-06-25,0.1110636443,18,LOW,7,SupplyGrid-XGBoost-single-v1,0
S043,2028-06-25,0.107718654,19,LOW,7,SupplyGrid-XGBoost-single-v1,0
S046,2028-06-25,0.1062313914,20,LOW,7,SupplyGrid-XGBoost-single-v1,0
S064,2028-06-25,0.1061420143,21,LOW,7,SupplyGrid-XGBoost-single-v1,0
S050,2028-06-25,0.105475232,22,LOW,7,SupplyGrid-XGBoost-single-v1,0
S022,2028-06-25,0.1054215729,23,LOW,7,SupplyGrid-XGBoost-single-v1,1
S082,2028-06-25,0.1029482186,24,LOW,7,SupplyGrid-XGBoost-single-v1,0
S068,2028-06-25,0.1028164551,25,LOW,7,SupplyGrid-XGBoost-single-v1,0
S053,2028-06-25,0.1020723805,26,LOW,7,SupplyGrid-XGBoost-single-v1,0
S023,2028-06-25,0.1005215049,27,LOW,7,SupplyGrid-XGBoost-single-v1,0
S088,2028-06-25,0.09994655848,28,LOW,7,SupplyGrid-XGBoost-single-v1,1
S094,2028-06-25,0.09919060022,29,LOW,7,SupplyGrid-XGBoost-single-v1,0
S059,2028-06-25,0.09707578272,30,LOW,7,SupplyGrid-XGBoost-single-v1,0
S047,2028-06-25,0.09698996693,31,LOW,7,SupplyGrid-XGBoost-single-v1,0
S010,2028-06-25,0.09647976607,32,LOW,7,SupplyGrid-XGBoost-single-v1,0
S042,2028-06-25,0.09587900341,33,LOW,7,SupplyGrid-XGBoost-single-v1,0
S045,2028-06-25,0.09421964735,34,LOW,7,SupplyGrid-XGBoost-single-v1,0
S057,2028-06-25,0.09416307509,35,LOW,7,SupplyGrid-XGBoost-single-v1,0
S034,2028-06-25,0.09411393851,36,LOW,7,SupplyGrid-XGBoost-single-v1,0
S027,2028-06-25,0.09207977355,37,LOW,7,SupplyGrid-XGBoost-single-v1,0
S090,2028-06-25,0.09193944931,38,LOW,7,SupplyGrid-XGBoost-single-v1,0
S051,2028-06-25,0.09167360514,39,LOW,7,SupplyGrid-XGBoost-single-v1,0
S013,2028-06-25,0.09031929821,40,LOW,7,SupplyGrid-XGBoost-single-v1,0
S028,2028-06-25,0.08930851519,41,LOW,7,SupplyGrid-XGBoost-single-v1,0
S092,2028-06-25,0.08891770244,42,LOW,7,SupplyGrid-XGBoost-single-v1,0
S001,2028-06-25,0.08494427055,43,LOW,7,SupplyGrid-XGBoost-single-v1,0
S033,2028-06-25,0.08472309262,44,LOW,7,SupplyGrid-XGBoost-single-v1,0
S054,2028-06-25,0.08457265049,45,LOW,7,SupplyGrid-XGBoost-single-v1,1
S084,2028-06-25,0.08455184102,46,LOW,7,SupplyGrid-XGBoost-single-v1,0
S060,2028-06-25,0.08249688148,47,LOW,7,SupplyGrid-XGBoost-single-v1,0
S019,2028-06-25,0.08186573535,48,LOW,7,SupplyGrid-XGBoost-single-v1,0
S009,2028-06-25,0.08158832788,49,LOW,7,SupplyGrid-XGBoost-single-v1,0
S089,2028-06-25,0.08132088184,50,LOW,7,SupplyGrid-XGBoost-single-v1,0
S097,2028-06-25,0.0803559348,51,LOW,7,SupplyGrid-XGBoost-single-v1,0
S061,2028-06-25,0.07915338874,52,LOW,7,SupplyGrid-XGBoost-single-v1,0
S065,2028-06-25,0.07913297415,53,LOW,7,SupplyGrid-XGBoost-single-v1,0
S052,2028-06-25,0.07885073125,54,LOW,7,SupplyGrid-XGBoost-single-v1,0
S030,2028-06-25,0.07873284817,55,LOW,7,SupplyGrid-XGBoost-single-v1,0
S018,2028-06-25,0.07832401246,56,LOW,7,SupplyGrid-XGBoost-single-v1,0
S039,2028-06-25,0.07798944414,57,LOW,7,SupplyGrid-XGBoost-single-v1,0
S055,2028-06-25,0.07792514563,58,LOW,7,SupplyGrid-XGBoost-single-v1,0
S062,2028-06-25,0.07792514563,59,LOW,7,SupplyGrid-XGBoost-single-v1,0
S016,2028-06-25,0.07699712366,60,LOW,7,SupplyGrid-XGBoost-single-v1,0
S100,2028-06-25,0.07699712366,61,LOW,7,SupplyGrid-XGBoost-single-v1,0
S091,2028-06-25,0.07613448799,62,LOW,7,SupplyGrid-XGBoost-single-v1,0
S029,2028-06-25,0.07523819059,63,LOW,7,SupplyGrid-XGBoost-single-v1,0
S048,2028-06-25,0.07433958352,64,LOW,7,SupplyGrid-XGBoost-single-v1,1
S014,2028-06-25,0.07418762147,65,LOW,7,SupplyGrid-XGBoost-single-v1,0
S099,2028-06-25,0.07349845767,66,LOW,7,SupplyGrid-XGBoost-single-v1,0
S058,2028-06-25,0.0730156526,67,LOW,7,SupplyGrid-XGBoost-single-v1,0
S032,2028-06-25,0.07084325701,68,LOW,7,SupplyGrid-XGBoost-single-v1,0
S025,2028-06-25,0.07058767974,69,LOW,7,SupplyGrid-XGBoost-single-v1,0
S031,2028-06-25,0.0698511824,70,LOW,7,SupplyGrid-XGBoost-single-v1,0
S038,2028-06-25,0.06957180053,71,LOW,7,SupplyGrid-XGBoost-single-v1,0
S096,2028-06-25,0.06847604364,72,LOW,7,SupplyGrid-XGBoost-single-v1,0
S087,2028-06-25,0.06755594164,73,LOW,7,SupplyGrid-XGBoost-single-v1,0
S036,2028-06-25,0.06628862768,74,LOW,7,SupplyGrid-XGBoost-single-v1,0
S003,2028-06-25,0.06599289924,75,LOW,7,SupplyGrid-XGBoost-single-v1,0
S085,2028-06-25,0.06318031251,76,LOW,7,SupplyGrid-XGBoost-single-v1,0
S005,2028-06-25,0.06179436669,77,LOW,7,SupplyGrid-XGBoost-single-v1,0
S040,2028-06-25,0.06176098436,78,LOW,7,SupplyGrid-XGBoost-single-v1,0
S007,2028-06-25,0.06108986586,79,LOW,7,SupplyGrid-XGBoost-single-v1,0
S008,2028-06-25,0.06108986586,80,LOW,7,SupplyGrid-XGBoost-single-v1,0
S020,2028-06-25,0.06108986586,81,LOW,7,SupplyGrid-XGBoost-single-v1,0
S069,2028-06-25,0.06108986586,82,LOW,7,SupplyGrid-XGBoost-single-v1,0
S049,2028-06-25,0.06035079435,83,LOW,7,SupplyGrid-XGBoost-single-v1,0
S071,2028-06-25,0.06035079435,84,LOW,7,SupplyGrid-XGBoost-single-v1,0
S075,2028-06-25,0.06023677438,85,LOW,7,SupplyGrid-XGBoost-single-v1,0
S081,2028-06-25,0.05978031456,86,LOW,7,SupplyGrid-XGBoost-single-v1,0
S024,2028-06-25,0.05974685773,87,LOW,7,SupplyGrid-XGBoost-single-v1,0
S063,2028-06-25,0.05950580165,88,LOW,7,SupplyGrid-XGBoost-single-v1,0
S098,2028-06-25,0.05950580165,89,LOW,7,SupplyGrid-XGBoost-single-v1,0
S067,2028-06-25,0.05915120244,90,LOW,7,SupplyGrid-XGBoost-single-v1,0
S074,2028-06-25,0.05915120244,91,LOW,7,SupplyGrid-XGBoost-single-v1,0
S011,2028-06-25,0.0589443557,92,LOW,7,SupplyGrid-XGBoost-single-v1,0
S093,2028-06-25,0.0589443557,93,LOW,7,SupplyGrid-XGBoost-single-v1,0
S021,2028-06-25,0.05783374608,94,LOW,7,SupplyGrid-XGBoost-single-v1,0
S044,2028-06-25,0.0569855459,95,LOW,7,SupplyGrid-XGBoost-single-v1,0
S086,2028-06-26,0.1744999737,1,HIGH,7,SupplyGrid-XGBoost-single-v1,0
S079,2028-06-26,0.1655807346,2,HIGH,7,SupplyGrid-XGBoost-single-v1,0
S035,2028-06-26,0.1441341788,3,LOW,7,SupplyGrid-XGBoost-single-v1,0
S002,2028-06-26,0.1427230984,4,LOW,7,SupplyGrid-XGBoost-single-v1,0
S073,2028-06-26,0.1381614953,5,LOW,7,SupplyGrid-XGBoost-single-v1,0
S015,2028-06-26,0.1318409443,6,LOW,7,SupplyGrid-XGBoost-single-v1,0
S082,2028-06-26,0.128135249,7,LOW,7,SupplyGrid-XGBoost-single-v1,1
S083,2028-06-26,0.1241536289,8,LOW,7,SupplyGrid-XGBoost-single-v1,0
S078,2028-06-26,0.1223250553,9,LOW,7,SupplyGrid-XGBoost-single-v1,0
S070,2028-06-26,0.1213391721,10,LOW,7,SupplyGrid-XGBoost-single-v1,0
S037,2028-06-26,0.1196778566,11,LOW,7,SupplyGrid-XGBoost-single-v1,1
S072,2028-06-26,0.1181815565,12,LOW,7,SupplyGrid-XGBoost-single-v1,1
S006,2028-06-26,0.1168255508,13,LOW,7,SupplyGrid-XGBoost-single-v1,0
S041,2028-06-26,0.1116326302,14,LOW,7,SupplyGrid-XGBoost-single-v1,0
S026,2028-06-26,0.1114091501,15,LOW,7,SupplyGrid-XGBoost-single-v1,0
S004,2028-06-26,0.1110636443,16,LOW,7,SupplyGrid-XGBoost-single-v1,0
S095,2028-06-26,0.1109450683,17,LOW,7,SupplyGrid-XGBoost-single-v1,0
S056,2028-06-26,0.1107824072,18,LOW,7,SupplyGrid-XGBoost-single-v1,1
S057,2028-06-26,0.1107520908,19,LOW,7,SupplyGrid-XGBoost-single-v1,0
S017,2028-06-26,0.1093806326,20,LOW,7,SupplyGrid-XGBoost-single-v1,0
S094,2028-06-26,0.1068262383,21,LOW,7,SupplyGrid-XGBoost-single-v1,0
S046,2028-06-26,0.1062313914,22,LOW,7,SupplyGrid-XGBoost-single-v1,0
S064,2028-06-26,0.1061420143,23,LOW,7,SupplyGrid-XGBoost-single-v1,0
S043,2028-06-26,0.1058989763,24,LOW,7,SupplyGrid-XGBoost-single-v1,0
S050,2028-06-26,0.105475232,25,LOW,7,SupplyGrid-XGBoost-single-v1,0
S042,2028-06-26,0.1026886329,26,LOW,7,SupplyGrid-XGBoost-single-v1,0
S053,2028-06-26,0.1020723805,27,LOW,7,SupplyGrid-XGBoost-single-v1,1
S034,2028-06-26,0.1009732336,28,LOW,7,SupplyGrid-XGBoost-single-v1,0
S023,2028-06-26,0.1005215049,29,LOW,7,SupplyGrid-XGBoost-single-v1,0
S051,2028-06-26,0.09985072166,30,LOW,7,SupplyGrid-XGBoost-single-v1,0
S088,2028-06-26,0.09754355997,31,LOW,7,SupplyGrid-XGBoost-single-v1,1
S059,2028-06-26,0.09707578272,32,LOW,7,SupplyGrid-XGBoost-single-v1,0
S010,2028-06-26,0.09647976607,33,LOW,7,SupplyGrid-XGBoost-single-v1,0
S028,2028-06-26,0.09432086349,34,LOW,7,SupplyGrid-XGBoost-single-v1,0
S045,2028-06-26,0.09421964735,35,LOW,7,SupplyGrid-XGBoost-single-v1,0
S013,2028-06-26,0.09242709726,36,LOW,7,SupplyGrid-XGBoost-single-v1,0
S027,2028-06-26,0.09072621912,37,LOW,7,SupplyGrid-XGBoost-single-v1,0
S019,2028-06-26,0.08957990259,38,LOW,7,SupplyGrid-XGBoost-single-v1,0
S092,2028-06-26,0.08891770244,39,LOW,7,SupplyGrid-XGBoost-single-v1,0
S047,2028-06-26,0.08817246556,40,LOW,7,SupplyGrid-XGBoost-single-v1,0
S054,2028-06-26,0.08725454658,41,LOW,7,SupplyGrid-XGBoost-single-v1,1
S090,2028-06-26,0.08599895984,42,LOW,7,SupplyGrid-XGBoost-single-v1,0
S001,2028-06-26,0.08494427055,43,LOW,7,SupplyGrid-XGBoost-single-v1,0
S033,2028-06-26,0.08472309262,44,LOW,7,SupplyGrid-XGBoost-single-v1,0
S084,2028-06-26,0.08455184102,45,LOW,7,SupplyGrid-XGBoost-single-v1,0
S066,2028-06-26,0.08278369159,46,LOW,7,SupplyGrid-XGBoost-single-v1,0
S060,2028-06-26,0.08249688148,47,LOW,7,SupplyGrid-XGBoost-single-v1,0
S089,2028-06-26,0.08132088184,48,LOW,7,SupplyGrid-XGBoost-single-v1,0
S061,2028-06-26,0.07915338874,49,LOW,7,SupplyGrid-XGBoost-single-v1,0
S052,2028-06-26,0.07885073125,50,LOW,7,SupplyGrid-XGBoost-single-v1,0
S030,2028-06-26,0.07873284817,51,LOW,7,SupplyGrid-XGBoost-single-v1,0
S058,2028-06-26,0.07798944414,52,LOW,7,SupplyGrid-XGBoost-single-v1,0
S055,2028-06-26,0.07792514563,53,LOW,7,SupplyGrid-XGBoost-single-v1,0
S062,2028-06-26,0.07792514563,54,LOW,7,SupplyGrid-XGBoost-single-v1,0
S068,2028-06-26,0.07786868513,55,LOW,7,SupplyGrid-XGBoost-single-v1,0
S016,2028-06-26,0.07699712366,56,LOW,7,SupplyGrid-XGBoost-single-v1,0
S100,2028-06-26,0.07699712366,57,LOW,7,SupplyGrid-XGBoost-single-v1,0
S018,2028-06-26,0.07639676332,58,LOW,7,SupplyGrid-XGBoost-single-v1,0
S091,2028-06-26,0.07613448799,59,LOW,7,SupplyGrid-XGBoost-single-v1,0
S097,2028-06-26,0.07548544556,60,LOW,7,SupplyGrid-XGBoost-single-v1,0
S029,2028-06-26,0.07523819059,61,LOW,7,SupplyGrid-XGBoost-single-v1,1
S085,2028-06-26,0.07469986379,62,LOW,7,SupplyGrid-XGBoost-single-v1,0
S014,2028-06-26,0.07418762147,63,LOW,7,SupplyGrid-XGBoost-single-v1,0
S099,2028-06-26,0.07349845767,64,LOW,7,SupplyGrid-XGBoost-single-v1,0
S003,2028-06-26,0.0721719265,65,LOW,7,SupplyGrid-XGBoost-single-v1,0
S075,2028-06-26,0.07126045227,66,LOW,7,SupplyGrid-XGBoost-single-v1,0
S009,2028-06-26,0.07103135437,67,LOW,7,SupplyGrid-XGBoost-single-v1,0
S020,2028-06-26,0.07101255655,68,LOW,7,SupplyGrid-XGBoost-single-v1,0
S032,2028-06-26,0.07084325701,69,LOW,7,SupplyGrid-XGBoost-single-v1,0
S025,2028-06-26,0.07058767974,70,LOW,7,SupplyGrid-XGBoost-single-v1,0
S063,2028-06-26,0.07040574402,71,LOW,7,SupplyGrid-XGBoost-single-v1,0
S096,2028-06-26,0.07040574402,72,LOW,7,SupplyGrid-XGBoost-single-v1,0
S031,2028-06-26,0.0698511824,73,LOW,7,SupplyGrid-XGBoost-single-v1,0
S038,2028-06-26,0.06957180053,74,LOW,7,SupplyGrid-XGBoost-single-v1,0
S087,2028-06-26,0.06755594164,75,LOW,7,SupplyGrid-XGBoost-single-v1,0
S039,2028-06-26,0.06716234982,76,LOW,7,SupplyGrid-XGBoost-single-v1,0
S007,2028-06-26,0.06108986586,77,LOW,7,SupplyGrid-XGBoost-single-v1,0
S008,2028-06-26,0.06108986586,78,LOW,7,SupplyGrid-XGBoost-single-v1,0
S069,2028-06-26,0.06108986586,79,LOW,7,SupplyGrid-XGBoost-single-v1,0
S005,2028-06-26,0.06080974638,80,LOW,7,SupplyGrid-XGBoost-single-v1,0
S040,2028-06-26,0.06080974638,81,LOW,7,SupplyGrid-XGBoost-single-v1,0
S067,2028-06-26,0.06067198887,82,LOW,7,SupplyGrid-XGBoost-single-v1,0
S081,2028-06-26,0.05978031456,83,LOW,7,SupplyGrid-XGBoost-single-v1,0
S049,2028-06-26,0.05974685773,84,LOW,7,SupplyGrid-XGBoost-single-v1,0
S071,2028-06-26,0.05974685773,85,LOW,7,SupplyGrid-XGBoost-single-v1,0
S098,2028-06-26,0.05950580165,86,LOW,7,SupplyGrid-XGBoost-single-v1,0
S065,2028-06-26,0.05915120244,87,LOW,7,SupplyGrid-XGBoost-single-v1,0
S074,2028-06-26,0.05915120244,88,LOW,7,SupplyGrid-XGBoost-single-v1,0
S011,2028-06-26,0.0589443557,89,LOW,7,SupplyGrid-XGBoost-single-v1,0
S093,2028-06-26,0.0589443557,90,LOW,7,SupplyGrid-XGBoost-single-v1,0
S024,2028-06-26,0.05879281089,91,LOW,7,SupplyGrid-XGBoost-single-v1,0
S021,2028-06-26,0.05783374608,92,LOW,7,SupplyGrid-XGBoost-single-v1,0
S036,2028-06-26,0.0569855459,93,LOW,7,SupplyGrid-XGBoost-single-v1,0
S044,2028-06-26,0.0569855459,94,LOW,7,SupplyGrid-XGBoost-single-v1,0
S079,2028-06-27,0.1890580356,1,HIGH,7,SupplyGrid-XGBoost-single-v1,0
S086,2028-06-27,0.1499729156,2,LOW,7,SupplyGrid-XGBoost-single-v1,0
S035,2028-06-27,0.1390698701,3,LOW,7,SupplyGrid-XGBoost-single-v1,0
S073,2028-06-27,0.1240107641,4,LOW,7,SupplyGrid-XGBoost-single-v1,0
S046,2028-06-27,0.1231851503,5,LOW,7,SupplyGrid-XGBoost-single-v1,0
S041,2028-06-27,0.1225064993,6,LOW,7,SupplyGrid-XGBoost-single-v1,0
S082,2028-06-27,0.1224226579,7,LOW,7,SupplyGrid-XGBoost-single-v1,1
S070,2028-06-27,0.1213391721,8,LOW,7,SupplyGrid-XGBoost-single-v1,0
S037,2028-06-27,0.1196778566,9,LOW,7,SupplyGrid-XGBoost-single-v1,1
S002,2028-06-27,0.1170007586,10,LOW,7,SupplyGrid-XGBoost-single-v1,0
S064,2028-06-27,0.1146088392,11,LOW,7,SupplyGrid-XGBoost-single-v1,0
S078,2028-06-27,0.1133611724,12,LOW,7,SupplyGrid-XGBoost-single-v1,0
S076,2028-06-27,0.1123522818,13,LOW,7,SupplyGrid-XGBoost-single-v1,0
S026,2028-06-27,0.1114091501,14,LOW,7,SupplyGrid-XGBoost-single-v1,0
S004,2028-06-27,0.1110636443,15,LOW,7,SupplyGrid-XGBoost-single-v1,0
S042,2028-06-27,0.109760344,16,LOW,7,SupplyGrid-XGBoost-single-v1,0
S017,2028-06-27,0.108157739,17,LOW,7,SupplyGrid-XGBoost-single-v1,0
S095,2028-06-27,0.1079235002,18,LOW,7,SupplyGrid-XGBoost-single-v1,0
S006,2028-06-27,0.1073148549,19,LOW,7,SupplyGrid-XGBoost-single-v1,0
S050,2028-06-27,0.105475232,20,LOW,7,SupplyGrid-XGBoost-single-v1,0
S083,2028-06-27,0.1046085358,21,LOW,7,SupplyGrid-XGBoost-single-v1,0
S056,2028-06-27,0.1042768583,22,LOW,7,SupplyGrid-XGBoost-single-v1,1
S043,2028-06-27,0.1041640863,23,LOW,7,SupplyGrid-XGBoost-single-v1,0
S015,2028-06-27,0.1034818813,24,LOW,7,SupplyGrid-XGBoost-single-v1,0
S053,2028-06-27,0.1020723805,25,LOW,7,SupplyGrid-XGBoost-single-v1,1
S023,2028-06-27,0.1005215049,26,LOW,7,SupplyGrid-XGBoost-single-v1,0
S088,2028-06-27,0.09829846025,27,LOW,7,SupplyGrid-XGBoost-single-v1,1
S094,2028-06-27,0.09719003737,28,LOW,7,SupplyGrid-XGBoost-single-v1,0
S010,2028-06-27,0.09647976607,29,LOW,7,SupplyGrid-XGBoost-single-v1,0
S059,2028-06-27,0.09537266195,30,LOW,7,SupplyGrid-XGBoost-single-v1,0
S028,2028-06-27,0.09432086349,31,LOW,7,SupplyGrid-XGBoost-single-v1,0
S045,2028-06-27,0.09421964735,32,LOW,7,SupplyGrid-XGBoost-single-v1,0
S013,2028-06-27,0.09242709726,33,LOW,7,SupplyGrid-XGBoost-single-v1,0
S033,2028-06-27,0.09165657312,34,LOW,7,SupplyGrid-XGBoost-single-v1,0
S027,2028-06-27,0.09072621912,35,LOW,7,SupplyGrid-XGBoost-single-v1,0
S092,2028-06-27,0.08891770244,36,LOW,7,SupplyGrid-XGBoost-single-v1,0
S047,2028-06-27,0.0888119638,37,LOW,7,SupplyGrid-XGBoost-single-v1,0
S099,2028-06-27,0.08672513813,38,LOW,7,SupplyGrid-XGBoost-single-v1,0
S058,2028-06-27,0.08652875572,39,LOW,7,SupplyGrid-XGBoost-single-v1,0
S090,2028-06-27,0.08599895984,40,LOW,7,SupplyGrid-XGBoost-single-v1,0
S029,2028-06-27,0.08573558927,41,LOW,7,SupplyGrid-XGBoost-single-v1,1
S075,2028-06-27,0.08567206562,42,LOW,7,SupplyGrid-XGBoost-single-v1,0
S001,2028-06-27,0.08494427055,43,LOW,7,SupplyGrid-XGBoost-single-v1,0
S084,2028-06-27,0.08455184102,44,LOW,7,SupplyGrid-XGBoost-single-v1,0
S009,2028-06-27,0.08385429531,45,LOW,7,SupplyGrid-XGBoost-single-v1,0
S085,2028-06-27,0.08383043855,46,LOW,7,SupplyGrid-XGBoost-single-v1,0
S060,2028-06-27,0.08375714719,47,LOW,7,SupplyGrid-XGBoost-single-v1,0
S066,2028-06-27,0.08278369159,48,LOW,7,SupplyGrid-XGBoost-single-v1,0
S051,2028-06-27,0.08260052651,49,LOW,7,SupplyGrid-XGBoost-single-v1,0
S089,2028-06-27,0.08132088184,50,LOW,7,SupplyGrid-XGBoost-single-v1,0
S100,2028-06-27,0.08014883846,51,LOW,7,SupplyGrid-XGBoost-single-v1,0
S019,2028-06-27,0.07985890657,52,LOW,7,SupplyGrid-XGBoost-single-v1,0
S034,2028-06-27,0.07985890657,53,LOW,7,SupplyGrid-XGBoost-single-v1,0
S052,2028-06-27,0.07885073125,54,LOW,7,SupplyGrid-XGBoost-single-v1,0
S057,2028-06-27,0.07865229994,55,LOW,7,SupplyGrid-XGBoost-single-v1,0
S055,2028-06-27,0.07792514563,56,LOW,7,SupplyGrid-XGBoost-single-v1,0
S062,2028-06-27,0.07792514563,57,LOW,7,SupplyGrid-XGBoost-single-v1,0
S068,2028-06-27,0.07786868513,58,LOW,7,SupplyGrid-XGBoost-single-v1,0
S054,2028-06-27,0.07731071115,59,LOW,7,SupplyGrid-XGBoost-single-v1,1
S016,2028-06-27,0.07699712366,60,LOW,7,SupplyGrid-XGBoost-single-v1,0
S014,2028-06-27,0.07418762147,61,LOW,7,SupplyGrid-XGBoost-single-v1,0
S065,2028-06-27,0.07347697765,62,LOW,7,SupplyGrid-XGBoost-single-v1,0
S020,2028-06-27,0.07225767523,63,LOW,7,SupplyGrid-XGBoost-single-v1,0
S069,2028-06-27,0.07225767523,64,LOW,7,SupplyGrid-XGBoost-single-v1,0
S007,2028-06-27,0.07101255655,65,LOW,7,SupplyGrid-XGBoost-single-v1,0
S025,2028-06-27,0.07058767974,66,LOW,7,SupplyGrid-XGBoost-single-v1,0
S063,2028-06-27,0.07040574402,67,LOW,7,SupplyGrid-XGBoost-single-v1,0
S008,2028-06-27,0.07028105855,68,LOW,7,SupplyGrid-XGBoost-single-v1,0
S061,2028-06-27,0.07016059011,69,LOW,7,SupplyGrid-XGBoost-single-v1,0
S018,2028-06-27,0.06999102235,70,LOW,7,SupplyGrid-XGBoost-single-v1,0
S031,2028-06-27,0.0698511824,71,LOW,7,SupplyGrid-XGBoost-single-v1,0
S091,2028-06-27,0.06974907219,72,LOW,7,SupplyGrid-XGBoost-single-v1,0
S098,2028-06-27,0.06919015199,73,LOW,7,SupplyGrid-XGBoost-single-v1,0
S097,2028-06-27,0.06915039569,74,LOW,7,SupplyGrid-XGBoost-single-v1,0
S030,2028-06-27,0.0685178116,75,LOW,7,SupplyGrid-XGBoost-single-v1,0
S011,2028-06-27,0.06783606112,76,LOW,7,SupplyGrid-XGBoost-single-v1,0
S087,2028-06-27,0.06755594164,77,LOW,7,SupplyGrid-XGBoost-single-v1,0
S003,2028-06-27,0.0673019588,78,LOW,7,SupplyGrid-XGBoost-single-v1,0
S038,2028-06-27,0.0639667064,79,LOW,7,SupplyGrid-XGBoost-single-v1,0
S005,2028-06-27,0.06080974638,80,LOW,7,SupplyGrid-XGBoost-single-v1,0
S040,2028-06-27,0.06080974638,81,LOW,7,SupplyGrid-XGBoost-single-v1,0
S081,2028-06-27,0.05978031456,82,LOW,7,SupplyGrid-XGBoost-single-v1,0
S049,2028-06-27,0.05974685773,83,LOW,7,SupplyGrid-XGBoost-single-v1,0
S071,2028-06-27,0.05974685773,84,LOW,7,SupplyGrid-XGBoost-single-v1,0
S039,2028-06-27,0.05971450731,85,LOW,7,SupplyGrid-XGBoost-single-v1,0
S032,2028-06-27,0.05950580165,86,LOW,7,SupplyGrid-XGBoost-single-v1,0
S096,2028-06-27,0.05950580165,87,LOW,7,SupplyGrid-XGBoost-single-v1,0
S067,2028-06-27,0.05915120244,88,LOW,7,SupplyGrid-XGBoost-single-v1,0
S093,2028-06-27,0.0589443557,89,LOW,7,SupplyGrid-XGBoost-single-v1,0
S024,2028-06-27,0.05879281089,90,LOW,7,SupplyGrid-XGBoost-single-v1,0
S074,2028-06-27,0.05823766813,91,LOW,7,SupplyGrid-XGBoost-single-v1,0
S021,2028-06-27,0.05783374608,92,LOW,7,SupplyGrid-XGBoost-single-v1,0
S036,2028-06-27,0.0569855459,93,LOW,7,SupplyGrid-XGBoost-single-v1,0
S044,2028-06-27,0.0569855459,94,LOW,7,SupplyGrid-XGBoost-single-v1,0
S079,2028-06-28,0.1873557568,1,HIGH,7,SupplyGrid-XGBoost-single-v1,0
S086,2028-06-28,0.1476016641,2,LOW,7,SupplyGrid-XGBoost-single-v1,0
S012,2028-06-28,0.1424164623,3,LOW,7,SupplyGrid-XGBoost-single-v1,0
S041,2028-06-28,0.1396475434,4,LOW,7,SupplyGrid-XGBoost-single-v1,0
S035,2028-06-28,0.1390698701,5,LOW,7,SupplyGrid-XGBoost-single-v1,0
S073,2028-06-28,0.1286086142,6,LOW,7,SupplyGrid-XGBoost-single-v1,0
S046,2028-06-28,0.1261315346,7,LOW,7,SupplyGrid-XGBoost-single-v1,0
S076,2028-06-28,0.1232943758,8,LOW,7,SupplyGrid-XGBoost-single-v1,0
S042,2028-06-28,0.12263605,9,LOW,7,SupplyGrid-XGBoost-single-v1,0
S070,2028-06-28,0.1213391721,10,LOW,7,SupplyGrid-XGBoost-single-v1,0
S083,2028-06-28,0.119682245,11,LOW,7,SupplyGrid-XGBoost-single-v1,0
S002,2028-06-28,0.1170007586,12,LOW,7,SupplyGrid-XGBoost-single-v1,0
S026,2028-06-28,0.1114091501,13,LOW,7,SupplyGrid-XGBoost-single-v1,0
S053,2028-06-28,0.1110636443,14,LOW,7,SupplyGrid-XGBoost-single-v1,1
S017,2028-06-28,0.1087218821,15,LOW,7,SupplyGrid-XGBoost-single-v1,1
S054,2028-06-28,0.1073804498,16,LOW,7,SupplyGrid-XGBoost-single-v1,1
S082,2028-06-28,0.107132636,17,LOW,7,SupplyGrid-XGBoost-single-v1,1
S006,2028-06-28,0.1055343598,18,LOW,7,SupplyGrid-XGBoost-single-v1,0
S050,2028-06-28,0.105475232,19,LOW,7,SupplyGrid-XGBoost-single-v1,0
S056,2028-06-28,0.1042768583,20,LOW,7,SupplyGrid-XGBoost-single-v1,1
S078,2028-06-28,0.1042057127,21,LOW,7,SupplyGrid-XGBoost-single-v1,0
S043,2028-06-28,0.1041640863,22,LOW,7,SupplyGrid-XGBoost-single-v1,0
S037,2028-06-28,0.1041493937,23,LOW,7,SupplyGrid-XGBoost-single-v1,1
S027,2028-06-28,0.1039473265,24,LOW,7,SupplyGrid-XGBoost-single-v1,0
S004,2028-06-28,0.1020723805,25,LOW,7,SupplyGrid-XGBoost-single-v1,0
S023,2028-06-28,0.1005215049,26,LOW,7,SupplyGrid-XGBoost-single-v1,0
S094,2028-06-28,0.09919060022,27,LOW,7,SupplyGrid-XGBoost-single-v1,0
S095,2028-06-28,0.09915810078,28,LOW,7,SupplyGrid-XGBoost-single-v1,0
S048,2028-06-28,0.09750548005,29,LOW,7,SupplyGrid-XGBoost-single-v1,0
S064,2028-06-28,0.09650506824,30,LOW,7,SupplyGrid-XGBoost-single-v1,0
S010,2028-06-28,0.09647976607,31,LOW,7,SupplyGrid-XGBoost-single-v1,0
S090,2028-06-28,0.0930262357,32,LOW,7,SupplyGrid-XGBoost-single-v1,0
S019,2028-06-28,0.09271363914,33,LOW,7,SupplyGrid-XGBoost-single-v1,0
S034,2028-06-28,0.09252976626,34,LOW,7,SupplyGrid-XGBoost-single-v1,0
S013,2028-06-28,0.09242709726,35,LOW,7,SupplyGrid-XGBoost-single-v1,0
S057,2028-06-28,0.09115065634,36,LOW,7,SupplyGrid-XGBoost-single-v1,0
S047,2028-06-28,0.09036769718,37,LOW,7,SupplyGrid-XGBoost-single-v1,0
S092,2028-06-28,0.08891770244,38,LOW,7,SupplyGrid-XGBoost-single-v1,0
S068,2028-06-28,0.08890622854,39,LOW,7,SupplyGrid-XGBoost-single-v1,0
S045,2028-06-28,0.08858980983,40,LOW,7,SupplyGrid-XGBoost-single-v1,0
S016,2028-06-28,0.0883563906,41,LOW,7,SupplyGrid-XGBoost-single-v1,0
S100,2028-06-28,0.08771665394,42,LOW,7,SupplyGrid-XGBoost-single-v1,0
S099,2028-06-28,0.08672513813,43,LOW,7,SupplyGrid-XGBoost-single-v1,0
S029,2028-06-28,0.08573558927,44,LOW,7,SupplyGrid-XGBoost-single-v1,1
S015,2028-06-28,0.08566405624,45,LOW,7,SupplyGrid-XGBoost-single-v1,0
S060,2028-06-28,0.08543135971,46,LOW,7,SupplyGrid-XGBoost-single-v1,0
S001,2028-06-28,0.08494427055,47,LOW,7,SupplyGrid-XGBoost-single-v1,0
S033,2028-06-28,0.08472309262,48,LOW,7,SupplyGrid-XGBoost-single-v1,0
S084,2028-06-28,0.08455184102,49,LOW,7,SupplyGrid-XGBoost-single-v1,0
S075,2028-06-28,0.0841896683,50,LOW,7,SupplyGrid-XGBoost-single-v1,0
S028,2028-06-28,0.08394491673,51,LOW,7,SupplyGrid-XGBoost-single-v1,0
S020,2028-06-28,0.08392134309,52,LOW,7,SupplyGrid-XGBoost-single-v1,0
S085,2028-06-28,0.08383043855,53,LOW,7,SupplyGrid-XGBoost-single-v1,0
S066,2028-06-28,0.08278369159,54,LOW,7,SupplyGrid-XGBoost-single-v1,0
S018,2028-06-28,0.08271042258,55,LOW,7,SupplyGrid-XGBoost-single-v1,0
S009,2028-06-28,0.08158832788,56,LOW,7,SupplyGrid-XGBoost-single-v1,0
S007,2028-06-28,0.07885327935,57,LOW,7,SupplyGrid-XGBoost-single-v1,0
S052,2028-06-28,0.07885073125,58,LOW,7,SupplyGrid-XGBoost-single-v1,0
S055,2028-06-28,0.07792514563,59,LOW,7,SupplyGrid-XGBoost-single-v1,0
S062,2028-06-28,0.07792514563,60,LOW,7,SupplyGrid-XGBoost-single-v1,0
S061,2028-06-28,0.07791513205,61,LOW,7,SupplyGrid-XGBoost-single-v1,0
S038,2028-06-28,0.07594231516,62,LOW,7,SupplyGrid-XGBoost-single-v1,0
S003,2028-06-28,0.07544469088,63,LOW,7,SupplyGrid-XGBoost-single-v1,0
S089,2028-06-28,0.07523819059,64,LOW,7,SupplyGrid-XGBoost-single-v1,0
S051,2028-06-28,0.07483908534,65,LOW,7,SupplyGrid-XGBoost-single-v1,0
S014,2028-06-28,0.07418762147,66,LOW,7,SupplyGrid-XGBoost-single-v1,0
S059,2028-06-28,0.07418762147,67,LOW,7,SupplyGrid-XGBoost-single-v1,0
S025,2028-06-28,0.07313229889,68,LOW,7,SupplyGrid-XGBoost-single-v1,0
S063,2028-06-28,0.07040574402,69,LOW,7,SupplyGrid-XGBoost-single-v1,0
S031,2028-06-28,0.0698511824,70,LOW,7,SupplyGrid-XGBoost-single-v1,0
S091,2028-06-28,0.06974907219,71,LOW,7,SupplyGrid-XGBoost-single-v1,0
S098,2028-06-28,0.06919015199,72,LOW,7,SupplyGrid-XGBoost-single-v1,0
S065,2028-06-28,0.06773050129,73,LOW,7,SupplyGrid-XGBoost-single-v1,0
S074,2028-06-28,0.06773050129,74,LOW,7,SupplyGrid-XGBoost-single-v1,0
S087,2028-06-28,0.06755594164,75,LOW,7,SupplyGrid-XGBoost-single-v1,0
S058,2028-06-28,0.06716234982,76,LOW,7,SupplyGrid-XGBoost-single-v1,0
S005,2028-06-28,0.06614865363,77,LOW,7,SupplyGrid-XGBoost-single-v1,0
S039,2028-06-28,0.06538200378,78,LOW,7,SupplyGrid-XGBoost-single-v1,0
S008,2028-06-28,0.06108986586,79,LOW,7,SupplyGrid-XGBoost-single-v1,0
S069,2028-06-28,0.06108986586,80,LOW,7,SupplyGrid-XGBoost-single-v1,0
S040,2028-06-28,0.06080974638,81,LOW,7,SupplyGrid-XGBoost-single-v1,0
S081,2028-06-28,0.05978031456,82,LOW,7,SupplyGrid-XGBoost-single-v1,0
S024,2028-06-28,0.05971450731,83,LOW,7,SupplyGrid-XGBoost-single-v1,0
S032,2028-06-28,0.05950580165,84,LOW,7,SupplyGrid-XGBoost-single-v1,0
S096,2028-06-28,0.05950580165,85,LOW,7,SupplyGrid-XGBoost-single-v1,0
S011,2028-06-28,0.0589443557,86,LOW,7,SupplyGrid-XGBoost-single-v1,0
S093,2028-06-28,0.0589443557,87,LOW,7,SupplyGrid-XGBoost-single-v1,0
S049,2028-06-28,0.05879281089,88,LOW,7,SupplyGrid-XGBoost-single-v1,0
S071,2028-06-28,0.05879281089,89,LOW,7,SupplyGrid-XGBoost-single-v1,0
S097,2028-06-28,0.05843259022,90,LOW,7,SupplyGrid-XGBoost-single-v1,0
S067,2028-06-28,0.05823766813,91,LOW,7,SupplyGrid-XGBoost-single-v1,0
S021,2028-06-28,0.05783374608,92,LOW,7,SupplyGrid-XGBoost-single-v1,0
S030,2028-06-28,0.05752947927,93,LOW,7,SupplyGrid-XGBoost-single-v1,0
S036,2028-06-28,0.0569855459,94,LOW,7,SupplyGrid-XGBoost-single-v1,0
S044,2028-06-28,0.0569855459,95,LOW,7,SupplyGrid-XGBoost-single-v1,0
S079,2028-06-29,0.1689939797,1,HIGH,7,SupplyGrid-XGBoost-single-v1,0
S012,2028-06-29,0.1532806754,2,HIGH,7,SupplyGrid-XGBoost-single-v1,0
S041,2028-06-29,0.1416459829,3,LOW,7,SupplyGrid-XGBoost-single-v1,0
S086,2028-06-29,0.1388569921,4,LOW,7,SupplyGrid-XGBoost-single-v1,0
S072,2028-06-29,0.138416633,5,LOW,7,SupplyGrid-XGBoost-single-v1,0
S046,2028-06-29,0.137392655,6,LOW,7,SupplyGrid-XGBoost-single-v1,0
S035,2028-06-29,0.1290593743,7,LOW,7,SupplyGrid-XGBoost-single-v1,0
S073,2028-06-29,0.1286086142,8,LOW,7,SupplyGrid-XGBoost-single-v1,0
S002,2028-06-29,0.1262114942,9,LOW,7,SupplyGrid-XGBoost-single-v1,0
S017,2028-06-29,0.1214923859,10,LOW,7,SupplyGrid-XGBoost-single-v1,1
S095,2028-06-29,0.1165139303,11,LOW,7,SupplyGrid-XGBoost-single-v1,0
S006,2028-06-29,0.115014106,12,LOW,7,SupplyGrid-XGBoost-single-v1,0
S083,2028-06-29,0.1127202883,13,LOW,7,SupplyGrid-XGBoost-single-v1,0
S076,2028-06-29,0.1123522818,14,LOW,7,SupplyGrid-XGBoost-single-v1,0
S075,2028-06-29,0.1079637706,15,LOW,7,SupplyGrid-XGBoost-single-v1,0
S070,2028-06-29,0.1077247262,16,LOW,7,SupplyGrid-XGBoost-single-v1,0
S042,2028-06-29,0.1073226184,17,LOW,7,SupplyGrid-XGBoost-single-v1,0
S037,2028-06-29,0.1070748419,18,LOW,7,SupplyGrid-XGBoost-single-v1,1
S050,2028-06-29,0.1070455685,19,LOW,7,SupplyGrid-XGBoost-single-v1,0
S056,2028-06-29,0.1042768583,20,LOW,7,SupplyGrid-XGBoost-single-v1,1
S043,2028-06-29,0.1041640863,21,LOW,7,SupplyGrid-XGBoost-single-v1,0
S004,2028-06-29,0.102048941,22,LOW,7,SupplyGrid-XGBoost-single-v1,0
S023,2028-06-29,0.1005215049,23,LOW,7,SupplyGrid-XGBoost-single-v1,0
S015,2028-06-29,0.09970360994,24,LOW,7,SupplyGrid-XGBoost-single-v1,0
S082,2028-06-29,0.09947749972,25,LOW,7,SupplyGrid-XGBoost-single-v1,1
S053,2028-06-29,0.0993675366,26,LOW,7,SupplyGrid-XGBoost-single-v1,1
S094,2028-06-29,0.09919060022,27,LOW,7,SupplyGrid-XGBoost-single-v1,0
S060,2028-06-29,0.09717310965,28,LOW,7,SupplyGrid-XGBoost-single-v1,0
S010,2028-06-29,0.09647976607,29,LOW,7,SupplyGrid-XGBoost-single-v1,0
S048,2028-06-29,0.09490884095,30,LOW,7,SupplyGrid-XGBoost-single-v1,0
S005,2028-06-29,0.09309636056,31,LOW,7,SupplyGrid-XGBoost-single-v1,0
S019,2028-06-29,0.09271363914,32,LOW,7,SupplyGrid-XGBoost-single-v1,0
S057,2028-06-29,0.09271363914,33,LOW,7,SupplyGrid-XGBoost-single-v1,0
S034,2028-06-29,0.09252976626,34,LOW,7,SupplyGrid-XGBoost-single-v1,0
S013,2028-06-29,0.09242709726,35,LOW,7,SupplyGrid-XGBoost-single-v1,0
S026,2028-06-29,0.09236699343,36,LOW,7,SupplyGrid-XGBoost-single-v1,0
S090,2028-06-29,0.09148065746,37,LOW,7,SupplyGrid-XGBoost-single-v1,0
S028,2028-06-29,0.08930851519,38,LOW,7,SupplyGrid-XGBoost-single-v1,0
S092,2028-06-29,0.08891770244,39,LOW,7,SupplyGrid-XGBoost-single-v1,0
S045,2028-06-29,0.08858980983,40,LOW,7,SupplyGrid-XGBoost-single-v1,0
S016,2028-06-29,0.0883563906,41,LOW,7,SupplyGrid-XGBoost-single-v1,0
S085,2028-06-29,0.08819384128,42,LOW,7,SupplyGrid-XGBoost-single-v1,0
S059,2028-06-29,0.08752660453,43,LOW,7,SupplyGrid-XGBoost-single-v1,0
S029,2028-06-29,0.08573558927,44,LOW,7,SupplyGrid-XGBoost-single-v1,1
S020,2028-06-29,0.08535118401,45,LOW,7,SupplyGrid-XGBoost-single-v1,0
S099,2028-06-29,0.08525363356,46,LOW,7,SupplyGrid-XGBoost-single-v1,0
S001,2028-06-29,0.08494427055,47,LOW,7,SupplyGrid-XGBoost-single-v1,0
S033,2028-06-29,0.08472309262,48,LOW,7,SupplyGrid-XGBoost-single-v1,0
S080,2028-06-29,0.08455184102,49,LOW,7,SupplyGrid-XGBoost-single-v1,0
S084,2028-06-29,0.08455184102,50,LOW,7,SupplyGrid-XGBoost-single-v1,0
S078,2028-06-29,0.08394987881,51,LOW,7,SupplyGrid-XGBoost-single-v1,0
S009,2028-06-29,0.08385429531,52,LOW,7,SupplyGrid-XGBoost-single-v1,0
S025,2028-06-29,0.08384829015,53,LOW,7,SupplyGrid-XGBoost-single-v1,0
S061,2028-06-29,0.08292832226,54,LOW,7,SupplyGrid-XGBoost-single-v1,0
S027,2028-06-29,0.08286756277,55,LOW,7,SupplyGrid-XGBoost-single-v1,0
S066,2028-06-29,0.08278369159,56,LOW,7,SupplyGrid-XGBoost-single-v1,0
S047,2028-06-29,0.08237627149,57,LOW,7,SupplyGrid-XGBoost-single-v1,0
S089,2028-06-29,0.08146454394,58,LOW,7,SupplyGrid-XGBoost-single-v1,0
S051,2028-06-29,0.08085083961,59,LOW,7,SupplyGrid-XGBoost-single-v1,0
S064,2028-06-29,0.08032794297,60,LOW,7,SupplyGrid-XGBoost-single-v1,0
S100,2028-06-29,0.08014883846,61,LOW,7,SupplyGrid-XGBoost-single-v1,0
S062,2028-06-29,0.07912158221,62,LOW,7,SupplyGrid-XGBoost-single-v1,0
S008,2028-06-29,0.07885327935,63,LOW,7,SupplyGrid-XGBoost-single-v1,0
S052,2028-06-29,0.07885073125,64,LOW,7,SupplyGrid-XGBoost-single-v1,0
S018,2028-06-29,0.07832401246,65,LOW,7,SupplyGrid-XGBoost-single-v1,0
S055,2028-06-29,0.07792514563,66,LOW,7,SupplyGrid-XGBoost-single-v1,0
S003,2028-06-29,0.07676110417,67,LOW,7,SupplyGrid-XGBoost-single-v1,0
S068,2028-06-29,0.0766896382,68,LOW,7,SupplyGrid-XGBoost-single-v1,0
S091,2028-06-29,0.07613448799,69,LOW,7,SupplyGrid-XGBoost-single-v1,0
S074,2028-06-29,0.07523819059,70,LOW,7,SupplyGrid-XGBoost-single-v1,0
S014,2028-06-29,0.07418762147,71,LOW,7,SupplyGrid-XGBoost-single-v1,0
S007,2028-06-29,0.07101255655,72,LOW,7,SupplyGrid-XGBoost-single-v1,0
S069,2028-06-29,0.07101255655,73,LOW,7,SupplyGrid-XGBoost-single-v1,0
S063,2028-06-29,0.07040574402,74,LOW,7,SupplyGrid-XGBoost-single-v1,0
S039,2028-06-29,0.0700045228,75,LOW,7,SupplyGrid-XGBoost-single-v1,0
S031,2028-06-29,0.0698511824,76,LOW,7,SupplyGrid-XGBoost-single-v1,0
S038,2028-06-29,0.06957180053,77,LOW,7,SupplyGrid-XGBoost-single-v1,1
S071,2028-06-29,0.06836955249,78,LOW,7,SupplyGrid-XGBoost-single-v1,0
S097,2028-06-29,0.06809360534,79,LOW,7,SupplyGrid-XGBoost-single-v1,0
S087,2028-06-29,0.06755594164,80,LOW,7,SupplyGrid-XGBoost-single-v1,0
S058,2028-06-29,0.06716234982,81,LOW,7,SupplyGrid-XGBoost-single-v1,0
S093,2028-06-29,0.06413066387,82,LOW,7,SupplyGrid-XGBoost-single-v1,0
S065,2028-06-29,0.06336597353,83,LOW,7,SupplyGrid-XGBoost-single-v1,0
S040,2028-06-29,0.06080974638,84,LOW,7,SupplyGrid-XGBoost-single-v1,0
S081,2028-06-29,0.05978031456,85,LOW,7,SupplyGrid-XGBoost-single-v1,0
S032,2028-06-29,0.05950580165,86,LOW,7,SupplyGrid-XGBoost-single-v1,0
S096,2028-06-29,0.05950580165,87,LOW,7,SupplyGrid-XGBoost-single-v1,0
S098,2028-06-29,0.05950580165,88,LOW,7,SupplyGrid-XGBoost-single-v1,0
S011,2028-06-29,0.0589443557,89,LOW,7,SupplyGrid-XGBoost-single-v1,0
S024,2028-06-29,0.05879281089,90,LOW,7,SupplyGrid-XGBoost-single-v1,0
S049,2028-06-29,0.05879281089,91,LOW,7,SupplyGrid-XGBoost-single-v1,0
S067,2028-06-29,0.05823766813,92,LOW,7,SupplyGrid-XGBoost-single-v1,0
S021,2028-06-29,0.05783374608,93,LOW,7,SupplyGrid-XGBoost-single-v1,0
S030,2028-06-29,0.05752947927,94,LOW,7,SupplyGrid-XGBoost-single-v1,0
S036,2028-06-29,0.0569855459,95,LOW,7,SupplyGrid-XGBoost-single-v1,0
S044,2028-06-29,0.0569855459,96,LOW,7,SupplyGrid-XGBoost-single-v1,0
S095,2028-06-30,0.1644685268,1,HIGH,7,SupplyGrid-XGBoost-single-v1,0
S012,2028-06-30,0.1587670445,2,HIGH,7,SupplyGrid-XGBoost-single-v1,0
S079,2028-06-30,0.1468777657,3,LOW,7,SupplyGrid-XGBoost-single-v1,0
S041,2028-06-30,0.1396475434,4,LOW,7,SupplyGrid-XGBoost-single-v1,0
S072,2028-06-30,0.138416633,5,LOW,7,SupplyGrid-XGBoost-single-v1,0
S035,2028-06-30,0.1312767565,6,LOW,7,SupplyGrid-XGBoost-single-v1,0
S086,2028-06-30,0.1293516308,7,LOW,7,SupplyGrid-XGBoost-single-v1,0
S002,2028-06-30,0.1241900548,8,LOW,7,SupplyGrid-XGBoost-single-v1,0
S073,2028-06-30,0.1240107641,9,LOW,7,SupplyGrid-XGBoost-single-v1,0
S046,2028-06-30,0.1231851503,10,LOW,7,SupplyGrid-XGBoost-single-v1,0
S043,2028-06-30,0.1228982806,11,LOW,7,SupplyGrid-XGBoost-single-v1,0
S082,2028-06-30,0.1224226579,12,LOW,7,SupplyGrid-XGBoost-single-v1,1
S070,2028-06-30,0.1213391721,13,LOW,7,SupplyGrid-XGBoost-single-v1,0
S017,2028-06-30,0.1196778566,14,LOW,7,SupplyGrid-XGBoost-single-v1,1
S083,2028-06-30,0.1178911254,15,LOW,7,SupplyGrid-XGBoost-single-v1,0
S060,2028-06-30,0.1167878434,16,LOW,7,SupplyGrid-XGBoost-single-v1,0
S100,2028-06-30,0.112296477,17,LOW,7,SupplyGrid-XGBoost-single-v1,0
S077,2028-06-30,0.1120762974,18,LOW,7,SupplyGrid-XGBoost-single-v1,0
S019,2028-06-30,0.1096404716,19,LOW,7,SupplyGrid-XGBoost-single-v1,0
S075,2028-06-30,0.1079637706,20,LOW,7,SupplyGrid-XGBoost-single-v1,0
S015,2028-06-30,0.1074806973,21,LOW,7,SupplyGrid-XGBoost-single-v1,0
S042,2028-06-30,0.1073226184,22,LOW,7,SupplyGrid-XGBoost-single-v1,0
S094,2028-06-30,0.1068262383,23,LOW,7,SupplyGrid-XGBoost-single-v1,0
S006,2028-06-30,0.1057410762,24,LOW,7,SupplyGrid-XGBoost-single-v1,0
S037,2028-06-30,0.1055041626,25,LOW,7,SupplyGrid-XGBoost-single-v1,1
S050,2028-06-30,0.105475232,26,LOW,7,SupplyGrid-XGBoost-single-v1,0
S004,2028-06-30,0.1039449945,27,LOW,7,SupplyGrid-XGBoost-single-v1,0
S027,2028-06-30,0.1024172455,28,LOW,7,SupplyGrid-XGBoost-single-v1,0
S057,2028-06-30,0.1009732336,29,LOW,7,SupplyGrid-XGBoost-single-v1,0
S076,2028-06-30,0.1005358174,30,LOW,7,SupplyGrid-XGBoost-single-v1,0
S023,2028-06-30,0.1005215049,31,LOW,7,SupplyGrid-XGBoost-single-v1,0
S078,2028-06-30,0.1004845425,32,LOW,7,SupplyGrid-XGBoost-single-v1,0
S045,2028-06-30,0.1001877412,33,LOW,7,SupplyGrid-XGBoost-single-v1,0
S009,2028-06-30,0.09865431488,34,LOW,7,SupplyGrid-XGBoost-single-v1,0
S053,2028-06-30,0.09779682755,35,LOW,7,SupplyGrid-XGBoost-single-v1,1
S048,2028-06-30,0.09750548005,36,LOW,7,SupplyGrid-XGBoost-single-v1,0
S010,2028-06-30,0.09647976607,37,LOW,7,SupplyGrid-XGBoost-single-v1,1
S013,2028-06-30,0.0961446166,38,LOW,7,SupplyGrid-XGBoost-single-v1,0
S059,2028-06-30,0.09537266195,39,LOW,7,SupplyGrid-XGBoost-single-v1,0
S090,2028-06-30,0.0930262357,40,LOW,7,SupplyGrid-XGBoost-single-v1,0
S026,2028-06-30,0.09131481498,41,LOW,7,SupplyGrid-XGBoost-single-v1,0
S047,2028-06-30,0.08980607986,42,LOW,7,SupplyGrid-XGBoost-single-v1,0
S092,2028-06-30,0.08891770244,43,LOW,7,SupplyGrid-XGBoost-single-v1,0
S005,2028-06-30,0.08890418708,44,LOW,7,SupplyGrid-XGBoost-single-v1,0
S085,2028-06-30,0.08819384128,45,LOW,7,SupplyGrid-XGBoost-single-v1,0
S029,2028-06-30,0.08573558927,46,LOW,7,SupplyGrid-XGBoost-single-v1,1
S003,2028-06-30,0.08548311144,47,LOW,7,SupplyGrid-XGBoost-single-v1,0
S001,2028-06-30,0.08494427055,48,LOW,7,SupplyGrid-XGBoost-single-v1,0
S089,2028-06-30,0.08463735133,49,LOW,7,SupplyGrid-XGBoost-single-v1,0
S080,2028-06-30,0.08455184102,50,LOW,7,SupplyGrid-XGBoost-single-v1,0
S028,2028-06-30,0.08394491673,51,LOW,7,SupplyGrid-XGBoost-single-v1,0
S020,2028-06-30,0.08392134309,52,LOW,7,SupplyGrid-XGBoost-single-v1,0
S025,2028-06-30,0.08384829015,53,LOW,7,SupplyGrid-XGBoost-single-v1,0
S066,2028-06-30,0.08278369159,54,LOW,7,SupplyGrid-XGBoost-single-v1,0
S062,2028-06-30,0.08194670081,55,LOW,7,SupplyGrid-XGBoost-single-v1,1
S058,2028-06-30,0.08077771217,56,LOW,7,SupplyGrid-XGBoost-single-v1,0
S008,2028-06-30,0.07885327935,57,LOW,7,SupplyGrid-XGBoost-single-v1,0
S052,2028-06-30,0.07885073125,58,LOW,7,SupplyGrid-XGBoost-single-v1,0
S034,2028-06-30,0.07865229994,59,LOW,7,SupplyGrid-XGBoost-single-v1,0
S055,2028-06-30,0.07792514563,60,LOW,7,SupplyGrid-XGBoost-single-v1,0
S061,2028-06-30,0.07791513205,61,LOW,7,SupplyGrid-XGBoost-single-v1,0
S016,2028-06-30,0.07699712366,62,LOW,7,SupplyGrid-XGBoost-single-v1,0
S068,2028-06-30,0.0766896382,63,LOW,7,SupplyGrid-XGBoost-single-v1,0
S018,2028-06-30,0.07639676332,64,LOW,7,SupplyGrid-XGBoost-single-v1,0
S091,2028-06-30,0.07613448799,65,LOW,7,SupplyGrid-XGBoost-single-v1,0
S074,2028-06-30,0.07523819059,66,LOW,7,SupplyGrid-XGBoost-single-v1,0
S097,2028-06-30,0.07433958352,67,LOW,7,SupplyGrid-XGBoost-single-v1,0
S014,2028-06-30,0.07418762147,68,LOW,7,SupplyGrid-XGBoost-single-v1,0
S084,2028-06-30,0.07418762147,69,LOW,7,SupplyGrid-XGBoost-single-v1,0
S040,2028-06-30,0.07069034129,70,LOW,7,SupplyGrid-XGBoost-single-v1,0
S069,2028-06-30,0.07028105855,71,LOW,7,SupplyGrid-XGBoost-single-v1,0
S031,2028-06-30,0.0698511824,72,LOW,7,SupplyGrid-XGBoost-single-v1,0
S064,2028-06-30,0.06973769516,73,LOW,7,SupplyGrid-XGBoost-single-v1,0
S024,2028-06-30,0.06957180053,74,LOW,7,SupplyGrid-XGBoost-single-v1,0
S038,2028-06-30,0.06957180053,75,LOW,7,SupplyGrid-XGBoost-single-v1,1
S063,2028-06-30,0.06919015199,76,LOW,7,SupplyGrid-XGBoost-single-v1,0
S098,2028-06-30,0.06919015199,77,LOW,7,SupplyGrid-XGBoost-single-v1,0
S039,2028-06-30,0.06871389598,78,LOW,7,SupplyGrid-XGBoost-single-v1,0
S093,2028-06-30,0.06783606112,79,LOW,7,SupplyGrid-XGBoost-single-v1,0
S087,2028-06-30,0.06755594164,80,LOW,7,SupplyGrid-XGBoost-single-v1,0
S099,2028-06-30,0.06456048042,81,LOW,7,SupplyGrid-XGBoost-single-v1,0
S033,2028-06-30,0.06396664679,82,LOW,7,SupplyGrid-XGBoost-single-v1,0
S051,2028-06-30,0.0626680553,83,LOW,7,SupplyGrid-XGBoost-single-v1,0
S007,2028-06-30,0.06108986586,84,LOW,7,SupplyGrid-XGBoost-single-v1,0
S081,2028-06-30,0.05978031456,85,LOW,7,SupplyGrid-XGBoost-single-v1,0
S032,2028-06-30,0.05950580165,86,LOW,7,SupplyGrid-XGBoost-single-v1,0
S096,2028-06-30,0.05950580165,87,LOW,7,SupplyGrid-XGBoost-single-v1,0
S011,2028-06-30,0.0589443557,88,LOW,7,SupplyGrid-XGBoost-single-v1,0
S049,2028-06-30,0.05879281089,89,LOW,7,SupplyGrid-XGBoost-single-v1,0
S071,2028-06-30,0.05879281089,90,LOW,7,SupplyGrid-XGBoost-single-v1,0
S065,2028-06-30,0.05823766813,91,LOW,7,SupplyGrid-XGBoost-single-v1,0
S067,2028-06-30,0.05823766813,92,LOW,7,SupplyGrid-XGBoost-single-v1,0
S021,2028-06-30,0.05783374608,93,LOW,7,SupplyGrid-XGBoost-single-v1,0
S030,2028-06-30,0.05752947927,94,LOW,7,SupplyGrid-XGBoost-single-v1,0
S036,2028-06-30,0.0569855459,95,LOW,7,SupplyGrid-XGBoost-single-v1,0
S044,2028-06-30,0.0569855459,96,LOW,7,SupplyGrid-XGBoost-single-v1,0
S079,2028-07-01,0.1666845828,1,HIGH,7,SupplyGrid-XGBoost-single-v1,0
S095,2028-07-01,0.1644685268,2,HIGH,7,SupplyGrid-XGBoost-single-v1,0
S012,2028-07-01,0.1587670445,3,HIGH,7,SupplyGrid-XGBoost-single-v1,0
S072,2028-07-01,0.1490287632,4,LOW,7,SupplyGrid-XGBoost-single-v1,0
S022,2028-07-01,0.1484998465,5,LOW,7,SupplyGrid-XGBoost-single-v1,0
S041,2028-07-01,0.1396475434,6,LOW,7,SupplyGrid-XGBoost-single-v1,0
S043,2028-07-01,0.1349004954,7,LOW,7,SupplyGrid-XGBoost-single-v1,0
S086,2028-07-01,0.1327523589,8,LOW,7,SupplyGrid-XGBoost-single-v1,0
S073,2028-07-01,0.1286086142,9,LOW,7,SupplyGrid-XGBoost-single-v1,0
S042,2028-07-01,0.1283571273,10,LOW,7,SupplyGrid-XGBoost-single-v1,0
S060,2028-07-01,0.1273363084,11,LOW,7,SupplyGrid-XGBoost-single-v1,0
S002,2028-07-01,0.1262114942,12,LOW,7,SupplyGrid-XGBoost-single-v1,0
S082,2028-07-01,0.1224226579,13,LOW,7,SupplyGrid-XGBoost-single-v1,1
S070,2028-07-01,0.1213391721,14,LOW,7,SupplyGrid-XGBoost-single-v1,0
S017,2028-07-01,0.1196778566,15,LOW,7,SupplyGrid-XGBoost-single-v1,1
S035,2028-07-01,0.1183875427,16,LOW,7,SupplyGrid-XGBoost-single-v1,0
S059,2028-07-01,0.1169700697,17,LOW,7,SupplyGrid-XGBoost-single-v1,0
S077,2028-07-01,0.1120762974,18,LOW,7,SupplyGrid-XGBoost-single-v1,0
S013,2028-07-01,0.111087501,19,LOW,7,SupplyGrid-XGBoost-single-v1,0
S037,2028-07-01,0.1096840948,20,LOW,7,SupplyGrid-XGBoost-single-v1,1
S019,2028-07-01,0.1080080196,21,LOW,7,SupplyGrid-XGBoost-single-v1,0
S075,2028-07-01,0.1079637706,22,LOW,7,SupplyGrid-XGBoost-single-v1,0
S015,2028-07-01,0.1074806973,23,LOW,7,SupplyGrid-XGBoost-single-v1,0
S046,2028-07-01,0.1062313914,24,LOW,7,SupplyGrid-XGBoost-single-v1,0
S048,2028-07-01,0.1061420143,25,LOW,7,SupplyGrid-XGBoost-single-v1,0
S006,2028-07-01,0.1057410762,26,LOW,7,SupplyGrid-XGBoost-single-v1,0
S050,2028-07-01,0.105475232,27,LOW,7,SupplyGrid-XGBoost-single-v1,0
S076,2028-07-01,0.103268832,28,LOW,7,SupplyGrid-XGBoost-single-v1,0
S100,2028-07-01,0.1032169759,29,LOW,7,SupplyGrid-XGBoost-single-v1,0
S083,2028-07-01,0.1020320803,30,LOW,7,SupplyGrid-XGBoost-single-v1,0
S057,2028-07-01,0.1009732336,31,LOW,7,SupplyGrid-XGBoost-single-v1,0
S005,2028-07-01,0.1006397456,32,LOW,7,SupplyGrid-XGBoost-single-v1,1
S023,2028-07-01,0.1005215049,33,LOW,7,SupplyGrid-XGBoost-single-v1,0
S009,2028-07-01,0.1003077105,34,LOW,7,SupplyGrid-XGBoost-single-v1,0
S078,2028-07-01,0.09794790298,35,LOW,7,SupplyGrid-XGBoost-single-v1,0
S004,2028-07-01,0.09779682755,36,LOW,7,SupplyGrid-XGBoost-single-v1,1
S047,2028-07-01,0.09711140394,37,LOW,7,SupplyGrid-XGBoost-single-v1,0
S010,2028-07-01,0.09647976607,38,LOW,7,SupplyGrid-XGBoost-single-v1,1
S026,2028-07-01,0.09630204737,39,LOW,7,SupplyGrid-XGBoost-single-v1,0
S034,2028-07-01,0.09271363914,40,LOW,7,SupplyGrid-XGBoost-single-v1,0
S094,2028-07-01,0.09145250171,41,LOW,7,SupplyGrid-XGBoost-single-v1,0
S053,2028-07-01,0.08977112174,42,LOW,7,SupplyGrid-XGBoost-single-v1,1
S092,2028-07-01,0.08891770244,43,LOW,7,SupplyGrid-XGBoost-single-v1,0
S085,2028-07-01,0.08819384128,44,LOW,7,SupplyGrid-XGBoost-single-v1,0
S090,2028-07-01,0.08599895984,45,LOW,7,SupplyGrid-XGBoost-single-v1,0
S045,2028-07-01,0.08572103083,46,LOW,7,SupplyGrid-XGBoost-single-v1,0
S008,2028-07-01,0.08535118401,47,LOW,7,SupplyGrid-XGBoost-single-v1,0
S001,2028-07-01,0.08494427055,48,LOW,7,SupplyGrid-XGBoost-single-v1,0
S080,2028-07-01,0.08455184102,49,LOW,7,SupplyGrid-XGBoost-single-v1,0
S028,2028-07-01,0.08394491673,50,LOW,7,SupplyGrid-XGBoost-single-v1,0
S089,2028-07-01,0.08146454394,51,LOW,7,SupplyGrid-XGBoost-single-v1,0
S027,2028-07-01,0.07975530624,52,LOW,7,SupplyGrid-XGBoost-single-v1,0
S052,2028-07-01,0.07885073125,53,LOW,7,SupplyGrid-XGBoost-single-v1,0
S055,2028-07-01,0.07792514563,54,LOW,7,SupplyGrid-XGBoost-single-v1,0
S062,2028-07-01,0.07792514563,55,LOW,7,SupplyGrid-XGBoost-single-v1,1
S061,2028-07-01,0.07791513205,56,LOW,7,SupplyGrid-XGBoost-single-v1,0
S091,2028-07-01,0.07730571181,57,LOW,7,SupplyGrid-XGBoost-single-v1,0
S016,2028-07-01,0.07699712366,58,LOW,7,SupplyGrid-XGBoost-single-v1,0
S098,2028-07-01,0.07684630156,59,LOW,7,SupplyGrid-XGBoost-single-v1,0
S068,2028-07-01,0.0766896382,60,LOW,7,SupplyGrid-XGBoost-single-v1,0
S029,2028-07-01,0.07639676332,61,LOW,7,SupplyGrid-XGBoost-single-v1,1
S018,2028-07-01,0.07523819059,62,LOW,7,SupplyGrid-XGBoost-single-v1,0
S014,2028-07-01,0.07418762147,63,LOW,7,SupplyGrid-XGBoost-single-v1,0
S084,2028-07-01,0.07418762147,64,LOW,7,SupplyGrid-XGBoost-single-v1,0
S025,2028-07-01,0.07313229889,65,LOW,7,SupplyGrid-XGBoost-single-v1,0
S066,2028-07-01,0.07261899114,66,LOW,7,SupplyGrid-XGBoost-single-v1,0
S058,2028-07-01,0.07244343311,67,LOW,7,SupplyGrid-XGBoost-single-v1,0
S007,2028-07-01,0.07225767523,68,LOW,7,SupplyGrid-XGBoost-single-v1,0
S020,2028-07-01,0.07225767523,69,LOW,7,SupplyGrid-XGBoost-single-v1,0
S040,2028-07-01,0.07193025202,70,LOW,7,SupplyGrid-XGBoost-single-v1,0
S051,2028-07-01,0.07168019563,71,LOW,7,SupplyGrid-XGBoost-single-v1,0
S081,2028-07-01,0.07072675228,72,LOW,7,SupplyGrid-XGBoost-single-v1,0
S031,2028-07-01,0.0698511824,73,LOW,7,SupplyGrid-XGBoost-single-v1,0
S038,2028-07-01,0.06957180053,74,LOW,7,SupplyGrid-XGBoost-single-v1,1
S071,2028-07-01,0.06957180053,75,LOW,7,SupplyGrid-XGBoost-single-v1,0
S030,2028-07-01,0.0685178116,76,LOW,7,SupplyGrid-XGBoost-single-v1,0
S024,2028-07-01,0.06836955249,77,LOW,7,SupplyGrid-XGBoost-single-v1,0
S097,2028-07-01,0.06809360534,78,LOW,7,SupplyGrid-XGBoost-single-v1,0
S044,2028-07-01,0.06787745655,79,LOW,7,SupplyGrid-XGBoost-single-v1,0
S087,2028-07-01,0.06755594164,80,LOW,7,SupplyGrid-XGBoost-single-v1,0
S065,2028-07-01,0.06703037024,81,LOW,7,SupplyGrid-XGBoost-single-v1,0
S074,2028-07-01,0.06703037024,82,LOW,7,SupplyGrid-XGBoost-single-v1,0
S003,2028-07-01,0.06494599581,83,LOW,7,SupplyGrid-XGBoost-single-v1,0
S069,2028-07-01,0.06108986586,84,LOW,7,SupplyGrid-XGBoost-single-v1,0
S039,2028-07-01,0.06094012409,85,LOW,7,SupplyGrid-XGBoost-single-v1,0
S099,2028-07-01,0.05978188291,86,LOW,7,SupplyGrid-XGBoost-single-v1,0
S032,2028-07-01,0.05950580165,87,LOW,7,SupplyGrid-XGBoost-single-v1,0
S063,2028-07-01,0.05950580165,88,LOW,7,SupplyGrid-XGBoost-single-v1,0
S096,2028-07-01,0.05950580165,89,LOW,7,SupplyGrid-XGBoost-single-v1,0
S011,2028-07-01,0.0589443557,90,LOW,7,SupplyGrid-XGBoost-single-v1,0
S093,2028-07-01,0.0589443557,91,LOW,7,SupplyGrid-XGBoost-single-v1,0
S049,2028-07-01,0.05879281089,92,LOW,7,SupplyGrid-XGBoost-single-v1,0
S064,2028-07-01,0.05846430361,93,LOW,7,SupplyGrid-XGBoost-single-v1,0
S067,2028-07-01,0.05823766813,94,LOW,7,SupplyGrid-XGBoost-single-v1,0
S021,2028-07-01,0.05783374608,95,LOW,7,SupplyGrid-XGBoost-single-v1,0
S033,2028-07-01,0.05752947927,96,LOW,7,SupplyGrid-XGBoost-single-v1,0
S036,2028-07-01,0.0569855459,97,LOW,7,SupplyGrid-XGBoost-single-v1,0
S012,2028-07-02,0.1836146116,1,HIGH,7,SupplyGrid-XGBoost-single-v1,0
S073,2028-07-02,0.1571008265,2,HIGH,7,SupplyGrid-XGBoost-single-v1,0
S079,2028-07-02,0.1468777657,3,LOW,7,SupplyGrid-XGBoost-single-v1,0
S095,2028-07-02,0.1447936445,4,LOW,7,SupplyGrid-XGBoost-single-v1,0
S072,2028-07-02,0.138416633,5,LOW,7,SupplyGrid-XGBoost-single-v1,0
S041,2028-07-02,0.1328264475,6,LOW,7,SupplyGrid-XGBoost-single-v1,0
S022,2028-07-02,0.1322968751,7,LOW,7,SupplyGrid-XGBoost-single-v1,0
S060,2028-07-02,0.1294013709,8,LOW,7,SupplyGrid-XGBoost-single-v1,0
S002,2028-07-02,0.1283301413,9,LOW,7,SupplyGrid-XGBoost-single-v1,0
S050,2028-07-02,0.1254916191,10,LOW,7,SupplyGrid-XGBoost-single-v1,0
S082,2028-07-02,0.1224226579,11,LOW,7,SupplyGrid-XGBoost-single-v1,1
S035,2028-07-02,0.1209442243,12,LOW,7,SupplyGrid-XGBoost-single-v1,0
S043,2028-07-02,0.1199721992,13,LOW,7,SupplyGrid-XGBoost-single-v1,0
S013,2028-07-02,0.1198896691,14,LOW,7,SupplyGrid-XGBoost-single-v1,0
S017,2028-07-02,0.1196778566,15,LOW,7,SupplyGrid-XGBoost-single-v1,1
S026,2028-07-02,0.1156747639,16,LOW,7,SupplyGrid-XGBoost-single-v1,0
S086,2028-07-02,0.115050219,17,LOW,7,SupplyGrid-XGBoost-single-v1,0
S042,2028-07-02,0.1134270877,18,LOW,7,SupplyGrid-XGBoost-single-v1,0
S077,2028-07-02,0.1120762974,19,LOW,7,SupplyGrid-XGBoost-single-v1,0
S083,2028-07-02,0.1110202223,20,LOW,7,SupplyGrid-XGBoost-single-v1,0
S037,2028-07-02,0.1096840948,21,LOW,7,SupplyGrid-XGBoost-single-v1,1
S075,2028-07-02,0.1079637706,22,LOW,7,SupplyGrid-XGBoost-single-v1,0
S015,2028-07-02,0.1058501974,23,LOW,7,SupplyGrid-XGBoost-single-v1,0
S059,2028-07-02,0.1029020175,24,LOW,7,SupplyGrid-XGBoost-single-v1,0
S092,2028-07-02,0.1028652042,25,LOW,7,SupplyGrid-XGBoost-single-v1,0
S019,2028-07-02,0.1009732336,26,LOW,7,SupplyGrid-XGBoost-single-v1,1
S023,2028-07-02,0.1005215049,27,LOW,7,SupplyGrid-XGBoost-single-v1,0
S009,2028-07-02,0.1003077105,28,LOW,7,SupplyGrid-XGBoost-single-v1,0
S046,2028-07-02,0.1001133993,29,LOW,7,SupplyGrid-XGBoost-single-v1,0
S078,2028-07-02,0.09939742833,30,LOW,7,SupplyGrid-XGBoost-single-v1,0
S070,2028-07-02,0.09857426584,31,LOW,7,SupplyGrid-XGBoost-single-v1,0
S004,2028-07-02,0.09779682755,32,LOW,7,SupplyGrid-XGBoost-single-v1,1
S048,2028-07-02,0.09750548005,33,LOW,7,SupplyGrid-XGBoost-single-v1,0
S010,2028-07-02,0.09647976607,34,LOW,7,SupplyGrid-XGBoost-single-v1,1
S047,2028-07-02,0.09557184577,35,LOW,7,SupplyGrid-XGBoost-single-v1,0
S006,2028-07-02,0.09307078272,36,LOW,7,SupplyGrid-XGBoost-single-v1,0
S028,2028-07-02,0.09297855943,37,LOW,7,SupplyGrid-XGBoost-single-v1,1
S057,2028-07-02,0.09271363914,38,LOW,7,SupplyGrid-XGBoost-single-v1,0
S094,2028-07-02,0.09153619409,39,LOW,7,SupplyGrid-XGBoost-single-v1,0
S018,2028-07-02,0.0912662223,40,LOW,7,SupplyGrid-XGBoost-single-v1,0
S053,2028-07-02,0.08977112174,41,LOW,7,SupplyGrid-XGBoost-single-v1,1
S076,2028-07-02,0.08840148896,42,LOW,7,SupplyGrid-XGBoost-single-v1,0
S068,2028-07-02,0.08800786734,43,LOW,7,SupplyGrid-XGBoost-single-v1,0
S100,2028-07-02,0.08771665394,44,LOW,7,SupplyGrid-XGBoost-single-v1,0
S014,2028-07-02,0.08752660453,45,LOW,7,SupplyGrid-XGBoost-single-v1,0
S008,2028-07-02,0.08685210347,46,LOW,7,SupplyGrid-XGBoost-single-v1,0
S090,2028-07-02,0.08599895984,47,LOW,7,SupplyGrid-XGBoost-single-v1,0
S001,2028-07-02,0.08494427055,48,LOW,7,SupplyGrid-XGBoost-single-v1,0
S080,2028-07-02,0.08455184102,49,LOW,7,SupplyGrid-XGBoost-single-v1,0
S027,2028-07-02,0.08286756277,50,LOW,7,SupplyGrid-XGBoost-single-v1,0
S091,2028-07-02,0.0824284032,51,LOW,7,SupplyGrid-XGBoost-single-v1,0
S025,2028-07-02,0.08191847801,52,LOW,7,SupplyGrid-XGBoost-single-v1,0
S062,2028-07-02,0.08111152053,53,LOW,7,SupplyGrid-XGBoost-single-v1,1
S051,2028-07-02,0.08080805093,54,LOW,7,SupplyGrid-XGBoost-single-v1,0
S045,2028-07-02,0.08055384457,55,LOW,7,SupplyGrid-XGBoost-single-v1,0
S029,2028-07-02,0.08009408414,56,LOW,7,SupplyGrid-XGBoost-single-v1,1
S074,2028-07-02,0.08009408414,57,LOW,7,SupplyGrid-XGBoost-single-v1,0
S005,2028-07-02,0.07986687869,58,LOW,7,SupplyGrid-XGBoost-single-v1,1
S052,2028-07-02,0.07885073125,59,LOW,7,SupplyGrid-XGBoost-single-v1,0
S034,2028-07-02,0.07865229994,60,LOW,7,SupplyGrid-XGBoost-single-v1,0
S055,2028-07-02,0.07792514563,61,LOW,7,SupplyGrid-XGBoost-single-v1,0
S081,2028-07-02,0.07719424367,62,LOW,7,SupplyGrid-XGBoost-single-v1,0
S016,2028-07-02,0.07699712366,63,LOW,7,SupplyGrid-XGBoost-single-v1,0
S098,2028-07-02,0.07684630156,64,LOW,7,SupplyGrid-XGBoost-single-v1,0
S085,2028-07-02,0.07469986379,65,LOW,7,SupplyGrid-XGBoost-single-v1,0
S097,2028-07-02,0.07433958352,66,LOW,7,SupplyGrid-XGBoost-single-v1,0
S084,2028-07-02,0.07418762147,67,LOW,7,SupplyGrid-XGBoost-single-v1,0
S066,2028-07-02,0.07261899114,68,LOW,7,SupplyGrid-XGBoost-single-v1,0
S020,2028-07-02,0.07225767523,69,LOW,7,SupplyGrid-XGBoost-single-v1,0
S040,2028-07-02,0.07193025202,70,LOW,7,SupplyGrid-XGBoost-single-v1,0
S061,2028-07-02,0.07139191031,71,LOW,7,SupplyGrid-XGBoost-single-v1,0
S058,2028-07-02,0.07046212256,72,LOW,7,SupplyGrid-XGBoost-single-v1,0
S063,2028-07-02,0.07040574402,73,LOW,7,SupplyGrid-XGBoost-single-v1,0
S031,2028-07-02,0.0698511824,74,LOW,7,SupplyGrid-XGBoost-single-v1,0
S065,2028-07-02,0.06892234087,75,LOW,7,SupplyGrid-XGBoost-single-v1,0
S067,2028-07-02,0.06892234087,76,LOW,7,SupplyGrid-XGBoost-single-v1,1
S089,2028-07-02,0.06892234087,77,LOW,7,SupplyGrid-XGBoost-single-v1,0
S030,2028-07-02,0.0685178116,78,LOW,7,SupplyGrid-XGBoost-single-v1,0
S024,2028-07-02,0.06836955249,79,LOW,7,SupplyGrid-XGBoost-single-v1,0
S087,2028-07-02,0.06755594164,80,LOW,7,SupplyGrid-XGBoost-single-v1,0
S003,2028-07-02,0.06494599581,81,LOW,7,SupplyGrid-XGBoost-single-v1,0
S071,2028-07-02,0.0639667064,82,LOW,7,SupplyGrid-XGBoost-single-v1,0
S007,2028-07-02,0.06108986586,83,LOW,7,SupplyGrid-XGBoost-single-v1,0
S069,2028-07-02,0.06108986586,84,LOW,7,SupplyGrid-XGBoost-single-v1,0
S032,2028-07-02,0.05950580165,85,LOW,7,SupplyGrid-XGBoost-single-v1,0
S096,2028-07-02,0.05950580165,86,LOW,7,SupplyGrid-XGBoost-single-v1,0
S099,2028-07-02,0.05918328092,87,LOW,7,SupplyGrid-XGBoost-single-v1,0
S011,2028-07-02,0.0589443557,88,LOW,7,SupplyGrid-XGBoost-single-v1,0
S093,2028-07-02,0.0589443557,89,LOW,7,SupplyGrid-XGBoost-single-v1,0
S038,2028-07-02,0.05879281089,90,LOW,7,SupplyGrid-XGBoost-single-v1,1
S039,2028-07-02,0.05879281089,91,LOW,7,SupplyGrid-XGBoost-single-v1,0
S049,2028-07-02,0.05879281089,92,LOW,7,SupplyGrid-XGBoost-single-v1,0
S064,2028-07-02,0.05846430361,93,LOW,7,SupplyGrid-XGBoost-single-v1,0
S021,2028-07-02,0.05783374608,94,LOW,7,SupplyGrid-XGBoost-single-v1,0
S033,2028-07-02,0.05752947927,95,LOW,7,SupplyGrid-XGBoost-single-v1,0
S036,2028-07-02,0.0569855459,96,LOW,7,SupplyGrid-XGBoost-single-v1,0
S044,2028-07-02,0.0569855459,97,LOW,7,SupplyGrid-XGBoost-single-v1,0
S012,2028-07-03,0.1701227576,1,HIGH,7,SupplyGrid-XGBoost-single-v1,0
S073,2028-07-03,0.1571008265,2,HIGH,7,SupplyGrid-XGBoost-single-v1,0
S022,2028-07-03,0.1484998465,3,LOW,7,SupplyGrid-XGBoost-single-v1,0
S079,2028-07-03,0.1468777657,4,LOW,7,SupplyGrid-XGBoost-single-v1,0
S046,2028-07-03,0.137392655,5,LOW,7,SupplyGrid-XGBoost-single-v1,0
S043,2028-07-03,0.1368418783,6,LOW,7,SupplyGrid-XGBoost-single-v1,0
S077,2028-07-03,0.1312618256,7,LOW,7,SupplyGrid-XGBoost-single-v1,0
S095,2028-07-03,0.1279919893,8,LOW,7,SupplyGrid-XGBoost-single-v1,0
S088,2028-07-03,0.1260299981,9,LOW,7,SupplyGrid-XGBoost-single-v1,0
S050,2028-07-03,0.1254916191,10,LOW,7,SupplyGrid-XGBoost-single-v1,0
S072,2028-07-03,0.1254599839,11,LOW,7,SupplyGrid-XGBoost-single-v1,0
S041,2028-07-03,0.1242694035,12,LOW,7,SupplyGrid-XGBoost-single-v1,0
S026,2028-07-03,0.1229389161,13,LOW,7,SupplyGrid-XGBoost-single-v1,0
S060,2028-07-03,0.1199898571,14,LOW,7,SupplyGrid-XGBoost-single-v1,0
S013,2028-07-03,0.1198896691,15,LOW,7,SupplyGrid-XGBoost-single-v1,0
S017,2028-07-03,0.1196778566,16,LOW,7,SupplyGrid-XGBoost-single-v1,1
S002,2028-07-03,0.1170007586,17,LOW,7,SupplyGrid-XGBoost-single-v1,0
S078,2028-07-03,0.1147488877,18,LOW,7,SupplyGrid-XGBoost-single-v1,0
S035,2028-07-03,0.1139183715,19,LOW,7,SupplyGrid-XGBoost-single-v1,0
S086,2028-07-03,0.1133774146,20,LOW,7,SupplyGrid-XGBoost-single-v1,0
S100,2028-07-03,0.112296477,21,LOW,7,SupplyGrid-XGBoost-single-v1,0
S057,2028-07-03,0.1072973609,22,LOW,7,SupplyGrid-XGBoost-single-v1,0
S015,2028-07-03,0.1058501974,23,LOW,7,SupplyGrid-XGBoost-single-v1,0
S059,2028-07-03,0.1054215729,24,LOW,7,SupplyGrid-XGBoost-single-v1,0
S083,2028-07-03,0.1020320803,25,LOW,7,SupplyGrid-XGBoost-single-v1,0
S023,2028-07-03,0.1005215049,26,LOW,7,SupplyGrid-XGBoost-single-v1,0
S018,2028-07-03,0.09925213456,27,LOW,7,SupplyGrid-XGBoost-single-v1,0
S070,2028-07-03,0.09857426584,28,LOW,7,SupplyGrid-XGBoost-single-v1,0
S028,2028-07-03,0.09835703671,29,LOW,7,SupplyGrid-XGBoost-single-v1,1
S048,2028-07-03,0.09750548005,30,LOW,7,SupplyGrid-XGBoost-single-v1,0
S001,2028-07-03,0.09735230356,31,LOW,7,SupplyGrid-XGBoost-single-v1,0
S008,2028-07-03,0.09698996693,32,LOW,7,SupplyGrid-XGBoost-single-v1,0
S047,2028-07-03,0.09698996693,33,LOW,7,SupplyGrid-XGBoost-single-v1,0
S010,2028-07-03,0.09647976607,34,LOW,7,SupplyGrid-XGBoost-single-v1,1
S042,2028-07-03,0.09597866237,35,LOW,7,SupplyGrid-XGBoost-single-v1,0
S075,2028-07-03,0.09428557754,36,LOW,7,SupplyGrid-XGBoost-single-v1,0
S005,2028-07-03,0.09309636056,37,LOW,7,SupplyGrid-XGBoost-single-v1,1
S009,2028-07-03,0.09278664738,38,LOW,7,SupplyGrid-XGBoost-single-v1,0
S019,2028-07-03,0.09271363914,39,LOW,7,SupplyGrid-XGBoost-single-v1,1
S094,2028-07-03,0.09067950398,40,LOW,7,SupplyGrid-XGBoost-single-v1,0
S006,2028-07-03,0.08989971131,41,LOW,7,SupplyGrid-XGBoost-single-v1,0
S092,2028-07-03,0.08891770244,42,LOW,7,SupplyGrid-XGBoost-single-v1,0
S068,2028-07-03,0.08800786734,43,LOW,7,SupplyGrid-XGBoost-single-v1,0
S014,2028-07-03,0.08517064899,44,LOW,7,SupplyGrid-XGBoost-single-v1,0
S080,2028-07-03,0.08455184102,45,LOW,7,SupplyGrid-XGBoost-single-v1,0
S025,2028-07-03,0.0833376646,46,LOW,7,SupplyGrid-XGBoost-single-v1,0
S098,2028-07-03,0.08319376409,47,LOW,7,SupplyGrid-XGBoost-single-v1,0
S027,2028-07-03,0.08286756277,48,LOW,7,SupplyGrid-XGBoost-single-v1,0
S062,2028-07-03,0.08111152053,49,LOW,7,SupplyGrid-XGBoost-single-v1,1
S074,2028-07-03,0.08009408414,50,LOW,7,SupplyGrid-XGBoost-single-v1,0
S024,2028-07-03,0.07934644818,51,LOW,7,SupplyGrid-XGBoost-single-v1,0
S091,2028-07-03,0.07925392687,52,LOW,7,SupplyGrid-XGBoost-single-v1,0
S052,2028-07-03,0.07885073125,53,LOW,7,SupplyGrid-XGBoost-single-v1,0
S034,2028-07-03,0.07865229994,54,LOW,7,SupplyGrid-XGBoost-single-v1,0
S036,2028-07-03,0.07841116935,55,LOW,7,SupplyGrid-XGBoost-single-v1,0
S055,2028-07-03,0.07792514563,56,LOW,7,SupplyGrid-XGBoost-single-v1,0
S061,2028-07-03,0.07791513205,57,LOW,7,SupplyGrid-XGBoost-single-v1,0
S045,2028-07-03,0.07777266949,58,LOW,7,SupplyGrid-XGBoost-single-v1,0
S090,2028-07-03,0.07750749588,59,LOW,7,SupplyGrid-XGBoost-single-v1,0
S076,2028-07-03,0.07703693211,60,LOW,7,SupplyGrid-XGBoost-single-v1,0
S016,2028-07-03,0.07699712366,61,LOW,7,SupplyGrid-XGBoost-single-v1,0
S004,2028-07-03,0.0761186108,62,LOW,7,SupplyGrid-XGBoost-single-v1,1
S089,2028-07-03,0.07523819059,63,LOW,7,SupplyGrid-XGBoost-single-v1,0
S097,2028-07-03,0.07433958352,64,LOW,7,SupplyGrid-XGBoost-single-v1,0
S084,2028-07-03,0.07418762147,65,LOW,7,SupplyGrid-XGBoost-single-v1,0
S051,2028-07-03,0.07406207919,66,LOW,7,SupplyGrid-XGBoost-single-v1,0
S066,2028-07-03,0.07261899114,67,LOW,7,SupplyGrid-XGBoost-single-v1,0
S081,2028-07-03,0.07072675228,68,LOW,7,SupplyGrid-XGBoost-single-v1,0
S058,2028-07-03,0.07064980268,69,LOW,7,SupplyGrid-XGBoost-single-v1,0
S063,2028-07-03,0.07040574402,70,LOW,7,SupplyGrid-XGBoost-single-v1,0
S096,2028-07-03,0.07040574402,71,LOW,7,SupplyGrid-XGBoost-single-v1,0
S040,2028-07-03,0.06996191293,72,LOW,7,SupplyGrid-XGBoost-single-v1,0
S031,2028-07-03,0.0698511824,73,LOW,7,SupplyGrid-XGBoost-single-v1,0
S032,2028-07-03,0.06919015199,74,LOW,7,SupplyGrid-XGBoost-single-v1,0
S064,2028-07-03,0.0685178116,75,LOW,7,SupplyGrid-XGBoost-single-v1,0
S021,2028-07-03,0.06844970584,76,LOW,7,SupplyGrid-XGBoost-single-v1,0
S011,2028-07-03,0.06783606112,77,LOW,7,SupplyGrid-XGBoost-single-v1,0
S067,2028-07-03,0.06773050129,78,LOW,7,SupplyGrid-XGBoost-single-v1,1
S087,2028-07-03,0.06755594164,79,LOW,7,SupplyGrid-XGBoost-single-v1,0
S003,2028-07-03,0.06494599581,80,LOW,7,SupplyGrid-XGBoost-single-v1,0
S071,2028-07-03,0.0639667064,81,LOW,7,SupplyGrid-XGBoost-single-v1,0
S085,2028-07-03,0.06318031251,82,LOW,7,SupplyGrid-XGBoost-single-v1,0
S007,2028-07-03,0.06204521284,83,LOW,7,SupplyGrid-XGBoost-single-v1,0
S030,2028-07-03,0.06174543127,84,LOW,7,SupplyGrid-XGBoost-single-v1,0
S020,2028-07-03,0.06108986586,85,LOW,7,SupplyGrid-XGBoost-single-v1,0
S069,2028-07-03,0.06108986586,86,LOW,7,SupplyGrid-XGBoost-single-v1,1
S099,2028-07-03,0.05918328092,87,LOW,7,SupplyGrid-XGBoost-single-v1,0
S093,2028-07-03,0.0589443557,88,LOW,7,SupplyGrid-XGBoost-single-v1,0
S038,2028-07-03,0.05879281089,89,LOW,7,SupplyGrid-XGBoost-single-v1,1
S039,2028-07-03,0.05879281089,90,LOW,7,SupplyGrid-XGBoost-single-v1,0
S049,2028-07-03,0.05879281089,91,LOW,7,SupplyGrid-XGBoost-single-v1,0
S065,2028-07-03,0.05823766813,92,LOW,7,SupplyGrid-XGBoost-single-v1,0
S033,2028-07-03,0.05752947927,93,LOW,7,SupplyGrid-XGBoost-single-v1,0
S044,2028-07-03,0.0569855459,94,LOW,7,SupplyGrid-XGBoost-single-v1,0
S012,2028-07-04,0.1588317305,1,HIGH,7,SupplyGrid-XGBoost-single-v1,0
S072,2028-07-04,0.1490287632,2,LOW,7,SupplyGrid-XGBoost-single-v1,0
S054,2028-07-04,0.1484998465,3,LOW,7,SupplyGrid-XGBoost-single-v1,0
S079,2028-07-04,0.1468777657,4,LOW,7,SupplyGrid-XGBoost-single-v1,0
S077,2028-07-04,0.1424164623,5,LOW,7,SupplyGrid-XGBoost-single-v1,0
S043,2028-07-04,0.1357945502,6,LOW,7,SupplyGrid-XGBoost-single-v1,0
S050,2028-07-04,0.1342987418,7,LOW,7,SupplyGrid-XGBoost-single-v1,0
S073,2028-07-04,0.1304730773,8,LOW,7,SupplyGrid-XGBoost-single-v1,0
S026,2028-07-04,0.127502799,9,LOW,7,SupplyGrid-XGBoost-single-v1,0
S060,2028-07-04,0.1273363084,10,LOW,7,SupplyGrid-XGBoost-single-v1,0
S002,2028-07-04,0.1262114942,11,LOW,7,SupplyGrid-XGBoost-single-v1,0
S022,2028-07-04,0.1213430315,12,LOW,7,SupplyGrid-XGBoost-single-v1,0
S100,2028-07-04,0.121187672,13,LOW,7,SupplyGrid-XGBoost-single-v1,0
S019,2028-07-04,0.1209570318,14,LOW,7,SupplyGrid-XGBoost-single-v1,1
S013,2028-07-04,0.1198896691,15,LOW,7,SupplyGrid-XGBoost-single-v1,1
S083,2028-07-04,0.1198240444,16,LOW,7,SupplyGrid-XGBoost-single-v1,0
S017,2028-07-04,0.1196778566,17,LOW,7,SupplyGrid-XGBoost-single-v1,1
S018,2028-07-04,0.1173467934,18,LOW,7,SupplyGrid-XGBoost-single-v1,0
S088,2028-07-04,0.1159852073,19,LOW,7,SupplyGrid-XGBoost-single-v1,1
S023,2028-07-04,0.1149191633,20,LOW,7,SupplyGrid-XGBoost-single-v1,0
S086,2028-07-04,0.1133774146,21,LOW,7,SupplyGrid-XGBoost-single-v1,0
S015,2028-07-04,0.1124416292,22,LOW,7,SupplyGrid-XGBoost-single-v1,0
S095,2028-07-04,0.1109450683,23,LOW,7,SupplyGrid-XGBoost-single-v1,0
S041,2028-07-04,0.1097549424,24,LOW,7,SupplyGrid-XGBoost-single-v1,0
S068,2028-07-04,0.1064439118,25,LOW,7,SupplyGrid-XGBoost-single-v1,0
S070,2028-07-04,0.1061680987,26,LOW,7,SupplyGrid-XGBoost-single-v1,0
S035,2028-07-04,0.1047232226,27,LOW,7,SupplyGrid-XGBoost-single-v1,0
S059,2028-07-04,0.1030795202,28,LOW,7,SupplyGrid-XGBoost-single-v1,0
S036,2028-07-04,0.1024172455,29,LOW,7,SupplyGrid-XGBoost-single-v1,0
S092,2028-07-04,0.1019389927,30,LOW,7,SupplyGrid-XGBoost-single-v1,0
S057,2028-07-04,0.1009732336,31,LOW,7,SupplyGrid-XGBoost-single-v1,0
S042,2028-07-04,0.0972674638,32,LOW,7,SupplyGrid-XGBoost-single-v1,0
S010,2028-07-04,0.09647976607,33,LOW,7,SupplyGrid-XGBoost-single-v1,1
S046,2028-07-04,0.09482545406,34,LOW,7,SupplyGrid-XGBoost-single-v1,0
S048,2028-07-04,0.09340131283,35,LOW,7,SupplyGrid-XGBoost-single-v1,0
S009,2028-07-04,0.09278664738,36,LOW,7,SupplyGrid-XGBoost-single-v1,0
S094,2028-07-04,0.09223523736,37,LOW,7,SupplyGrid-XGBoost-single-v1,0
S078,2028-07-04,0.09083466977,38,LOW,7,SupplyGrid-XGBoost-single-v1,0
S028,2028-07-04,0.09072621912,39,LOW,7,SupplyGrid-XGBoost-single-v1,1
S006,2028-07-04,0.08989971131,40,LOW,7,SupplyGrid-XGBoost-single-v1,0
S062,2028-07-04,0.08876145631,41,LOW,7,SupplyGrid-XGBoost-single-v1,1
S008,2028-07-04,0.08866075426,42,LOW,7,SupplyGrid-XGBoost-single-v1,0
S047,2028-07-04,0.08535118401,43,LOW,7,SupplyGrid-XGBoost-single-v1,0
S003,2028-07-04,0.08500800282,44,LOW,7,SupplyGrid-XGBoost-single-v1,0
S001,2028-07-04,0.08494427055,45,LOW,7,SupplyGrid-XGBoost-single-v1,0
S075,2028-07-04,0.0841896683,46,LOW,7,SupplyGrid-XGBoost-single-v1,0
S045,2028-07-04,0.08404164016,47,LOW,7,SupplyGrid-XGBoost-single-v1,0
S096,2028-07-04,0.08319376409,48,LOW,7,SupplyGrid-XGBoost-single-v1,0
S098,2028-07-04,0.08179682493,49,LOW,7,SupplyGrid-XGBoost-single-v1,0
S005,2028-07-04,0.08130335808,50,LOW,7,SupplyGrid-XGBoost-single-v1,1
S014,2028-07-04,0.08060026169,51,LOW,7,SupplyGrid-XGBoost-single-v1,0
S074,2028-07-04,0.08009408414,52,LOW,7,SupplyGrid-XGBoost-single-v1,0
S024,2028-07-04,0.07905454934,53,LOW,7,SupplyGrid-XGBoost-single-v1,0
S052,2028-07-04,0.07885073125,54,LOW,7,SupplyGrid-XGBoost-single-v1,0
S034,2028-07-04,0.07865229994,55,LOW,7,SupplyGrid-XGBoost-single-v1,0
S027,2028-07-04,0.07841116935,56,LOW,7,SupplyGrid-XGBoost-single-v1,0
S055,2028-07-04,0.07792514563,57,LOW,7,SupplyGrid-XGBoost-single-v1,0
S076,2028-07-04,0.07703693211,58,LOW,7,SupplyGrid-XGBoost-single-v1,0
S016,2028-07-04,0.07699712366,59,LOW,7,SupplyGrid-XGBoost-single-v1,0
S032,2028-07-04,0.07684630156,60,LOW,7,SupplyGrid-XGBoost-single-v1,0
S063,2028-07-04,0.07684630156,61,LOW,7,SupplyGrid-XGBoost-single-v1,0
S090,2028-07-04,0.07671461254,62,LOW,7,SupplyGrid-XGBoost-single-v1,0
S004,2028-07-04,0.0761186108,63,LOW,7,SupplyGrid-XGBoost-single-v1,1
S089,2028-07-04,0.07523819059,64,LOW,7,SupplyGrid-XGBoost-single-v1,1
S080,2028-07-04,0.07418762147,65,LOW,7,SupplyGrid-XGBoost-single-v1,0
S084,2028-07-04,0.07418762147,66,LOW,7,SupplyGrid-XGBoost-single-v1,0
S051,2028-07-04,0.07293610275,67,LOW,7,SupplyGrid-XGBoost-single-v1,0
S066,2028-07-04,0.07261899114,68,LOW,7,SupplyGrid-XGBoost-single-v1,0
S020,2028-07-04,0.07225767523,69,LOW,7,SupplyGrid-XGBoost-single-v1,0
S025,2028-07-04,0.07168019563,70,LOW,7,SupplyGrid-XGBoost-single-v1,0
S061,2028-07-04,0.07139191031,71,LOW,7,SupplyGrid-XGBoost-single-v1,0
S091,2028-07-04,0.0708296001,72,LOW,7,SupplyGrid-XGBoost-single-v1,0
S081,2028-07-04,0.07072675228,73,LOW,7,SupplyGrid-XGBoost-single-v1,0
S031,2028-07-04,0.0698511824,74,LOW,7,SupplyGrid-XGBoost-single-v1,0
S058,2028-07-04,0.06957180053,75,LOW,7,SupplyGrid-XGBoost-single-v1,0
S067,2028-07-04,0.06892234087,76,LOW,7,SupplyGrid-XGBoost-single-v1,1
S021,2028-07-04,0.06887596846,77,LOW,7,SupplyGrid-XGBoost-single-v1,0
S064,2028-07-04,0.0685178116,78,LOW,7,SupplyGrid-XGBoost-single-v1,0
S011,2028-07-04,0.06783606112,79,LOW,7,SupplyGrid-XGBoost-single-v1,0
S065,2028-07-04,0.06773050129,80,LOW,7,SupplyGrid-XGBoost-single-v1,0
S087,2028-07-04,0.06755594164,81,LOW,7,SupplyGrid-XGBoost-single-v1,0
S039,2028-07-04,0.06538200378,82,LOW,7,SupplyGrid-XGBoost-single-v1,0
S007,2028-07-04,0.06363534927,83,LOW,7,SupplyGrid-XGBoost-single-v1,0
S085,2028-07-04,0.06318031251,84,LOW,7,SupplyGrid-XGBoost-single-v1,0
S069,2028-07-04,0.06108986586,85,LOW,7,SupplyGrid-XGBoost-single-v1,1
S040,2028-07-04,0.06080974638,86,LOW,7,SupplyGrid-XGBoost-single-v1,0
S099,2028-07-04,0.05915120244,87,LOW,7,SupplyGrid-XGBoost-single-v1,0
S093,2028-07-04,0.0589443557,88,LOW,7,SupplyGrid-XGBoost-single-v1,0
S038,2028-07-04,0.05879281089,89,LOW,7,SupplyGrid-XGBoost-single-v1,1
S049,2028-07-04,0.05879281089,90,LOW,7,SupplyGrid-XGBoost-single-v1,0
S071,2028-07-04,0.05879281089,91,LOW,7,SupplyGrid-XGBoost-single-v1,0
S030,2028-07-04,0.05752947927,92,LOW,7,SupplyGrid-XGBoost-single-v1,0
S033,2028-07-04,0.05752947927,93,LOW,7,SupplyGrid-XGBoost-single-v1,0
S097,2028-07-04,0.05752947927,94,LOW,7,SupplyGrid-XGBoost-single-v1,0
S044,2028-07-04,0.0569855459,95,LOW,7,SupplyGrid-XGBoost-single-v1,0
S012,2028-07-05,0.192464903,1,HIGH,7,SupplyGrid-XGBoost-single-v1,0
S079,2028-07-05,0.1682379395,2,HIGH,7,SupplyGrid-XGBoost-single-v1,0
S056,2028-07-05,0.1636174023,3,HIGH,7,SupplyGrid-XGBoost-single-v1,0
S083,2028-07-05,0.1519907862,4,HIGH,7,SupplyGrid-XGBoost-single-v1,0
S082,2028-07-05,0.1517917067,5,HIGH,7,SupplyGrid-XGBoost-single-v1,0
S054,2028-07-05,0.1484998465,6,LOW,7,SupplyGrid-XGBoost-single-v1,0
S073,2028-07-05,0.1401137412,7,LOW,7,SupplyGrid-XGBoost-single-v1,0
S072,2028-07-05,0.1367444396,8,LOW,7,SupplyGrid-XGBoost-single-v1,0
S050,2028-07-05,0.1342987418,9,LOW,7,SupplyGrid-XGBoost-single-v1,0
S088,2028-07-05,0.1336901188,10,LOW,7,SupplyGrid-XGBoost-single-v1,1
S023,2028-07-05,0.1325102001,11,LOW,7,SupplyGrid-XGBoost-single-v1,0
S002,2028-07-05,0.1262114942,12,LOW,7,SupplyGrid-XGBoost-single-v1,0
S100,2028-07-05,0.1256958991,13,LOW,7,SupplyGrid-XGBoost-single-v1,0
S026,2028-07-05,0.1229389161,14,LOW,7,SupplyGrid-XGBoost-single-v1,0
S070,2028-07-05,0.1213391721,15,LOW,7,SupplyGrid-XGBoost-single-v1,0
S043,2028-07-05,0.1201185808,16,LOW,7,SupplyGrid-XGBoost-single-v1,0
S022,2028-07-05,0.1150771528,17,LOW,7,SupplyGrid-XGBoost-single-v1,0
S019,2028-07-05,0.1146162078,18,LOW,7,SupplyGrid-XGBoost-single-v1,1
S086,2028-07-05,0.1133774146,19,LOW,7,SupplyGrid-XGBoost-single-v1,0
S013,2028-07-05,0.1129498482,20,LOW,7,SupplyGrid-XGBoost-single-v1,1
S015,2028-07-05,0.1124416292,21,LOW,7,SupplyGrid-XGBoost-single-v1,0
S060,2028-07-05,0.1099732742,22,LOW,7,SupplyGrid-XGBoost-single-v1,0
S095,2028-07-05,0.109111689,23,LOW,7,SupplyGrid-XGBoost-single-v1,0
S041,2028-07-05,0.1079645306,24,LOW,7,SupplyGrid-XGBoost-single-v1,0
S059,2028-07-05,0.1048564389,25,LOW,7,SupplyGrid-XGBoost-single-v1,0
S018,2028-07-05,0.1045569703,26,LOW,7,SupplyGrid-XGBoost-single-v1,0
S028,2028-07-05,0.1024172455,27,LOW,7,SupplyGrid-XGBoost-single-v1,1
S078,2028-07-05,0.1017439812,28,LOW,7,SupplyGrid-XGBoost-single-v1,0
S077,2028-07-05,0.1001827046,29,LOW,7,SupplyGrid-XGBoost-single-v1,0
S048,2028-07-05,0.09930358827,30,LOW,7,SupplyGrid-XGBoost-single-v1,0
S068,2028-07-05,0.09851314873,31,LOW,7,SupplyGrid-XGBoost-single-v1,0
S024,2028-07-05,0.09719017893,32,LOW,7,SupplyGrid-XGBoost-single-v1,0
S010,2028-07-05,0.09647976607,33,LOW,7,SupplyGrid-XGBoost-single-v1,1
S046,2028-07-05,0.09642152488,34,LOW,7,SupplyGrid-XGBoost-single-v1,0
S092,2028-07-05,0.09559614211,35,LOW,7,SupplyGrid-XGBoost-single-v1,0
S098,2028-07-05,0.09318239242,36,LOW,7,SupplyGrid-XGBoost-single-v1,0
S042,2028-07-05,0.0920887962,37,LOW,7,SupplyGrid-XGBoost-single-v1,0
S045,2028-07-05,0.09099622071,38,LOW,7,SupplyGrid-XGBoost-single-v1,0
S034,2028-07-05,0.09023185819,39,LOW,7,SupplyGrid-XGBoost-single-v1,0
S057,2028-07-05,0.09023185819,40,LOW,7,SupplyGrid-XGBoost-single-v1,0
S006,2028-07-05,0.08989971131,41,LOW,7,SupplyGrid-XGBoost-single-v1,0
S036,2028-07-05,0.08937134594,42,LOW,7,SupplyGrid-XGBoost-single-v1,0
S035,2028-07-05,0.08901915699,43,LOW,7,SupplyGrid-XGBoost-single-v1,0
S008,2028-07-05,0.08866075426,44,LOW,7,SupplyGrid-XGBoost-single-v1,0
S004,2028-07-05,0.08825290948,45,LOW,7,SupplyGrid-XGBoost-single-v1,1
S047,2028-07-05,0.08817246556,46,LOW,7,SupplyGrid-XGBoost-single-v1,0
S020,2028-07-05,0.08535118401,47,LOW,7,SupplyGrid-XGBoost-single-v1,0
S080,2028-07-05,0.08517064899,48,LOW,7,SupplyGrid-XGBoost-single-v1,0
S001,2028-07-05,0.08494427055,49,LOW,7,SupplyGrid-XGBoost-single-v1,0
S062,2028-07-05,0.08400121331,50,LOW,7,SupplyGrid-XGBoost-single-v1,1
S096,2028-07-05,0.08319376409,51,LOW,7,SupplyGrid-XGBoost-single-v1,0
S025,2028-07-05,0.08317065239,52,LOW,7,SupplyGrid-XGBoost-single-v1,0
S074,2028-07-05,0.08146454394,53,LOW,7,SupplyGrid-XGBoost-single-v1,0
S031,2028-07-05,0.08107406646,54,LOW,7,SupplyGrid-XGBoost-single-v1,1
S069,2028-07-05,0.07885327935,55,LOW,7,SupplyGrid-XGBoost-single-v1,1
S052,2028-07-05,0.07885073125,56,LOW,7,SupplyGrid-XGBoost-single-v1,0
S005,2028-07-05,0.07849851251,57,LOW,7,SupplyGrid-XGBoost-single-v1,1
S094,2028-07-05,0.07824022323,58,LOW,7,SupplyGrid-XGBoost-single-v1,0
S003,2028-07-05,0.07794114947,59,LOW,7,SupplyGrid-XGBoost-single-v1,0
S055,2028-07-05,0.07792514563,60,LOW,7,SupplyGrid-XGBoost-single-v1,0
S061,2028-07-05,0.07791513205,61,LOW,7,SupplyGrid-XGBoost-single-v1,0
S075,2028-07-05,0.07777266949,62,LOW,7,SupplyGrid-XGBoost-single-v1,0
S081,2028-07-05,0.07719424367,63,LOW,7,SupplyGrid-XGBoost-single-v1,0
S076,2028-07-05,0.07703693211,64,LOW,7,SupplyGrid-XGBoost-single-v1,0
S016,2028-07-05,0.07699712366,65,LOW,7,SupplyGrid-XGBoost-single-v1,0
S091,2028-07-05,0.07613448799,66,LOW,7,SupplyGrid-XGBoost-single-v1,0
S067,2028-07-05,0.07523819059,67,LOW,7,SupplyGrid-XGBoost-single-v1,1
S097,2028-07-05,0.07433958352,68,LOW,7,SupplyGrid-XGBoost-single-v1,0
S014,2028-07-05,0.07418762147,69,LOW,7,SupplyGrid-XGBoost-single-v1,0
S084,2028-07-05,0.07418762147,70,LOW,7,SupplyGrid-XGBoost-single-v1,0
S027,2028-07-05,0.07364913076,71,LOW,7,SupplyGrid-XGBoost-single-v1,0
S051,2028-07-05,0.07293610275,72,LOW,7,SupplyGrid-XGBoost-single-v1,0
S066,2028-07-05,0.07261899114,73,LOW,7,SupplyGrid-XGBoost-single-v1,1
S009,2028-07-05,0.07213024795,74,LOW,7,SupplyGrid-XGBoost-single-v1,0
S032,2028-07-05,0.07168827206,75,LOW,7,SupplyGrid-XGBoost-single-v1,0
S040,2028-07-05,0.07104549557,76,LOW,7,SupplyGrid-XGBoost-single-v1,0
S063,2028-07-05,0.07040574402,77,LOW,7,SupplyGrid-XGBoost-single-v1,0
S089,2028-07-05,0.06945633143,78,LOW,7,SupplyGrid-XGBoost-single-v1,1
S065,2028-07-05,0.06892234087,79,LOW,7,SupplyGrid-XGBoost-single-v1,0
S021,2028-07-05,0.06887596846,80,LOW,7,SupplyGrid-XGBoost-single-v1,0
S030,2028-07-05,0.06809360534,81,LOW,7,SupplyGrid-XGBoost-single-v1,0
S071,2028-07-05,0.06766329706,82,LOW,7,SupplyGrid-XGBoost-single-v1,0
S087,2028-07-05,0.06755594164,83,LOW,7,SupplyGrid-XGBoost-single-v1,0
S099,2028-07-05,0.06703037024,84,LOW,7,SupplyGrid-XGBoost-single-v1,0
S064,2028-07-05,0.0669150725,85,LOW,7,SupplyGrid-XGBoost-single-v1,0
S090,2028-07-05,0.0667424649,86,LOW,7,SupplyGrid-XGBoost-single-v1,0
S085,2028-07-05,0.06318031251,87,LOW,7,SupplyGrid-XGBoost-single-v1,0
S007,2028-07-05,0.06204521284,88,LOW,7,SupplyGrid-XGBoost-single-v1,0
S011,2028-07-05,0.0589443557,89,LOW,7,SupplyGrid-XGBoost-single-v1,0
S093,2028-07-05,0.0589443557,90,LOW,7,SupplyGrid-XGBoost-single-v1,0
S038,2028-07-05,0.05879281089,91,LOW,7,SupplyGrid-XGBoost-single-v1,1
S039,2028-07-05,0.05879281089,92,LOW,7,SupplyGrid-XGBoost-single-v1,0
S049,2028-07-05,0.05879281089,93,LOW,7,SupplyGrid-XGBoost-single-v1,0
S058,2028-07-05,0.05879281089,94,LOW,7,SupplyGrid-XGBoost-single-v1,0
S033,2028-07-05,0.05752947927,95,LOW,7,SupplyGrid-XGBoost-single-v1,0
S044,2028-07-05,0.0569855459,96,LOW,7,SupplyGrid-XGBoost-single-v1,0
S056,2028-07-06,0.1981023848,1,HIGH,7,SupplyGrid-XGBoost-single-v1,0
S012,2028-07-06,0.192464903,2,HIGH,7,SupplyGrid-XGBoost-single-v1,0
S073,2028-07-06,0.1593028307,3,HIGH,7,SupplyGrid-XGBoost-single-v1,0
S100,2028-07-06,0.1536565721,4,HIGH,7,SupplyGrid-XGBoost-single-v1,0
S082,2028-07-06,0.1517917067,5,HIGH,7,SupplyGrid-XGBoost-single-v1,0
S050,2028-07-06,0.1470242143,6,LOW,7,SupplyGrid-XGBoost-single-v1,0
S079,2028-07-06,0.1468777657,7,LOW,7,SupplyGrid-XGBoost-single-v1,0
S083,2028-07-06,0.1446682513,8,LOW,7,SupplyGrid-XGBoost-single-v1,0
S023,2028-07-06,0.1431747973,9,LOW,7,SupplyGrid-XGBoost-single-v1,0
S088,2028-07-06,0.1358422041,10,LOW,7,SupplyGrid-XGBoost-single-v1,1
S054,2028-07-06,0.1322968751,11,LOW,7,SupplyGrid-XGBoost-single-v1,0
S026,2028-07-06,0.127502799,12,LOW,7,SupplyGrid-XGBoost-single-v1,0
S078,2028-07-06,0.1251392514,13,LOW,7,SupplyGrid-XGBoost-single-v1,0
S002,2028-07-06,0.1241900548,14,LOW,7,SupplyGrid-XGBoost-single-v1,0
S019,2028-07-06,0.1236655191,15,LOW,7,SupplyGrid-XGBoost-single-v1,1
S041,2028-07-06,0.1225064993,16,LOW,7,SupplyGrid-XGBoost-single-v1,0
S072,2028-07-06,0.1223321185,17,LOW,7,SupplyGrid-XGBoost-single-v1,0
S022,2028-07-06,0.1221882179,18,LOW,7,SupplyGrid-XGBoost-single-v1,0
S059,2028-07-06,0.121394664,19,LOW,7,SupplyGrid-XGBoost-single-v1,0
S095,2028-07-06,0.1206129119,20,LOW,7,SupplyGrid-XGBoost-single-v1,0
S077,2028-07-06,0.1158968434,21,LOW,7,SupplyGrid-XGBoost-single-v1,0
S028,2028-07-06,0.113859877,22,LOW,7,SupplyGrid-XGBoost-single-v1,1
S013,2028-07-06,0.1135975718,23,LOW,7,SupplyGrid-XGBoost-single-v1,1
S086,2028-07-06,0.1133774146,24,LOW,7,SupplyGrid-XGBoost-single-v1,0
S015,2028-07-06,0.1124416292,25,LOW,7,SupplyGrid-XGBoost-single-v1,0
S043,2028-07-06,0.111295864,26,LOW,7,SupplyGrid-XGBoost-single-v1,0
S070,2028-07-06,0.1061680987,27,LOW,7,SupplyGrid-XGBoost-single-v1,0
S018,2028-07-06,0.1061151996,28,LOW,7,SupplyGrid-XGBoost-single-v1,0
S092,2028-07-06,0.1036658585,29,LOW,7,SupplyGrid-XGBoost-single-v1,0
S005,2028-07-06,0.1021462902,30,LOW,7,SupplyGrid-XGBoost-single-v1,1
S080,2028-07-06,0.1013855785,31,LOW,7,SupplyGrid-XGBoost-single-v1,0
S029,2028-07-06,0.1001530662,32,LOW,7,SupplyGrid-XGBoost-single-v1,0
S045,2028-07-06,0.09947749972,33,LOW,7,SupplyGrid-XGBoost-single-v1,0
S046,2028-07-06,0.09863353521,34,LOW,7,SupplyGrid-XGBoost-single-v1,0
S068,2028-07-06,0.09851314873,35,LOW,7,SupplyGrid-XGBoost-single-v1,0
S014,2028-07-06,0.09788809717,36,LOW,7,SupplyGrid-XGBoost-single-v1,0
S024,2028-07-06,0.09719017893,37,LOW,7,SupplyGrid-XGBoost-single-v1,0
S010,2028-07-06,0.09647976607,38,LOW,7,SupplyGrid-XGBoost-single-v1,1
S020,2028-07-06,0.09557184577,39,LOW,7,SupplyGrid-XGBoost-single-v1,0
S060,2028-07-06,0.09390423447,40,LOW,7,SupplyGrid-XGBoost-single-v1,0
S098,2028-07-06,0.09318239242,41,LOW,7,SupplyGrid-XGBoost-single-v1,1
S057,2028-07-06,0.09271363914,42,LOW,7,SupplyGrid-XGBoost-single-v1,0
S062,2028-07-06,0.09168709069,43,LOW,7,SupplyGrid-XGBoost-single-v1,1
S031,2028-07-06,0.0899181813,44,LOW,7,SupplyGrid-XGBoost-single-v1,1
S006,2028-07-06,0.08989971131,45,LOW,7,SupplyGrid-XGBoost-single-v1,0
S004,2028-07-06,0.08977112174,46,LOW,7,SupplyGrid-XGBoost-single-v1,1
S089,2028-07-06,0.08928850293,47,LOW,7,SupplyGrid-XGBoost-single-v1,1
S035,2028-07-06,0.08901915699,48,LOW,7,SupplyGrid-XGBoost-single-v1,0
S069,2028-07-06,0.08866075426,49,LOW,7,SupplyGrid-XGBoost-single-v1,1
S048,2028-07-06,0.0857020542,50,LOW,7,SupplyGrid-XGBoost-single-v1,0
S001,2028-07-06,0.08494427055,51,LOW,7,SupplyGrid-XGBoost-single-v1,0
S061,2028-07-06,0.08434280753,52,LOW,7,SupplyGrid-XGBoost-single-v1,0
S071,2028-07-06,0.0822217539,53,LOW,7,SupplyGrid-XGBoost-single-v1,1
S096,2028-07-06,0.08104316145,54,LOW,7,SupplyGrid-XGBoost-single-v1,0
S030,2028-07-06,0.08049803972,55,LOW,7,SupplyGrid-XGBoost-single-v1,0
S097,2028-07-06,0.08049803972,56,LOW,7,SupplyGrid-XGBoost-single-v1,0
S042,2028-07-06,0.07911141962,57,LOW,7,SupplyGrid-XGBoost-single-v1,0
S008,2028-07-06,0.07885327935,58,LOW,7,SupplyGrid-XGBoost-single-v1,0
S047,2028-07-06,0.07885327935,59,LOW,7,SupplyGrid-XGBoost-single-v1,0
S052,2028-07-06,0.07885073125,60,LOW,7,SupplyGrid-XGBoost-single-v1,0
S034,2028-07-06,0.07865229994,61,LOW,7,SupplyGrid-XGBoost-single-v1,0
S036,2028-07-06,0.07841116935,62,LOW,7,SupplyGrid-XGBoost-single-v1,0
S003,2028-07-06,0.07794114947,63,LOW,7,SupplyGrid-XGBoost-single-v1,0
S055,2028-07-06,0.07792514563,64,LOW,7,SupplyGrid-XGBoost-single-v1,0
S075,2028-07-06,0.07777266949,65,LOW,7,SupplyGrid-XGBoost-single-v1,0
S081,2028-07-06,0.07719424367,66,LOW,7,SupplyGrid-XGBoost-single-v1,0
S076,2028-07-06,0.07703693211,67,LOW,7,SupplyGrid-XGBoost-single-v1,0
S016,2028-07-06,0.07699712366,68,LOW,7,SupplyGrid-XGBoost-single-v1,0
S074,2028-07-06,0.07523819059,69,LOW,7,SupplyGrid-XGBoost-single-v1,0
S084,2028-07-06,0.07418762147,70,LOW,7,SupplyGrid-XGBoost-single-v1,0
S085,2028-07-06,0.07341598719,71,LOW,7,SupplyGrid-XGBoost-single-v1,0
S051,2028-07-06,0.07293610275,72,LOW,7,SupplyGrid-XGBoost-single-v1,0
S066,2028-07-06,0.07261899114,73,LOW,7,SupplyGrid-XGBoost-single-v1,1
S011,2028-07-06,0.07226580381,74,LOW,7,SupplyGrid-XGBoost-single-v1,0
S025,2028-07-06,0.07168019563,75,LOW,7,SupplyGrid-XGBoost-single-v1,0
S009,2028-07-06,0.07103135437,76,LOW,7,SupplyGrid-XGBoost-single-v1,0
S094,2028-07-06,0.06965563446,77,LOW,7,SupplyGrid-XGBoost-single-v1,0
S039,2028-07-06,0.06957180053,78,LOW,7,SupplyGrid-XGBoost-single-v1,0
S063,2028-07-06,0.06919015199,79,LOW,7,SupplyGrid-XGBoost-single-v1,0
S067,2028-07-06,0.06892234087,80,LOW,7,SupplyGrid-XGBoost-single-v1,1
S099,2028-07-06,0.06892234087,81,LOW,7,SupplyGrid-XGBoost-single-v1,0
S091,2028-07-06,0.06854399294,82,LOW,7,SupplyGrid-XGBoost-single-v1,0
S093,2028-07-06,0.06854399294,83,LOW,7,SupplyGrid-XGBoost-single-v1,0
S032,2028-07-06,0.06847604364,84,LOW,7,SupplyGrid-XGBoost-single-v1,0
S064,2028-07-06,0.06809360534,85,LOW,7,SupplyGrid-XGBoost-single-v1,0
S087,2028-07-06,0.06755594164,86,LOW,7,SupplyGrid-XGBoost-single-v1,0
S065,2028-07-06,0.06703037024,87,LOW,7,SupplyGrid-XGBoost-single-v1,0
S090,2028-07-06,0.0667424649,88,LOW,7,SupplyGrid-XGBoost-single-v1,0
S027,2028-07-06,0.06628862768,89,LOW,7,SupplyGrid-XGBoost-single-v1,0
S007,2028-07-06,0.06108986586,90,LOW,7,SupplyGrid-XGBoost-single-v1,0
S040,2028-07-06,0.06080974638,91,LOW,7,SupplyGrid-XGBoost-single-v1,0
S049,2028-07-06,0.05879281089,92,LOW,7,SupplyGrid-XGBoost-single-v1,0
S058,2028-07-06,0.05879281089,93,LOW,7,SupplyGrid-XGBoost-single-v1,0
S021,2028-07-06,0.05783374608,94,LOW,7,SupplyGrid-XGBoost-single-v1,0
S033,2028-07-06,0.05752947927,95,LOW,7,SupplyGrid-XGBoost-single-v1,0
S044,2028-07-06,0.0569855459,96,LOW,7,SupplyGrid-XGBoost-single-v1,0
S012,2028-07-07,0.192464903,1,HIGH,7,SupplyGrid-XGBoost-single-v1,0
S050,2028-07-07,0.1806041747,2,HIGH,7,SupplyGrid-XGBoost-single-v1,0
S073,2028-07-07,0.1768358797,3,HIGH,7,SupplyGrid-XGBoost-single-v1,0
S077,2028-07-07,0.1588885039,4,HIGH,7,SupplyGrid-XGBoost-single-v1,0
S056,2028-07-07,0.1579949111,5,HIGH,7,SupplyGrid-XGBoost-single-v1,0
S026,2028-07-07,0.1557938308,6,HIGH,7,SupplyGrid-XGBoost-single-v1,0
S100,2028-07-07,0.1536565721,7,HIGH,7,SupplyGrid-XGBoost-single-v1,0
S083,2028-07-07,0.1519907862,8,HIGH,7,SupplyGrid-XGBoost-single-v1,0
S079,2028-07-07,0.1468777657,9,LOW,7,SupplyGrid-XGBoost-single-v1,0
S023,2028-07-07,0.1441470832,10,LOW,7,SupplyGrid-XGBoost-single-v1,0
S082,2028-07-07,0.1333912611,11,LOW,7,SupplyGrid-XGBoost-single-v1,0
S072,2028-07-07,0.1298008859,12,LOW,7,SupplyGrid-XGBoost-single-v1,0
S088,2028-07-07,0.1260299981,13,LOW,7,SupplyGrid-XGBoost-single-v1,1
S019,2028-07-07,0.1236655191,14,LOW,7,SupplyGrid-XGBoost-single-v1,1
S070,2028-07-07,0.1213391721,15,LOW,7,SupplyGrid-XGBoost-single-v1,0
S095,2028-07-07,0.1206129119,16,LOW,7,SupplyGrid-XGBoost-single-v1,0
S005,2028-07-07,0.1185281351,17,LOW,7,SupplyGrid-XGBoost-single-v1,1
S086,2028-07-07,0.1172699556,18,LOW,7,SupplyGrid-XGBoost-single-v1,0
S054,2028-07-07,0.1169700697,19,LOW,7,SupplyGrid-XGBoost-single-v1,0
S059,2028-07-07,0.1151558235,20,LOW,7,SupplyGrid-XGBoost-single-v1,0
S092,2028-07-07,0.1127798408,21,LOW,7,SupplyGrid-XGBoost-single-v1,0
S041,2028-07-07,0.1113810092,22,LOW,7,SupplyGrid-XGBoost-single-v1,0
S043,2028-07-07,0.111295864,23,LOW,7,SupplyGrid-XGBoost-single-v1,0
S098,2028-07-07,0.1109415218,24,LOW,7,SupplyGrid-XGBoost-single-v1,1
S078,2028-07-07,0.1095523015,25,LOW,7,SupplyGrid-XGBoost-single-v1,0
S014,2028-07-07,0.1083501354,26,LOW,7,SupplyGrid-XGBoost-single-v1,0
S060,2028-07-07,0.1073579863,27,LOW,7,SupplyGrid-XGBoost-single-v1,0
S024,2028-07-07,0.1062272936,28,LOW,7,SupplyGrid-XGBoost-single-v1,0
S015,2028-07-07,0.1058501974,29,LOW,7,SupplyGrid-XGBoost-single-v1,0
S002,2028-07-07,0.1058025509,30,LOW,7,SupplyGrid-XGBoost-single-v1,0
S018,2028-07-07,0.105274342,31,LOW,7,SupplyGrid-XGBoost-single-v1,0
S013,2028-07-07,0.1050959155,32,LOW,7,SupplyGrid-XGBoost-single-v1,1
S035,2028-07-07,0.1047232226,33,LOW,7,SupplyGrid-XGBoost-single-v1,0
S022,2028-07-07,0.1018884704,34,LOW,7,SupplyGrid-XGBoost-single-v1,0
S080,2028-07-07,0.1013855785,35,LOW,7,SupplyGrid-XGBoost-single-v1,0
S029,2028-07-07,0.1001530662,36,LOW,7,SupplyGrid-XGBoost-single-v1,0
S046,2028-07-07,0.09863353521,37,LOW,7,SupplyGrid-XGBoost-single-v1,0
S089,2028-07-07,0.09800825268,38,LOW,7,SupplyGrid-XGBoost-single-v1,1
S011,2028-07-07,0.09606492519,39,LOW,7,SupplyGrid-XGBoost-single-v1,0
S045,2028-07-07,0.09580660611,40,LOW,7,SupplyGrid-XGBoost-single-v1,0
S057,2028-07-07,0.09271363914,41,LOW,7,SupplyGrid-XGBoost-single-v1,0
S025,2028-07-07,0.09222054482,42,LOW,7,SupplyGrid-XGBoost-single-v1,0
S028,2028-07-07,0.09072621912,43,LOW,7,SupplyGrid-XGBoost-single-v1,1
S001,2028-07-07,0.09049469978,44,LOW,7,SupplyGrid-XGBoost-single-v1,0
S031,2028-07-07,0.0899181813,45,LOW,7,SupplyGrid-XGBoost-single-v1,1
S006,2028-07-07,0.08989971131,46,LOW,7,SupplyGrid-XGBoost-single-v1,0
S004,2028-07-07,0.08977112174,47,LOW,7,SupplyGrid-XGBoost-single-v1,1
S068,2028-07-07,0.08890622854,48,LOW,7,SupplyGrid-XGBoost-single-v1,0
S020,2028-07-07,0.08866075426,49,LOW,7,SupplyGrid-XGBoost-single-v1,0
S047,2028-07-07,0.08866075426,50,LOW,7,SupplyGrid-XGBoost-single-v1,0
S061,2028-07-07,0.08434280753,51,LOW,7,SupplyGrid-XGBoost-single-v1,0
S048,2028-07-07,0.08424630016,52,LOW,7,SupplyGrid-XGBoost-single-v1,0
S008,2028-07-07,0.08392134309,53,LOW,7,SupplyGrid-XGBoost-single-v1,0
S069,2028-07-07,0.08392134309,54,LOW,7,SupplyGrid-XGBoost-single-v1,1
S094,2028-07-07,0.08225214481,55,LOW,7,SupplyGrid-XGBoost-single-v1,0
S071,2028-07-07,0.0822217539,56,LOW,7,SupplyGrid-XGBoost-single-v1,1
S097,2028-07-07,0.08049803972,57,LOW,7,SupplyGrid-XGBoost-single-v1,0
S052,2028-07-07,0.07885073125,58,LOW,7,SupplyGrid-XGBoost-single-v1,0
S034,2028-07-07,0.07865229994,59,LOW,7,SupplyGrid-XGBoost-single-v1,0
S036,2028-07-07,0.07841116935,60,LOW,7,SupplyGrid-XGBoost-single-v1,0
S003,2028-07-07,0.07794114947,61,LOW,7,SupplyGrid-XGBoost-single-v1,0
S055,2028-07-07,0.07792514563,62,LOW,7,SupplyGrid-XGBoost-single-v1,0
S075,2028-07-07,0.07777266949,63,LOW,7,SupplyGrid-XGBoost-single-v1,0
S076,2028-07-07,0.07703693211,64,LOW,7,SupplyGrid-XGBoost-single-v1,0
S016,2028-07-07,0.07699712366,65,LOW,7,SupplyGrid-XGBoost-single-v1,0
S096,2028-07-07,0.07613448799,66,LOW,7,SupplyGrid-XGBoost-single-v1,0
S065,2028-07-07,0.07523819059,67,LOW,7,SupplyGrid-XGBoost-single-v1,0
S099,2028-07-07,0.07523819059,68,LOW,7,SupplyGrid-XGBoost-single-v1,0
S085,2028-07-07,0.07469986379,69,LOW,7,SupplyGrid-XGBoost-single-v1,0
S030,2028-07-07,0.07433958352,70,LOW,7,SupplyGrid-XGBoost-single-v1,0
S084,2028-07-07,0.07418762147,71,LOW,7,SupplyGrid-XGBoost-single-v1,0
S066,2028-07-07,0.07261899114,72,LOW,7,SupplyGrid-XGBoost-single-v1,1
S042,2028-07-07,0.07249592245,73,LOW,7,SupplyGrid-XGBoost-single-v1,0
S051,2028-07-07,0.07168019563,74,LOW,7,SupplyGrid-XGBoost-single-v1,0
S009,2028-07-07,0.07103135437,75,LOW,7,SupplyGrid-XGBoost-single-v1,0
S074,2028-07-07,0.06999102235,76,LOW,7,SupplyGrid-XGBoost-single-v1,0
S063,2028-07-07,0.06953832507,77,LOW,7,SupplyGrid-XGBoost-single-v1,0
S081,2028-07-07,0.06950603426,78,LOW,7,SupplyGrid-XGBoost-single-v1,0
S090,2028-07-07,0.06950603426,79,LOW,7,SupplyGrid-XGBoost-single-v1,0
S067,2028-07-07,0.06892234087,80,LOW,7,SupplyGrid-XGBoost-single-v1,1
S039,2028-07-07,0.06836955249,81,LOW,7,SupplyGrid-XGBoost-single-v1,0
S049,2028-07-07,0.06836955249,82,LOW,7,SupplyGrid-XGBoost-single-v1,0
S087,2028-07-07,0.06755594164,83,LOW,7,SupplyGrid-XGBoost-single-v1,0
S027,2028-07-07,0.06745694578,84,LOW,7,SupplyGrid-XGBoost-single-v1,0
S021,2028-07-07,0.06432280689,85,LOW,7,SupplyGrid-XGBoost-single-v1,0
S007,2028-07-07,0.06108986586,86,LOW,7,SupplyGrid-XGBoost-single-v1,0
S040,2028-07-07,0.06080974638,87,LOW,7,SupplyGrid-XGBoost-single-v1,0
S032,2028-07-07,0.05950580165,88,LOW,7,SupplyGrid-XGBoost-single-v1,0
S091,2028-07-07,0.0589443557,89,LOW,7,SupplyGrid-XGBoost-single-v1,0
S093,2028-07-07,0.0589443557,90,LOW,7,SupplyGrid-XGBoost-single-v1,0
S058,2028-07-07,0.05879281089,91,LOW,7,SupplyGrid-XGBoost-single-v1,0
S033,2028-07-07,0.05752947927,92,LOW,7,SupplyGrid-XGBoost-single-v1,0
S064,2028-07-07,0.05752947927,93,LOW,7,SupplyGrid-XGBoost-single-v1,0
S044,2028-07-07,0.0569855459,94,LOW,7,SupplyGrid-XGBoost-single-v1,0
S073,2028-07-08,0.1768358797,1,HIGH,7,SupplyGrid-XGBoost-single-v1,0
S077,2028-07-08,0.1667498946,2,HIGH,7,SupplyGrid-XGBoost-single-v1,0
S012,2028-07-08,0.1587670445,3,HIGH,7,SupplyGrid-XGBoost-single-v1,0
S026,2028-07-08,0.1557938308,4,HIGH,7,SupplyGrid-XGBoost-single-v1,0
S100,2028-07-08,0.1536565721,5,HIGH,7,SupplyGrid-XGBoost-single-v1,0
S017,2028-07-08,0.153389588,6,HIGH,7,SupplyGrid-XGBoost-single-v1,0
S050,2028-07-08,0.1486008167,7,LOW,7,SupplyGrid-XGBoost-single-v1,0
S037,2028-07-08,0.1484998465,8,LOW,7,SupplyGrid-XGBoost-single-v1,0
S079,2028-07-08,0.1468777657,9,LOW,7,SupplyGrid-XGBoost-single-v1,0
S056,2028-07-08,0.1468545198,10,LOW,7,SupplyGrid-XGBoost-single-v1,0
S054,2028-07-08,0.1354772151,11,LOW,7,SupplyGrid-XGBoost-single-v1,0
S083,2028-07-08,0.133569926,12,LOW,7,SupplyGrid-XGBoost-single-v1,0
S072,2028-07-08,0.1298008859,13,LOW,7,SupplyGrid-XGBoost-single-v1,0
S086,2028-07-08,0.1293516308,14,LOW,7,SupplyGrid-XGBoost-single-v1,0
S023,2028-07-08,0.1281852871,15,LOW,7,SupplyGrid-XGBoost-single-v1,0
S082,2028-07-08,0.1216852069,16,LOW,7,SupplyGrid-XGBoost-single-v1,0
S013,2028-07-08,0.1198896691,17,LOW,7,SupplyGrid-XGBoost-single-v1,1
S078,2028-07-08,0.118928887,18,LOW,7,SupplyGrid-XGBoost-single-v1,0
S088,2028-07-08,0.1159852073,19,LOW,7,SupplyGrid-XGBoost-single-v1,1
S070,2028-07-08,0.1152925417,20,LOW,7,SupplyGrid-XGBoost-single-v1,0
S019,2028-07-08,0.1146162078,21,LOW,7,SupplyGrid-XGBoost-single-v1,1
S092,2028-07-08,0.1144449785,22,LOW,7,SupplyGrid-XGBoost-single-v1,0
S015,2028-07-08,0.114296779,23,LOW,7,SupplyGrid-XGBoost-single-v1,0
S035,2028-07-08,0.1139183715,24,LOW,7,SupplyGrid-XGBoost-single-v1,0
S046,2028-07-08,0.1119997799,25,LOW,7,SupplyGrid-XGBoost-single-v1,0
S095,2028-07-08,0.1109450683,26,LOW,7,SupplyGrid-XGBoost-single-v1,0
S069,2028-07-08,0.1094141081,27,LOW,7,SupplyGrid-XGBoost-single-v1,1
S059,2028-07-08,0.1093806326,28,LOW,7,SupplyGrid-XGBoost-single-v1,0
S002,2028-07-08,0.107587032,29,LOW,7,SupplyGrid-XGBoost-single-v1,0
S024,2028-07-08,0.1062272936,30,LOW,7,SupplyGrid-XGBoost-single-v1,0
S018,2028-07-08,0.1061151996,31,LOW,7,SupplyGrid-XGBoost-single-v1,0
S098,2028-07-08,0.1058967188,32,LOW,7,SupplyGrid-XGBoost-single-v1,1
S060,2028-07-08,0.1057836115,33,LOW,7,SupplyGrid-XGBoost-single-v1,0
S043,2028-07-08,0.1057171896,34,LOW,7,SupplyGrid-XGBoost-single-v1,0
S041,2028-07-08,0.1056492403,35,LOW,7,SupplyGrid-XGBoost-single-v1,0
S080,2028-07-08,0.1046183184,36,LOW,7,SupplyGrid-XGBoost-single-v1,0
S022,2028-07-08,0.1036145985,37,LOW,7,SupplyGrid-XGBoost-single-v1,0
S008,2028-07-08,0.1008267105,38,LOW,7,SupplyGrid-XGBoost-single-v1,0
S029,2028-07-08,0.1001530662,39,LOW,7,SupplyGrid-XGBoost-single-v1,0
S045,2028-07-08,0.09947749972,40,LOW,7,SupplyGrid-XGBoost-single-v1,0
S053,2028-07-08,0.0993675366,41,LOW,7,SupplyGrid-XGBoost-single-v1,0
S087,2028-07-08,0.09841745347,42,LOW,7,SupplyGrid-XGBoost-single-v1,0
S001,2028-07-08,0.0983357653,43,LOW,7,SupplyGrid-XGBoost-single-v1,0
S047,2028-07-08,0.09557184577,44,LOW,7,SupplyGrid-XGBoost-single-v1,0
S048,2028-07-08,0.09340131283,45,LOW,7,SupplyGrid-XGBoost-single-v1,0
S068,2028-07-08,0.09043452889,46,LOW,7,SupplyGrid-XGBoost-single-v1,0
S011,2028-07-08,0.09033583105,47,LOW,7,SupplyGrid-XGBoost-single-v1,0
S006,2028-07-08,0.08989971131,48,LOW,7,SupplyGrid-XGBoost-single-v1,0
S020,2028-07-08,0.08685210347,49,LOW,7,SupplyGrid-XGBoost-single-v1,0
S003,2028-07-08,0.08596823364,50,LOW,7,SupplyGrid-XGBoost-single-v1,0
S089,2028-07-08,0.0858508721,51,LOW,7,SupplyGrid-XGBoost-single-v1,1
S061,2028-07-08,0.08434280753,52,LOW,7,SupplyGrid-XGBoost-single-v1,0
S075,2028-07-08,0.0841896683,53,LOW,7,SupplyGrid-XGBoost-single-v1,0
S096,2028-07-08,0.08228319883,54,LOW,7,SupplyGrid-XGBoost-single-v1,0
S031,2028-07-08,0.08024787158,55,LOW,7,SupplyGrid-XGBoost-single-v1,1
S014,2028-07-08,0.08003742248,56,LOW,7,SupplyGrid-XGBoost-single-v1,0
S074,2028-07-08,0.0800326243,57,LOW,7,SupplyGrid-XGBoost-single-v1,0
S025,2028-07-08,0.07985610515,58,LOW,7,SupplyGrid-XGBoost-single-v1,0
S028,2028-07-08,0.07975530624,59,LOW,7,SupplyGrid-XGBoost-single-v1,1
S042,2028-07-08,0.0793338418,60,LOW,7,SupplyGrid-XGBoost-single-v1,0
S052,2028-07-08,0.07885073125,61,LOW,7,SupplyGrid-XGBoost-single-v1,0
S034,2028-07-08,0.07865229994,62,LOW,7,SupplyGrid-XGBoost-single-v1,0
S057,2028-07-08,0.07865229994,63,LOW,7,SupplyGrid-XGBoost-single-v1,0
S036,2028-07-08,0.07841116935,64,LOW,7,SupplyGrid-XGBoost-single-v1,0
S055,2028-07-08,0.07792514563,65,LOW,7,SupplyGrid-XGBoost-single-v1,0
S071,2028-07-08,0.07711084187,66,LOW,7,SupplyGrid-XGBoost-single-v1,1
S076,2028-07-08,0.07703693211,67,LOW,7,SupplyGrid-XGBoost-single-v1,0
S016,2028-07-08,0.07699712366,68,LOW,7,SupplyGrid-XGBoost-single-v1,0
S067,2028-07-08,0.07639676332,69,LOW,7,SupplyGrid-XGBoost-single-v1,1
S090,2028-07-08,0.07615213096,70,LOW,7,SupplyGrid-XGBoost-single-v1,0
S093,2028-07-08,0.07613448799,71,LOW,7,SupplyGrid-XGBoost-single-v1,0
S039,2028-07-08,0.07594231516,72,LOW,7,SupplyGrid-XGBoost-single-v1,0
S030,2028-07-08,0.07433958352,73,LOW,7,SupplyGrid-XGBoost-single-v1,0
S097,2028-07-08,0.07433958352,74,LOW,7,SupplyGrid-XGBoost-single-v1,0
S084,2028-07-08,0.07418762147,75,LOW,7,SupplyGrid-XGBoost-single-v1,0
S085,2028-07-08,0.07341598719,76,LOW,7,SupplyGrid-XGBoost-single-v1,0
S066,2028-07-08,0.07261899114,77,LOW,7,SupplyGrid-XGBoost-single-v1,1
S009,2028-07-08,0.07103135437,78,LOW,7,SupplyGrid-XGBoost-single-v1,0
S081,2028-07-08,0.07072675228,79,LOW,7,SupplyGrid-XGBoost-single-v1,0
S094,2028-07-08,0.06965563446,80,LOW,7,SupplyGrid-XGBoost-single-v1,0
S099,2028-07-08,0.06892234087,81,LOW,7,SupplyGrid-XGBoost-single-v1,0
S049,2028-07-08,0.06836955249,82,LOW,7,SupplyGrid-XGBoost-single-v1,0
S065,2028-07-08,0.06773050129,83,LOW,7,SupplyGrid-XGBoost-single-v1,0
S021,2028-07-08,0.06726545095,84,LOW,7,SupplyGrid-XGBoost-single-v1,0
S032,2028-07-08,0.06264135242,85,LOW,7,SupplyGrid-XGBoost-single-v1,0
S051,2028-07-08,0.0616704151,86,LOW,7,SupplyGrid-XGBoost-single-v1,0
S007,2028-07-08,0.06108986586,87,LOW,7,SupplyGrid-XGBoost-single-v1,0
S040,2028-07-08,0.06080974638,88,LOW,7,SupplyGrid-XGBoost-single-v1,0
S063,2028-07-08,0.06043796614,89,LOW,7,SupplyGrid-XGBoost-single-v1,0
S091,2028-07-08,0.0589443557,90,LOW,7,SupplyGrid-XGBoost-single-v1,0
S058,2028-07-08,0.05879281089,91,LOW,7,SupplyGrid-XGBoost-single-v1,0
S033,2028-07-08,0.05752947927,92,LOW,7,SupplyGrid-XGBoost-single-v1,0
S064,2028-07-08,0.05752947927,93,LOW,7,SupplyGrid-XGBoost-single-v1,0
S027,2028-07-08,0.0569855459,94,LOW,7,SupplyGrid-XGBoost-single-v1,0
S044,2028-07-08,0.0569855459,95,LOW,7,SupplyGrid-XGBoost-single-v1,0
S073,2028-07-09,0.1768358797,1,HIGH,7,SupplyGrid-XGBoost-single-v1,0
S050,2028-07-09,0.1593671292,2,HIGH,7,SupplyGrid-XGBoost-single-v1,0
S026,2028-07-09,0.1557938308,3,HIGH,7,SupplyGrid-XGBoost-single-v1,0
S012,2028-07-09,0.1532806754,4,HIGH,7,SupplyGrid-XGBoost-single-v1,0
S083,2028-07-09,0.150878042,5,HIGH,7,SupplyGrid-XGBoost-single-v1,0
S077,2028-07-09,0.1501801759,6,HIGH,7,SupplyGrid-XGBoost-single-v1,0
S037,2028-07-09,0.1484998465,7,LOW,7,SupplyGrid-XGBoost-single-v1,0
S079,2028-07-09,0.1468777657,8,LOW,7,SupplyGrid-XGBoost-single-v1,0
S056,2028-07-09,0.1468545198,9,LOW,7,SupplyGrid-XGBoost-single-v1,0
S100,2028-07-09,0.1462676078,10,LOW,7,SupplyGrid-XGBoost-single-v1,0
S013,2028-07-09,0.1440908313,11,LOW,7,SupplyGrid-XGBoost-single-v1,1
S023,2028-07-09,0.1381387413,12,LOW,7,SupplyGrid-XGBoost-single-v1,0
S072,2028-07-09,0.1367444396,13,LOW,7,SupplyGrid-XGBoost-single-v1,0
S015,2028-07-09,0.1275003701,14,LOW,7,SupplyGrid-XGBoost-single-v1,0
S086,2028-07-09,0.1252699643,15,LOW,7,SupplyGrid-XGBoost-single-v1,0
S054,2028-07-09,0.124304384,16,LOW,7,SupplyGrid-XGBoost-single-v1,0
S035,2028-07-09,0.1229202226,17,LOW,7,SupplyGrid-XGBoost-single-v1,0
S017,2028-07-09,0.1213430315,18,LOW,7,SupplyGrid-XGBoost-single-v1,0
S070,2028-07-09,0.1213391721,19,LOW,7,SupplyGrid-XGBoost-single-v1,0
S041,2028-07-09,0.1140818,20,LOW,7,SupplyGrid-XGBoost-single-v1,0
S024,2028-07-09,0.1137032956,21,LOW,7,SupplyGrid-XGBoost-single-v1,0
S088,2028-07-09,0.1111990362,22,LOW,7,SupplyGrid-XGBoost-single-v1,1
S082,2028-07-09,0.1108678579,23,LOW,7,SupplyGrid-XGBoost-single-v1,0
S069,2028-07-09,0.1094141081,24,LOW,7,SupplyGrid-XGBoost-single-v1,1
S002,2028-07-09,0.107587032,25,LOW,7,SupplyGrid-XGBoost-single-v1,0
S098,2028-07-09,0.1074498743,26,LOW,7,SupplyGrid-XGBoost-single-v1,1
S047,2028-07-09,0.1064964235,27,LOW,7,SupplyGrid-XGBoost-single-v1,0
S018,2028-07-09,0.1061151996,28,LOW,7,SupplyGrid-XGBoost-single-v1,0
S011,2028-07-09,0.1055743471,29,LOW,7,SupplyGrid-XGBoost-single-v1,0
S080,2028-07-09,0.1046183184,30,LOW,7,SupplyGrid-XGBoost-single-v1,0
S022,2028-07-09,0.1036145985,31,LOW,7,SupplyGrid-XGBoost-single-v1,0
S048,2028-07-09,0.1024775058,32,LOW,7,SupplyGrid-XGBoost-single-v1,0
S095,2028-07-09,0.1015963703,33,LOW,7,SupplyGrid-XGBoost-single-v1,0
S053,2028-07-09,0.1003690958,34,LOW,7,SupplyGrid-XGBoost-single-v1,0
S029,2028-07-09,0.1001530662,35,LOW,7,SupplyGrid-XGBoost-single-v1,0
S020,2028-07-09,0.09940200299,36,LOW,7,SupplyGrid-XGBoost-single-v1,0
S001,2028-07-09,0.0988150239,37,LOW,7,SupplyGrid-XGBoost-single-v1,0
S046,2028-07-09,0.09809623659,38,LOW,7,SupplyGrid-XGBoost-single-v1,0
S043,2028-07-09,0.09800434858,39,LOW,7,SupplyGrid-XGBoost-single-v1,0
S060,2028-07-09,0.09717310965,40,LOW,7,SupplyGrid-XGBoost-single-v1,1
S092,2028-07-09,0.09703534096,41,LOW,7,SupplyGrid-XGBoost-single-v1,0
S089,2028-07-09,0.09655619413,42,LOW,7,SupplyGrid-XGBoost-single-v1,1
S003,2028-07-09,0.09529086947,43,LOW,7,SupplyGrid-XGBoost-single-v1,0
S075,2028-07-09,0.09428557754,44,LOW,7,SupplyGrid-XGBoost-single-v1,0
S045,2028-07-09,0.09421964735,45,LOW,7,SupplyGrid-XGBoost-single-v1,0
S057,2028-07-09,0.09115065634,46,LOW,7,SupplyGrid-XGBoost-single-v1,0
S087,2028-07-09,0.09087733179,47,LOW,7,SupplyGrid-XGBoost-single-v1,0
S078,2028-07-09,0.09063319862,48,LOW,7,SupplyGrid-XGBoost-single-v1,0
S008,2028-07-09,0.09036769718,49,LOW,7,SupplyGrid-XGBoost-single-v1,0
S006,2028-07-09,0.08989971131,50,LOW,7,SupplyGrid-XGBoost-single-v1,0
S016,2028-07-09,0.089257963,51,LOW,7,SupplyGrid-XGBoost-single-v1,0
S074,2028-07-09,0.0887741074,52,LOW,7,SupplyGrid-XGBoost-single-v1,0
S094,2028-07-09,0.08833119273,53,LOW,7,SupplyGrid-XGBoost-single-v1,0
S059,2028-07-09,0.0876192525,54,LOW,7,SupplyGrid-XGBoost-single-v1,0
S061,2028-07-09,0.08761701733,55,LOW,7,SupplyGrid-XGBoost-single-v1,0
S096,2028-07-09,0.08674519509,56,LOW,7,SupplyGrid-XGBoost-single-v1,0
S042,2028-07-09,0.08562859893,57,LOW,7,SupplyGrid-XGBoost-single-v1,0
S039,2028-07-09,0.08514732122,58,LOW,7,SupplyGrid-XGBoost-single-v1,0
S038,2028-07-09,0.08455184102,59,LOW,7,SupplyGrid-XGBoost-single-v1,0
S071,2028-07-09,0.08347818255,60,LOW,7,SupplyGrid-XGBoost-single-v1,1
S085,2028-07-09,0.08149880171,61,LOW,7,SupplyGrid-XGBoost-single-v1,0
S097,2028-07-09,0.08049803972,62,LOW,7,SupplyGrid-XGBoost-single-v1,0
S031,2028-07-09,0.08024787158,63,LOW,7,SupplyGrid-XGBoost-single-v1,1
S036,2028-07-09,0.07975530624,64,LOW,7,SupplyGrid-XGBoost-single-v1,0
S052,2028-07-09,0.07885073125,65,LOW,7,SupplyGrid-XGBoost-single-v1,0
S034,2028-07-09,0.07865229994,66,LOW,7,SupplyGrid-XGBoost-single-v1,0
S055,2028-07-09,0.07792514563,67,LOW,7,SupplyGrid-XGBoost-single-v1,0
S081,2028-07-09,0.07719424367,68,LOW,7,SupplyGrid-XGBoost-single-v1,0
S076,2028-07-09,0.07703693211,69,LOW,7,SupplyGrid-XGBoost-single-v1,0
S021,2028-07-09,0.07674279064,70,LOW,7,SupplyGrid-XGBoost-single-v1,0
S093,2028-07-09,0.07613448799,71,LOW,7,SupplyGrid-XGBoost-single-v1,0
S049,2028-07-09,0.07594231516,72,LOW,7,SupplyGrid-XGBoost-single-v1,0
S068,2028-07-09,0.07467613369,73,LOW,7,SupplyGrid-XGBoost-single-v1,0
S084,2028-07-09,0.07418762147,74,LOW,7,SupplyGrid-XGBoost-single-v1,0
S027,2028-07-09,0.07364913076,75,LOW,7,SupplyGrid-XGBoost-single-v1,0
S066,2028-07-09,0.07261899114,76,LOW,7,SupplyGrid-XGBoost-single-v1,1
S014,2028-07-09,0.07249777764,77,LOW,7,SupplyGrid-XGBoost-single-v1,0
S099,2028-07-09,0.07176923752,78,LOW,7,SupplyGrid-XGBoost-single-v1,0
S063,2028-07-09,0.07130591571,79,LOW,7,SupplyGrid-XGBoost-single-v1,0
S009,2028-07-09,0.07103135437,80,LOW,7,SupplyGrid-XGBoost-single-v1,0
S025,2028-07-09,0.07058767974,81,LOW,7,SupplyGrid-XGBoost-single-v1,0
S065,2028-07-09,0.06892234087,82,LOW,7,SupplyGrid-XGBoost-single-v1,0
S090,2028-07-09,0.06777980179,83,LOW,7,SupplyGrid-XGBoost-single-v1,0
S030,2028-07-09,0.0669150725,84,LOW,7,SupplyGrid-XGBoost-single-v1,0
S040,2028-07-09,0.06614865363,85,LOW,7,SupplyGrid-XGBoost-single-v1,0
S064,2028-07-09,0.06259957701,86,LOW,7,SupplyGrid-XGBoost-single-v1,0
S051,2028-07-09,0.0616704151,87,LOW,7,SupplyGrid-XGBoost-single-v1,0
S007,2028-07-09,0.06108986586,88,LOW,7,SupplyGrid-XGBoost-single-v1,0
S032,2028-07-09,0.05950580165,89,LOW,7,SupplyGrid-XGBoost-single-v1,0
S091,2028-07-09,0.0589443557,90,LOW,7,SupplyGrid-XGBoost-single-v1,0
S058,2028-07-09,0.05879281089,91,LOW,7,SupplyGrid-XGBoost-single-v1,0
S033,2028-07-09,0.05752947927,92,LOW,7,SupplyGrid-XGBoost-single-v1,0
S044,2028-07-09,0.0569855459,93,LOW,7,SupplyGrid-XGBoost-single-v1,0
S012,2028-07-10,0.192464903,1,HIGH,7,SupplyGrid-XGBoost-single-v1,0
S073,2028-07-10,0.1768358797,2,HIGH,7,SupplyGrid-XGBoost-single-v1,0
S026,2028-07-10,0.1557938308,3,HIGH,7,SupplyGrid-XGBoost-single-v1,0
S077,2028-07-10,0.154031679,4,HIGH,7,SupplyGrid-XGBoost-single-v1,0
S056,2028-07-10,0.1493252516,5,LOW,7,SupplyGrid-XGBoost-single-v1,0
S079,2028-07-10,0.1468777657,6,LOW,7,SupplyGrid-XGBoost-single-v1,0
S072,2028-07-10,0.146799922,7,LOW,7,SupplyGrid-XGBoost-single-v1,0
S013,2028-07-10,0.1464592814,8,LOW,7,SupplyGrid-XGBoost-single-v1,1
S023,2028-07-10,0.1452152431,9,LOW,7,SupplyGrid-XGBoost-single-v1,0
S083,2028-07-10,0.1405892968,10,LOW,7,SupplyGrid-XGBoost-single-v1,0
S050,2028-07-10,0.1331315041,11,LOW,7,SupplyGrid-XGBoost-single-v1,0
S037,2028-07-10,0.1304370761,12,LOW,7,SupplyGrid-XGBoost-single-v1,0
S098,2028-07-10,0.1276789457,13,LOW,7,SupplyGrid-XGBoost-single-v1,1
S088,2028-07-10,0.1244858876,14,LOW,7,SupplyGrid-XGBoost-single-v1,1
S035,2028-07-10,0.1229202226,15,LOW,7,SupplyGrid-XGBoost-single-v1,0
S092,2028-07-10,0.1214988604,16,LOW,7,SupplyGrid-XGBoost-single-v1,0
S070,2028-07-10,0.1213391721,17,LOW,7,SupplyGrid-XGBoost-single-v1,0
S024,2028-07-10,0.1196778566,18,LOW,7,SupplyGrid-XGBoost-single-v1,0
S029,2028-07-10,0.1175678074,19,LOW,7,SupplyGrid-XGBoost-single-v1,0
S002,2028-07-10,0.1170007586,20,LOW,7,SupplyGrid-XGBoost-single-v1,0
S017,2028-07-10,0.1169700697,21,LOW,7,SupplyGrid-XGBoost-single-v1,0
S015,2028-07-10,0.114296779,22,LOW,7,SupplyGrid-XGBoost-single-v1,0
S086,2028-07-10,0.1133774146,23,LOW,7,SupplyGrid-XGBoost-single-v1,0
S100,2028-07-10,0.112296477,24,LOW,7,SupplyGrid-XGBoost-single-v1,0
S047,2028-07-10,0.10737174,25,LOW,7,SupplyGrid-XGBoost-single-v1,0
S045,2028-07-10,0.1048507765,26,LOW,7,SupplyGrid-XGBoost-single-v1,0
S095,2028-07-10,0.1033838913,27,LOW,7,SupplyGrid-XGBoost-single-v1,0
S054,2028-07-10,0.1029020175,28,LOW,7,SupplyGrid-XGBoost-single-v1,0
S080,2028-07-10,0.1029020175,29,LOW,7,SupplyGrid-XGBoost-single-v1,0
S011,2028-07-10,0.1027057469,30,LOW,7,SupplyGrid-XGBoost-single-v1,0
S082,2028-07-10,0.100190036,31,LOW,7,SupplyGrid-XGBoost-single-v1,0
S001,2028-07-10,0.09981162101,32,LOW,7,SupplyGrid-XGBoost-single-v1,0
S016,2028-07-10,0.09889874607,33,LOW,7,SupplyGrid-XGBoost-single-v1,0
S060,2028-07-10,0.0969813019,34,LOW,7,SupplyGrid-XGBoost-single-v1,1
S071,2028-07-10,0.09681179374,35,LOW,7,SupplyGrid-XGBoost-single-v1,1
S046,2028-07-10,0.09642152488,36,LOW,7,SupplyGrid-XGBoost-single-v1,0
S041,2028-07-10,0.09470783174,37,LOW,7,SupplyGrid-XGBoost-single-v1,0
S074,2028-07-10,0.09436103702,38,LOW,7,SupplyGrid-XGBoost-single-v1,0
S036,2028-07-10,0.09432086349,39,LOW,7,SupplyGrid-XGBoost-single-v1,0
S018,2028-07-10,0.09402614832,40,LOW,7,SupplyGrid-XGBoost-single-v1,0
S022,2028-07-10,0.09372224659,41,LOW,7,SupplyGrid-XGBoost-single-v1,0
S048,2028-07-10,0.09340131283,42,LOW,7,SupplyGrid-XGBoost-single-v1,0
S034,2028-07-10,0.09023185819,43,LOW,7,SupplyGrid-XGBoost-single-v1,0
S020,2028-07-10,0.09000591934,44,LOW,7,SupplyGrid-XGBoost-single-v1,0
S006,2028-07-10,0.08989971131,45,LOW,7,SupplyGrid-XGBoost-single-v1,0
S084,2028-07-10,0.08952882886,46,LOW,7,SupplyGrid-XGBoost-single-v1,0
S043,2028-07-10,0.08844219148,47,LOW,7,SupplyGrid-XGBoost-single-v1,0
S061,2028-07-10,0.08761701733,48,LOW,7,SupplyGrid-XGBoost-single-v1,0
S081,2028-07-10,0.08681482077,49,LOW,7,SupplyGrid-XGBoost-single-v1,0
S059,2028-07-10,0.08676763624,50,LOW,7,SupplyGrid-XGBoost-single-v1,0
S053,2028-07-10,0.0867273286,51,LOW,7,SupplyGrid-XGBoost-single-v1,0
S085,2028-07-10,0.0867208913,52,LOW,7,SupplyGrid-XGBoost-single-v1,0
S003,2028-07-10,0.08596823364,53,LOW,7,SupplyGrid-XGBoost-single-v1,0
S038,2028-07-10,0.08455184102,54,LOW,7,SupplyGrid-XGBoost-single-v1,0
S066,2028-07-10,0.08424630016,55,LOW,7,SupplyGrid-XGBoost-single-v1,1
S027,2028-07-10,0.08413293958,56,LOW,7,SupplyGrid-XGBoost-single-v1,0
S089,2028-07-10,0.08295082301,57,LOW,7,SupplyGrid-XGBoost-single-v1,1
S075,2028-07-10,0.08277751505,58,LOW,7,SupplyGrid-XGBoost-single-v1,0
S008,2028-07-10,0.0820742175,59,LOW,7,SupplyGrid-XGBoost-single-v1,0
S078,2028-07-10,0.08172504604,60,LOW,7,SupplyGrid-XGBoost-single-v1,0
S052,2028-07-10,0.08166704327,61,LOW,7,SupplyGrid-XGBoost-single-v1,0
S039,2028-07-10,0.080839701,62,LOW,7,SupplyGrid-XGBoost-single-v1,0
S014,2028-07-10,0.08030934632,63,LOW,7,SupplyGrid-XGBoost-single-v1,0
S094,2028-07-10,0.07962953299,64,LOW,7,SupplyGrid-XGBoost-single-v1,0
S031,2028-07-10,0.07920910418,65,LOW,7,SupplyGrid-XGBoost-single-v1,1
S097,2028-07-10,0.07914244384,66,LOW,7,SupplyGrid-XGBoost-single-v1,0
S057,2028-07-10,0.07865229994,67,LOW,7,SupplyGrid-XGBoost-single-v1,0
S096,2028-07-10,0.07818637043,68,LOW,7,SupplyGrid-XGBoost-single-v1,0
S055,2028-07-10,0.07792514563,69,LOW,7,SupplyGrid-XGBoost-single-v1,0
S042,2028-07-10,0.07791513205,70,LOW,7,SupplyGrid-XGBoost-single-v1,0
S076,2028-07-10,0.07703693211,71,LOW,7,SupplyGrid-XGBoost-single-v1,0
S063,2028-07-10,0.07684630156,72,LOW,7,SupplyGrid-XGBoost-single-v1,0
S093,2028-07-10,0.07613448799,73,LOW,7,SupplyGrid-XGBoost-single-v1,0
S021,2028-07-10,0.07595708221,74,LOW,7,SupplyGrid-XGBoost-single-v1,0
S051,2028-07-10,0.07168019563,75,LOW,7,SupplyGrid-XGBoost-single-v1,0
S009,2028-07-10,0.07103135437,76,LOW,7,SupplyGrid-XGBoost-single-v1,1
S025,2028-07-10,0.07058767974,77,LOW,7,SupplyGrid-XGBoost-single-v1,0
S099,2028-07-10,0.0705318898,78,LOW,7,SupplyGrid-XGBoost-single-v1,0
S087,2028-07-10,0.07035066187,79,LOW,7,SupplyGrid-XGBoost-single-v1,0
S007,2028-07-10,0.07028105855,80,LOW,7,SupplyGrid-XGBoost-single-v1,0
S065,2028-07-10,0.06892234087,81,LOW,7,SupplyGrid-XGBoost-single-v1,0
S049,2028-07-10,0.06836955249,82,LOW,7,SupplyGrid-XGBoost-single-v1,0
S090,2028-07-10,0.06777980179,83,LOW,7,SupplyGrid-XGBoost-single-v1,0
S030,2028-07-10,0.0669150725,84,LOW,7,SupplyGrid-XGBoost-single-v1,0
S068,2028-07-10,0.06241763011,85,LOW,7,SupplyGrid-XGBoost-single-v1,0
S040,2028-07-10,0.06080974638,86,LOW,7,SupplyGrid-XGBoost-single-v1,0
S032,2028-07-10,0.05950580165,87,LOW,7,SupplyGrid-XGBoost-single-v1,0
S044,2028-07-10,0.05907097831,88,LOW,7,SupplyGrid-XGBoost-single-v1,0
S091,2028-07-10,0.0589443557,89,LOW,7,SupplyGrid-XGBoost-single-v1,0
S058,2028-07-10,0.05879281089,90,LOW,7,SupplyGrid-XGBoost-single-v1,0
S033,2028-07-10,0.05752947927,91,LOW,7,SupplyGrid-XGBoost-single-v1,0
S064,2028-07-10,0.05752947927,92,LOW,7,SupplyGrid-XGBoost-single-v1,0
S072,2028-07-11,0.174430564,1,HIGH,7,SupplyGrid-XGBoost-single-v1,0
S077,2028-07-11,0.1667498946,2,HIGH,7,SupplyGrid-XGBoost-single-v1,0
S073,2028-07-11,0.1632607132,3,HIGH,7,SupplyGrid-XGBoost-single-v1,0
S012,2028-07-11,0.1587670445,4,HIGH,7,SupplyGrid-XGBoost-single-v1,0
S023,2028-07-11,0.1584593803,5,HIGH,7,SupplyGrid-XGBoost-single-v1,0
S056,2028-07-11,0.1579949111,6,HIGH,7,SupplyGrid-XGBoost-single-v1,0
S026,2028-07-11,0.1557938308,7,HIGH,7,SupplyGrid-XGBoost-single-v1,0
S083,2028-07-11,0.150878042,8,HIGH,7,SupplyGrid-XGBoost-single-v1,0
S037,2028-07-11,0.1484998465,9,LOW,7,SupplyGrid-XGBoost-single-v1,0
S005,2028-07-11,0.147119537,10,LOW,7,SupplyGrid-XGBoost-single-v1,0
S079,2028-07-11,0.1468777657,11,LOW,7,SupplyGrid-XGBoost-single-v1,0
S062,2028-07-11,0.135674417,12,LOW,7,SupplyGrid-XGBoost-single-v1,0
S086,2028-07-11,0.1306115836,13,LOW,7,SupplyGrid-XGBoost-single-v1,0
S010,2028-07-11,0.1263300776,14,LOW,7,SupplyGrid-XGBoost-single-v1,1
S050,2028-07-11,0.1226001307,15,LOW,7,SupplyGrid-XGBoost-single-v1,0
S070,2028-07-11,0.1213391721,16,LOW,7,SupplyGrid-XGBoost-single-v1,0
S067,2028-07-11,0.1202727556,17,LOW,7,SupplyGrid-XGBoost-single-v1,0
S024,2028-07-11,0.1196778566,18,LOW,7,SupplyGrid-XGBoost-single-v1,0
S092,2028-07-11,0.1144449785,19,LOW,7,SupplyGrid-XGBoost-single-v1,0
S035,2028-07-11,0.1139183715,20,LOW,7,SupplyGrid-XGBoost-single-v1,0
S015,2028-07-11,0.1124416292,21,LOW,7,SupplyGrid-XGBoost-single-v1,0
S002,2028-07-11,0.1118391603,22,LOW,7,SupplyGrid-XGBoost-single-v1,0
S045,2028-07-11,0.1113876924,23,LOW,7,SupplyGrid-XGBoost-single-v1,0
S004,2028-07-11,0.1110636443,24,LOW,7,SupplyGrid-XGBoost-single-v1,0
S011,2028-07-11,0.1109325066,25,LOW,7,SupplyGrid-XGBoost-single-v1,0
S071,2028-07-11,0.1106630117,26,LOW,7,SupplyGrid-XGBoost-single-v1,1
S018,2028-07-11,0.1095630154,27,LOW,7,SupplyGrid-XGBoost-single-v1,0
S017,2028-07-11,0.1083501354,28,LOW,7,SupplyGrid-XGBoost-single-v1,0
S098,2028-07-11,0.1083059832,29,LOW,7,SupplyGrid-XGBoost-single-v1,1
S047,2028-07-11,0.1049332395,30,LOW,7,SupplyGrid-XGBoost-single-v1,0
S041,2028-07-11,0.1042663977,31,LOW,7,SupplyGrid-XGBoost-single-v1,0
S053,2028-07-11,0.1038673222,32,LOW,7,SupplyGrid-XGBoost-single-v1,0
S074,2028-07-11,0.1037489995,33,LOW,7,SupplyGrid-XGBoost-single-v1,0
S054,2028-07-11,0.1029020175,34,LOW,7,SupplyGrid-XGBoost-single-v1,0
S029,2028-07-11,0.1001530662,35,LOW,7,SupplyGrid-XGBoost-single-v1,0
S031,2028-07-11,0.09962650388,36,LOW,7,SupplyGrid-XGBoost-single-v1,1
S080,2028-07-11,0.09955394268,37,LOW,7,SupplyGrid-XGBoost-single-v1,0
S060,2028-07-11,0.09863340855,38,LOW,7,SupplyGrid-XGBoost-single-v1,1
S038,2028-07-11,0.09788809717,39,LOW,7,SupplyGrid-XGBoost-single-v1,0
S001,2028-07-11,0.09665434062,40,LOW,7,SupplyGrid-XGBoost-single-v1,0
S022,2028-07-11,0.09537266195,41,LOW,7,SupplyGrid-XGBoost-single-v1,0
S046,2028-07-11,0.09301958233,42,LOW,7,SupplyGrid-XGBoost-single-v1,0
S034,2028-07-11,0.09271363914,43,LOW,7,SupplyGrid-XGBoost-single-v1,0
S036,2028-07-11,0.09082106501,44,LOW,7,SupplyGrid-XGBoost-single-v1,0
S016,2028-07-11,0.09079171717,45,LOW,7,SupplyGrid-XGBoost-single-v1,0
S057,2028-07-11,0.09023185819,46,LOW,7,SupplyGrid-XGBoost-single-v1,0
S006,2028-07-11,0.08989971131,47,LOW,7,SupplyGrid-XGBoost-single-v1,0
S084,2028-07-11,0.0888562277,48,LOW,7,SupplyGrid-XGBoost-single-v1,0
S095,2028-07-11,0.08719968051,49,LOW,7,SupplyGrid-XGBoost-single-v1,0
S081,2028-07-11,0.08681482077,50,LOW,7,SupplyGrid-XGBoost-single-v1,0
S014,2028-07-11,0.08676763624,51,LOW,7,SupplyGrid-XGBoost-single-v1,0
S082,2028-07-11,0.08657026291,52,LOW,7,SupplyGrid-XGBoost-single-v1,0
S042,2028-07-11,0.08434280753,53,LOW,7,SupplyGrid-XGBoost-single-v1,0
S048,2028-07-11,0.08424630016,54,LOW,7,SupplyGrid-XGBoost-single-v1,0
S027,2028-07-11,0.08413293958,55,LOW,7,SupplyGrid-XGBoost-single-v1,0
S020,2028-07-11,0.08392134309,56,LOW,7,SupplyGrid-XGBoost-single-v1,0
S059,2028-07-11,0.08352226019,57,LOW,7,SupplyGrid-XGBoost-single-v1,0
S061,2028-07-11,0.08292832226,58,LOW,7,SupplyGrid-XGBoost-single-v1,0
S039,2028-07-11,0.0822217539,59,LOW,7,SupplyGrid-XGBoost-single-v1,0
S078,2028-07-11,0.08172504604,60,LOW,7,SupplyGrid-XGBoost-single-v1,0
S085,2028-07-11,0.08149880171,61,LOW,7,SupplyGrid-XGBoost-single-v1,0
S087,2028-07-11,0.07964480668,62,LOW,7,SupplyGrid-XGBoost-single-v1,0
S052,2028-07-11,0.07885073125,63,LOW,7,SupplyGrid-XGBoost-single-v1,0
S100,2028-07-11,0.07818050683,64,LOW,7,SupplyGrid-XGBoost-single-v1,0
S055,2028-07-11,0.07792514563,65,LOW,7,SupplyGrid-XGBoost-single-v1,0
S076,2028-07-11,0.07703693211,66,LOW,7,SupplyGrid-XGBoost-single-v1,0
S063,2028-07-11,0.07684630156,67,LOW,7,SupplyGrid-XGBoost-single-v1,1
S043,2028-07-11,0.07628402859,68,LOW,7,SupplyGrid-XGBoost-single-v1,0
S099,2028-07-11,0.07523819059,69,LOW,7,SupplyGrid-XGBoost-single-v1,0
S097,2028-07-11,0.07433958352,70,LOW,7,SupplyGrid-XGBoost-single-v1,0
S008,2028-07-11,0.07337399572,71,LOW,7,SupplyGrid-XGBoost-single-v1,0
S066,2028-07-11,0.07261899114,72,LOW,7,SupplyGrid-XGBoost-single-v1,1
S007,2028-07-11,0.07225767523,73,LOW,7,SupplyGrid-XGBoost-single-v1,0
S009,2028-07-11,0.07103135437,74,LOW,7,SupplyGrid-XGBoost-single-v1,1
S051,2028-07-11,0.07094234228,75,LOW,7,SupplyGrid-XGBoost-single-v1,0
S025,2028-07-11,0.07058767974,76,LOW,7,SupplyGrid-XGBoost-single-v1,0
S093,2028-07-11,0.06974907219,77,LOW,7,SupplyGrid-XGBoost-single-v1,0
S049,2028-07-11,0.06957180053,78,LOW,7,SupplyGrid-XGBoost-single-v1,0
S075,2028-07-11,0.06930907816,79,LOW,7,SupplyGrid-XGBoost-single-v1,0
S094,2028-07-11,0.0685916692,80,LOW,7,SupplyGrid-XGBoost-single-v1,0
S030,2028-07-11,0.06809360534,81,LOW,7,SupplyGrid-XGBoost-single-v1,0
S044,2028-07-11,0.06787745655,82,LOW,7,SupplyGrid-XGBoost-single-v1,0
S003,2028-07-11,0.06764058024,83,LOW,7,SupplyGrid-XGBoost-single-v1,0
S096,2028-07-11,0.06733393669,84,LOW,7,SupplyGrid-XGBoost-single-v1,0
S065,2028-07-11,0.06703037024,85,LOW,7,SupplyGrid-XGBoost-single-v1,0
S090,2028-07-11,0.0667424649,86,LOW,7,SupplyGrid-XGBoost-single-v1,0
S021,2028-07-11,0.06607636064,87,LOW,7,SupplyGrid-XGBoost-single-v1,0
S068,2028-07-11,0.06179436669,88,LOW,7,SupplyGrid-XGBoost-single-v1,0
S040,2028-07-11,0.06080974638,89,LOW,7,SupplyGrid-XGBoost-single-v1,0
S032,2028-07-11,0.05950580165,90,LOW,7,SupplyGrid-XGBoost-single-v1,0
S091,2028-07-11,0.0589443557,91,LOW,7,SupplyGrid-XGBoost-single-v1,0
S058,2028-07-11,0.05879281089,92,LOW,7,SupplyGrid-XGBoost-single-v1,0
S033,2028-07-11,0.05752947927,93,LOW,7,SupplyGrid-XGBoost-single-v1,0
S064,2028-07-11,0.05752947927,94,LOW,7,SupplyGrid-XGBoost-single-v1,1
S012,2028-07-12,0.192464903,1,HIGH,7,SupplyGrid-XGBoost-single-v1,0
S072,2028-07-12,0.1873666495,2,HIGH,7,SupplyGrid-XGBoost-single-v1,0
S073,2028-07-12,0.1768358797,3,HIGH,7,SupplyGrid-XGBoost-single-v1,0
S077,2028-07-12,0.1667498946,4,HIGH,7,SupplyGrid-XGBoost-single-v1,0
S023,2028-07-12,0.1614955366,5,HIGH,7,SupplyGrid-XGBoost-single-v1,0
S056,2028-07-12,0.1579949111,6,HIGH,7,SupplyGrid-XGBoost-single-v1,0
S026,2028-07-12,0.1557938308,7,HIGH,7,SupplyGrid-XGBoost-single-v1,0
S037,2028-07-12,0.1552140713,8,HIGH,7,SupplyGrid-XGBoost-single-v1,0
S086,2028-07-12,0.1525749117,9,HIGH,7,SupplyGrid-XGBoost-single-v1,0
S079,2028-07-12,0.1468777657,10,LOW,7,SupplyGrid-XGBoost-single-v1,0
S098,2028-07-12,0.1423206031,11,LOW,7,SupplyGrid-XGBoost-single-v1,1
S005,2028-07-12,0.1419676691,12,LOW,7,SupplyGrid-XGBoost-single-v1,0
S083,2028-07-12,0.1405892968,13,LOW,7,SupplyGrid-XGBoost-single-v1,0
S062,2028-07-12,0.1320237964,14,LOW,7,SupplyGrid-XGBoost-single-v1,0
S010,2028-07-12,0.1263300776,15,LOW,7,SupplyGrid-XGBoost-single-v1,1
S050,2028-07-12,0.1226001307,16,LOW,7,SupplyGrid-XGBoost-single-v1,0
S067,2028-07-12,0.1202727556,17,LOW,7,SupplyGrid-XGBoost-single-v1,0
S002,2028-07-12,0.1200109497,18,LOW,7,SupplyGrid-XGBoost-single-v1,0
S035,2028-07-12,0.1176154837,19,LOW,7,SupplyGrid-XGBoost-single-v1,0
S092,2028-07-12,0.1127798408,20,LOW,7,SupplyGrid-XGBoost-single-v1,0
S015,2028-07-12,0.1124416292,21,LOW,7,SupplyGrid-XGBoost-single-v1,0
S011,2028-07-12,0.1109325066,22,LOW,7,SupplyGrid-XGBoost-single-v1,0
S060,2028-07-12,0.1099732742,23,LOW,7,SupplyGrid-XGBoost-single-v1,1
S071,2028-07-12,0.1097784266,24,LOW,7,SupplyGrid-XGBoost-single-v1,1
S045,2028-07-12,0.1087017059,25,LOW,7,SupplyGrid-XGBoost-single-v1,0
S070,2028-07-12,0.1077247262,26,LOW,7,SupplyGrid-XGBoost-single-v1,0
S028,2028-07-12,0.1061420143,27,LOW,7,SupplyGrid-XGBoost-single-v1,0
S053,2028-07-12,0.1026849374,28,LOW,7,SupplyGrid-XGBoost-single-v1,0
S047,2028-07-12,0.1025960222,29,LOW,7,SupplyGrid-XGBoost-single-v1,0
S004,2028-07-12,0.1020723805,30,LOW,7,SupplyGrid-XGBoost-single-v1,0
S001,2028-07-12,0.1015065238,31,LOW,7,SupplyGrid-XGBoost-single-v1,0
S022,2028-07-12,0.1013855785,32,LOW,7,SupplyGrid-XGBoost-single-v1,1
S027,2028-07-12,0.1010976583,33,LOW,7,SupplyGrid-XGBoost-single-v1,0
S038,2028-07-12,0.09955394268,34,LOW,7,SupplyGrid-XGBoost-single-v1,0
S054,2028-07-12,0.09919571877,35,LOW,7,SupplyGrid-XGBoost-single-v1,0
S100,2028-07-12,0.09889874607,36,LOW,7,SupplyGrid-XGBoost-single-v1,0
S046,2028-07-12,0.09809623659,37,LOW,7,SupplyGrid-XGBoost-single-v1,0
S017,2028-07-12,0.09788809717,38,LOW,7,SupplyGrid-XGBoost-single-v1,0
S084,2028-07-12,0.09680882841,39,LOW,7,SupplyGrid-XGBoost-single-v1,0
S074,2028-07-12,0.09630955756,40,LOW,7,SupplyGrid-XGBoost-single-v1,0
S018,2028-07-12,0.09494192153,41,LOW,7,SupplyGrid-XGBoost-single-v1,0
S024,2028-07-12,0.09359490126,42,LOW,7,SupplyGrid-XGBoost-single-v1,0
S052,2028-07-12,0.09350746125,43,LOW,7,SupplyGrid-XGBoost-single-v1,0
S057,2028-07-12,0.09271363914,44,LOW,7,SupplyGrid-XGBoost-single-v1,0
S039,2028-07-12,0.09210540354,45,LOW,7,SupplyGrid-XGBoost-single-v1,0
S029,2028-07-12,0.09162003547,46,LOW,7,SupplyGrid-XGBoost-single-v1,0
S025,2028-07-12,0.09084559977,47,LOW,7,SupplyGrid-XGBoost-single-v1,0
S076,2028-07-12,0.09083796293,48,LOW,7,SupplyGrid-XGBoost-single-v1,0
S043,2028-07-12,0.08996331692,49,LOW,7,SupplyGrid-XGBoost-single-v1,0
S006,2028-07-12,0.08989971131,50,LOW,7,SupplyGrid-XGBoost-single-v1,0
S036,2028-07-12,0.08930851519,51,LOW,7,SupplyGrid-XGBoost-single-v1,0
S016,2028-07-12,0.089257963,52,LOW,7,SupplyGrid-XGBoost-single-v1,0
S041,2028-07-12,0.08779425919,53,LOW,7,SupplyGrid-XGBoost-single-v1,0
S081,2028-07-12,0.08681482077,54,LOW,7,SupplyGrid-XGBoost-single-v1,0
S082,2028-07-12,0.08657026291,55,LOW,7,SupplyGrid-XGBoost-single-v1,0
S003,2028-07-12,0.08596823364,56,LOW,7,SupplyGrid-XGBoost-single-v1,0
S020,2028-07-12,0.08520130813,57,LOW,7,SupplyGrid-XGBoost-single-v1,0
S051,2028-07-12,0.08469928056,58,LOW,7,SupplyGrid-XGBoost-single-v1,0
S080,2028-07-12,0.08455184102,59,LOW,7,SupplyGrid-XGBoost-single-v1,0
S042,2028-07-12,0.08434280753,60,LOW,7,SupplyGrid-XGBoost-single-v1,0
S061,2028-07-12,0.08434280753,61,LOW,7,SupplyGrid-XGBoost-single-v1,0
S097,2028-07-12,0.0836366266,62,LOW,7,SupplyGrid-XGBoost-single-v1,0
S078,2028-07-12,0.0831412077,63,LOW,7,SupplyGrid-XGBoost-single-v1,0
S095,2028-07-12,0.08294362575,64,LOW,7,SupplyGrid-XGBoost-single-v1,0
S099,2028-07-12,0.08271042258,65,LOW,7,SupplyGrid-XGBoost-single-v1,1
S093,2028-07-12,0.0824284032,66,LOW,7,SupplyGrid-XGBoost-single-v1,0
S059,2028-07-12,0.08207687736,67,LOW,7,SupplyGrid-XGBoost-single-v1,0
S085,2028-07-12,0.08149880171,68,LOW,7,SupplyGrid-XGBoost-single-v1,0
S008,2028-07-12,0.0800627172,69,LOW,7,SupplyGrid-XGBoost-single-v1,0
S034,2028-07-12,0.07865229994,70,LOW,7,SupplyGrid-XGBoost-single-v1,0
S009,2028-07-12,0.07838009298,71,LOW,7,SupplyGrid-XGBoost-single-v1,1
S014,2028-07-12,0.07812849432,72,LOW,7,SupplyGrid-XGBoost-single-v1,0
S055,2028-07-12,0.07792514563,73,LOW,7,SupplyGrid-XGBoost-single-v1,0
S063,2028-07-12,0.07684630156,74,LOW,7,SupplyGrid-XGBoost-single-v1,1
S096,2028-07-12,0.0763822943,75,LOW,7,SupplyGrid-XGBoost-single-v1,1
S049,2028-07-12,0.07594231516,76,LOW,7,SupplyGrid-XGBoost-single-v1,0
S094,2028-07-12,0.07455959171,77,LOW,7,SupplyGrid-XGBoost-single-v1,0
S030,2028-07-12,0.07433958352,78,LOW,7,SupplyGrid-XGBoost-single-v1,0
S064,2028-07-12,0.07433958352,79,LOW,7,SupplyGrid-XGBoost-single-v1,1
S048,2028-07-12,0.07261899114,80,LOW,7,SupplyGrid-XGBoost-single-v1,0
S068,2028-07-12,0.07182273269,81,LOW,7,SupplyGrid-XGBoost-single-v1,0
S007,2028-07-12,0.07028105855,82,LOW,7,SupplyGrid-XGBoost-single-v1,0
S040,2028-07-12,0.06996191293,83,LOW,7,SupplyGrid-XGBoost-single-v1,0
S087,2028-07-12,0.06860499829,84,LOW,7,SupplyGrid-XGBoost-single-v1,0
S090,2028-07-12,0.0667424649,85,LOW,7,SupplyGrid-XGBoost-single-v1,0
S075,2028-07-12,0.06023677438,86,LOW,7,SupplyGrid-XGBoost-single-v1,0
S032,2028-07-12,0.05950580165,87,LOW,7,SupplyGrid-XGBoost-single-v1,0
S044,2028-07-12,0.05907097831,88,LOW,7,SupplyGrid-XGBoost-single-v1,0
S091,2028-07-12,0.0589443557,89,LOW,7,SupplyGrid-XGBoost-single-v1,0
S058,2028-07-12,0.05879281089,90,LOW,7,SupplyGrid-XGBoost-single-v1,0
S065,2028-07-12,0.05823766813,91,LOW,7,SupplyGrid-XGBoost-single-v1,0
S021,2028-07-12,0.05783374608,92,LOW,7,SupplyGrid-XGBoost-single-v1,0
S033,2028-07-12,0.05752947927,93,LOW,7,SupplyGrid-XGBoost-single-v1,0
S072,2028-07-13,0.1873666495,1,HIGH,7,SupplyGrid-XGBoost-single-v1,0
S012,2028-07-13,0.1836146116,2,HIGH,7,SupplyGrid-XGBoost-single-v1,0
S023,2028-07-13,0.1730062664,3,HIGH,7,SupplyGrid-XGBoost-single-v1,0
S088,2028-07-13,0.1714711636,4,HIGH,7,SupplyGrid-XGBoost-single-v1,0
S037,2028-07-13,0.1665081978,5,HIGH,7,SupplyGrid-XGBoost-single-v1,0
S077,2028-07-13,0.1624729335,6,HIGH,7,SupplyGrid-XGBoost-single-v1,0
S005,2028-07-13,0.1577983499,7,HIGH,7,SupplyGrid-XGBoost-single-v1,0
S026,2028-07-13,0.1557938308,8,HIGH,7,SupplyGrid-XGBoost-single-v1,0
S056,2028-07-13,0.1555550396,9,HIGH,7,SupplyGrid-XGBoost-single-v1,0
S079,2028-07-13,0.1468777657,10,LOW,7,SupplyGrid-XGBoost-single-v1,0
S086,2028-07-13,0.1440127194,11,LOW,7,SupplyGrid-XGBoost-single-v1,0
S073,2028-07-13,0.1434277892,12,LOW,7,SupplyGrid-XGBoost-single-v1,0
S010,2028-07-13,0.1393622011,13,LOW,7,SupplyGrid-XGBoost-single-v1,1
S083,2028-07-13,0.1378816217,14,LOW,7,SupplyGrid-XGBoost-single-v1,0
S069,2028-07-13,0.135131374,15,LOW,7,SupplyGrid-XGBoost-single-v1,0
S050,2028-07-13,0.1331315041,16,LOW,7,SupplyGrid-XGBoost-single-v1,0
S062,2028-07-13,0.1320237964,17,LOW,7,SupplyGrid-XGBoost-single-v1,0
S035,2028-07-13,0.1293341219,18,LOW,7,SupplyGrid-XGBoost-single-v1,0
S067,2028-07-13,0.1292983592,19,LOW,7,SupplyGrid-XGBoost-single-v1,0
S092,2028-07-13,0.1214988604,20,LOW,7,SupplyGrid-XGBoost-single-v1,0
S015,2028-07-13,0.1185832173,21,LOW,7,SupplyGrid-XGBoost-single-v1,0
S028,2028-07-13,0.1146088392,22,LOW,7,SupplyGrid-XGBoost-single-v1,0
S060,2028-07-13,0.114225544,23,LOW,7,SupplyGrid-XGBoost-single-v1,1
S082,2028-07-13,0.1108678579,24,LOW,7,SupplyGrid-XGBoost-single-v1,0
S038,2028-07-13,0.1083501354,25,LOW,7,SupplyGrid-XGBoost-single-v1,0
S054,2028-07-13,0.1071748808,26,LOW,7,SupplyGrid-XGBoost-single-v1,0
S099,2028-07-13,0.105274342,27,LOW,7,SupplyGrid-XGBoost-single-v1,1
S002,2028-07-13,0.104008168,28,LOW,7,SupplyGrid-XGBoost-single-v1,0
S027,2028-07-13,0.1016239375,29,LOW,7,SupplyGrid-XGBoost-single-v1,0
S004,2028-07-13,0.1003690958,30,LOW,7,SupplyGrid-XGBoost-single-v1,0
S017,2028-07-13,0.09955394268,31,LOW,7,SupplyGrid-XGBoost-single-v1,0
S045,2028-07-13,0.09947749972,32,LOW,7,SupplyGrid-XGBoost-single-v1,0
S020,2028-07-13,0.0994188413,33,LOW,7,SupplyGrid-XGBoost-single-v1,0
S022,2028-07-13,0.09919571877,34,LOW,7,SupplyGrid-XGBoost-single-v1,1
S016,2028-07-13,0.09889874607,35,LOW,7,SupplyGrid-XGBoost-single-v1,0
S100,2028-07-13,0.09889874607,36,LOW,7,SupplyGrid-XGBoost-single-v1,0
S001,2028-07-13,0.0983357653,37,LOW,7,SupplyGrid-XGBoost-single-v1,0
S042,2028-07-13,0.09826211631,38,LOW,7,SupplyGrid-XGBoost-single-v1,0
S084,2028-07-13,0.09680882841,39,LOW,7,SupplyGrid-XGBoost-single-v1,0
S078,2028-07-13,0.09637913853,40,LOW,7,SupplyGrid-XGBoost-single-v1,0
S074,2028-07-13,0.09630955756,41,LOW,7,SupplyGrid-XGBoost-single-v1,0
S025,2028-07-13,0.09404659271,42,LOW,7,SupplyGrid-XGBoost-single-v1,0
S057,2028-07-13,0.09271363914,43,LOW,7,SupplyGrid-XGBoost-single-v1,0
S018,2028-07-13,0.09264688939,44,LOW,7,SupplyGrid-XGBoost-single-v1,0
S059,2028-07-13,0.09210540354,45,LOW,7,SupplyGrid-XGBoost-single-v1,0
S024,2028-07-13,0.09204084426,46,LOW,7,SupplyGrid-XGBoost-single-v1,0
S011,2028-07-13,0.09179890901,47,LOW,7,SupplyGrid-XGBoost-single-v1,0
S029,2028-07-13,0.09162003547,48,LOW,7,SupplyGrid-XGBoost-single-v1,0
S041,2028-07-13,0.0912912637,49,LOW,7,SupplyGrid-XGBoost-single-v1,0
S034,2028-07-13,0.09115065634,50,LOW,7,SupplyGrid-XGBoost-single-v1,0
S053,2028-07-13,0.09031727165,51,LOW,7,SupplyGrid-XGBoost-single-v1,0
S030,2028-07-13,0.09019485861,52,LOW,7,SupplyGrid-XGBoost-single-v1,0
S051,2028-07-13,0.08947835863,53,LOW,7,SupplyGrid-XGBoost-single-v1,0
S070,2028-07-13,0.08935666084,54,LOW,7,SupplyGrid-XGBoost-single-v1,0
S094,2028-07-13,0.08833119273,55,LOW,7,SupplyGrid-XGBoost-single-v1,0
S046,2028-07-13,0.08782920986,56,LOW,7,SupplyGrid-XGBoost-single-v1,0
S087,2028-07-13,0.08702525496,57,LOW,7,SupplyGrid-XGBoost-single-v1,0
S081,2028-07-13,0.08681482077,58,LOW,7,SupplyGrid-XGBoost-single-v1,0
S006,2028-07-13,0.08608774841,59,LOW,7,SupplyGrid-XGBoost-single-v1,0
S003,2028-07-13,0.08596823364,60,LOW,7,SupplyGrid-XGBoost-single-v1,0
S093,2028-07-13,0.08563524485,61,LOW,7,SupplyGrid-XGBoost-single-v1,0
S039,2028-07-13,0.08542130888,62,LOW,7,SupplyGrid-XGBoost-single-v1,0
S049,2028-07-13,0.08542130888,63,LOW,7,SupplyGrid-XGBoost-single-v1,0
S047,2028-07-13,0.08499503881,64,LOW,7,SupplyGrid-XGBoost-single-v1,0
S080,2028-07-13,0.08455184102,65,LOW,7,SupplyGrid-XGBoost-single-v1,0
S036,2028-07-13,0.08394491673,66,LOW,7,SupplyGrid-XGBoost-single-v1,0
S076,2028-07-13,0.08367360383,67,LOW,7,SupplyGrid-XGBoost-single-v1,0
S097,2028-07-13,0.0836366266,68,LOW,7,SupplyGrid-XGBoost-single-v1,0
S095,2028-07-13,0.08294362575,69,LOW,7,SupplyGrid-XGBoost-single-v1,0
S009,2028-07-13,0.08242708445,70,LOW,7,SupplyGrid-XGBoost-single-v1,1
S014,2028-07-13,0.0822217539,71,LOW,7,SupplyGrid-XGBoost-single-v1,0
S085,2028-07-13,0.08149880171,72,LOW,7,SupplyGrid-XGBoost-single-v1,0
S052,2028-07-13,0.07885073125,73,LOW,7,SupplyGrid-XGBoost-single-v1,0
S068,2028-07-13,0.07849851251,74,LOW,7,SupplyGrid-XGBoost-single-v1,0
S055,2028-07-13,0.07792514563,75,LOW,7,SupplyGrid-XGBoost-single-v1,0
S061,2028-07-13,0.07791513205,76,LOW,7,SupplyGrid-XGBoost-single-v1,0
S043,2028-07-13,0.07628402859,77,LOW,7,SupplyGrid-XGBoost-single-v1,0
S048,2028-07-13,0.07374046743,78,LOW,7,SupplyGrid-XGBoost-single-v1,0
S063,2028-07-13,0.07040574402,79,LOW,7,SupplyGrid-XGBoost-single-v1,1
S007,2028-07-13,0.07028105855,80,LOW,7,SupplyGrid-XGBoost-single-v1,0
S040,2028-07-13,0.06996191293,81,LOW,7,SupplyGrid-XGBoost-single-v1,0
S044,2028-07-13,0.06787745655,82,LOW,7,SupplyGrid-XGBoost-single-v1,0
S096,2028-07-13,0.06733393669,83,LOW,7,SupplyGrid-XGBoost-single-v1,1
S090,2028-07-13,0.0667424649,84,LOW,7,SupplyGrid-XGBoost-single-v1,0
S064,2028-07-13,0.06259957701,85,LOW,7,SupplyGrid-XGBoost-single-v1,1
S008,2028-07-13,0.06204521284,86,LOW,7,SupplyGrid-XGBoost-single-v1,0
S021,2028-07-13,0.06025226787,87,LOW,7,SupplyGrid-XGBoost-single-v1,0
S075,2028-07-13,0.06023677438,88,LOW,7,SupplyGrid-XGBoost-single-v1,0
S032,2028-07-13,0.05950580165,89,LOW,7,SupplyGrid-XGBoost-single-v1,0
S091,2028-07-13,0.0589443557,90,LOW,7,SupplyGrid-XGBoost-single-v1,0
S058,2028-07-13,0.05879281089,91,LOW,7,SupplyGrid-XGBoost-single-v1,0
S065,2028-07-13,0.05823766813,92,LOW,7,SupplyGrid-XGBoost-single-v1,0
S033,2028-07-13,0.05752947927,93,LOW,7,SupplyGrid-XGBoost-single-v1,0
S072,2028-07-14,0.1873666495,1,HIGH,7,SupplyGrid-XGBoost-single-v1,0
S023,2028-07-14,0.1753506213,2,HIGH,7,SupplyGrid-XGBoost-single-v1,0
S012,2028-07-14,0.1701227576,3,HIGH,7,SupplyGrid-XGBoost-single-v1,0
S079,2028-07-14,0.1682379395,4,HIGH,7,SupplyGrid-XGBoost-single-v1,0
S010,2028-07-14,0.155425638,5,HIGH,7,SupplyGrid-XGBoost-single-v1,1
S026,2028-07-14,0.1546581984,6,HIGH,7,SupplyGrid-XGBoost-single-v1,0
S088,2028-07-14,0.1511099637,7,HIGH,7,SupplyGrid-XGBoost-single-v1,0
S062,2028-07-14,0.1501801759,8,HIGH,7,SupplyGrid-XGBoost-single-v1,0
S056,2028-07-14,0.1468545198,9,LOW,7,SupplyGrid-XGBoost-single-v1,0
S086,2028-07-14,0.1460630149,10,LOW,7,SupplyGrid-XGBoost-single-v1,0
S019,2028-07-14,0.1424164623,11,LOW,7,SupplyGrid-XGBoost-single-v1,0
S077,2028-07-14,0.1424164623,12,LOW,7,SupplyGrid-XGBoost-single-v1,0
S028,2028-07-14,0.1398768425,13,LOW,7,SupplyGrid-XGBoost-single-v1,0
S069,2028-07-14,0.135131374,14,LOW,7,SupplyGrid-XGBoost-single-v1,0
S037,2028-07-14,0.1348261088,15,LOW,7,SupplyGrid-XGBoost-single-v1,0
S005,2028-07-14,0.134560436,16,LOW,7,SupplyGrid-XGBoost-single-v1,0
S050,2028-07-14,0.1331315041,17,LOW,7,SupplyGrid-XGBoost-single-v1,0
S067,2028-07-14,0.1292983592,18,LOW,7,SupplyGrid-XGBoost-single-v1,0
S073,2028-07-14,0.1286086142,19,LOW,7,SupplyGrid-XGBoost-single-v1,0
S035,2028-07-14,0.1276916564,20,LOW,7,SupplyGrid-XGBoost-single-v1,0
S015,2028-07-14,0.1275003701,21,LOW,7,SupplyGrid-XGBoost-single-v1,0
S083,2028-07-14,0.1258307099,22,LOW,7,SupplyGrid-XGBoost-single-v1,0
S089,2028-07-14,0.1169700697,23,LOW,7,SupplyGrid-XGBoost-single-v1,0
S039,2028-07-14,0.114880085,24,LOW,7,SupplyGrid-XGBoost-single-v1,0
S047,2028-07-14,0.1147396192,25,LOW,7,SupplyGrid-XGBoost-single-v1,0
S092,2028-07-14,0.1127798408,26,LOW,7,SupplyGrid-XGBoost-single-v1,0
S099,2028-07-14,0.1126917228,27,LOW,7,SupplyGrid-XGBoost-single-v1,1
S022,2028-07-14,0.1083501354,28,LOW,7,SupplyGrid-XGBoost-single-v1,1
S054,2028-07-14,0.1083501354,29,LOW,7,SupplyGrid-XGBoost-single-v1,0
S059,2028-07-14,0.1070748419,30,LOW,7,SupplyGrid-XGBoost-single-v1,0
S066,2028-07-14,0.1061420143,31,LOW,7,SupplyGrid-XGBoost-single-v1,0
S060,2028-07-14,0.1057836115,32,LOW,7,SupplyGrid-XGBoost-single-v1,1
S004,2028-07-14,0.1020723805,33,LOW,7,SupplyGrid-XGBoost-single-v1,0
S081,2028-07-14,0.1017638147,34,LOW,7,SupplyGrid-XGBoost-single-v1,0
S057,2028-07-14,0.1009732336,35,LOW,7,SupplyGrid-XGBoost-single-v1,0
S001,2028-07-14,0.1000083834,36,LOW,7,SupplyGrid-XGBoost-single-v1,0
S084,2028-07-14,0.09919571877,37,LOW,7,SupplyGrid-XGBoost-single-v1,0
S082,2028-07-14,0.09908817708,38,LOW,7,SupplyGrid-XGBoost-single-v1,0
S016,2028-07-14,0.09889874607,39,LOW,7,SupplyGrid-XGBoost-single-v1,0
S017,2028-07-14,0.09788809717,40,LOW,7,SupplyGrid-XGBoost-single-v1,0
S045,2028-07-14,0.09747176617,41,LOW,7,SupplyGrid-XGBoost-single-v1,0
S018,2028-07-14,0.09630955756,42,LOW,7,SupplyGrid-XGBoost-single-v1,0
S074,2028-07-14,0.09630955756,43,LOW,7,SupplyGrid-XGBoost-single-v1,0
S048,2028-07-14,0.09340131283,44,LOW,7,SupplyGrid-XGBoost-single-v1,0
S011,2028-07-14,0.09273204207,45,LOW,7,SupplyGrid-XGBoost-single-v1,0
S042,2028-07-14,0.0924153924,46,LOW,7,SupplyGrid-XGBoost-single-v1,0
S002,2028-07-14,0.09172732383,47,LOW,7,SupplyGrid-XGBoost-single-v1,0
S009,2028-07-14,0.09140409529,48,LOW,7,SupplyGrid-XGBoost-single-v1,1
S076,2028-07-14,0.09083796293,49,LOW,7,SupplyGrid-XGBoost-single-v1,0
S100,2028-07-14,0.09079171717,50,LOW,7,SupplyGrid-XGBoost-single-v1,0
S053,2028-07-14,0.09031727165,51,LOW,7,SupplyGrid-XGBoost-single-v1,1
S030,2028-07-14,0.09019485861,52,LOW,7,SupplyGrid-XGBoost-single-v1,0
S029,2028-07-14,0.08939737082,53,LOW,7,SupplyGrid-XGBoost-single-v1,0
S041,2028-07-14,0.08905690908,54,LOW,7,SupplyGrid-XGBoost-single-v1,0
S038,2028-07-14,0.0888562277,55,LOW,7,SupplyGrid-XGBoost-single-v1,0
S043,2028-07-14,0.08844219148,56,LOW,7,SupplyGrid-XGBoost-single-v1,0
S020,2028-07-14,0.08837740123,57,LOW,7,SupplyGrid-XGBoost-single-v1,0
S094,2028-07-14,0.08833119273,58,LOW,7,SupplyGrid-XGBoost-single-v1,0
S070,2028-07-14,0.08777579665,59,LOW,7,SupplyGrid-XGBoost-single-v1,0
S003,2028-07-14,0.08713196218,60,LOW,7,SupplyGrid-XGBoost-single-v1,0
S085,2028-07-14,0.0867208913,61,LOW,7,SupplyGrid-XGBoost-single-v1,0
S095,2028-07-14,0.08631598949,62,LOW,7,SupplyGrid-XGBoost-single-v1,0
S027,2028-07-14,0.0862371102,63,LOW,7,SupplyGrid-XGBoost-single-v1,0
S006,2028-07-14,0.08510036021,64,LOW,7,SupplyGrid-XGBoost-single-v1,0
S061,2028-07-14,0.08434280753,65,LOW,7,SupplyGrid-XGBoost-single-v1,0
S036,2028-07-14,0.08394491673,66,LOW,7,SupplyGrid-XGBoost-single-v1,0
S034,2028-07-14,0.08382926136,67,LOW,7,SupplyGrid-XGBoost-single-v1,0
S014,2028-07-14,0.08367267251,68,LOW,7,SupplyGrid-XGBoost-single-v1,0
S025,2028-07-14,0.0833376646,69,LOW,7,SupplyGrid-XGBoost-single-v1,0
S049,2028-07-14,0.0822217539,70,LOW,7,SupplyGrid-XGBoost-single-v1,0
S087,2028-07-14,0.07964480668,71,LOW,7,SupplyGrid-XGBoost-single-v1,0
S051,2028-07-14,0.07958831638,72,LOW,7,SupplyGrid-XGBoost-single-v1,0
S024,2028-07-14,0.07934644818,73,LOW,7,SupplyGrid-XGBoost-single-v1,0
S097,2028-07-14,0.07914244384,74,LOW,7,SupplyGrid-XGBoost-single-v1,0
S052,2028-07-14,0.07885073125,75,LOW,7,SupplyGrid-XGBoost-single-v1,0
S068,2028-07-14,0.07849851251,76,LOW,7,SupplyGrid-XGBoost-single-v1,0
S046,2028-07-14,0.07836421579,77,LOW,7,SupplyGrid-XGBoost-single-v1,0
S055,2028-07-14,0.07792514563,78,LOW,7,SupplyGrid-XGBoost-single-v1,0
S093,2028-07-14,0.07613448799,79,LOW,7,SupplyGrid-XGBoost-single-v1,0
S078,2028-07-14,0.07593526691,80,LOW,7,SupplyGrid-XGBoost-single-v1,0
S080,2028-07-14,0.07418762147,81,LOW,7,SupplyGrid-XGBoost-single-v1,0
S007,2028-07-14,0.07225767523,82,LOW,7,SupplyGrid-XGBoost-single-v1,0
S063,2028-07-14,0.06919015199,83,LOW,7,SupplyGrid-XGBoost-single-v1,1
S064,2028-07-14,0.06809360534,84,LOW,7,SupplyGrid-XGBoost-single-v1,1
S090,2028-07-14,0.0667424649,85,LOW,7,SupplyGrid-XGBoost-single-v1,0
S091,2028-07-14,0.06413066387,86,LOW,7,SupplyGrid-XGBoost-single-v1,0
S008,2028-07-14,0.06204521284,87,LOW,7,SupplyGrid-XGBoost-single-v1,0
S096,2028-07-14,0.06140625849,88,LOW,7,SupplyGrid-XGBoost-single-v1,1
S040,2028-07-14,0.06080974638,89,LOW,7,SupplyGrid-XGBoost-single-v1,0
S075,2028-07-14,0.06023677438,90,LOW,7,SupplyGrid-XGBoost-single-v1,0
S032,2028-07-14,0.05950580165,91,LOW,7,SupplyGrid-XGBoost-single-v1,0
S058,2028-07-14,0.05879281089,92,LOW,7,SupplyGrid-XGBoost-single-v1,0
S021,2028-07-14,0.05874136463,93,LOW,7,SupplyGrid-XGBoost-single-v1,0
S065,2028-07-14,0.05823766813,94,LOW,7,SupplyGrid-XGBoost-single-v1,0
S033,2028-07-14,0.0569855459,95,LOW,7,SupplyGrid-XGBoost-single-v1,0
S044,2028-07-14,0.0569855459,96,LOW,7,SupplyGrid-XGBoost-single-v1,0
S072,2028-07-15,0.1873666495,1,HIGH,7,SupplyGrid-XGBoost-single-v1,0
S079,2028-07-15,0.1846794635,2,HIGH,7,SupplyGrid-XGBoost-single-v1,1
S023,2028-07-15,0.1766407639,3,HIGH,7,SupplyGrid-XGBoost-single-v1,0
S013,2028-07-15,0.1701227576,4,HIGH,7,SupplyGrid-XGBoost-single-v1,0
S073,2028-07-15,0.1619051695,5,HIGH,7,SupplyGrid-XGBoost-single-v1,0
S056,2028-07-15,0.1579949111,6,HIGH,7,SupplyGrid-XGBoost-single-v1,0
S086,2028-07-15,0.1571544111,7,HIGH,7,SupplyGrid-XGBoost-single-v1,0
S069,2028-07-15,0.1537293345,8,HIGH,7,SupplyGrid-XGBoost-single-v1,0
S019,2028-07-15,0.1532806754,9,HIGH,7,SupplyGrid-XGBoost-single-v1,0
S028,2028-07-15,0.1501225233,10,HIGH,7,SupplyGrid-XGBoost-single-v1,0
S077,2028-07-15,0.1471405029,11,LOW,7,SupplyGrid-XGBoost-single-v1,0
S026,2028-07-15,0.1441555023,12,LOW,7,SupplyGrid-XGBoost-single-v1,0
S035,2028-07-15,0.1441341788,13,LOW,7,SupplyGrid-XGBoost-single-v1,0
S012,2028-07-15,0.1427149624,14,LOW,7,SupplyGrid-XGBoost-single-v1,0
S037,2028-07-15,0.13765347,15,LOW,7,SupplyGrid-XGBoost-single-v1,0
S088,2028-07-15,0.1358422041,16,LOW,7,SupplyGrid-XGBoost-single-v1,0
S005,2028-07-15,0.134560436,17,LOW,7,SupplyGrid-XGBoost-single-v1,0
S062,2028-07-15,0.1320237964,18,LOW,7,SupplyGrid-XGBoost-single-v1,0
S050,2028-07-15,0.1226001307,19,LOW,7,SupplyGrid-XGBoost-single-v1,0
S002,2028-07-15,0.122126624,20,LOW,7,SupplyGrid-XGBoost-single-v1,0
S059,2028-07-15,0.1196778566,21,LOW,7,SupplyGrid-XGBoost-single-v1,0
S054,2028-07-15,0.1169700697,22,LOW,7,SupplyGrid-XGBoost-single-v1,0
S089,2028-07-15,0.1169700697,23,LOW,7,SupplyGrid-XGBoost-single-v1,0
S015,2028-07-15,0.1162420213,24,LOW,7,SupplyGrid-XGBoost-single-v1,0
S067,2028-07-15,0.1159332469,25,LOW,7,SupplyGrid-XGBoost-single-v1,0
S092,2028-07-15,0.1158934757,26,LOW,7,SupplyGrid-XGBoost-single-v1,0
S099,2028-07-15,0.1126917228,27,LOW,7,SupplyGrid-XGBoost-single-v1,1
S004,2028-07-15,0.1110636443,28,LOW,7,SupplyGrid-XGBoost-single-v1,0
S060,2028-07-15,0.1099732742,29,LOW,7,SupplyGrid-XGBoost-single-v1,1
S017,2028-07-15,0.1083501354,30,LOW,7,SupplyGrid-XGBoost-single-v1,0
S084,2028-07-15,0.1083501354,31,LOW,7,SupplyGrid-XGBoost-single-v1,0
S030,2028-07-15,0.1074520424,32,LOW,7,SupplyGrid-XGBoost-single-v1,0
S066,2028-07-15,0.1061420143,33,LOW,7,SupplyGrid-XGBoost-single-v1,0
S018,2028-07-15,0.1037489995,34,LOW,7,SupplyGrid-XGBoost-single-v1,0
S083,2028-07-15,0.1018318087,35,LOW,7,SupplyGrid-XGBoost-single-v1,0
S082,2028-07-15,0.1015249193,36,LOW,7,SupplyGrid-XGBoost-single-v1,0
S057,2028-07-15,0.1009732336,37,LOW,7,SupplyGrid-XGBoost-single-v1,0
S048,2028-07-15,0.1009666324,38,LOW,7,SupplyGrid-XGBoost-single-v1,0
S022,2028-07-15,0.09955394268,39,LOW,7,SupplyGrid-XGBoost-single-v1,1
S043,2028-07-15,0.09947579354,40,LOW,7,SupplyGrid-XGBoost-single-v1,0
S016,2028-07-15,0.09889874607,41,LOW,7,SupplyGrid-XGBoost-single-v1,0
S100,2028-07-15,0.09889874607,42,LOW,7,SupplyGrid-XGBoost-single-v1,0
S025,2028-07-15,0.09805629402,43,LOW,7,SupplyGrid-XGBoost-single-v1,0
S045,2028-07-15,0.09747176617,44,LOW,7,SupplyGrid-XGBoost-single-v1,0
S039,2028-07-15,0.09719017893,45,LOW,7,SupplyGrid-XGBoost-single-v1,0
S080,2028-07-15,0.09680882841,46,LOW,7,SupplyGrid-XGBoost-single-v1,0
S074,2028-07-15,0.09630955756,47,LOW,7,SupplyGrid-XGBoost-single-v1,0
S038,2028-07-15,0.09537266195,48,LOW,7,SupplyGrid-XGBoost-single-v1,0
S081,2028-07-15,0.09498870373,49,LOW,7,SupplyGrid-XGBoost-single-v1,0
S047,2028-07-15,0.09492149204,50,LOW,7,SupplyGrid-XGBoost-single-v1,0
S042,2028-07-15,0.09407120198,51,LOW,7,SupplyGrid-XGBoost-single-v1,0
S049,2028-07-15,0.09210540354,52,LOW,7,SupplyGrid-XGBoost-single-v1,0
S009,2028-07-15,0.0905706659,53,LOW,7,SupplyGrid-XGBoost-single-v1,1
S053,2028-07-15,0.09031727165,54,LOW,7,SupplyGrid-XGBoost-single-v1,1
S094,2028-07-15,0.08992107213,55,LOW,7,SupplyGrid-XGBoost-single-v1,0
S036,2028-07-15,0.08930851519,56,LOW,7,SupplyGrid-XGBoost-single-v1,0
S020,2028-07-15,0.08866075426,57,LOW,7,SupplyGrid-XGBoost-single-v1,0
S029,2028-07-15,0.08806043118,58,LOW,7,SupplyGrid-XGBoost-single-v1,0
S085,2028-07-15,0.08803945035,59,LOW,7,SupplyGrid-XGBoost-single-v1,0
S070,2028-07-15,0.08777579665,60,LOW,7,SupplyGrid-XGBoost-single-v1,0
S093,2028-07-15,0.08693887293,61,LOW,7,SupplyGrid-XGBoost-single-v1,0
S001,2028-07-15,0.08494427055,62,LOW,7,SupplyGrid-XGBoost-single-v1,0
S061,2028-07-15,0.08434280753,63,LOW,7,SupplyGrid-XGBoost-single-v1,0
S027,2028-07-15,0.08413293958,64,LOW,7,SupplyGrid-XGBoost-single-v1,0
S007,2028-07-15,0.08392134309,65,LOW,7,SupplyGrid-XGBoost-single-v1,0
S006,2028-07-15,0.08341515809,66,LOW,7,SupplyGrid-XGBoost-single-v1,0
S051,2028-07-15,0.08242863417,67,LOW,7,SupplyGrid-XGBoost-single-v1,0
S041,2028-07-15,0.08230227977,68,LOW,7,SupplyGrid-XGBoost-single-v1,0
S014,2028-07-15,0.080839701,69,LOW,7,SupplyGrid-XGBoost-single-v1,0
S046,2028-07-15,0.0805484727,70,LOW,7,SupplyGrid-XGBoost-single-v1,0
S011,2028-07-15,0.07954650372,71,LOW,7,SupplyGrid-XGBoost-single-v1,0
S024,2028-07-15,0.07905454934,72,LOW,7,SupplyGrid-XGBoost-single-v1,0
S052,2028-07-15,0.07885073125,73,LOW,7,SupplyGrid-XGBoost-single-v1,0
S034,2028-07-15,0.07865229994,74,LOW,7,SupplyGrid-XGBoost-single-v1,0
S068,2028-07-15,0.07849851251,75,LOW,7,SupplyGrid-XGBoost-single-v1,0
S003,2028-07-15,0.07794114947,76,LOW,7,SupplyGrid-XGBoost-single-v1,0
S055,2028-07-15,0.07792514563,77,LOW,7,SupplyGrid-XGBoost-single-v1,0
S076,2028-07-15,0.07703693211,78,LOW,7,SupplyGrid-XGBoost-single-v1,0
S063,2028-07-15,0.07684630156,79,LOW,7,SupplyGrid-XGBoost-single-v1,1
S087,2028-07-15,0.07504895329,80,LOW,7,SupplyGrid-XGBoost-single-v1,0
S097,2028-07-15,0.07433958352,81,LOW,7,SupplyGrid-XGBoost-single-v1,0
S078,2028-07-15,0.07168019563,82,LOW,7,SupplyGrid-XGBoost-single-v1,0
S075,2028-07-15,0.07003122568,83,LOW,7,SupplyGrid-XGBoost-single-v1,0
S095,2028-07-15,0.06945346296,84,LOW,7,SupplyGrid-XGBoost-single-v1,0
S064,2028-07-15,0.06795489788,85,LOW,7,SupplyGrid-XGBoost-single-v1,1
S090,2028-07-15,0.0667424649,86,LOW,7,SupplyGrid-XGBoost-single-v1,0
S008,2028-07-15,0.06108986586,87,LOW,7,SupplyGrid-XGBoost-single-v1,0
S040,2028-07-15,0.06080974638,88,LOW,7,SupplyGrid-XGBoost-single-v1,0
S096,2028-07-15,0.05986827239,89,LOW,7,SupplyGrid-XGBoost-single-v1,1
S032,2028-07-15,0.05950580165,90,LOW,7,SupplyGrid-XGBoost-single-v1,0
S091,2028-07-15,0.0589443557,91,LOW,7,SupplyGrid-XGBoost-single-v1,0
S058,2028-07-15,0.05879281089,92,LOW,7,SupplyGrid-XGBoost-single-v1,0
S065,2028-07-15,0.05823766813,93,LOW,7,SupplyGrid-XGBoost-single-v1,0
S021,2028-07-15,0.05783374608,94,LOW,7,SupplyGrid-XGBoost-single-v1,0
S033,2028-07-15,0.0569855459,95,LOW,7,SupplyGrid-XGBoost-single-v1,0
S044,2028-07-15,0.0569855459,96,LOW,7,SupplyGrid-XGBoost-single-v1,0
S072,2028-07-16,0.1873666495,1,HIGH,7,SupplyGrid-XGBoost-single-v1,0
S019,2028-07-16,0.1836146116,2,HIGH,7,SupplyGrid-XGBoost-single-v1,0
S023,2028-07-16,0.1766407639,3,HIGH,7,SupplyGrid-XGBoost-single-v1,0
S073,2028-07-16,0.175061509,4,HIGH,7,SupplyGrid-XGBoost-single-v1,0
S056,2028-07-16,0.1605490446,5,HIGH,7,SupplyGrid-XGBoost-single-v1,0
S013,2028-07-16,0.1587670445,6,HIGH,7,SupplyGrid-XGBoost-single-v1,0
S079,2028-07-16,0.1553028077,7,HIGH,7,SupplyGrid-XGBoost-single-v1,1
S035,2028-07-16,0.1546356231,8,HIGH,7,SupplyGrid-XGBoost-single-v1,0
S069,2028-07-16,0.1537293345,9,HIGH,7,SupplyGrid-XGBoost-single-v1,0
S028,2028-07-16,0.1501225233,10,HIGH,7,SupplyGrid-XGBoost-single-v1,0
S026,2028-07-16,0.1441555023,11,LOW,7,SupplyGrid-XGBoost-single-v1,0
S050,2028-07-16,0.1434058696,12,LOW,7,SupplyGrid-XGBoost-single-v1,0
S077,2028-07-16,0.1424164623,13,LOW,7,SupplyGrid-XGBoost-single-v1,0
S012,2028-07-16,0.1379943788,14,LOW,7,SupplyGrid-XGBoost-single-v1,0
S022,2028-07-16,0.1354772151,15,LOW,7,SupplyGrid-XGBoost-single-v1,1
S062,2028-07-16,0.1320237964,16,LOW,7,SupplyGrid-XGBoost-single-v1,0
S002,2028-07-16,0.130055204,17,LOW,7,SupplyGrid-XGBoost-single-v1,0
S015,2028-07-16,0.1293245703,18,LOW,7,SupplyGrid-XGBoost-single-v1,0
S020,2028-07-16,0.128956601,19,LOW,7,SupplyGrid-XGBoost-single-v1,0
S092,2028-07-16,0.1262287498,20,LOW,7,SupplyGrid-XGBoost-single-v1,0
S088,2028-07-16,0.1260299981,21,LOW,7,SupplyGrid-XGBoost-single-v1,0
S005,2028-07-16,0.1207268015,22,LOW,7,SupplyGrid-XGBoost-single-v1,0
S036,2028-07-16,0.1199624538,23,LOW,7,SupplyGrid-XGBoost-single-v1,1
S059,2028-07-16,0.1196778566,24,LOW,7,SupplyGrid-XGBoost-single-v1,0
S004,2028-07-16,0.117936857,25,LOW,7,SupplyGrid-XGBoost-single-v1,0
S037,2028-07-16,0.1175678074,26,LOW,7,SupplyGrid-XGBoost-single-v1,0
S089,2028-07-16,0.1175678074,27,LOW,7,SupplyGrid-XGBoost-single-v1,0
S030,2028-07-16,0.1172692329,28,LOW,7,SupplyGrid-XGBoost-single-v1,0
S054,2028-07-16,0.1150771528,29,LOW,7,SupplyGrid-XGBoost-single-v1,0
S066,2028-07-16,0.1146088392,30,LOW,7,SupplyGrid-XGBoost-single-v1,0
S067,2028-07-16,0.1140549704,31,LOW,7,SupplyGrid-XGBoost-single-v1,0
S009,2028-07-16,0.1112143472,32,LOW,7,SupplyGrid-XGBoost-single-v1,1
S100,2028-07-16,0.1108992472,33,LOW,7,SupplyGrid-XGBoost-single-v1,0
S086,2028-07-16,0.1105159372,34,LOW,7,SupplyGrid-XGBoost-single-v1,0
S084,2028-07-16,0.1083501354,35,LOW,7,SupplyGrid-XGBoost-single-v1,0
S018,2028-07-16,0.1037489995,36,LOW,7,SupplyGrid-XGBoost-single-v1,0
S025,2028-07-16,0.1032773927,37,LOW,7,SupplyGrid-XGBoost-single-v1,0
S047,2028-07-16,0.1025960222,38,LOW,7,SupplyGrid-XGBoost-single-v1,0
S016,2028-07-16,0.1021646112,39,LOW,7,SupplyGrid-XGBoost-single-v1,0
S051,2028-07-16,0.1018270701,40,LOW,7,SupplyGrid-XGBoost-single-v1,0
S038,2028-07-16,0.1013855785,41,LOW,7,SupplyGrid-XGBoost-single-v1,0
S057,2028-07-16,0.1009732336,42,LOW,7,SupplyGrid-XGBoost-single-v1,0
S048,2028-07-16,0.1009666324,43,LOW,7,SupplyGrid-XGBoost-single-v1,0
S083,2028-07-16,0.1003293842,44,LOW,7,SupplyGrid-XGBoost-single-v1,0
S080,2028-07-16,0.09919571877,45,LOW,7,SupplyGrid-XGBoost-single-v1,0
S076,2028-07-16,0.09894867241,46,LOW,7,SupplyGrid-XGBoost-single-v1,0
S043,2028-07-16,0.09800434858,47,LOW,7,SupplyGrid-XGBoost-single-v1,0
S094,2028-07-16,0.09719003737,48,LOW,7,SupplyGrid-XGBoost-single-v1,0
S099,2028-07-16,0.09630955756,49,LOW,7,SupplyGrid-XGBoost-single-v1,1
S011,2028-07-16,0.0961471498,50,LOW,7,SupplyGrid-XGBoost-single-v1,0
S045,2028-07-16,0.09421964735,51,LOW,7,SupplyGrid-XGBoost-single-v1,0
S081,2028-07-16,0.09359678626,52,LOW,7,SupplyGrid-XGBoost-single-v1,0
S074,2028-07-16,0.09274353087,53,LOW,7,SupplyGrid-XGBoost-single-v1,0
S085,2028-07-16,0.09175831079,54,LOW,7,SupplyGrid-XGBoost-single-v1,0
S053,2028-07-16,0.09031727165,55,LOW,7,SupplyGrid-XGBoost-single-v1,1
S082,2028-07-16,0.08960908651,56,LOW,7,SupplyGrid-XGBoost-single-v1,0
S046,2028-07-16,0.08941093832,57,LOW,7,SupplyGrid-XGBoost-single-v1,0
S017,2028-07-16,0.0888562277,58,LOW,7,SupplyGrid-XGBoost-single-v1,0
S029,2028-07-16,0.08806043118,59,LOW,7,SupplyGrid-XGBoost-single-v1,0
S007,2028-07-16,0.08685210347,60,LOW,7,SupplyGrid-XGBoost-single-v1,0
S027,2028-07-16,0.0862371102,61,LOW,7,SupplyGrid-XGBoost-single-v1,0
S006,2028-07-16,0.08572711051,62,LOW,7,SupplyGrid-XGBoost-single-v1,1
S003,2028-07-16,0.08500800282,63,LOW,7,SupplyGrid-XGBoost-single-v1,0
S001,2028-07-16,0.08494427055,64,LOW,7,SupplyGrid-XGBoost-single-v1,0
S042,2028-07-16,0.08478982002,65,LOW,7,SupplyGrid-XGBoost-single-v1,0
S061,2028-07-16,0.08434280753,66,LOW,7,SupplyGrid-XGBoost-single-v1,0
S039,2028-07-16,0.08347818255,67,LOW,7,SupplyGrid-XGBoost-single-v1,1
S049,2028-07-16,0.0822217539,68,LOW,7,SupplyGrid-XGBoost-single-v1,0
S093,2028-07-16,0.08104316145,69,LOW,7,SupplyGrid-XGBoost-single-v1,0
S041,2028-07-16,0.08101909608,70,LOW,7,SupplyGrid-XGBoost-single-v1,0
S024,2028-07-16,0.07934644818,71,LOW,7,SupplyGrid-XGBoost-single-v1,0
S090,2028-07-16,0.07885682583,72,LOW,7,SupplyGrid-XGBoost-single-v1,0
S052,2028-07-16,0.07885073125,73,LOW,7,SupplyGrid-XGBoost-single-v1,0
S034,2028-07-16,0.07865229994,74,LOW,7,SupplyGrid-XGBoost-single-v1,0
S068,2028-07-16,0.07849851251,75,LOW,7,SupplyGrid-XGBoost-single-v1,0
S070,2028-07-16,0.07823375612,76,LOW,7,SupplyGrid-XGBoost-single-v1,0
S055,2028-07-16,0.07792514563,77,LOW,7,SupplyGrid-XGBoost-single-v1,0
S063,2028-07-16,0.07684630156,78,LOW,7,SupplyGrid-XGBoost-single-v1,1
S087,2028-07-16,0.07504895329,79,LOW,7,SupplyGrid-XGBoost-single-v1,0
S064,2028-07-16,0.07433958352,80,LOW,7,SupplyGrid-XGBoost-single-v1,1
S040,2028-07-16,0.07193025202,81,LOW,7,SupplyGrid-XGBoost-single-v1,0
S014,2028-07-16,0.06957180053,82,LOW,7,SupplyGrid-XGBoost-single-v1,0
S095,2028-07-16,0.06864254177,83,LOW,7,SupplyGrid-XGBoost-single-v1,0
S058,2028-07-16,0.06836955249,84,LOW,7,SupplyGrid-XGBoost-single-v1,0
S075,2028-07-16,0.06552889198,85,LOW,7,SupplyGrid-XGBoost-single-v1,0
S008,2028-07-16,0.06204521284,86,LOW,7,SupplyGrid-XGBoost-single-v1,0
S078,2028-07-16,0.0616704151,87,LOW,7,SupplyGrid-XGBoost-single-v1,0
S032,2028-07-16,0.05950580165,88,LOW,7,SupplyGrid-XGBoost-single-v1,0
S091,2028-07-16,0.0589443557,89,LOW,7,SupplyGrid-XGBoost-single-v1,0
S096,2028-07-16,0.0589443557,90,LOW,7,SupplyGrid-XGBoost-single-v1,1
S065,2028-07-16,0.05823766813,91,LOW,7,SupplyGrid-XGBoost-single-v1,0
S021,2028-07-16,0.05783374608,92,LOW,7,SupplyGrid-XGBoost-single-v1,0
S097,2028-07-16,0.05752947927,93,LOW,7,SupplyGrid-XGBoost-single-v1,0
S033,2028-07-16,0.0569855459,94,LOW,7,SupplyGrid-XGBoost-single-v1,0
S044,2028-07-16,0.0569855459,95,LOW,7,SupplyGrid-XGBoost-single-v1,0
S023,2028-07-17,0.1972710639,1,HIGH,7,SupplyGrid-XGBoost-single-v1,0
S072,2028-07-17,0.1786988378,2,HIGH,7,SupplyGrid-XGBoost-single-v1,0
S028,2028-07-17,0.1703774035,3,HIGH,7,SupplyGrid-XGBoost-single-v1,0
S019,2028-07-17,0.1701227576,4,HIGH,7,SupplyGrid-XGBoost-single-v1,0
S079,2028-07-17,0.1652113646,5,HIGH,7,SupplyGrid-XGBoost-single-v1,1
S073,2028-07-17,0.1629524976,6,HIGH,7,SupplyGrid-XGBoost-single-v1,0
S013,2028-07-17,0.1587670445,7,HIGH,7,SupplyGrid-XGBoost-single-v1,0
S035,2028-07-17,0.1567783058,8,HIGH,7,SupplyGrid-XGBoost-single-v1,0
S062,2028-07-17,0.154031679,9,HIGH,7,SupplyGrid-XGBoost-single-v1,0
S069,2028-07-17,0.1537293345,10,HIGH,7,SupplyGrid-XGBoost-single-v1,0
S012,2028-07-17,0.1531009227,11,HIGH,7,SupplyGrid-XGBoost-single-v1,0
S056,2028-07-17,0.1468545198,12,LOW,7,SupplyGrid-XGBoost-single-v1,0
S015,2028-07-17,0.1452245414,13,LOW,7,SupplyGrid-XGBoost-single-v1,0
S031,2028-07-17,0.1418254226,14,LOW,7,SupplyGrid-XGBoost-single-v1,0
S092,2028-07-17,0.1356323957,15,LOW,7,SupplyGrid-XGBoost-single-v1,0
S050,2028-07-17,0.1331315041,16,LOW,7,SupplyGrid-XGBoost-single-v1,0
S066,2028-07-17,0.1312919557,17,LOW,7,SupplyGrid-XGBoost-single-v1,0
S077,2028-07-17,0.1308060735,18,LOW,7,SupplyGrid-XGBoost-single-v1,0
S002,2028-07-17,0.130055204,19,LOW,7,SupplyGrid-XGBoost-single-v1,0
S016,2028-07-17,0.1294077486,20,LOW,7,SupplyGrid-XGBoost-single-v1,0
S026,2028-07-17,0.1290788352,21,LOW,7,SupplyGrid-XGBoost-single-v1,0
S022,2028-07-17,0.127729848,22,LOW,7,SupplyGrid-XGBoost-single-v1,1
S089,2028-07-17,0.127729848,23,LOW,7,SupplyGrid-XGBoost-single-v1,0
S088,2028-07-17,0.1260299981,24,LOW,7,SupplyGrid-XGBoost-single-v1,0
S059,2028-07-17,0.1196778566,25,LOW,7,SupplyGrid-XGBoost-single-v1,0
S037,2028-07-17,0.1175678074,26,LOW,7,SupplyGrid-XGBoost-single-v1,0
S067,2028-07-17,0.1159332469,27,LOW,7,SupplyGrid-XGBoost-single-v1,0
S085,2028-07-17,0.1120944396,28,LOW,7,SupplyGrid-XGBoost-single-v1,0
S098,2028-07-17,0.1115199104,29,LOW,7,SupplyGrid-XGBoost-single-v1,0
S004,2028-07-17,0.1098625883,30,LOW,7,SupplyGrid-XGBoost-single-v1,0
S100,2028-07-17,0.108751595,31,LOW,7,SupplyGrid-XGBoost-single-v1,0
S054,2028-07-17,0.1083501354,32,LOW,7,SupplyGrid-XGBoost-single-v1,0
S086,2028-07-17,0.1079911888,33,LOW,7,SupplyGrid-XGBoost-single-v1,0
S020,2028-07-17,0.1074977741,34,LOW,7,SupplyGrid-XGBoost-single-v1,0
S005,2028-07-17,0.1064439118,35,LOW,7,SupplyGrid-XGBoost-single-v1,0
S081,2028-07-17,0.1063610315,36,LOW,7,SupplyGrid-XGBoost-single-v1,0
S018,2028-07-17,0.105274342,37,LOW,7,SupplyGrid-XGBoost-single-v1,0
S017,2028-07-17,0.1046183184,38,LOW,7,SupplyGrid-XGBoost-single-v1,0
S094,2028-07-17,0.1045501605,39,LOW,7,SupplyGrid-XGBoost-single-v1,0
S025,2028-07-17,0.1032773927,40,LOW,7,SupplyGrid-XGBoost-single-v1,0
S036,2028-07-17,0.1031216532,41,LOW,7,SupplyGrid-XGBoost-single-v1,1
S039,2028-07-17,0.102678746,42,LOW,7,SupplyGrid-XGBoost-single-v1,1
S030,2028-07-17,0.1025476307,43,LOW,7,SupplyGrid-XGBoost-single-v1,0
S034,2028-07-17,0.1009732336,44,LOW,7,SupplyGrid-XGBoost-single-v1,0
S053,2028-07-17,0.100297235,45,LOW,7,SupplyGrid-XGBoost-single-v1,1
S080,2028-07-17,0.09955394268,46,LOW,7,SupplyGrid-XGBoost-single-v1,0
S047,2028-07-17,0.0994188413,47,LOW,7,SupplyGrid-XGBoost-single-v1,1
S048,2028-07-17,0.09930358827,48,LOW,7,SupplyGrid-XGBoost-single-v1,0
S001,2028-07-17,0.0983357653,49,LOW,7,SupplyGrid-XGBoost-single-v1,0
S099,2028-07-17,0.09630955756,50,LOW,7,SupplyGrid-XGBoost-single-v1,1
S038,2028-07-17,0.09537266195,51,LOW,7,SupplyGrid-XGBoost-single-v1,0
S055,2028-07-17,0.09396082163,52,LOW,7,SupplyGrid-XGBoost-single-v1,0
S074,2028-07-17,0.09274353087,53,LOW,7,SupplyGrid-XGBoost-single-v1,0
S090,2028-07-17,0.09148065746,54,LOW,7,SupplyGrid-XGBoost-single-v1,0
S057,2028-07-17,0.09115065634,55,LOW,7,SupplyGrid-XGBoost-single-v1,0
S076,2028-07-17,0.09083796293,56,LOW,7,SupplyGrid-XGBoost-single-v1,0
S027,2028-07-17,0.09072621912,57,LOW,7,SupplyGrid-XGBoost-single-v1,0
S051,2028-07-17,0.09063319862,58,LOW,7,SupplyGrid-XGBoost-single-v1,0
S043,2028-07-17,0.08996331692,59,LOW,7,SupplyGrid-XGBoost-single-v1,0
S029,2028-07-17,0.08939737082,60,LOW,7,SupplyGrid-XGBoost-single-v1,0
S046,2028-07-17,0.0891629979,61,LOW,7,SupplyGrid-XGBoost-single-v1,0
S084,2028-07-17,0.08863301575,62,LOW,7,SupplyGrid-XGBoost-single-v1,0
S042,2028-07-17,0.08823002875,63,LOW,7,SupplyGrid-XGBoost-single-v1,1
S083,2028-07-17,0.08669249713,64,LOW,7,SupplyGrid-XGBoost-single-v1,0
S007,2028-07-17,0.08392134309,65,LOW,7,SupplyGrid-XGBoost-single-v1,0
S093,2028-07-17,0.08388261497,66,LOW,7,SupplyGrid-XGBoost-single-v1,0
S003,2028-07-17,0.08373065293,67,LOW,7,SupplyGrid-XGBoost-single-v1,0
S049,2028-07-17,0.08367267251,68,LOW,7,SupplyGrid-XGBoost-single-v1,0
S061,2028-07-17,0.08292832226,69,LOW,7,SupplyGrid-XGBoost-single-v1,0
S087,2028-07-17,0.08152581006,70,LOW,7,SupplyGrid-XGBoost-single-v1,0
S045,2028-07-17,0.07896692306,71,LOW,7,SupplyGrid-XGBoost-single-v1,0
S095,2028-07-17,0.07890668511,72,LOW,7,SupplyGrid-XGBoost-single-v1,0
S052,2028-07-17,0.07885073125,73,LOW,7,SupplyGrid-XGBoost-single-v1,0
S068,2028-07-17,0.07849851251,74,LOW,7,SupplyGrid-XGBoost-single-v1,0
S075,2028-07-17,0.07777266949,75,LOW,7,SupplyGrid-XGBoost-single-v1,0
S063,2028-07-17,0.07684630156,76,LOW,7,SupplyGrid-XGBoost-single-v1,1
S006,2028-07-17,0.0762411654,77,LOW,7,SupplyGrid-XGBoost-single-v1,1
S082,2028-07-17,0.07597915828,78,LOW,7,SupplyGrid-XGBoost-single-v1,0
S024,2028-07-17,0.07594231516,79,LOW,7,SupplyGrid-XGBoost-single-v1,0
S064,2028-07-17,0.07433958352,80,LOW,7,SupplyGrid-XGBoost-single-v1,1
S041,2028-07-17,0.07425693423,81,LOW,7,SupplyGrid-XGBoost-single-v1,0
S040,2028-07-17,0.07193025202,82,LOW,7,SupplyGrid-XGBoost-single-v1,0
S078,2028-07-17,0.07094234228,83,LOW,7,SupplyGrid-XGBoost-single-v1,0
S011,2028-07-17,0.0708296001,84,LOW,7,SupplyGrid-XGBoost-single-v1,0
S070,2028-07-17,0.06367988884,85,LOW,7,SupplyGrid-XGBoost-single-v1,0
S008,2028-07-17,0.06108986586,86,LOW,7,SupplyGrid-XGBoost-single-v1,0
S032,2028-07-17,0.05950580165,87,LOW,7,SupplyGrid-XGBoost-single-v1,0
S091,2028-07-17,0.0589443557,88,LOW,7,SupplyGrid-XGBoost-single-v1,1
S096,2028-07-17,0.0589443557,89,LOW,7,SupplyGrid-XGBoost-single-v1,1
S014,2028-07-17,0.05879281089,90,LOW,7,SupplyGrid-XGBoost-single-v1,0
S058,2028-07-17,0.05879281089,91,LOW,7,SupplyGrid-XGBoost-single-v1,0
S065,2028-07-17,0.05823766813,92,LOW,7,SupplyGrid-XGBoost-single-v1,0
S021,2028-07-17,0.05783374608,93,LOW,7,SupplyGrid-XGBoost-single-v1,0
S097,2028-07-17,0.05752947927,94,LOW,7,SupplyGrid-XGBoost-single-v1,0
S033,2028-07-17,0.0569855459,95,LOW,7,SupplyGrid-XGBoost-single-v1,0
S044,2028-07-17,0.0569855459,96,LOW,7,SupplyGrid-XGBoost-single-v1,0
S023,2028-07-18,0.1935258657,1,HIGH,7,SupplyGrid-XGBoost-single-v1,0
S072,2028-07-18,0.1654949635,2,HIGH,7,SupplyGrid-XGBoost-single-v1,0
S073,2028-07-18,0.1593028307,3,HIGH,7,SupplyGrid-XGBoost-single-v1,0
S019,2028-07-18,0.1587670445,4,HIGH,7,SupplyGrid-XGBoost-single-v1,0
S092,2028-07-18,0.1542872041,5,HIGH,7,SupplyGrid-XGBoost-single-v1,0
S069,2028-07-18,0.1537293345,6,HIGH,7,SupplyGrid-XGBoost-single-v1,0
S012,2028-07-18,0.1531315744,7,HIGH,7,SupplyGrid-XGBoost-single-v1,0
S079,2028-07-18,0.1522687525,8,HIGH,7,SupplyGrid-XGBoost-single-v1,1
S056,2028-07-18,0.1468545198,9,LOW,7,SupplyGrid-XGBoost-single-v1,0
S015,2028-07-18,0.1452245414,10,LOW,7,SupplyGrid-XGBoost-single-v1,0
S050,2028-07-18,0.1434058696,11,LOW,7,SupplyGrid-XGBoost-single-v1,0
S013,2028-07-18,0.1424164623,12,LOW,7,SupplyGrid-XGBoost-single-v1,0
S088,2028-07-18,0.1380967349,13,LOW,7,SupplyGrid-XGBoost-single-v1,0
S028,2028-07-18,0.1379849613,14,LOW,7,SupplyGrid-XGBoost-single-v1,0
S035,2028-07-18,0.136966005,15,LOW,7,SupplyGrid-XGBoost-single-v1,0
S062,2028-07-18,0.136162281,16,LOW,7,SupplyGrid-XGBoost-single-v1,0
S016,2028-07-18,0.1360808313,17,LOW,7,SupplyGrid-XGBoost-single-v1,0
S071,2028-07-18,0.1304370761,18,LOW,7,SupplyGrid-XGBoost-single-v1,0
S026,2028-07-18,0.1290788352,19,LOW,7,SupplyGrid-XGBoost-single-v1,0
S077,2028-07-18,0.12776649,20,LOW,7,SupplyGrid-XGBoost-single-v1,0
S037,2028-07-18,0.127729848,21,LOW,7,SupplyGrid-XGBoost-single-v1,0
S089,2028-07-18,0.127729848,22,LOW,7,SupplyGrid-XGBoost-single-v1,0
S086,2028-07-18,0.1227361038,23,LOW,7,SupplyGrid-XGBoost-single-v1,0
S031,2028-07-18,0.122411266,24,LOW,7,SupplyGrid-XGBoost-single-v1,0
S067,2028-07-18,0.1202727556,25,LOW,7,SupplyGrid-XGBoost-single-v1,0
S039,2028-07-18,0.1196778566,26,LOW,7,SupplyGrid-XGBoost-single-v1,1
S059,2028-07-18,0.1196778566,27,LOW,7,SupplyGrid-XGBoost-single-v1,0
S066,2028-07-18,0.1189054325,28,LOW,7,SupplyGrid-XGBoost-single-v1,0
S002,2028-07-18,0.1175260097,29,LOW,7,SupplyGrid-XGBoost-single-v1,0
S025,2028-07-18,0.1115442514,30,LOW,7,SupplyGrid-XGBoost-single-v1,0
S053,2028-07-18,0.1110636443,31,LOW,7,SupplyGrid-XGBoost-single-v1,1
S098,2028-07-18,0.1095941365,32,LOW,7,SupplyGrid-XGBoost-single-v1,0
S010,2028-07-18,0.1095895767,33,LOW,7,SupplyGrid-XGBoost-single-v1,0
S017,2028-07-18,0.1083501354,34,LOW,7,SupplyGrid-XGBoost-single-v1,0
S022,2028-07-18,0.1083501354,35,LOW,7,SupplyGrid-XGBoost-single-v1,1
S080,2028-07-18,0.1083501354,36,LOW,7,SupplyGrid-XGBoost-single-v1,0
S046,2028-07-18,0.1078115851,37,LOW,7,SupplyGrid-XGBoost-single-v1,0
S030,2028-07-18,0.1074520424,38,LOW,7,SupplyGrid-XGBoost-single-v1,0
S100,2028-07-18,0.1068568826,39,LOW,7,SupplyGrid-XGBoost-single-v1,0
S020,2028-07-18,0.1064964235,40,LOW,7,SupplyGrid-XGBoost-single-v1,0
S054,2028-07-18,0.1051604524,41,LOW,7,SupplyGrid-XGBoost-single-v1,0
S048,2028-07-18,0.1048123315,42,LOW,7,SupplyGrid-XGBoost-single-v1,0
S085,2028-07-18,0.1003027782,43,LOW,7,SupplyGrid-XGBoost-single-v1,0
S043,2028-07-18,0.09947579354,44,LOW,7,SupplyGrid-XGBoost-single-v1,0
S005,2028-07-18,0.09851314873,45,LOW,7,SupplyGrid-XGBoost-single-v1,0
S004,2028-07-18,0.09779682755,46,LOW,7,SupplyGrid-XGBoost-single-v1,0
S081,2028-07-18,0.09735630453,47,LOW,7,SupplyGrid-XGBoost-single-v1,0
S090,2028-07-18,0.09660197794,48,LOW,7,SupplyGrid-XGBoost-single-v1,0
S018,2028-07-18,0.09630955756,49,LOW,7,SupplyGrid-XGBoost-single-v1,0
S029,2028-07-18,0.09584290534,50,LOW,7,SupplyGrid-XGBoost-single-v1,0
S027,2028-07-18,0.09432086349,51,LOW,7,SupplyGrid-XGBoost-single-v1,0
S047,2028-07-18,0.09351042658,52,LOW,7,SupplyGrid-XGBoost-single-v1,1
S099,2028-07-18,0.09274353087,53,LOW,7,SupplyGrid-XGBoost-single-v1,1
S057,2028-07-18,0.09271363914,54,LOW,7,SupplyGrid-XGBoost-single-v1,0
S034,2028-07-18,0.09115065634,55,LOW,7,SupplyGrid-XGBoost-single-v1,0
S051,2028-07-18,0.09063319862,56,LOW,7,SupplyGrid-XGBoost-single-v1,0
S074,2028-07-18,0.09037116915,57,LOW,7,SupplyGrid-XGBoost-single-v1,0
S076,2028-07-18,0.08930345625,58,LOW,7,SupplyGrid-XGBoost-single-v1,0
S041,2028-07-18,0.08921632171,59,LOW,7,SupplyGrid-XGBoost-single-v1,0
S055,2028-07-18,0.08876145631,60,LOW,7,SupplyGrid-XGBoost-single-v1,0
S082,2028-07-18,0.08720241487,61,LOW,7,SupplyGrid-XGBoost-single-v1,0
S083,2028-07-18,0.08669249713,62,LOW,7,SupplyGrid-XGBoost-single-v1,0
S036,2028-07-18,0.0862371102,63,LOW,7,SupplyGrid-XGBoost-single-v1,1
S049,2028-07-18,0.08542130888,64,LOW,7,SupplyGrid-XGBoost-single-v1,0
S007,2028-07-18,0.08520130813,65,LOW,7,SupplyGrid-XGBoost-single-v1,0
S038,2028-07-18,0.08517064899,66,LOW,7,SupplyGrid-XGBoost-single-v1,0
S001,2028-07-18,0.08494427055,67,LOW,7,SupplyGrid-XGBoost-single-v1,0
S084,2028-07-18,0.08434496075,68,LOW,7,SupplyGrid-XGBoost-single-v1,0
S094,2028-07-18,0.0838990733,69,LOW,7,SupplyGrid-XGBoost-single-v1,0
S068,2028-07-18,0.08354581892,70,LOW,7,SupplyGrid-XGBoost-single-v1,0
S006,2028-07-18,0.08211616427,71,LOW,7,SupplyGrid-XGBoost-single-v1,1
S087,2028-07-18,0.08152581006,72,LOW,7,SupplyGrid-XGBoost-single-v1,0
S045,2028-07-18,0.08125163615,73,LOW,7,SupplyGrid-XGBoost-single-v1,0
S052,2028-07-18,0.07885073125,74,LOW,7,SupplyGrid-XGBoost-single-v1,0
S093,2028-07-18,0.07832572609,75,LOW,7,SupplyGrid-XGBoost-single-v1,0
S003,2028-07-18,0.07794114947,76,LOW,7,SupplyGrid-XGBoost-single-v1,0
S061,2028-07-18,0.07791513205,77,LOW,7,SupplyGrid-XGBoost-single-v1,0
S075,2028-07-18,0.07777266949,78,LOW,7,SupplyGrid-XGBoost-single-v1,0
S095,2028-07-18,0.07635458559,79,LOW,7,SupplyGrid-XGBoost-single-v1,0
S014,2028-07-18,0.07594231516,80,LOW,7,SupplyGrid-XGBoost-single-v1,0
S024,2028-07-18,0.07594231516,81,LOW,7,SupplyGrid-XGBoost-single-v1,0
S040,2028-07-18,0.06614865363,82,LOW,7,SupplyGrid-XGBoost-single-v1,0
S070,2028-07-18,0.06592258811,83,LOW,7,SupplyGrid-XGBoost-single-v1,0
S042,2028-07-18,0.06286589801,84,LOW,7,SupplyGrid-XGBoost-single-v1,1
S078,2028-07-18,0.0616704151,85,LOW,7,SupplyGrid-XGBoost-single-v1,0
S008,2028-07-18,0.06108986586,86,LOW,7,SupplyGrid-XGBoost-single-v1,0
S032,2028-07-18,0.05950580165,87,LOW,7,SupplyGrid-XGBoost-single-v1,0
S011,2028-07-18,0.0589443557,88,LOW,7,SupplyGrid-XGBoost-single-v1,0
S091,2028-07-18,0.0589443557,89,LOW,7,SupplyGrid-XGBoost-single-v1,1
S096,2028-07-18,0.0589443557,90,LOW,7,SupplyGrid-XGBoost-single-v1,1
S058,2028-07-18,0.05879281089,91,LOW,7,SupplyGrid-XGBoost-single-v1,0
S065,2028-07-18,0.05823766813,92,LOW,7,SupplyGrid-XGBoost-single-v1,0
S021,2028-07-18,0.05783374608,93,LOW,7,SupplyGrid-XGBoost-single-v1,0
S097,2028-07-18,0.05752947927,94,LOW,7,SupplyGrid-XGBoost-single-v1,0
S033,2028-07-18,0.0569855459,95,LOW,7,SupplyGrid-XGBoost-single-v1,0
S044,2028-07-18,0.0569855459,96,LOW,7,SupplyGrid-XGBoost-single-v1,0
S023,2028-07-19,0.1794658452,1,HIGH,7,SupplyGrid-XGBoost-single-v1,0
S002,2028-07-19,0.1636850834,2,HIGH,7,SupplyGrid-XGBoost-single-v1,0
S056,2028-07-19,0.1636174023,3,HIGH,7,SupplyGrid-XGBoost-single-v1,0
S079,2028-07-19,0.1612294167,4,HIGH,7,SupplyGrid-XGBoost-single-v1,1
S073,2028-07-19,0.1593028307,5,HIGH,7,SupplyGrid-XGBoost-single-v1,0
S019,2028-07-19,0.1587670445,6,HIGH,7,SupplyGrid-XGBoost-single-v1,0
S035,2028-07-19,0.1557710916,7,HIGH,7,SupplyGrid-XGBoost-single-v1,0
S092,2028-07-19,0.1542872041,8,HIGH,7,SupplyGrid-XGBoost-single-v1,0
S060,2028-07-19,0.1488742679,9,LOW,7,SupplyGrid-XGBoost-single-v1,0
S016,2028-07-19,0.1462676078,10,LOW,7,SupplyGrid-XGBoost-single-v1,0
S015,2028-07-19,0.1452245414,11,LOW,7,SupplyGrid-XGBoost-single-v1,0
S071,2028-07-19,0.1438287199,12,LOW,7,SupplyGrid-XGBoost-single-v1,0
S013,2028-07-19,0.1424164623,13,LOW,7,SupplyGrid-XGBoost-single-v1,0
S050,2028-07-19,0.1331315041,14,LOW,7,SupplyGrid-XGBoost-single-v1,1
S067,2028-07-19,0.1327789873,15,LOW,7,SupplyGrid-XGBoost-single-v1,0
S072,2028-07-19,0.1318999231,16,LOW,7,SupplyGrid-XGBoost-single-v1,0
S012,2028-07-19,0.1312618256,17,LOW,7,SupplyGrid-XGBoost-single-v1,0
S088,2028-07-19,0.1293091029,18,LOW,7,SupplyGrid-XGBoost-single-v1,0
S031,2028-07-19,0.1285923421,19,LOW,7,SupplyGrid-XGBoost-single-v1,0
S089,2028-07-19,0.127729848,20,LOW,7,SupplyGrid-XGBoost-single-v1,0
S026,2028-07-19,0.1277109683,21,LOW,7,SupplyGrid-XGBoost-single-v1,0
S010,2028-07-19,0.1263300776,22,LOW,7,SupplyGrid-XGBoost-single-v1,0
S069,2028-07-19,0.125757426,23,LOW,7,SupplyGrid-XGBoost-single-v1,0
S028,2028-07-19,0.1218608692,24,LOW,7,SupplyGrid-XGBoost-single-v1,0
S062,2028-07-19,0.1211409569,25,LOW,7,SupplyGrid-XGBoost-single-v1,0
S036,2028-07-19,0.1202073023,26,LOW,7,SupplyGrid-XGBoost-single-v1,1
S059,2028-07-19,0.1196778566,27,LOW,7,SupplyGrid-XGBoost-single-v1,0
S030,2028-07-19,0.1172692329,28,LOW,7,SupplyGrid-XGBoost-single-v1,0
S017,2028-07-19,0.1169700697,29,LOW,7,SupplyGrid-XGBoost-single-v1,0
S037,2028-07-19,0.1169700697,30,LOW,7,SupplyGrid-XGBoost-single-v1,0
S029,2028-07-19,0.1163880974,31,LOW,7,SupplyGrid-XGBoost-single-v1,0
S074,2028-07-19,0.1138105765,32,LOW,7,SupplyGrid-XGBoost-single-v1,0
S083,2028-07-19,0.1126626879,33,LOW,7,SupplyGrid-XGBoost-single-v1,0
S043,2028-07-19,0.111295864,34,LOW,7,SupplyGrid-XGBoost-single-v1,0
S080,2028-07-19,0.1083501354,35,LOW,7,SupplyGrid-XGBoost-single-v1,0
S046,2028-07-19,0.1077888384,36,LOW,7,SupplyGrid-XGBoost-single-v1,0
S005,2028-07-19,0.1064439118,37,LOW,7,SupplyGrid-XGBoost-single-v1,0
S066,2028-07-19,0.1061420143,38,LOW,7,SupplyGrid-XGBoost-single-v1,0
S048,2028-07-19,0.10555619,39,LOW,7,SupplyGrid-XGBoost-single-v1,0
S039,2028-07-19,0.1046897396,40,LOW,7,SupplyGrid-XGBoost-single-v1,1
S086,2028-07-19,0.104646571,41,LOW,7,SupplyGrid-XGBoost-single-v1,0
S025,2028-07-19,0.1032773927,42,LOW,7,SupplyGrid-XGBoost-single-v1,0
S098,2028-07-19,0.1007083654,43,LOW,7,SupplyGrid-XGBoost-single-v1,0
S054,2028-07-19,0.1004851907,44,LOW,7,SupplyGrid-XGBoost-single-v1,0
S085,2028-07-19,0.1003027782,45,LOW,7,SupplyGrid-XGBoost-single-v1,0
S004,2028-07-19,0.09953847528,46,LOW,7,SupplyGrid-XGBoost-single-v1,0
S053,2028-07-19,0.099265486,47,LOW,7,SupplyGrid-XGBoost-single-v1,1
S100,2028-07-19,0.09889874607,48,LOW,7,SupplyGrid-XGBoost-single-v1,0
S077,2028-07-19,0.09870193899,49,LOW,7,SupplyGrid-XGBoost-single-v1,0
S018,2028-07-19,0.09630955756,50,LOW,7,SupplyGrid-XGBoost-single-v1,0
S090,2028-07-19,0.09443075955,51,LOW,7,SupplyGrid-XGBoost-single-v1,0
S042,2028-07-19,0.09390867501,52,LOW,7,SupplyGrid-XGBoost-single-v1,1
S081,2028-07-19,0.09359678626,53,LOW,7,SupplyGrid-XGBoost-single-v1,0
S047,2028-07-19,0.09351042658,54,LOW,7,SupplyGrid-XGBoost-single-v1,1
S049,2028-07-19,0.09210540354,55,LOW,7,SupplyGrid-XGBoost-single-v1,0
S057,2028-07-19,0.09115065634,56,LOW,7,SupplyGrid-XGBoost-single-v1,0
S076,2028-07-19,0.09083796293,57,LOW,7,SupplyGrid-XGBoost-single-v1,0
S027,2028-07-19,0.09072621912,58,LOW,7,SupplyGrid-XGBoost-single-v1,0
S034,2028-07-19,0.08907639235,59,LOW,7,SupplyGrid-XGBoost-single-v1,0
S082,2028-07-19,0.08720241487,60,LOW,7,SupplyGrid-XGBoost-single-v1,0
S068,2028-07-19,0.08496987075,61,LOW,7,SupplyGrid-XGBoost-single-v1,0
S001,2028-07-19,0.08494427055,62,LOW,7,SupplyGrid-XGBoost-single-v1,1
S061,2028-07-19,0.08434280753,63,LOW,7,SupplyGrid-XGBoost-single-v1,0
S007,2028-07-19,0.08392134309,64,LOW,7,SupplyGrid-XGBoost-single-v1,0
S084,2028-07-19,0.08212029934,65,LOW,7,SupplyGrid-XGBoost-single-v1,0
S052,2028-07-19,0.08166704327,66,LOW,7,SupplyGrid-XGBoost-single-v1,0
S045,2028-07-19,0.08125163615,67,LOW,7,SupplyGrid-XGBoost-single-v1,0
S087,2028-07-19,0.08124412596,68,LOW,7,SupplyGrid-XGBoost-single-v1,0
S041,2028-07-19,0.08101909608,69,LOW,7,SupplyGrid-XGBoost-single-v1,0
S093,2028-07-19,0.07925392687,70,LOW,7,SupplyGrid-XGBoost-single-v1,0
S055,2028-07-19,0.07912158221,71,LOW,7,SupplyGrid-XGBoost-single-v1,0
S040,2028-07-19,0.07849851251,72,LOW,7,SupplyGrid-XGBoost-single-v1,0
S003,2028-07-19,0.07676110417,73,LOW,7,SupplyGrid-XGBoost-single-v1,0
S014,2028-07-19,0.07594231516,74,LOW,7,SupplyGrid-XGBoost-single-v1,0
S024,2028-07-19,0.07594231516,75,LOW,7,SupplyGrid-XGBoost-single-v1,0
S095,2028-07-19,0.07515653223,76,LOW,7,SupplyGrid-XGBoost-single-v1,0
S038,2028-07-19,0.07418762147,77,LOW,7,SupplyGrid-XGBoost-single-v1,0
S051,2028-07-19,0.07293610275,78,LOW,7,SupplyGrid-XGBoost-single-v1,0
S020,2028-07-19,0.07225767523,79,LOW,7,SupplyGrid-XGBoost-single-v1,0
S006,2028-07-19,0.07149624079,80,LOW,7,SupplyGrid-XGBoost-single-v1,1
S075,2028-07-19,0.07126045227,81,LOW,7,SupplyGrid-XGBoost-single-v1,0
S011,2028-07-19,0.07018281519,82,LOW,7,SupplyGrid-XGBoost-single-v1,0
S094,2028-07-19,0.0685916692,83,LOW,7,SupplyGrid-XGBoost-single-v1,0
S044,2028-07-19,0.06560235471,84,LOW,7,SupplyGrid-XGBoost-single-v1,0
S058,2028-07-19,0.0639667064,85,LOW,7,SupplyGrid-XGBoost-single-v1,0
S008,2028-07-19,0.06108986586,86,LOW,7,SupplyGrid-XGBoost-single-v1,0
S078,2028-07-19,0.06108986586,87,LOW,7,SupplyGrid-XGBoost-single-v1,0
S070,2028-07-19,0.0606007278,88,LOW,7,SupplyGrid-XGBoost-single-v1,0
S021,2028-07-19,0.05994826555,89,LOW,7,SupplyGrid-XGBoost-single-v1,0
S032,2028-07-19,0.05950580165,90,LOW,7,SupplyGrid-XGBoost-single-v1,0
S091,2028-07-19,0.0589443557,91,LOW,7,SupplyGrid-XGBoost-single-v1,1
S065,2028-07-19,0.05823766813,92,LOW,7,SupplyGrid-XGBoost-single-v1,0
S033,2028-07-19,0.05788064748,93,LOW,7,SupplyGrid-XGBoost-single-v1,0
S097,2028-07-19,0.05752947927,94,LOW,7,SupplyGrid-XGBoost-single-v1,0
S072,2028-07-20,0.1728302091,1,HIGH,7,SupplyGrid-XGBoost-single-v1,0
S056,2028-07-20,0.1636174023,2,HIGH,7,SupplyGrid-XGBoost-single-v1,0
S073,2028-07-20,0.1629524976,3,HIGH,7,SupplyGrid-XGBoost-single-v1,0
S035,2028-07-20,0.1579579264,4,HIGH,7,SupplyGrid-XGBoost-single-v1,0
S002,2028-07-20,0.1507485956,5,HIGH,7,SupplyGrid-XGBoost-single-v1,0
S079,2028-07-20,0.1500730664,6,HIGH,7,SupplyGrid-XGBoost-single-v1,1
S092,2028-07-20,0.1468730122,7,LOW,7,SupplyGrid-XGBoost-single-v1,0
S037,2028-07-20,0.1466320604,8,LOW,7,SupplyGrid-XGBoost-single-v1,0
S026,2028-07-20,0.1441555023,9,LOW,7,SupplyGrid-XGBoost-single-v1,0
S050,2028-07-20,0.1434058696,10,LOW,7,SupplyGrid-XGBoost-single-v1,1
S029,2028-07-20,0.142734006,11,LOW,7,SupplyGrid-XGBoost-single-v1,0
S019,2028-07-20,0.1427149624,12,LOW,7,SupplyGrid-XGBoost-single-v1,0
S012,2028-07-20,0.1424164623,13,LOW,7,SupplyGrid-XGBoost-single-v1,0
S088,2028-07-20,0.1408080161,14,LOW,7,SupplyGrid-XGBoost-single-v1,0
S023,2028-07-20,0.1401191652,15,LOW,7,SupplyGrid-XGBoost-single-v1,0
S089,2028-07-20,0.13765347,16,LOW,7,SupplyGrid-XGBoost-single-v1,0
S060,2028-07-20,0.1372948885,17,LOW,7,SupplyGrid-XGBoost-single-v1,0
S036,2028-07-20,0.1368031055,18,LOW,7,SupplyGrid-XGBoost-single-v1,1
S005,2028-07-20,0.135572046,19,LOW,7,SupplyGrid-XGBoost-single-v1,0
S004,2028-07-20,0.1346265525,20,LOW,7,SupplyGrid-XGBoost-single-v1,0
S074,2028-07-20,0.1327324063,21,LOW,7,SupplyGrid-XGBoost-single-v1,0
S071,2028-07-20,0.1317463815,22,LOW,7,SupplyGrid-XGBoost-single-v1,0
S015,2028-07-20,0.1293245703,23,LOW,7,SupplyGrid-XGBoost-single-v1,0
S081,2028-07-20,0.1215559319,24,LOW,7,SupplyGrid-XGBoost-single-v1,0
S017,2028-07-20,0.1213430315,25,LOW,7,SupplyGrid-XGBoost-single-v1,0
S083,2028-07-20,0.1198240444,26,LOW,7,SupplyGrid-XGBoost-single-v1,0
S086,2028-07-20,0.1189295873,27,LOW,7,SupplyGrid-XGBoost-single-v1,0
S031,2028-07-20,0.1183709875,28,LOW,7,SupplyGrid-XGBoost-single-v1,0
S062,2028-07-20,0.1182953641,29,LOW,7,SupplyGrid-XGBoost-single-v1,0
S030,2028-07-20,0.1172692329,30,LOW,7,SupplyGrid-XGBoost-single-v1,0
S046,2028-07-20,0.1135569587,31,LOW,7,SupplyGrid-XGBoost-single-v1,0
S043,2028-07-20,0.1132477298,32,LOW,7,SupplyGrid-XGBoost-single-v1,0
S013,2028-07-20,0.1120762974,33,LOW,7,SupplyGrid-XGBoost-single-v1,0
S028,2028-07-20,0.1120733544,34,LOW,7,SupplyGrid-XGBoost-single-v1,0
S048,2028-07-20,0.1120733544,35,LOW,7,SupplyGrid-XGBoost-single-v1,0
S098,2028-07-20,0.1095941365,36,LOW,7,SupplyGrid-XGBoost-single-v1,0
S010,2028-07-20,0.1095895767,37,LOW,7,SupplyGrid-XGBoost-single-v1,0
S069,2028-07-20,0.1093288213,38,LOW,7,SupplyGrid-XGBoost-single-v1,0
S054,2028-07-20,0.1083501354,39,LOW,7,SupplyGrid-XGBoost-single-v1,0
S067,2028-07-20,0.1080389246,40,LOW,7,SupplyGrid-XGBoost-single-v1,0
S039,2028-07-20,0.1062272936,41,LOW,7,SupplyGrid-XGBoost-single-v1,1
S049,2028-07-20,0.1055041626,42,LOW,7,SupplyGrid-XGBoost-single-v1,0
S025,2028-07-20,0.1032773927,43,LOW,7,SupplyGrid-XGBoost-single-v1,0
S027,2028-07-20,0.1024172455,44,LOW,7,SupplyGrid-XGBoost-single-v1,0
S020,2028-07-20,0.1010836214,45,LOW,7,SupplyGrid-XGBoost-single-v1,0
S100,2028-07-20,0.1003821418,46,LOW,7,SupplyGrid-XGBoost-single-v1,0
S076,2028-07-20,0.09894867241,47,LOW,7,SupplyGrid-XGBoost-single-v1,0
S016,2028-07-20,0.09889874607,48,LOW,7,SupplyGrid-XGBoost-single-v1,0
S077,2028-07-20,0.09870193899,49,LOW,7,SupplyGrid-XGBoost-single-v1,0
S059,2028-07-20,0.09719017893,50,LOW,7,SupplyGrid-XGBoost-single-v1,0
S018,2028-07-20,0.09630955756,51,LOW,7,SupplyGrid-XGBoost-single-v1,0
S066,2028-07-20,0.09481090307,52,LOW,7,SupplyGrid-XGBoost-single-v1,0
S042,2028-07-20,0.0938116461,53,LOW,7,SupplyGrid-XGBoost-single-v1,1
S047,2028-07-20,0.09351042658,54,LOW,7,SupplyGrid-XGBoost-single-v1,1
S052,2028-07-20,0.09350746125,55,LOW,7,SupplyGrid-XGBoost-single-v1,0
S057,2028-07-20,0.09115065634,56,LOW,7,SupplyGrid-XGBoost-single-v1,0
S003,2028-07-20,0.08908188343,57,LOW,7,SupplyGrid-XGBoost-single-v1,0
S007,2028-07-20,0.08866075426,58,LOW,7,SupplyGrid-XGBoost-single-v1,0
S045,2028-07-20,0.08858980983,59,LOW,7,SupplyGrid-XGBoost-single-v1,0
S080,2028-07-20,0.08752660453,60,LOW,7,SupplyGrid-XGBoost-single-v1,0
S090,2028-07-20,0.08730759472,61,LOW,7,SupplyGrid-XGBoost-single-v1,0
S053,2028-07-20,0.0867273286,62,LOW,7,SupplyGrid-XGBoost-single-v1,1
S040,2028-07-20,0.08496987075,63,LOW,7,SupplyGrid-XGBoost-single-v1,0
S001,2028-07-20,0.08494427055,64,LOW,7,SupplyGrid-XGBoost-single-v1,1
S006,2028-07-20,0.08439543098,65,LOW,7,SupplyGrid-XGBoost-single-v1,1
S085,2028-07-20,0.08360056579,66,LOW,7,SupplyGrid-XGBoost-single-v1,0
S084,2028-07-20,0.08337530494,67,LOW,7,SupplyGrid-XGBoost-single-v1,0
S087,2028-07-20,0.08306163549,68,LOW,7,SupplyGrid-XGBoost-single-v1,0
S014,2028-07-20,0.0822217539,69,LOW,7,SupplyGrid-XGBoost-single-v1,0
S041,2028-07-20,0.08101909608,70,LOW,7,SupplyGrid-XGBoost-single-v1,0
S024,2028-07-20,0.080839701,71,LOW,7,SupplyGrid-XGBoost-single-v1,0
S094,2028-07-20,0.08002569526,72,LOW,7,SupplyGrid-XGBoost-single-v1,0
S055,2028-07-20,0.07912158221,73,LOW,7,SupplyGrid-XGBoost-single-v1,0
S034,2028-07-20,0.07865229994,74,LOW,7,SupplyGrid-XGBoost-single-v1,0
S068,2028-07-20,0.07849851251,75,LOW,7,SupplyGrid-XGBoost-single-v1,0
S061,2028-07-20,0.07791513205,76,LOW,7,SupplyGrid-XGBoost-single-v1,0
S075,2028-07-20,0.07777266949,77,LOW,7,SupplyGrid-XGBoost-single-v1,0
S021,2028-07-20,0.07740711421,78,LOW,7,SupplyGrid-XGBoost-single-v1,0
S093,2028-07-20,0.07613448799,79,LOW,7,SupplyGrid-XGBoost-single-v1,0
S082,2028-07-20,0.07597915828,80,LOW,7,SupplyGrid-XGBoost-single-v1,0
S044,2028-07-20,0.07499648631,81,LOW,7,SupplyGrid-XGBoost-single-v1,0
S038,2028-07-20,0.07418762147,82,LOW,7,SupplyGrid-XGBoost-single-v1,0
S078,2028-07-20,0.07225767523,83,LOW,7,SupplyGrid-XGBoost-single-v1,0
S095,2028-07-20,0.06688573956,84,LOW,7,SupplyGrid-XGBoost-single-v1,0
S011,2028-07-20,0.06325703114,85,LOW,7,SupplyGrid-XGBoost-single-v1,0
S051,2028-07-20,0.0616704151,86,LOW,7,SupplyGrid-XGBoost-single-v1,0
S008,2028-07-20,0.06108986586,87,LOW,7,SupplyGrid-XGBoost-single-v1,0
S070,2028-07-20,0.05966623127,88,LOW,7,SupplyGrid-XGBoost-single-v1,0
S032,2028-07-20,0.05950580165,89,LOW,7,SupplyGrid-XGBoost-single-v1,0
S091,2028-07-20,0.0589443557,90,LOW,7,SupplyGrid-XGBoost-single-v1,1
S058,2028-07-20,0.05879281089,91,LOW,7,SupplyGrid-XGBoost-single-v1,0
S065,2028-07-20,0.05823766813,92,LOW,7,SupplyGrid-XGBoost-single-v1,0
S097,2028-07-20,0.05752947927,93,LOW,7,SupplyGrid-XGBoost-single-v1,0
S033,2028-07-20,0.0569855459,94,LOW,7,SupplyGrid-XGBoost-single-v1,0
S072,2028-07-21,0.1873666495,1,HIGH,7,SupplyGrid-XGBoost-single-v1,0
S056,2028-07-21,0.1829205751,2,HIGH,7,SupplyGrid-XGBoost-single-v1,0
S073,2028-07-21,0.1768358797,3,HIGH,7,SupplyGrid-XGBoost-single-v1,0
S029,2028-07-21,0.1736622304,4,HIGH,7,SupplyGrid-XGBoost-single-v1,0
S002,2028-07-21,0.1636850834,5,HIGH,7,SupplyGrid-XGBoost-single-v1,0
S079,2028-07-21,0.1589287817,6,HIGH,7,SupplyGrid-XGBoost-single-v1,1
S023,2028-07-21,0.1536189467,7,HIGH,7,SupplyGrid-XGBoost-single-v1,0
S089,2028-07-21,0.1530889273,8,HIGH,7,SupplyGrid-XGBoost-single-v1,0
S019,2028-07-21,0.1509995311,9,HIGH,7,SupplyGrid-XGBoost-single-v1,0
S015,2028-07-21,0.1452245414,10,LOW,7,SupplyGrid-XGBoost-single-v1,0
S050,2028-07-21,0.1411535293,11,LOW,7,SupplyGrid-XGBoost-single-v1,1
S035,2028-07-21,0.1389323324,12,LOW,7,SupplyGrid-XGBoost-single-v1,0
S088,2028-07-21,0.137630403,13,LOW,7,SupplyGrid-XGBoost-single-v1,0
S092,2028-07-21,0.1375545561,14,LOW,7,SupplyGrid-XGBoost-single-v1,0
S036,2028-07-21,0.1368031055,15,LOW,7,SupplyGrid-XGBoost-single-v1,1
S005,2028-07-21,0.135572046,16,LOW,7,SupplyGrid-XGBoost-single-v1,0
S037,2028-07-21,0.1354772151,17,LOW,7,SupplyGrid-XGBoost-single-v1,0
S060,2028-07-21,0.1350922585,18,LOW,7,SupplyGrid-XGBoost-single-v1,0
S026,2028-07-21,0.1324252635,19,LOW,7,SupplyGrid-XGBoost-single-v1,0
S009,2028-07-21,0.1294855326,20,LOW,7,SupplyGrid-XGBoost-single-v1,0
S083,2028-07-21,0.1215789467,21,LOW,7,SupplyGrid-XGBoost-single-v1,0
S067,2028-07-21,0.1202727556,22,LOW,7,SupplyGrid-XGBoost-single-v1,0
S004,2028-07-21,0.1197492555,23,LOW,7,SupplyGrid-XGBoost-single-v1,0
S059,2028-07-21,0.1196778566,24,LOW,7,SupplyGrid-XGBoost-single-v1,0
S017,2028-07-21,0.1189547107,25,LOW,7,SupplyGrid-XGBoost-single-v1,0
S086,2028-07-21,0.1189295873,26,LOW,7,SupplyGrid-XGBoost-single-v1,0
S054,2028-07-21,0.1169700697,27,LOW,7,SupplyGrid-XGBoost-single-v1,0
S074,2028-07-21,0.1138105765,28,LOW,7,SupplyGrid-XGBoost-single-v1,0
S013,2028-07-21,0.1128717065,29,LOW,7,SupplyGrid-XGBoost-single-v1,0
S100,2028-07-21,0.1116552129,30,LOW,7,SupplyGrid-XGBoost-single-v1,0
S043,2028-07-21,0.111295864,31,LOW,7,SupplyGrid-XGBoost-single-v1,0
S098,2028-07-21,0.1095941365,32,LOW,7,SupplyGrid-XGBoost-single-v1,0
S010,2028-07-21,0.1095895767,33,LOW,7,SupplyGrid-XGBoost-single-v1,0
S012,2028-07-21,0.1092436239,34,LOW,7,SupplyGrid-XGBoost-single-v1,0
S096,2028-07-21,0.1086146832,35,LOW,7,SupplyGrid-XGBoost-single-v1,0
S071,2028-07-21,0.1083501354,36,LOW,7,SupplyGrid-XGBoost-single-v1,0
S047,2028-07-21,0.1079755574,37,LOW,7,SupplyGrid-XGBoost-single-v1,1
S069,2028-07-21,0.1051608548,38,LOW,7,SupplyGrid-XGBoost-single-v1,0
S025,2028-07-21,0.1032773927,39,LOW,7,SupplyGrid-XGBoost-single-v1,0
S087,2028-07-21,0.1024468318,40,LOW,7,SupplyGrid-XGBoost-single-v1,0
S031,2028-07-21,0.1008508876,41,LOW,7,SupplyGrid-XGBoost-single-v1,0
S016,2028-07-21,0.1006578356,42,LOW,7,SupplyGrid-XGBoost-single-v1,1
S042,2028-07-21,0.09973701835,43,LOW,7,SupplyGrid-XGBoost-single-v1,1
S006,2028-07-21,0.09945259988,44,LOW,7,SupplyGrid-XGBoost-single-v1,1
S048,2028-07-21,0.09880082309,45,LOW,7,SupplyGrid-XGBoost-single-v1,1
S062,2028-07-21,0.09870193899,46,LOW,7,SupplyGrid-XGBoost-single-v1,0
S076,2028-07-21,0.0985038653,47,LOW,7,SupplyGrid-XGBoost-single-v1,0
S041,2028-07-21,0.09814791381,48,LOW,7,SupplyGrid-XGBoost-single-v1,0
S022,2028-07-21,0.09788809717,49,LOW,7,SupplyGrid-XGBoost-single-v1,0
S082,2028-07-21,0.09762185812,50,LOW,7,SupplyGrid-XGBoost-single-v1,0
S039,2028-07-21,0.09719017893,51,LOW,7,SupplyGrid-XGBoost-single-v1,1
S046,2028-07-21,0.09642152488,52,LOW,7,SupplyGrid-XGBoost-single-v1,0
S064,2028-07-21,0.09490884095,53,LOW,7,SupplyGrid-XGBoost-single-v1,0
S081,2028-07-21,0.09353128821,54,LOW,7,SupplyGrid-XGBoost-single-v1,0
S052,2028-07-21,0.09350746125,55,LOW,7,SupplyGrid-XGBoost-single-v1,0
S084,2028-07-21,0.09349745512,56,LOW,7,SupplyGrid-XGBoost-single-v1,0
S090,2028-07-21,0.09286424518,57,LOW,7,SupplyGrid-XGBoost-single-v1,0
S034,2028-07-21,0.09271363914,58,LOW,7,SupplyGrid-XGBoost-single-v1,0
S094,2028-07-21,0.09190067649,59,LOW,7,SupplyGrid-XGBoost-single-v1,0
S030,2028-07-21,0.09165657312,60,LOW,7,SupplyGrid-XGBoost-single-v1,0
S057,2028-07-21,0.09115065634,61,LOW,7,SupplyGrid-XGBoost-single-v1,0
S028,2028-07-21,0.08917565644,62,LOW,7,SupplyGrid-XGBoost-single-v1,0
S040,2028-07-21,0.08826608956,63,LOW,7,SupplyGrid-XGBoost-single-v1,0
S007,2028-07-21,0.08685210347,64,LOW,7,SupplyGrid-XGBoost-single-v1,0
S020,2028-07-21,0.08665089309,65,LOW,7,SupplyGrid-XGBoost-single-v1,0
S049,2028-07-21,0.08542130888,66,LOW,7,SupplyGrid-XGBoost-single-v1,0
S080,2028-07-21,0.08532436937,67,LOW,7,SupplyGrid-XGBoost-single-v1,0
S001,2028-07-21,0.08494427055,68,LOW,7,SupplyGrid-XGBoost-single-v1,1
S018,2028-07-21,0.08478232473,69,LOW,7,SupplyGrid-XGBoost-single-v1,0
S085,2028-07-21,0.08445810527,70,LOW,7,SupplyGrid-XGBoost-single-v1,0
S066,2028-07-21,0.08424630016,71,LOW,7,SupplyGrid-XGBoost-single-v1,0
S003,2028-07-21,0.08373065293,72,LOW,7,SupplyGrid-XGBoost-single-v1,0
S014,2028-07-21,0.0822217539,73,LOW,7,SupplyGrid-XGBoost-single-v1,0
S077,2028-07-21,0.08163220435,74,LOW,7,SupplyGrid-XGBoost-single-v1,0
S021,2028-07-21,0.08091337234,75,LOW,7,SupplyGrid-XGBoost-single-v1,0
S024,2028-07-21,0.080839701,76,LOW,7,SupplyGrid-XGBoost-single-v1,0
S027,2028-07-21,0.07975530624,77,LOW,7,SupplyGrid-XGBoost-single-v1,0
S055,2028-07-21,0.07912158221,78,LOW,7,SupplyGrid-XGBoost-single-v1,0
S068,2028-07-21,0.07849851251,79,LOW,7,SupplyGrid-XGBoost-single-v1,0
S061,2028-07-21,0.07791513205,80,LOW,7,SupplyGrid-XGBoost-single-v1,0
S045,2028-07-21,0.07777266949,81,LOW,7,SupplyGrid-XGBoost-single-v1,0
S093,2028-07-21,0.07730571181,82,LOW,7,SupplyGrid-XGBoost-single-v1,0
S038,2028-07-21,0.07418762147,83,LOW,7,SupplyGrid-XGBoost-single-v1,0
S044,2028-07-21,0.07364913076,84,LOW,7,SupplyGrid-XGBoost-single-v1,0
S078,2028-07-21,0.07225767523,85,LOW,7,SupplyGrid-XGBoost-single-v1,0
S075,2028-07-21,0.07003122568,86,LOW,7,SupplyGrid-XGBoost-single-v1,0
S065,2028-07-21,0.06935133785,87,LOW,7,SupplyGrid-XGBoost-single-v1,0
S095,2028-07-21,0.06586111337,88,LOW,7,SupplyGrid-XGBoost-single-v1,0
S011,2028-07-21,0.06554935127,89,LOW,7,SupplyGrid-XGBoost-single-v1,0
S051,2028-07-21,0.0616704151,90,LOW,7,SupplyGrid-XGBoost-single-v1,0
S008,2028-07-21,0.06108986586,91,LOW,7,SupplyGrid-XGBoost-single-v1,0
S070,2028-07-21,0.05966623127,92,LOW,7,SupplyGrid-XGBoost-single-v1,0
S032,2028-07-21,0.05950580165,93,LOW,7,SupplyGrid-XGBoost-single-v1,0
S091,2028-07-21,0.0589443557,94,LOW,7,SupplyGrid-XGBoost-single-v1,1
S058,2028-07-21,0.05879281089,95,LOW,7,SupplyGrid-XGBoost-single-v1,0
S033,2028-07-21,0.05788064748,96,LOW,7,SupplyGrid-XGBoost-single-v1,0
S097,2028-07-21,0.05752947927,97,LOW,7,SupplyGrid-XGBoost-single-v1,0
S023,2028-07-22,0.1956379712,1,HIGH,7,SupplyGrid-XGBoost-single-v1,0
S060,2028-07-22,0.1769208759,2,HIGH,7,SupplyGrid-XGBoost-single-v1,0
S073,2028-07-22,0.1768358797,3,HIGH,7,SupplyGrid-XGBoost-single-v1,0
S056,2028-07-22,0.1765029877,4,HIGH,7,SupplyGrid-XGBoost-single-v1,0
S029,2028-07-22,0.1736622304,5,HIGH,7,SupplyGrid-XGBoost-single-v1,0
S002,2028-07-22,0.1707426906,6,HIGH,7,SupplyGrid-XGBoost-single-v1,0
S072,2028-07-22,0.1654949635,7,HIGH,7,SupplyGrid-XGBoost-single-v1,0
S035,2028-07-22,0.1503988951,8,HIGH,7,SupplyGrid-XGBoost-single-v1,0
S050,2028-07-22,0.1454490423,9,LOW,7,SupplyGrid-XGBoost-single-v1,1
S015,2028-07-22,0.1452245414,10,LOW,7,SupplyGrid-XGBoost-single-v1,0
S063,2028-07-22,0.1442490667,11,LOW,7,SupplyGrid-XGBoost-single-v1,0
S010,2028-07-22,0.1393622011,12,LOW,7,SupplyGrid-XGBoost-single-v1,0
S042,2028-07-22,0.1371516287,13,LOW,7,SupplyGrid-XGBoost-single-v1,1
S036,2028-07-22,0.1368031055,14,LOW,7,SupplyGrid-XGBoost-single-v1,1
S005,2028-07-22,0.135572046,15,LOW,7,SupplyGrid-XGBoost-single-v1,0
S004,2028-07-22,0.1346265525,16,LOW,7,SupplyGrid-XGBoost-single-v1,0
S088,2028-07-22,0.1337795705,17,LOW,7,SupplyGrid-XGBoost-single-v1,0
S019,2028-07-22,0.1335902661,18,LOW,7,SupplyGrid-XGBoost-single-v1,0
S026,2028-07-22,0.1318081766,19,LOW,7,SupplyGrid-XGBoost-single-v1,0
S009,2028-07-22,0.1294855326,20,LOW,7,SupplyGrid-XGBoost-single-v1,0
S037,2028-07-22,0.127729848,21,LOW,7,SupplyGrid-XGBoost-single-v1,1
S092,2028-07-22,0.1217041016,22,LOW,7,SupplyGrid-XGBoost-single-v1,0
S012,2028-07-22,0.1174688414,23,LOW,7,SupplyGrid-XGBoost-single-v1,0
S047,2028-07-22,0.1173919365,24,LOW,7,SupplyGrid-XGBoost-single-v1,1
S067,2028-07-22,0.1159332469,25,LOW,7,SupplyGrid-XGBoost-single-v1,0
S096,2028-07-22,0.1153559983,26,LOW,7,SupplyGrid-XGBoost-single-v1,0
S083,2028-07-22,0.1126626879,27,LOW,7,SupplyGrid-XGBoost-single-v1,0
S100,2028-07-22,0.1116552129,28,LOW,7,SupplyGrid-XGBoost-single-v1,0
S098,2028-07-22,0.1095941365,29,LOW,7,SupplyGrid-XGBoost-single-v1,0
S054,2028-07-22,0.1083501354,30,LOW,7,SupplyGrid-XGBoost-single-v1,0
S089,2028-07-22,0.1083501354,31,LOW,7,SupplyGrid-XGBoost-single-v1,0
S059,2028-07-22,0.1070748419,32,LOW,7,SupplyGrid-XGBoost-single-v1,0
S069,2028-07-22,0.1069103181,33,LOW,7,SupplyGrid-XGBoost-single-v1,0
S057,2028-07-22,0.1067589223,34,LOW,7,SupplyGrid-XGBoost-single-v1,0
S028,2028-07-22,0.1061420143,35,LOW,7,SupplyGrid-XGBoost-single-v1,0
S025,2028-07-22,0.1032773927,36,LOW,7,SupplyGrid-XGBoost-single-v1,0
S086,2028-07-22,0.1030541509,37,LOW,7,SupplyGrid-XGBoost-single-v1,0
S049,2028-07-22,0.1016567945,38,LOW,7,SupplyGrid-XGBoost-single-v1,0
S041,2028-07-22,0.101450026,39,LOW,7,SupplyGrid-XGBoost-single-v1,0
S034,2028-07-22,0.1009732336,40,LOW,7,SupplyGrid-XGBoost-single-v1,0
S071,2028-07-22,0.09955394268,41,LOW,7,SupplyGrid-XGBoost-single-v1,0
S087,2028-07-22,0.09899116307,42,LOW,7,SupplyGrid-XGBoost-single-v1,0
S016,2028-07-22,0.09889874607,43,LOW,7,SupplyGrid-XGBoost-single-v1,1
S013,2028-07-22,0.09870193899,44,LOW,7,SupplyGrid-XGBoost-single-v1,0
S062,2028-07-22,0.09870193899,45,LOW,7,SupplyGrid-XGBoost-single-v1,0
S064,2028-07-22,0.09809360653,46,LOW,7,SupplyGrid-XGBoost-single-v1,0
S022,2028-07-22,0.09788809717,47,LOW,7,SupplyGrid-XGBoost-single-v1,0
S094,2028-07-22,0.09771832079,48,LOW,7,SupplyGrid-XGBoost-single-v1,1
S074,2028-07-22,0.09767258912,49,LOW,7,SupplyGrid-XGBoost-single-v1,0
S082,2028-07-22,0.09762185812,50,LOW,7,SupplyGrid-XGBoost-single-v1,0
S039,2028-07-22,0.09719017893,51,LOW,7,SupplyGrid-XGBoost-single-v1,1
S017,2028-07-22,0.09680882841,52,LOW,7,SupplyGrid-XGBoost-single-v1,0
S099,2028-07-22,0.0960302949,53,LOW,7,SupplyGrid-XGBoost-single-v1,0
S076,2028-07-22,0.09589467198,54,LOW,7,SupplyGrid-XGBoost-single-v1,0
S080,2028-07-22,0.09445757419,55,LOW,7,SupplyGrid-XGBoost-single-v1,0
S052,2028-07-22,0.09350746125,56,LOW,7,SupplyGrid-XGBoost-single-v1,0
S066,2028-07-22,0.09340131283,57,LOW,7,SupplyGrid-XGBoost-single-v1,0
S006,2028-07-22,0.09198909998,58,LOW,7,SupplyGrid-XGBoost-single-v1,1
S043,2028-07-22,0.09132625163,59,LOW,7,SupplyGrid-XGBoost-single-v1,0
S090,2028-07-22,0.08948342502,60,LOW,7,SupplyGrid-XGBoost-single-v1,1
S031,2028-07-22,0.08868228644,61,LOW,7,SupplyGrid-XGBoost-single-v1,0
S045,2028-07-22,0.08858980983,62,LOW,7,SupplyGrid-XGBoost-single-v1,0
S081,2028-07-22,0.08848968148,63,LOW,7,SupplyGrid-XGBoost-single-v1,0
S046,2028-07-22,0.08782920986,64,LOW,7,SupplyGrid-XGBoost-single-v1,0
S007,2028-07-22,0.08535118401,65,LOW,7,SupplyGrid-XGBoost-single-v1,0
S068,2028-07-22,0.08496987075,66,LOW,7,SupplyGrid-XGBoost-single-v1,0
S001,2028-07-22,0.08494427055,67,LOW,7,SupplyGrid-XGBoost-single-v1,1
S030,2028-07-22,0.08491265774,68,LOW,7,SupplyGrid-XGBoost-single-v1,0
S018,2028-07-22,0.08463735133,69,LOW,7,SupplyGrid-XGBoost-single-v1,0
S021,2028-07-22,0.08406667411,70,LOW,7,SupplyGrid-XGBoost-single-v1,0
S024,2028-07-22,0.0822217539,71,LOW,7,SupplyGrid-XGBoost-single-v1,0
S084,2028-07-22,0.0822217539,72,LOW,7,SupplyGrid-XGBoost-single-v1,0
S020,2028-07-22,0.0820742175,73,LOW,7,SupplyGrid-XGBoost-single-v1,0
S077,2028-07-22,0.08069141954,74,LOW,7,SupplyGrid-XGBoost-single-v1,0
S040,2028-07-22,0.07992693037,75,LOW,7,SupplyGrid-XGBoost-single-v1,0
S027,2028-07-22,0.07975530624,76,LOW,7,SupplyGrid-XGBoost-single-v1,0
S055,2028-07-22,0.07912158221,77,LOW,7,SupplyGrid-XGBoost-single-v1,0
S085,2028-07-22,0.07910715044,78,LOW,7,SupplyGrid-XGBoost-single-v1,0
S078,2028-07-22,0.07885327935,79,LOW,7,SupplyGrid-XGBoost-single-v1,0
S093,2028-07-22,0.07730571181,80,LOW,7,SupplyGrid-XGBoost-single-v1,0
S014,2028-07-22,0.07711084187,81,LOW,7,SupplyGrid-XGBoost-single-v1,0
S003,2028-07-22,0.07676110417,82,LOW,7,SupplyGrid-XGBoost-single-v1,0
S058,2028-07-22,0.07594231516,83,LOW,7,SupplyGrid-XGBoost-single-v1,0
S038,2028-07-22,0.07418762147,84,LOW,7,SupplyGrid-XGBoost-single-v1,0
S048,2028-07-22,0.07224386185,85,LOW,7,SupplyGrid-XGBoost-single-v1,1
S011,2028-07-22,0.07102056593,86,LOW,7,SupplyGrid-XGBoost-single-v1,0
S075,2028-07-22,0.07003122568,87,LOW,7,SupplyGrid-XGBoost-single-v1,0
S065,2028-07-22,0.06945633143,88,LOW,7,SupplyGrid-XGBoost-single-v1,0
S061,2028-07-22,0.06943720579,89,LOW,7,SupplyGrid-XGBoost-single-v1,0
S033,2028-07-22,0.06850457937,90,LOW,7,SupplyGrid-XGBoost-single-v1,0
S095,2028-07-22,0.06586111337,91,LOW,7,SupplyGrid-XGBoost-single-v1,0
S044,2028-07-22,0.06560235471,92,LOW,7,SupplyGrid-XGBoost-single-v1,0
S051,2028-07-22,0.0616704151,93,LOW,7,SupplyGrid-XGBoost-single-v1,0
S008,2028-07-22,0.06108986586,94,LOW,7,SupplyGrid-XGBoost-single-v1,0
S070,2028-07-22,0.05966623127,95,LOW,7,SupplyGrid-XGBoost-single-v1,0
S032,2028-07-22,0.05950580165,96,LOW,7,SupplyGrid-XGBoost-single-v1,0
S091,2028-07-22,0.0589443557,97,LOW,7,SupplyGrid-XGBoost-single-v1,1
S097,2028-07-22,0.05752947927,98,LOW,7,SupplyGrid-XGBoost-single-v1,0
S056,2028-07-23,0.178919211,1,HIGH,7,SupplyGrid-XGBoost-single-v1,0
S002,2028-07-23,0.1707426906,2,HIGH,7,SupplyGrid-XGBoost-single-v1,0
S023,2028-07-23,0.1614955366,3,HIGH,7,SupplyGrid-XGBoost-single-v1,0
S073,2028-07-23,0.1581150293,4,HIGH,7,SupplyGrid-XGBoost-single-v1,0
S060,2028-07-23,0.1537740976,5,HIGH,7,SupplyGrid-XGBoost-single-v1,0
S035,2028-07-23,0.1482982039,6,LOW,7,SupplyGrid-XGBoost-single-v1,0
S015,2028-07-23,0.1452245414,7,LOW,7,SupplyGrid-XGBoost-single-v1,0
S029,2028-07-23,0.1399334073,8,LOW,7,SupplyGrid-XGBoost-single-v1,0
S005,2028-07-23,0.135572046,9,LOW,7,SupplyGrid-XGBoost-single-v1,0
S037,2028-07-23,0.1354772151,10,LOW,7,SupplyGrid-XGBoost-single-v1,1
S050,2028-07-23,0.1350513995,11,LOW,7,SupplyGrid-XGBoost-single-v1,1
S088,2028-07-23,0.1337795705,12,LOW,7,SupplyGrid-XGBoost-single-v1,0
S019,2028-07-23,0.1335902661,13,LOW,7,SupplyGrid-XGBoost-single-v1,0
S009,2028-07-23,0.1294855326,14,LOW,7,SupplyGrid-XGBoost-single-v1,0
S067,2028-07-23,0.1292983592,15,LOW,7,SupplyGrid-XGBoost-single-v1,0
S004,2028-07-23,0.1280141324,16,LOW,7,SupplyGrid-XGBoost-single-v1,0
S026,2028-07-23,0.1256689578,17,LOW,7,SupplyGrid-XGBoost-single-v1,0
S072,2028-07-23,0.1244572997,18,LOW,7,SupplyGrid-XGBoost-single-v1,0
S092,2028-07-23,0.1217041016,19,LOW,7,SupplyGrid-XGBoost-single-v1,0
S054,2028-07-23,0.1213430315,20,LOW,7,SupplyGrid-XGBoost-single-v1,0
S012,2028-07-23,0.1203452647,21,LOW,7,SupplyGrid-XGBoost-single-v1,0
S100,2028-07-23,0.1198153719,22,LOW,7,SupplyGrid-XGBoost-single-v1,0
S047,2028-07-23,0.119040437,23,LOW,7,SupplyGrid-XGBoost-single-v1,1
S063,2028-07-23,0.1182999238,24,LOW,7,SupplyGrid-XGBoost-single-v1,0
S010,2028-07-23,0.1150085032,25,LOW,7,SupplyGrid-XGBoost-single-v1,0
S074,2028-07-23,0.1115516499,26,LOW,7,SupplyGrid-XGBoost-single-v1,0
S083,2028-07-23,0.1110202223,27,LOW,7,SupplyGrid-XGBoost-single-v1,0
S016,2028-07-23,0.1108992472,28,LOW,7,SupplyGrid-XGBoost-single-v1,1
S069,2028-07-23,0.1084994152,29,LOW,7,SupplyGrid-XGBoost-single-v1,0
S071,2028-07-23,0.1083501354,30,LOW,7,SupplyGrid-XGBoost-single-v1,0
S089,2028-07-23,0.1083501354,31,LOW,7,SupplyGrid-XGBoost-single-v1,0
S090,2028-07-23,0.1057217345,32,LOW,7,SupplyGrid-XGBoost-single-v1,1
S017,2028-07-23,0.1054215729,33,LOW,7,SupplyGrid-XGBoost-single-v1,0
S025,2028-07-23,0.1032773927,34,LOW,7,SupplyGrid-XGBoost-single-v1,0
S086,2028-07-23,0.1030541509,35,LOW,7,SupplyGrid-XGBoost-single-v1,0
S028,2028-07-23,0.09988461435,36,LOW,7,SupplyGrid-XGBoost-single-v1,0
S096,2028-07-23,0.09979939461,37,LOW,7,SupplyGrid-XGBoost-single-v1,0
S042,2028-07-23,0.09965541959,38,LOW,7,SupplyGrid-XGBoost-single-v1,1
S043,2028-07-23,0.09947579354,39,LOW,7,SupplyGrid-XGBoost-single-v1,0
S013,2028-07-23,0.09870193899,40,LOW,7,SupplyGrid-XGBoost-single-v1,0
S062,2028-07-23,0.09870193899,41,LOW,7,SupplyGrid-XGBoost-single-v1,0
S082,2028-07-23,0.09762185812,42,LOW,7,SupplyGrid-XGBoost-single-v1,0
S093,2028-07-23,0.0974304378,43,LOW,7,SupplyGrid-XGBoost-single-v1,0
S040,2028-07-23,0.09514960647,44,LOW,7,SupplyGrid-XGBoost-single-v1,0
S046,2028-07-23,0.09499049932,45,LOW,7,SupplyGrid-XGBoost-single-v1,0
S080,2028-07-23,0.09354630858,46,LOW,7,SupplyGrid-XGBoost-single-v1,0
S052,2028-07-23,0.09350746125,47,LOW,7,SupplyGrid-XGBoost-single-v1,0
S059,2028-07-23,0.09347743541,48,LOW,7,SupplyGrid-XGBoost-single-v1,0
S034,2028-07-23,0.09271363914,49,LOW,7,SupplyGrid-XGBoost-single-v1,0
S048,2028-07-23,0.09196681529,50,LOW,7,SupplyGrid-XGBoost-single-v1,1
S064,2028-07-23,0.0917993933,51,LOW,7,SupplyGrid-XGBoost-single-v1,0
S022,2028-07-23,0.09177154303,52,LOW,7,SupplyGrid-XGBoost-single-v1,0
S041,2028-07-23,0.09122419357,53,LOW,7,SupplyGrid-XGBoost-single-v1,0
S087,2028-07-23,0.09054718912,54,LOW,7,SupplyGrid-XGBoost-single-v1,0
S011,2028-07-23,0.09033583105,55,LOW,7,SupplyGrid-XGBoost-single-v1,0
S098,2028-07-23,0.08989898115,56,LOW,7,SupplyGrid-XGBoost-single-v1,0
S094,2028-07-23,0.08967187256,57,LOW,7,SupplyGrid-XGBoost-single-v1,1
S003,2028-07-23,0.08908188343,58,LOW,7,SupplyGrid-XGBoost-single-v1,0
S031,2028-07-23,0.08868228644,59,LOW,7,SupplyGrid-XGBoost-single-v1,0
S078,2028-07-23,0.08866075426,60,LOW,7,SupplyGrid-XGBoost-single-v1,0
S053,2028-07-23,0.0867273286,61,LOW,7,SupplyGrid-XGBoost-single-v1,0
S049,2028-07-23,0.08652875572,62,LOW,7,SupplyGrid-XGBoost-single-v1,0
S066,2028-07-23,0.0857020542,63,LOW,7,SupplyGrid-XGBoost-single-v1,0
S058,2028-07-23,0.08542130888,64,LOW,7,SupplyGrid-XGBoost-single-v1,0
S068,2028-07-23,0.08496987075,65,LOW,7,SupplyGrid-XGBoost-single-v1,0
S001,2028-07-23,0.08494427055,66,LOW,7,SupplyGrid-XGBoost-single-v1,1
S099,2028-07-23,0.08377513289,67,LOW,7,SupplyGrid-XGBoost-single-v1,0
S018,2028-07-23,0.08271042258,68,LOW,7,SupplyGrid-XGBoost-single-v1,0
S030,2028-07-23,0.08240830153,69,LOW,7,SupplyGrid-XGBoost-single-v1,0
S021,2028-07-23,0.08234325796,70,LOW,7,SupplyGrid-XGBoost-single-v1,0
S084,2028-07-23,0.0822217539,71,LOW,7,SupplyGrid-XGBoost-single-v1,0
S020,2028-07-23,0.0800627172,72,LOW,7,SupplyGrid-XGBoost-single-v1,0
S077,2028-07-23,0.07990126312,73,LOW,7,SupplyGrid-XGBoost-single-v1,0
S027,2028-07-23,0.07975530624,74,LOW,7,SupplyGrid-XGBoost-single-v1,0
S014,2028-07-23,0.07905454934,75,LOW,7,SupplyGrid-XGBoost-single-v1,0
S057,2028-07-23,0.07865229994,76,LOW,7,SupplyGrid-XGBoost-single-v1,0
S081,2028-07-23,0.07838038355,77,LOW,7,SupplyGrid-XGBoost-single-v1,0
S055,2028-07-23,0.07792514563,78,LOW,7,SupplyGrid-XGBoost-single-v1,0
S095,2028-07-23,0.07649563998,79,LOW,7,SupplyGrid-XGBoost-single-v1,0
S024,2028-07-23,0.07594231516,80,LOW,7,SupplyGrid-XGBoost-single-v1,0
S038,2028-07-23,0.07418762147,81,LOW,7,SupplyGrid-XGBoost-single-v1,0
S044,2028-07-23,0.07364913076,82,LOW,7,SupplyGrid-XGBoost-single-v1,0
S045,2028-07-23,0.07236259431,83,LOW,7,SupplyGrid-XGBoost-single-v1,0
S007,2028-07-23,0.07225767523,84,LOW,7,SupplyGrid-XGBoost-single-v1,0
S075,2028-07-23,0.07126045227,85,LOW,7,SupplyGrid-XGBoost-single-v1,0
S061,2028-07-23,0.07016059011,86,LOW,7,SupplyGrid-XGBoost-single-v1,0
S076,2028-07-23,0.06900919974,87,LOW,7,SupplyGrid-XGBoost-single-v1,0
S033,2028-07-23,0.06745694578,88,LOW,7,SupplyGrid-XGBoost-single-v1,0
S085,2028-07-23,0.06642898172,89,LOW,7,SupplyGrid-XGBoost-single-v1,0
S051,2028-07-23,0.0616704151,90,LOW,7,SupplyGrid-XGBoost-single-v1,0
S008,2028-07-23,0.06108986586,91,LOW,7,SupplyGrid-XGBoost-single-v1,0
S070,2028-07-23,0.05966623127,92,LOW,7,SupplyGrid-XGBoost-single-v1,0
S032,2028-07-23,0.05950580165,93,LOW,7,SupplyGrid-XGBoost-single-v1,0
S091,2028-07-23,0.0589443557,94,LOW,7,SupplyGrid-XGBoost-single-v1,1
S065,2028-07-23,0.05823766813,95,LOW,7,SupplyGrid-XGBoost-single-v1,1
S097,2028-07-23,0.05752947927,96,LOW,7,SupplyGrid-XGBoost-single-v1,0
S056,2028-07-24,0.1765029877,1,HIGH,7,SupplyGrid-XGBoost-single-v1,0
S023,2028-07-24,0.1730062664,2,HIGH,7,SupplyGrid-XGBoost-single-v1,0
S002,2028-07-24,0.1707426906,3,HIGH,7,SupplyGrid-XGBoost-single-v1,0
S060,2028-07-24,0.1601390392,4,HIGH,7,SupplyGrid-XGBoost-single-v1,0
S015,2028-07-24,0.147289142,5,LOW,7,SupplyGrid-XGBoost-single-v1,0
S026,2028-07-24,0.139090538,6,LOW,7,SupplyGrid-XGBoost-single-v1,0
S035,2028-07-24,0.1389323324,7,LOW,7,SupplyGrid-XGBoost-single-v1,0
S004,2028-07-24,0.1365645826,8,LOW,7,SupplyGrid-XGBoost-single-v1,0
S073,2028-07-24,0.1288182884,9,LOW,7,SupplyGrid-XGBoost-single-v1,1
S019,2028-07-24,0.1259350628,10,LOW,7,SupplyGrid-XGBoost-single-v1,0
S050,2028-07-24,0.1226001307,11,LOW,7,SupplyGrid-XGBoost-single-v1,1
S043,2028-07-24,0.1201185808,12,LOW,7,SupplyGrid-XGBoost-single-v1,0
S088,2028-07-24,0.1200150996,13,LOW,7,SupplyGrid-XGBoost-single-v1,0
S029,2028-07-24,0.1196669713,14,LOW,7,SupplyGrid-XGBoost-single-v1,0
S009,2028-07-24,0.1192029193,15,LOW,7,SupplyGrid-XGBoost-single-v1,0
S092,2028-07-24,0.1172102764,16,LOW,7,SupplyGrid-XGBoost-single-v1,0
S063,2028-07-24,0.1163883209,17,LOW,7,SupplyGrid-XGBoost-single-v1,0
S052,2028-07-24,0.1142398939,18,LOW,7,SupplyGrid-XGBoost-single-v1,0
S010,2028-07-24,0.1114682704,19,LOW,7,SupplyGrid-XGBoost-single-v1,0
S016,2028-07-24,0.1108992472,20,LOW,7,SupplyGrid-XGBoost-single-v1,1
S089,2028-07-24,0.1102567539,21,LOW,7,SupplyGrid-XGBoost-single-v1,0
S028,2028-07-24,0.1098168716,22,LOW,7,SupplyGrid-XGBoost-single-v1,0
S067,2028-07-24,0.1076147407,23,LOW,7,SupplyGrid-XGBoost-single-v1,0
S012,2028-07-24,0.1069954187,24,LOW,7,SupplyGrid-XGBoost-single-v1,0
S005,2028-07-24,0.1064439118,25,LOW,7,SupplyGrid-XGBoost-single-v1,0
S046,2028-07-24,0.1062313914,26,LOW,7,SupplyGrid-XGBoost-single-v1,0
S090,2028-07-24,0.1057217345,27,LOW,7,SupplyGrid-XGBoost-single-v1,1
S037,2028-07-24,0.1046183184,28,LOW,7,SupplyGrid-XGBoost-single-v1,1
S054,2028-07-24,0.1046183184,29,LOW,7,SupplyGrid-XGBoost-single-v1,0
S072,2028-07-24,0.104494974,30,LOW,7,SupplyGrid-XGBoost-single-v1,0
S025,2028-07-24,0.1032773927,31,LOW,7,SupplyGrid-XGBoost-single-v1,0
S057,2028-07-24,0.1024841815,32,LOW,7,SupplyGrid-XGBoost-single-v1,0
S083,2028-07-24,0.1020320803,33,LOW,7,SupplyGrid-XGBoost-single-v1,0
S041,2028-07-24,0.101450026,34,LOW,7,SupplyGrid-XGBoost-single-v1,1
S069,2028-07-24,0.1004327089,35,LOW,7,SupplyGrid-XGBoost-single-v1,0
S058,2028-07-24,0.09912924469,36,LOW,7,SupplyGrid-XGBoost-single-v1,1
S013,2028-07-24,0.09870193899,37,LOW,7,SupplyGrid-XGBoost-single-v1,0
S062,2028-07-24,0.09870193899,38,LOW,7,SupplyGrid-XGBoost-single-v1,0
S064,2028-07-24,0.09809360653,39,LOW,7,SupplyGrid-XGBoost-single-v1,0
S082,2028-07-24,0.09762185812,40,LOW,7,SupplyGrid-XGBoost-single-v1,0
S071,2028-07-24,0.09680882841,41,LOW,7,SupplyGrid-XGBoost-single-v1,0
S040,2028-07-24,0.09514960647,42,LOW,7,SupplyGrid-XGBoost-single-v1,0
S068,2028-07-24,0.09514960647,43,LOW,7,SupplyGrid-XGBoost-single-v1,0
S074,2028-07-24,0.09455617517,44,LOW,7,SupplyGrid-XGBoost-single-v1,0
S034,2028-07-24,0.09271363914,45,LOW,7,SupplyGrid-XGBoost-single-v1,0
S086,2028-07-24,0.09201875329,46,LOW,7,SupplyGrid-XGBoost-single-v1,0
S087,2028-07-24,0.09054718912,47,LOW,7,SupplyGrid-XGBoost-single-v1,0
S011,2028-07-24,0.09033583105,48,LOW,7,SupplyGrid-XGBoost-single-v1,0
S027,2028-07-24,0.08937134594,49,LOW,7,SupplyGrid-XGBoost-single-v1,0
S031,2028-07-24,0.08868228644,50,LOW,7,SupplyGrid-XGBoost-single-v1,0
S098,2028-07-24,0.08855528384,51,LOW,7,SupplyGrid-XGBoost-single-v1,0
S094,2028-07-24,0.08833119273,52,LOW,7,SupplyGrid-XGBoost-single-v1,1
S049,2028-07-24,0.08802375197,53,LOW,7,SupplyGrid-XGBoost-single-v1,0
S017,2028-07-24,0.08735202253,54,LOW,7,SupplyGrid-XGBoost-single-v1,0
S078,2028-07-24,0.08685210347,55,LOW,7,SupplyGrid-XGBoost-single-v1,0
S053,2028-07-24,0.0867273286,56,LOW,7,SupplyGrid-XGBoost-single-v1,0
S059,2028-07-24,0.08672200143,57,LOW,7,SupplyGrid-XGBoost-single-v1,0
S014,2028-07-24,0.08652875572,58,LOW,7,SupplyGrid-XGBoost-single-v1,0
S018,2028-07-24,0.08573558927,59,LOW,7,SupplyGrid-XGBoost-single-v1,0
S066,2028-07-24,0.0857020542,60,LOW,7,SupplyGrid-XGBoost-single-v1,0
S080,2028-07-24,0.08499400318,61,LOW,7,SupplyGrid-XGBoost-single-v1,0
S001,2028-07-24,0.08494427055,62,LOW,7,SupplyGrid-XGBoost-single-v1,1
S096,2028-07-24,0.08476381004,63,LOW,7,SupplyGrid-XGBoost-single-v1,0
S085,2028-07-24,0.08445810527,64,LOW,7,SupplyGrid-XGBoost-single-v1,0
S099,2028-07-24,0.08377513289,65,LOW,7,SupplyGrid-XGBoost-single-v1,0
S003,2028-07-24,0.08373065293,66,LOW,7,SupplyGrid-XGBoost-single-v1,0
S084,2028-07-24,0.08367267251,67,LOW,7,SupplyGrid-XGBoost-single-v1,0
S045,2028-07-24,0.08277751505,68,LOW,7,SupplyGrid-XGBoost-single-v1,0
S024,2028-07-24,0.08207687736,69,LOW,7,SupplyGrid-XGBoost-single-v1,0
S044,2028-07-24,0.08175869286,70,LOW,7,SupplyGrid-XGBoost-single-v1,0
S093,2028-07-24,0.08069488406,71,LOW,7,SupplyGrid-XGBoost-single-v1,0
S100,2028-07-24,0.08014883846,72,LOW,7,SupplyGrid-XGBoost-single-v1,0
S007,2028-07-24,0.0800627172,73,LOW,7,SupplyGrid-XGBoost-single-v1,0
S076,2028-07-24,0.07990318537,74,LOW,7,SupplyGrid-XGBoost-single-v1,0
S077,2028-07-24,0.07990126312,75,LOW,7,SupplyGrid-XGBoost-single-v1,0
S030,2028-07-24,0.07961440086,76,LOW,7,SupplyGrid-XGBoost-single-v1,0
S020,2028-07-24,0.07885327935,77,LOW,7,SupplyGrid-XGBoost-single-v1,0
S048,2028-07-24,0.07866513729,78,LOW,7,SupplyGrid-XGBoost-single-v1,1
S055,2028-07-24,0.07792514563,79,LOW,7,SupplyGrid-XGBoost-single-v1,0
S061,2028-07-24,0.07791513205,80,LOW,7,SupplyGrid-XGBoost-single-v1,0
S075,2028-07-24,0.07777266949,81,LOW,7,SupplyGrid-XGBoost-single-v1,0
S022,2028-07-24,0.07723396271,82,LOW,7,SupplyGrid-XGBoost-single-v1,0
S021,2028-07-24,0.07472571731,83,LOW,7,SupplyGrid-XGBoost-single-v1,0
S038,2028-07-24,0.07418762147,84,LOW,7,SupplyGrid-XGBoost-single-v1,0
S081,2028-07-24,0.06878890842,85,LOW,7,SupplyGrid-XGBoost-single-v1,0
S033,2028-07-24,0.06628862768,86,LOW,7,SupplyGrid-XGBoost-single-v1,0
S095,2028-07-24,0.06586111337,87,LOW,7,SupplyGrid-XGBoost-single-v1,0
S008,2028-07-24,0.06331542134,88,LOW,7,SupplyGrid-XGBoost-single-v1,0
S051,2028-07-24,0.0616704151,89,LOW,7,SupplyGrid-XGBoost-single-v1,0
S070,2028-07-24,0.05966623127,90,LOW,7,SupplyGrid-XGBoost-single-v1,0
S032,2028-07-24,0.05950580165,91,LOW,7,SupplyGrid-XGBoost-single-v1,0
S097,2028-07-24,0.05843259022,92,LOW,7,SupplyGrid-XGBoost-single-v1,0
S065,2028-07-24,0.05823766813,93,LOW,7,SupplyGrid-XGBoost-single-v1,1
S029,2028-07-25,0.1736622304,1,HIGH,7,SupplyGrid-XGBoost-single-v1,0
S002,2028-07-25,0.1707426906,2,HIGH,7,SupplyGrid-XGBoost-single-v1,0
S056,2028-07-25,0.1682337224,3,HIGH,7,SupplyGrid-XGBoost-single-v1,0
S023,2028-07-25,0.1614955366,4,HIGH,7,SupplyGrid-XGBoost-single-v1,0
S035,2028-07-25,0.1579579264,5,HIGH,7,SupplyGrid-XGBoost-single-v1,0
S026,2028-07-25,0.1441555023,6,LOW,7,SupplyGrid-XGBoost-single-v1,1
S050,2028-07-25,0.1350513995,7,LOW,7,SupplyGrid-XGBoost-single-v1,1
S060,2028-07-25,0.1336635202,8,LOW,7,SupplyGrid-XGBoost-single-v1,0
S004,2028-07-25,0.1336208731,9,LOW,7,SupplyGrid-XGBoost-single-v1,0
S015,2028-07-25,0.1311978698,10,LOW,7,SupplyGrid-XGBoost-single-v1,0
S073,2028-07-25,0.1293341219,11,LOW,7,SupplyGrid-XGBoost-single-v1,1
S019,2028-07-25,0.1204330921,12,LOW,7,SupplyGrid-XGBoost-single-v1,0
S009,2028-07-25,0.1192029193,13,LOW,7,SupplyGrid-XGBoost-single-v1,0
S088,2028-07-25,0.1180795208,14,LOW,7,SupplyGrid-XGBoost-single-v1,0
S028,2028-07-25,0.116623044,15,LOW,7,SupplyGrid-XGBoost-single-v1,0
S063,2028-07-25,0.1163883209,16,LOW,7,SupplyGrid-XGBoost-single-v1,0
S012,2028-07-25,0.1146162078,17,LOW,7,SupplyGrid-XGBoost-single-v1,0
S092,2028-07-25,0.1144449785,18,LOW,7,SupplyGrid-XGBoost-single-v1,0
S072,2028-07-25,0.1129996032,19,LOW,7,SupplyGrid-XGBoost-single-v1,0
S058,2028-07-25,0.112815015,20,LOW,7,SupplyGrid-XGBoost-single-v1,1
S025,2028-07-25,0.1115442514,21,LOW,7,SupplyGrid-XGBoost-single-v1,0
S089,2028-07-25,0.1083501354,22,LOW,7,SupplyGrid-XGBoost-single-v1,0
S068,2028-07-25,0.1075445488,23,LOW,7,SupplyGrid-XGBoost-single-v1,0
S005,2028-07-25,0.1064439118,24,LOW,7,SupplyGrid-XGBoost-single-v1,0
S052,2028-07-25,0.106260933,25,LOW,7,SupplyGrid-XGBoost-single-v1,0
S043,2028-07-25,0.1041640863,26,LOW,7,SupplyGrid-XGBoost-single-v1,0
S067,2028-07-25,0.1021515876,27,LOW,7,SupplyGrid-XGBoost-single-v1,0
S083,2028-07-25,0.1020320803,28,LOW,7,SupplyGrid-XGBoost-single-v1,0
S011,2028-07-25,0.1014142334,29,LOW,7,SupplyGrid-XGBoost-single-v1,0
S041,2028-07-25,0.09972440451,30,LOW,7,SupplyGrid-XGBoost-single-v1,1
S037,2028-07-25,0.09919571877,31,LOW,7,SupplyGrid-XGBoost-single-v1,1
S069,2028-07-25,0.09894867241,32,LOW,7,SupplyGrid-XGBoost-single-v1,0
S016,2028-07-25,0.09889874607,33,LOW,7,SupplyGrid-XGBoost-single-v1,1
S013,2028-07-25,0.09870193899,34,LOW,7,SupplyGrid-XGBoost-single-v1,0
S062,2028-07-25,0.09870193899,35,LOW,7,SupplyGrid-XGBoost-single-v1,0
S096,2028-07-25,0.09812989086,36,LOW,7,SupplyGrid-XGBoost-single-v1,0
S064,2028-07-25,0.09809360653,37,LOW,7,SupplyGrid-XGBoost-single-v1,0
S082,2028-07-25,0.09762185812,38,LOW,7,SupplyGrid-XGBoost-single-v1,0
S071,2028-07-25,0.09680882841,39,LOW,7,SupplyGrid-XGBoost-single-v1,0
S010,2028-07-25,0.09647976607,40,LOW,7,SupplyGrid-XGBoost-single-v1,0
S040,2028-07-25,0.09514960647,41,LOW,7,SupplyGrid-XGBoost-single-v1,0
S046,2028-07-25,0.09499049932,42,LOW,7,SupplyGrid-XGBoost-single-v1,0
S034,2028-07-25,0.09411393851,43,LOW,7,SupplyGrid-XGBoost-single-v1,0
S057,2028-07-25,0.09271363914,44,LOW,7,SupplyGrid-XGBoost-single-v1,0
S014,2028-07-25,0.09204084426,45,LOW,7,SupplyGrid-XGBoost-single-v1,0
S086,2028-07-25,0.09064650536,46,LOW,7,SupplyGrid-XGBoost-single-v1,0
S090,2028-07-25,0.08981007338,47,LOW,7,SupplyGrid-XGBoost-single-v1,1
S054,2028-07-25,0.08977802098,48,LOW,7,SupplyGrid-XGBoost-single-v1,0
S003,2028-07-25,0.08908188343,49,LOW,7,SupplyGrid-XGBoost-single-v1,0
S031,2028-07-25,0.08868228644,50,LOW,7,SupplyGrid-XGBoost-single-v1,0
S098,2028-07-25,0.08855528384,51,LOW,7,SupplyGrid-XGBoost-single-v1,0
S053,2028-07-25,0.0867273286,52,LOW,7,SupplyGrid-XGBoost-single-v1,0
S018,2028-07-25,0.08573558927,53,LOW,7,SupplyGrid-XGBoost-single-v1,0
S007,2028-07-25,0.08535118401,54,LOW,7,SupplyGrid-XGBoost-single-v1,0
S078,2028-07-25,0.08535118401,55,LOW,7,SupplyGrid-XGBoost-single-v1,0
S001,2028-07-25,0.08494427055,56,LOW,7,SupplyGrid-XGBoost-single-v1,1
S022,2028-07-25,0.08455184102,57,LOW,7,SupplyGrid-XGBoost-single-v1,0
S099,2028-07-25,0.08377513289,58,LOW,7,SupplyGrid-XGBoost-single-v1,0
S093,2028-07-25,0.08368770033,59,LOW,7,SupplyGrid-XGBoost-single-v1,0
S059,2028-07-25,0.08367267251,60,LOW,7,SupplyGrid-XGBoost-single-v1,0
S080,2028-07-25,0.08367267251,61,LOW,7,SupplyGrid-XGBoost-single-v1,0
S087,2028-07-25,0.08306163549,62,LOW,7,SupplyGrid-XGBoost-single-v1,0
S027,2028-07-25,0.08286756277,63,LOW,7,SupplyGrid-XGBoost-single-v1,0
S049,2028-07-25,0.08187749982,64,LOW,7,SupplyGrid-XGBoost-single-v1,0
S094,2028-07-25,0.08101255447,65,LOW,7,SupplyGrid-XGBoost-single-v1,1
S084,2028-07-25,0.080839701,66,LOW,7,SupplyGrid-XGBoost-single-v1,0
S100,2028-07-25,0.08014883846,67,LOW,7,SupplyGrid-XGBoost-single-v1,0
S045,2028-07-25,0.07918900996,68,LOW,7,SupplyGrid-XGBoost-single-v1,0
S017,2028-07-25,0.07909594476,69,LOW,7,SupplyGrid-XGBoost-single-v1,0
S075,2028-07-25,0.07896692306,70,LOW,7,SupplyGrid-XGBoost-single-v1,0
S077,2028-07-25,0.07865229994,71,LOW,7,SupplyGrid-XGBoost-single-v1,0
S055,2028-07-25,0.07792514563,72,LOW,7,SupplyGrid-XGBoost-single-v1,0
S030,2028-07-25,0.07694086432,73,LOW,7,SupplyGrid-XGBoost-single-v1,0
S074,2028-07-25,0.07639676332,74,LOW,7,SupplyGrid-XGBoost-single-v1,0
S095,2028-07-25,0.07571226358,75,LOW,7,SupplyGrid-XGBoost-single-v1,0
S038,2028-07-25,0.07418762147,76,LOW,7,SupplyGrid-XGBoost-single-v1,0
S085,2028-07-25,0.07410444319,77,LOW,7,SupplyGrid-XGBoost-single-v1,0
S008,2028-07-25,0.07270579785,78,LOW,7,SupplyGrid-XGBoost-single-v1,0
S066,2028-07-25,0.07261899114,79,LOW,7,SupplyGrid-XGBoost-single-v1,0
S020,2028-07-25,0.07225767523,80,LOW,7,SupplyGrid-XGBoost-single-v1,0
S048,2028-07-25,0.07181677222,81,LOW,7,SupplyGrid-XGBoost-single-v1,1
S061,2028-07-25,0.07139191031,82,LOW,7,SupplyGrid-XGBoost-single-v1,0
S051,2028-07-25,0.07094234228,83,LOW,7,SupplyGrid-XGBoost-single-v1,0
S024,2028-07-25,0.07064980268,84,LOW,7,SupplyGrid-XGBoost-single-v1,0
S070,2028-07-25,0.06937476248,85,LOW,7,SupplyGrid-XGBoost-single-v1,0
S065,2028-07-25,0.06892234087,86,LOW,7,SupplyGrid-XGBoost-single-v1,1
S021,2028-07-25,0.06844970584,87,LOW,7,SupplyGrid-XGBoost-single-v1,0
S044,2028-07-25,0.06628862768,88,LOW,7,SupplyGrid-XGBoost-single-v1,0
S081,2028-07-25,0.0650350973,89,LOW,7,SupplyGrid-XGBoost-single-v1,0
S076,2028-07-25,0.06363534927,90,LOW,7,SupplyGrid-XGBoost-single-v1,0
S032,2028-07-25,0.05950580165,91,LOW,7,SupplyGrid-XGBoost-single-v1,0
S097,2028-07-25,0.05843259022,92,LOW,7,SupplyGrid-XGBoost-single-v1,0
S033,2028-07-25,0.0569855459,93,LOW,7,SupplyGrid-XGBoost-single-v1,0
S079,2028-07-26,0.2038808465,1,HIGH,7,SupplyGrid-XGBoost-single-v1,0
S026,2028-07-26,0.1753988266,2,HIGH,7,SupplyGrid-XGBoost-single-v1,1
S039,2028-07-26,0.1736622304,3,HIGH,7,SupplyGrid-XGBoost-single-v1,0
S002,2028-07-26,0.1707426906,4,HIGH,7,SupplyGrid-XGBoost-single-v1,0
S023,2028-07-26,0.1614955366,5,HIGH,7,SupplyGrid-XGBoost-single-v1,0
S060,2028-07-26,0.1601390392,6,HIGH,7,SupplyGrid-XGBoost-single-v1,0
S004,2028-07-26,0.1520473659,7,HIGH,7,SupplyGrid-XGBoost-single-v1,0
S029,2028-07-26,0.1484998465,8,LOW,7,SupplyGrid-XGBoost-single-v1,0
S073,2028-07-26,0.136966005,9,LOW,7,SupplyGrid-XGBoost-single-v1,1
S019,2028-07-26,0.1355158091,10,LOW,7,SupplyGrid-XGBoost-single-v1,0
S035,2028-07-26,0.1276916564,11,LOW,7,SupplyGrid-XGBoost-single-v1,0
S028,2028-07-26,0.1273427457,12,LOW,7,SupplyGrid-XGBoost-single-v1,0
S068,2028-07-26,0.1235093996,13,LOW,7,SupplyGrid-XGBoost-single-v1,0
S056,2028-07-26,0.1210820898,14,LOW,7,SupplyGrid-XGBoost-single-v1,0
S088,2028-07-26,0.1200150996,15,LOW,7,SupplyGrid-XGBoost-single-v1,0
S009,2028-07-26,0.1187832877,16,LOW,7,SupplyGrid-XGBoost-single-v1,0
S082,2028-07-26,0.1178108007,17,LOW,7,SupplyGrid-XGBoost-single-v1,0
S015,2028-07-26,0.1159813479,18,LOW,7,SupplyGrid-XGBoost-single-v1,0
S025,2028-07-26,0.1134486496,19,LOW,7,SupplyGrid-XGBoost-single-v1,0
S062,2028-07-26,0.1128717065,20,LOW,7,SupplyGrid-XGBoost-single-v1,0
S010,2028-07-26,0.1114682704,21,LOW,7,SupplyGrid-XGBoost-single-v1,0
S053,2028-07-26,0.1099727899,22,LOW,7,SupplyGrid-XGBoost-single-v1,0
S058,2028-07-26,0.108934544,23,LOW,7,SupplyGrid-XGBoost-single-v1,1
S092,2028-07-26,0.1088589877,24,LOW,7,SupplyGrid-XGBoost-single-v1,0
S005,2028-07-26,0.1064439118,25,LOW,7,SupplyGrid-XGBoost-single-v1,0
S052,2028-07-26,0.106260933,26,LOW,7,SupplyGrid-XGBoost-single-v1,0
S046,2028-07-26,0.1062313914,27,LOW,7,SupplyGrid-XGBoost-single-v1,0
S098,2028-07-26,0.1060650945,28,LOW,7,SupplyGrid-XGBoost-single-v1,0
S012,2028-07-26,0.1053714454,29,LOW,7,SupplyGrid-XGBoost-single-v1,0
S089,2028-07-26,0.1051604524,30,LOW,7,SupplyGrid-XGBoost-single-v1,0
S072,2028-07-26,0.1038699299,31,LOW,7,SupplyGrid-XGBoost-single-v1,0
S034,2028-07-26,0.1024841815,32,LOW,7,SupplyGrid-XGBoost-single-v1,0
S057,2028-07-26,0.1009732336,33,LOW,7,SupplyGrid-XGBoost-single-v1,0
S069,2028-07-26,0.09894867241,34,LOW,7,SupplyGrid-XGBoost-single-v1,0
S013,2028-07-26,0.09870193899,35,LOW,7,SupplyGrid-XGBoost-single-v1,0
S087,2028-07-26,0.09790628403,36,LOW,7,SupplyGrid-XGBoost-single-v1,1
S011,2028-07-26,0.09767960757,37,LOW,7,SupplyGrid-XGBoost-single-v1,0
S037,2028-07-26,0.09680882841,38,LOW,7,SupplyGrid-XGBoost-single-v1,1
S067,2028-07-26,0.09450679272,39,LOW,7,SupplyGrid-XGBoost-single-v1,0
S014,2028-07-26,0.09359490126,40,LOW,7,SupplyGrid-XGBoost-single-v1,0
S093,2028-07-26,0.09279189259,41,LOW,7,SupplyGrid-XGBoost-single-v1,0
S063,2028-07-26,0.09213286638,42,LOW,7,SupplyGrid-XGBoost-single-v1,0
S096,2028-07-26,0.09129345417,43,LOW,7,SupplyGrid-XGBoost-single-v1,0
S016,2028-07-26,0.09079171717,44,LOW,7,SupplyGrid-XGBoost-single-v1,1
S086,2028-07-26,0.09064650536,45,LOW,7,SupplyGrid-XGBoost-single-v1,0
S100,2028-07-26,0.09061128646,46,LOW,7,SupplyGrid-XGBoost-single-v1,0
S055,2028-07-26,0.09031929821,47,LOW,7,SupplyGrid-XGBoost-single-v1,0
S007,2028-07-26,0.09000591934,48,LOW,7,SupplyGrid-XGBoost-single-v1,0
S043,2028-07-26,0.08996331692,49,LOW,7,SupplyGrid-XGBoost-single-v1,0
S041,2028-07-26,0.08970560879,50,LOW,7,SupplyGrid-XGBoost-single-v1,1
S027,2028-07-26,0.08937134594,51,LOW,7,SupplyGrid-XGBoost-single-v1,0
S003,2028-07-26,0.08908188343,52,LOW,7,SupplyGrid-XGBoost-single-v1,0
S071,2028-07-26,0.0888562277,53,LOW,7,SupplyGrid-XGBoost-single-v1,0
S054,2028-07-26,0.08875243366,54,LOW,7,SupplyGrid-XGBoost-single-v1,0
S031,2028-07-26,0.08868228644,55,LOW,7,SupplyGrid-XGBoost-single-v1,0
S040,2028-07-26,0.08826608956,56,LOW,7,SupplyGrid-XGBoost-single-v1,0
S091,2028-07-26,0.08757033199,57,LOW,7,SupplyGrid-XGBoost-single-v1,0
S017,2028-07-26,0.08752660453,58,LOW,7,SupplyGrid-XGBoost-single-v1,0
S008,2028-07-26,0.08710897714,59,LOW,7,SupplyGrid-XGBoost-single-v1,0
S083,2028-07-26,0.08669249713,60,LOW,7,SupplyGrid-XGBoost-single-v1,1
S078,2028-07-26,0.08535118401,61,LOW,7,SupplyGrid-XGBoost-single-v1,0
S018,2028-07-26,0.08478232473,62,LOW,7,SupplyGrid-XGBoost-single-v1,0
S099,2028-07-26,0.08377513289,63,LOW,7,SupplyGrid-XGBoost-single-v1,0
S064,2028-07-26,0.08278369159,64,LOW,7,SupplyGrid-XGBoost-single-v1,0
S085,2028-07-26,0.08225631714,65,LOW,7,SupplyGrid-XGBoost-single-v1,0
S094,2028-07-26,0.08101255447,66,LOW,7,SupplyGrid-XGBoost-single-v1,1
S080,2028-07-26,0.080839701,67,LOW,7,SupplyGrid-XGBoost-single-v1,0
S090,2028-07-26,0.08067826182,68,LOW,7,SupplyGrid-XGBoost-single-v1,1
S077,2028-07-26,0.07865229994,69,LOW,7,SupplyGrid-XGBoost-single-v1,0
S081,2028-07-26,0.07719424367,70,LOW,7,SupplyGrid-XGBoost-single-v1,0
S049,2028-07-26,0.07711084187,71,LOW,7,SupplyGrid-XGBoost-single-v1,0
S084,2028-07-26,0.07711084187,72,LOW,7,SupplyGrid-XGBoost-single-v1,0
S059,2028-07-26,0.07594231516,73,LOW,7,SupplyGrid-XGBoost-single-v1,0
S044,2028-07-26,0.07478521764,74,LOW,7,SupplyGrid-XGBoost-single-v1,0
S022,2028-07-26,0.07418762147,75,LOW,7,SupplyGrid-XGBoost-single-v1,0
S038,2028-07-26,0.07418762147,76,LOW,7,SupplyGrid-XGBoost-single-v1,0
S030,2028-07-26,0.07364913076,77,LOW,7,SupplyGrid-XGBoost-single-v1,0
S051,2028-07-26,0.07293610275,78,LOW,7,SupplyGrid-XGBoost-single-v1,0
S066,2028-07-26,0.07261899114,79,LOW,7,SupplyGrid-XGBoost-single-v1,0
S075,2028-07-26,0.07236259431,80,LOW,7,SupplyGrid-XGBoost-single-v1,0
S076,2028-07-26,0.07225767523,81,LOW,7,SupplyGrid-XGBoost-single-v1,0
S045,2028-07-26,0.07126045227,82,LOW,7,SupplyGrid-XGBoost-single-v1,0
S020,2028-07-26,0.07028105855,83,LOW,7,SupplyGrid-XGBoost-single-v1,0
S061,2028-07-26,0.07016059011,84,LOW,7,SupplyGrid-XGBoost-single-v1,0
S074,2028-07-26,0.06999102235,85,LOW,7,SupplyGrid-XGBoost-single-v1,0
S048,2028-07-26,0.06731943786,86,LOW,7,SupplyGrid-XGBoost-single-v1,1
S065,2028-07-26,0.06703037024,87,LOW,7,SupplyGrid-XGBoost-single-v1,1
S095,2028-07-26,0.06586111337,88,LOW,7,SupplyGrid-XGBoost-single-v1,0
S097,2028-07-26,0.06174543127,89,LOW,7,SupplyGrid-XGBoost-single-v1,0
S024,2028-07-26,0.05971450731,90,LOW,7,SupplyGrid-XGBoost-single-v1,0
S070,2028-07-26,0.05966623127,91,LOW,7,SupplyGrid-XGBoost-single-v1,0
S032,2028-07-26,0.05950580165,92,LOW,7,SupplyGrid-XGBoost-single-v1,0
S021,2028-07-26,0.05783374608,93,LOW,7,SupplyGrid-XGBoost-single-v1,0
S033,2028-07-26,0.0569855459,94,LOW,7,SupplyGrid-XGBoost-single-v1,0
S023,2028-07-27,0.1956379712,1,HIGH,7,SupplyGrid-XGBoost-single-v1,0
S079,2028-07-27,0.1932346076,2,HIGH,7,SupplyGrid-XGBoost-single-v1,0
S026,2028-07-27,0.1616061181,3,HIGH,7,SupplyGrid-XGBoost-single-v1,1
S060,2028-07-27,0.157672286,4,HIGH,7,SupplyGrid-XGBoost-single-v1,0
S004,2028-07-27,0.1520473659,5,HIGH,7,SupplyGrid-XGBoost-single-v1,0
S039,2028-07-27,0.1484998465,6,LOW,7,SupplyGrid-XGBoost-single-v1,0
S056,2028-07-27,0.1466050595,7,LOW,7,SupplyGrid-XGBoost-single-v1,0
S002,2028-07-27,0.1461093426,8,LOW,7,SupplyGrid-XGBoost-single-v1,0
S036,2028-07-27,0.1456070691,9,LOW,7,SupplyGrid-XGBoost-single-v1,1
S025,2028-07-27,0.141846478,10,LOW,7,SupplyGrid-XGBoost-single-v1,0
S019,2028-07-27,0.1376924366,11,LOW,7,SupplyGrid-XGBoost-single-v1,0
S028,2028-07-27,0.1349385232,12,LOW,7,SupplyGrid-XGBoost-single-v1,0
S029,2028-07-27,0.1304370761,13,LOW,7,SupplyGrid-XGBoost-single-v1,0
S073,2028-07-27,0.1249915063,14,LOW,7,SupplyGrid-XGBoost-single-v1,1
S035,2028-07-27,0.1247140467,15,LOW,7,SupplyGrid-XGBoost-single-v1,0
S012,2028-07-27,0.1216791868,16,LOW,7,SupplyGrid-XGBoost-single-v1,0
S082,2028-07-27,0.1195153296,17,LOW,7,SupplyGrid-XGBoost-single-v1,0
S089,2028-07-27,0.1189547107,18,LOW,7,SupplyGrid-XGBoost-single-v1,1
S053,2028-07-27,0.1173520461,19,LOW,7,SupplyGrid-XGBoost-single-v1,0
S015,2028-07-27,0.1141023785,20,LOW,7,SupplyGrid-XGBoost-single-v1,0
S072,2028-07-27,0.111295864,21,LOW,7,SupplyGrid-XGBoost-single-v1,0
S052,2028-07-27,0.1112525538,22,LOW,7,SupplyGrid-XGBoost-single-v1,0
S098,2028-07-27,0.1082264483,23,LOW,7,SupplyGrid-XGBoost-single-v1,0
S055,2028-07-27,0.1063359752,24,LOW,7,SupplyGrid-XGBoost-single-v1,0
S100,2028-07-27,0.1056273505,25,LOW,7,SupplyGrid-XGBoost-single-v1,0
S034,2028-07-27,0.1049946994,26,LOW,7,SupplyGrid-XGBoost-single-v1,0
S047,2028-07-27,0.1042057127,27,LOW,7,SupplyGrid-XGBoost-single-v1,0
S088,2028-07-27,0.1037252396,28,LOW,7,SupplyGrid-XGBoost-single-v1,0
S011,2028-07-27,0.1029310301,29,LOW,7,SupplyGrid-XGBoost-single-v1,0
S092,2028-07-27,0.1024338081,30,LOW,7,SupplyGrid-XGBoost-single-v1,0
S093,2028-07-27,0.1019068658,31,LOW,7,SupplyGrid-XGBoost-single-v1,0
S057,2028-07-27,0.1009732336,32,LOW,7,SupplyGrid-XGBoost-single-v1,0
S037,2028-07-27,0.09955394268,33,LOW,7,SupplyGrid-XGBoost-single-v1,1
S013,2028-07-27,0.09870193899,34,LOW,7,SupplyGrid-XGBoost-single-v1,0
S062,2028-07-27,0.09870193899,35,LOW,7,SupplyGrid-XGBoost-single-v1,0
S046,2028-07-27,0.09863353521,36,LOW,7,SupplyGrid-XGBoost-single-v1,0
S005,2028-07-27,0.09851314873,37,LOW,7,SupplyGrid-XGBoost-single-v1,0
S091,2028-07-27,0.09704826772,38,LOW,7,SupplyGrid-XGBoost-single-v1,0
S071,2028-07-27,0.09680882841,39,LOW,7,SupplyGrid-XGBoost-single-v1,0
S010,2028-07-27,0.09647976607,40,LOW,7,SupplyGrid-XGBoost-single-v1,0
S017,2028-07-27,0.09537266195,41,LOW,7,SupplyGrid-XGBoost-single-v1,0
S040,2028-07-27,0.09514960647,42,LOW,7,SupplyGrid-XGBoost-single-v1,0
S067,2028-07-27,0.09450679272,43,LOW,7,SupplyGrid-XGBoost-single-v1,0
S058,2028-07-27,0.09359490126,44,LOW,7,SupplyGrid-XGBoost-single-v1,1
S054,2028-07-27,0.09348084778,45,LOW,7,SupplyGrid-XGBoost-single-v1,0
S087,2028-07-27,0.09256574512,46,LOW,7,SupplyGrid-XGBoost-single-v1,1
S068,2028-07-27,0.09194203466,47,LOW,7,SupplyGrid-XGBoost-single-v1,0
S016,2028-07-27,0.09079171717,48,LOW,7,SupplyGrid-XGBoost-single-v1,1
S009,2028-07-27,0.09068094194,49,LOW,7,SupplyGrid-XGBoost-single-v1,0
S069,2028-07-27,0.09065742791,50,LOW,7,SupplyGrid-XGBoost-single-v1,0
S086,2028-07-27,0.09064650536,51,LOW,7,SupplyGrid-XGBoost-single-v1,0
S063,2028-07-27,0.08989898115,52,LOW,7,SupplyGrid-XGBoost-single-v1,0
S090,2028-07-27,0.08981007338,53,LOW,7,SupplyGrid-XGBoost-single-v1,1
S008,2028-07-27,0.089280352,54,LOW,7,SupplyGrid-XGBoost-single-v1,0
S076,2028-07-27,0.089280352,55,LOW,7,SupplyGrid-XGBoost-single-v1,0
S041,2028-07-27,0.08901018649,56,LOW,7,SupplyGrid-XGBoost-single-v1,1
S031,2028-07-27,0.08868228644,57,LOW,7,SupplyGrid-XGBoost-single-v1,0
S096,2028-07-27,0.08774529397,58,LOW,7,SupplyGrid-XGBoost-single-v1,0
S083,2028-07-27,0.08669249713,59,LOW,7,SupplyGrid-XGBoost-single-v1,1
S080,2028-07-27,0.08652875572,60,LOW,7,SupplyGrid-XGBoost-single-v1,0
S059,2028-07-27,0.08542130888,61,LOW,7,SupplyGrid-XGBoost-single-v1,0
S007,2028-07-27,0.08535118401,62,LOW,7,SupplyGrid-XGBoost-single-v1,0
S099,2028-07-27,0.08377513289,63,LOW,7,SupplyGrid-XGBoost-single-v1,0
S003,2028-07-27,0.08373065293,64,LOW,7,SupplyGrid-XGBoost-single-v1,0
S061,2028-07-27,0.08292832226,65,LOW,7,SupplyGrid-XGBoost-single-v1,0
S064,2028-07-27,0.08231492341,66,LOW,7,SupplyGrid-XGBoost-single-v1,0
S085,2028-07-27,0.08225631714,67,LOW,7,SupplyGrid-XGBoost-single-v1,0
S018,2028-07-27,0.08132088184,68,LOW,7,SupplyGrid-XGBoost-single-v1,0
S094,2028-07-27,0.08101255447,69,LOW,7,SupplyGrid-XGBoost-single-v1,1
S014,2028-07-27,0.07934644818,70,LOW,7,SupplyGrid-XGBoost-single-v1,0
S078,2028-07-27,0.07885327935,71,LOW,7,SupplyGrid-XGBoost-single-v1,0
S077,2028-07-27,0.07865229994,72,LOW,7,SupplyGrid-XGBoost-single-v1,0
S027,2028-07-27,0.07841116935,73,LOW,7,SupplyGrid-XGBoost-single-v1,0
S081,2028-07-27,0.07719424367,74,LOW,7,SupplyGrid-XGBoost-single-v1,0
S043,2028-07-27,0.07628402859,75,LOW,7,SupplyGrid-XGBoost-single-v1,0
S021,2028-07-27,0.07603376359,76,LOW,7,SupplyGrid-XGBoost-single-v1,0
S049,2028-07-27,0.07594231516,77,LOW,7,SupplyGrid-XGBoost-single-v1,0
S075,2028-07-27,0.07419623435,78,LOW,7,SupplyGrid-XGBoost-single-v1,0
S022,2028-07-27,0.07418762147,79,LOW,7,SupplyGrid-XGBoost-single-v1,0
S038,2028-07-27,0.07418762147,80,LOW,7,SupplyGrid-XGBoost-single-v1,0
S048,2028-07-27,0.07365217805,81,LOW,7,SupplyGrid-XGBoost-single-v1,1
S051,2028-07-27,0.07293610275,82,LOW,7,SupplyGrid-XGBoost-single-v1,0
S066,2028-07-27,0.07261899114,83,LOW,7,SupplyGrid-XGBoost-single-v1,0
S045,2028-07-27,0.07126045227,84,LOW,7,SupplyGrid-XGBoost-single-v1,0
S020,2028-07-27,0.07101255655,85,LOW,7,SupplyGrid-XGBoost-single-v1,0
S024,2028-07-27,0.07046212256,86,LOW,7,SupplyGrid-XGBoost-single-v1,0
S074,2028-07-27,0.06999102235,87,LOW,7,SupplyGrid-XGBoost-single-v1,0
S084,2028-07-27,0.06836955249,88,LOW,7,SupplyGrid-XGBoost-single-v1,0
S044,2028-07-27,0.06662325561,89,LOW,7,SupplyGrid-XGBoost-single-v1,0
S030,2028-07-27,0.06628862768,90,LOW,7,SupplyGrid-XGBoost-single-v1,0
S095,2028-07-27,0.06586111337,91,LOW,7,SupplyGrid-XGBoost-single-v1,0
S033,2028-07-27,0.06560235471,92,LOW,7,SupplyGrid-XGBoost-single-v1,0
S065,2028-07-27,0.0621615909,93,LOW,7,SupplyGrid-XGBoost-single-v1,1
S070,2028-07-27,0.05966623127,94,LOW,7,SupplyGrid-XGBoost-single-v1,0
S032,2028-07-27,0.05950580165,95,LOW,7,SupplyGrid-XGBoost-single-v1,0
S097,2028-07-27,0.05752947927,96,LOW,7,SupplyGrid-XGBoost-single-v1,0
S023,2028-07-28,0.1956379712,1,HIGH,7,SupplyGrid-XGBoost-single-v1,0
S039,2028-07-28,0.1736622304,2,HIGH,7,SupplyGrid-XGBoost-single-v1,0
S079,2028-07-28,0.1655807346,3,HIGH,7,SupplyGrid-XGBoost-single-v1,0
S026,2028-07-28,0.1557938308,4,HIGH,7,SupplyGrid-XGBoost-single-v1,1
S060,2028-07-28,0.1473320574,5,LOW,7,SupplyGrid-XGBoost-single-v1,0
S036,2028-07-28,0.1456070691,6,LOW,7,SupplyGrid-XGBoost-single-v1,1
S019,2028-07-28,0.1409300715,7,LOW,7,SupplyGrid-XGBoost-single-v1,0
S012,2028-07-28,0.1377830803,8,LOW,7,SupplyGrid-XGBoost-single-v1,0
S004,2028-07-28,0.1355190426,9,LOW,7,SupplyGrid-XGBoost-single-v1,0
S056,2028-07-28,0.1293671131,10,LOW,7,SupplyGrid-XGBoost-single-v1,0
S082,2028-07-28,0.1277927905,11,LOW,7,SupplyGrid-XGBoost-single-v1,0
S035,2028-07-28,0.1247140467,12,LOW,7,SupplyGrid-XGBoost-single-v1,0
S089,2028-07-28,0.123422958,13,LOW,7,SupplyGrid-XGBoost-single-v1,1
S028,2028-07-28,0.1229614019,14,LOW,7,SupplyGrid-XGBoost-single-v1,0
S073,2028-07-28,0.1229202226,15,LOW,7,SupplyGrid-XGBoost-single-v1,1
S006,2028-07-28,0.1199423298,16,LOW,7,SupplyGrid-XGBoost-single-v1,0
S002,2028-07-28,0.1188079864,17,LOW,7,SupplyGrid-XGBoost-single-v1,0
S025,2028-07-28,0.1157409549,18,LOW,7,SupplyGrid-XGBoost-single-v1,0
S062,2028-07-28,0.1139921546,19,LOW,7,SupplyGrid-XGBoost-single-v1,0
S047,2028-07-28,0.1133611724,20,LOW,7,SupplyGrid-XGBoost-single-v1,0
S088,2028-07-28,0.1128438041,21,LOW,7,SupplyGrid-XGBoost-single-v1,0
S009,2028-07-28,0.109243907,22,LOW,7,SupplyGrid-XGBoost-single-v1,0
S029,2028-07-28,0.108586289,23,LOW,7,SupplyGrid-XGBoost-single-v1,0
S037,2028-07-28,0.1083501354,24,LOW,7,SupplyGrid-XGBoost-single-v1,1
S098,2028-07-28,0.1082264483,25,LOW,7,SupplyGrid-XGBoost-single-v1,0
S100,2028-07-28,0.1074092239,26,LOW,7,SupplyGrid-XGBoost-single-v1,0
S052,2028-07-28,0.1070200503,27,LOW,7,SupplyGrid-XGBoost-single-v1,0
S055,2028-07-28,0.1063359752,28,LOW,7,SupplyGrid-XGBoost-single-v1,0
S015,2028-07-28,0.1058501974,29,LOW,7,SupplyGrid-XGBoost-single-v1,0
S092,2028-07-28,0.1058415547,30,LOW,7,SupplyGrid-XGBoost-single-v1,0
S034,2028-07-28,0.1049946994,31,LOW,7,SupplyGrid-XGBoost-single-v1,0
S053,2028-07-28,0.1026849374,32,LOW,7,SupplyGrid-XGBoost-single-v1,0
S072,2028-07-28,0.1019210145,33,LOW,7,SupplyGrid-XGBoost-single-v1,0
S017,2028-07-28,0.1013855785,34,LOW,7,SupplyGrid-XGBoost-single-v1,0
S005,2028-07-28,0.1012778729,35,LOW,7,SupplyGrid-XGBoost-single-v1,0
S057,2028-07-28,0.1009732336,36,LOW,7,SupplyGrid-XGBoost-single-v1,0
S011,2028-07-28,0.1008634865,37,LOW,7,SupplyGrid-XGBoost-single-v1,0
S083,2028-07-28,0.1003293842,38,LOW,7,SupplyGrid-XGBoost-single-v1,1
S013,2028-07-28,0.09870193899,39,LOW,7,SupplyGrid-XGBoost-single-v1,0
S087,2028-07-28,0.09774128348,40,LOW,7,SupplyGrid-XGBoost-single-v1,1
S063,2028-07-28,0.09648379683,41,LOW,7,SupplyGrid-XGBoost-single-v1,0
S010,2028-07-28,0.09647976607,42,LOW,7,SupplyGrid-XGBoost-single-v1,0
S008,2028-07-28,0.09501954913,43,LOW,7,SupplyGrid-XGBoost-single-v1,0
S093,2028-07-28,0.09372954816,44,LOW,7,SupplyGrid-XGBoost-single-v1,0
S059,2028-07-28,0.09349745512,45,LOW,7,SupplyGrid-XGBoost-single-v1,0
S066,2028-07-28,0.09255150706,46,LOW,7,SupplyGrid-XGBoost-single-v1,0
S080,2028-07-28,0.09204084426,47,LOW,7,SupplyGrid-XGBoost-single-v1,0
S091,2028-07-28,0.09129345417,48,LOW,7,SupplyGrid-XGBoost-single-v1,0
S041,2028-07-28,0.0910693109,49,LOW,7,SupplyGrid-XGBoost-single-v1,1
S086,2028-07-28,0.09064650536,50,LOW,7,SupplyGrid-XGBoost-single-v1,0
S007,2028-07-28,0.0888119638,51,LOW,7,SupplyGrid-XGBoost-single-v1,0
S031,2028-07-28,0.08868228644,52,LOW,7,SupplyGrid-XGBoost-single-v1,0
S043,2028-07-28,0.08844219148,53,LOW,7,SupplyGrid-XGBoost-single-v1,0
S094,2028-07-28,0.08833119273,54,LOW,7,SupplyGrid-XGBoost-single-v1,1
S090,2028-07-28,0.08829128742,55,LOW,7,SupplyGrid-XGBoost-single-v1,1
S040,2028-07-28,0.08826608956,56,LOW,7,SupplyGrid-XGBoost-single-v1,0
S096,2028-07-28,0.08774529397,57,LOW,7,SupplyGrid-XGBoost-single-v1,0
S071,2028-07-28,0.08752660453,58,LOW,7,SupplyGrid-XGBoost-single-v1,0
S067,2028-07-28,0.08525363356,59,LOW,7,SupplyGrid-XGBoost-single-v1,0
S003,2028-07-28,0.08373065293,60,LOW,7,SupplyGrid-XGBoost-single-v1,0
S081,2028-07-28,0.08356784284,61,LOW,7,SupplyGrid-XGBoost-single-v1,0
S049,2028-07-28,0.08347818255,62,LOW,7,SupplyGrid-XGBoost-single-v1,0
S075,2028-07-28,0.08125163615,63,LOW,7,SupplyGrid-XGBoost-single-v1,0
S022,2028-07-28,0.08060026169,64,LOW,7,SupplyGrid-XGBoost-single-v1,0
S046,2028-07-28,0.0805484727,65,LOW,7,SupplyGrid-XGBoost-single-v1,0
S018,2028-07-28,0.08009408414,66,LOW,7,SupplyGrid-XGBoost-single-v1,0
S068,2028-07-28,0.07970296592,67,LOW,7,SupplyGrid-XGBoost-single-v1,0
S051,2028-07-28,0.07958831638,68,LOW,7,SupplyGrid-XGBoost-single-v1,0
S061,2028-07-28,0.0793338418,69,LOW,7,SupplyGrid-XGBoost-single-v1,0
S078,2028-07-28,0.07885327935,70,LOW,7,SupplyGrid-XGBoost-single-v1,0
S077,2028-07-28,0.07865229994,71,LOW,7,SupplyGrid-XGBoost-single-v1,0
S054,2028-07-28,0.07841979712,72,LOW,7,SupplyGrid-XGBoost-single-v1,0
S069,2028-07-28,0.07822085917,73,LOW,7,SupplyGrid-XGBoost-single-v1,0
S058,2028-07-28,0.07711084187,74,LOW,7,SupplyGrid-XGBoost-single-v1,1
S074,2028-07-28,0.07639676332,75,LOW,7,SupplyGrid-XGBoost-single-v1,0
S064,2028-07-28,0.0763893947,76,LOW,7,SupplyGrid-XGBoost-single-v1,0
S084,2028-07-28,0.07594231516,77,LOW,7,SupplyGrid-XGBoost-single-v1,0
S027,2028-07-28,0.07499648631,78,LOW,7,SupplyGrid-XGBoost-single-v1,0
S021,2028-07-28,0.07472571731,79,LOW,7,SupplyGrid-XGBoost-single-v1,0
S038,2028-07-28,0.07418762147,80,LOW,7,SupplyGrid-XGBoost-single-v1,0
S085,2028-07-28,0.07410444319,81,LOW,7,SupplyGrid-XGBoost-single-v1,0
S099,2028-07-28,0.07349845767,82,LOW,7,SupplyGrid-XGBoost-single-v1,0
S045,2028-07-28,0.07236259431,83,LOW,7,SupplyGrid-XGBoost-single-v1,0
S076,2028-07-28,0.07136918604,84,LOW,7,SupplyGrid-XGBoost-single-v1,0
S014,2028-07-28,0.071195364,85,LOW,7,SupplyGrid-XGBoost-single-v1,0
S024,2028-07-28,0.06716234982,86,LOW,7,SupplyGrid-XGBoost-single-v1,0
S065,2028-07-28,0.06703037024,87,LOW,7,SupplyGrid-XGBoost-single-v1,1
S095,2028-07-28,0.06586111337,88,LOW,7,SupplyGrid-XGBoost-single-v1,0
S020,2028-07-28,0.06108986586,89,LOW,7,SupplyGrid-XGBoost-single-v1,0
S070,2028-07-28,0.05966623127,90,LOW,7,SupplyGrid-XGBoost-single-v1,0
S032,2028-07-28,0.05950580165,91,LOW,7,SupplyGrid-XGBoost-single-v1,0
S097,2028-07-28,0.05752947927,92,LOW,7,SupplyGrid-XGBoost-single-v1,0
S030,2028-07-28,0.0569855459,93,LOW,7,SupplyGrid-XGBoost-single-v1,0
S033,2028-07-28,0.0569855459,94,LOW,7,SupplyGrid-XGBoost-single-v1,0
S044,2028-07-28,0.0569855459,95,LOW,7,SupplyGrid-XGBoost-single-v1,0
S060,2028-07-29,0.2006611228,1,HIGH,7,SupplyGrid-XGBoost-single-v1,0
S079,2028-07-29,0.1873557568,2,HIGH,7,SupplyGrid-XGBoost-single-v1,0
S023,2028-07-29,0.1866754144,3,HIGH,7,SupplyGrid-XGBoost-single-v1,0
S019,2028-07-29,0.185290575,4,HIGH,7,SupplyGrid-XGBoost-single-v1,0
S039,2028-07-29,0.1582629681,5,HIGH,7,SupplyGrid-XGBoost-single-v1,0
S004,2028-07-29,0.1520473659,6,HIGH,7,SupplyGrid-XGBoost-single-v1,0
S028,2028-07-29,0.1456070691,7,LOW,7,SupplyGrid-XGBoost-single-v1,0
S036,2028-07-29,0.1456070691,8,LOW,7,SupplyGrid-XGBoost-single-v1,1
S056,2028-07-29,0.1382197887,9,LOW,7,SupplyGrid-XGBoost-single-v1,0
S092,2028-07-29,0.1347500831,10,LOW,7,SupplyGrid-XGBoost-single-v1,0
S006,2028-07-29,0.1302793175,11,LOW,7,SupplyGrid-XGBoost-single-v1,0
S012,2028-07-29,0.1282524467,12,LOW,7,SupplyGrid-XGBoost-single-v1,0
S026,2028-07-29,0.1229389161,13,LOW,7,SupplyGrid-XGBoost-single-v1,1
S089,2028-07-29,0.1189547107,14,LOW,7,SupplyGrid-XGBoost-single-v1,1
S009,2028-07-29,0.1159857735,15,LOW,7,SupplyGrid-XGBoost-single-v1,0
S035,2028-07-29,0.1159102321,16,LOW,7,SupplyGrid-XGBoost-single-v1,0
S062,2028-07-29,0.1158968434,17,LOW,7,SupplyGrid-XGBoost-single-v1,0
S008,2028-07-29,0.1147396192,18,LOW,7,SupplyGrid-XGBoost-single-v1,0
S073,2028-07-29,0.1139183715,19,LOW,7,SupplyGrid-XGBoost-single-v1,1
S057,2028-07-29,0.1131938249,20,LOW,7,SupplyGrid-XGBoost-single-v1,0
S055,2028-07-29,0.1121862233,21,LOW,7,SupplyGrid-XGBoost-single-v1,0
S025,2028-07-29,0.1115442514,22,LOW,7,SupplyGrid-XGBoost-single-v1,0
S052,2028-07-29,0.1115358397,23,LOW,7,SupplyGrid-XGBoost-single-v1,0
S083,2028-07-29,0.1110202223,24,LOW,7,SupplyGrid-XGBoost-single-v1,1
S015,2028-07-29,0.1100421846,25,LOW,7,SupplyGrid-XGBoost-single-v1,0
S005,2028-07-29,0.1082718447,26,LOW,7,SupplyGrid-XGBoost-single-v1,0
S098,2028-07-29,0.1082264483,27,LOW,7,SupplyGrid-XGBoost-single-v1,0
S087,2028-07-29,0.10527841,28,LOW,7,SupplyGrid-XGBoost-single-v1,1
S059,2028-07-29,0.1046897396,29,LOW,7,SupplyGrid-XGBoost-single-v1,0
S010,2028-07-29,0.1046015695,30,LOW,7,SupplyGrid-XGBoost-single-v1,0
S100,2028-07-29,0.1045794189,31,LOW,7,SupplyGrid-XGBoost-single-v1,0
S047,2028-07-29,0.1042057127,32,LOW,7,SupplyGrid-XGBoost-single-v1,0
S034,2028-07-29,0.1024841815,33,LOW,7,SupplyGrid-XGBoost-single-v1,0
S011,2028-07-29,0.10158474,34,LOW,7,SupplyGrid-XGBoost-single-v1,0
S013,2028-07-29,0.09870193899,35,LOW,7,SupplyGrid-XGBoost-single-v1,0
S041,2028-07-29,0.09814791381,36,LOW,7,SupplyGrid-XGBoost-single-v1,1
S074,2028-07-29,0.09800825268,37,LOW,7,SupplyGrid-XGBoost-single-v1,0
S082,2028-07-29,0.09779491276,38,LOW,7,SupplyGrid-XGBoost-single-v1,0
S029,2028-07-29,0.0969806239,39,LOW,7,SupplyGrid-XGBoost-single-v1,0
S063,2028-07-29,0.09648379683,40,LOW,7,SupplyGrid-XGBoost-single-v1,0
S017,2028-07-29,0.09537266195,41,LOW,7,SupplyGrid-XGBoost-single-v1,0
S002,2028-07-29,0.09503267705,42,LOW,7,SupplyGrid-XGBoost-single-v1,0
S077,2028-07-29,0.09271363914,43,LOW,7,SupplyGrid-XGBoost-single-v1,0
S066,2028-07-29,0.09255150706,44,LOW,7,SupplyGrid-XGBoost-single-v1,0
S086,2028-07-29,0.09064650536,45,LOW,7,SupplyGrid-XGBoost-single-v1,0
S053,2028-07-29,0.09031727165,46,LOW,7,SupplyGrid-XGBoost-single-v1,0
S043,2028-07-29,0.08996331692,47,LOW,7,SupplyGrid-XGBoost-single-v1,0
S072,2028-07-29,0.08996331692,48,LOW,7,SupplyGrid-XGBoost-single-v1,0
S040,2028-07-29,0.08960584551,49,LOW,7,SupplyGrid-XGBoost-single-v1,0
S031,2028-07-29,0.08868228644,50,LOW,7,SupplyGrid-XGBoost-single-v1,0
S075,2028-07-29,0.08858980983,51,LOW,7,SupplyGrid-XGBoost-single-v1,0
S088,2028-07-29,0.08815610409,52,LOW,7,SupplyGrid-XGBoost-single-v1,0
S080,2028-07-29,0.08808935434,53,LOW,7,SupplyGrid-XGBoost-single-v1,0
S046,2028-07-29,0.08782920986,54,LOW,7,SupplyGrid-XGBoost-single-v1,0
S096,2028-07-29,0.08774529397,55,LOW,7,SupplyGrid-XGBoost-single-v1,0
S038,2028-07-29,0.08752660453,56,LOW,7,SupplyGrid-XGBoost-single-v1,0
S071,2028-07-29,0.08752660453,57,LOW,7,SupplyGrid-XGBoost-single-v1,0
S007,2028-07-29,0.08665089309,58,LOW,7,SupplyGrid-XGBoost-single-v1,0
S058,2028-07-29,0.08652875572,59,LOW,7,SupplyGrid-XGBoost-single-v1,1
S064,2028-07-29,0.08622580022,60,LOW,7,SupplyGrid-XGBoost-single-v1,0
S093,2028-07-29,0.08563524485,61,LOW,7,SupplyGrid-XGBoost-single-v1,0
S067,2028-07-29,0.08525363356,62,LOW,7,SupplyGrid-XGBoost-single-v1,0
S081,2028-07-29,0.08504029363,63,LOW,7,SupplyGrid-XGBoost-single-v1,0
S076,2028-07-29,0.08476321399,64,LOW,7,SupplyGrid-XGBoost-single-v1,0
S018,2028-07-29,0.08146454394,65,LOW,7,SupplyGrid-XGBoost-single-v1,0
S051,2028-07-29,0.07958831638,66,LOW,7,SupplyGrid-XGBoost-single-v1,0
S027,2028-07-29,0.07841116935,67,LOW,7,SupplyGrid-XGBoost-single-v1,0
S061,2028-07-29,0.07791513205,68,LOW,7,SupplyGrid-XGBoost-single-v1,0
S091,2028-07-29,0.07742911577,69,LOW,7,SupplyGrid-XGBoost-single-v1,0
S024,2028-07-29,0.0771920532,70,LOW,7,SupplyGrid-XGBoost-single-v1,0
S069,2028-07-29,0.07703693211,71,LOW,7,SupplyGrid-XGBoost-single-v1,0
S084,2028-07-29,0.07594231516,72,LOW,7,SupplyGrid-XGBoost-single-v1,0
S003,2028-07-29,0.07544469088,73,LOW,7,SupplyGrid-XGBoost-single-v1,0
S022,2028-07-29,0.07418762147,74,LOW,7,SupplyGrid-XGBoost-single-v1,0
S099,2028-07-29,0.07349845767,75,LOW,7,SupplyGrid-XGBoost-single-v1,0
S014,2028-07-29,0.07244343311,76,LOW,7,SupplyGrid-XGBoost-single-v1,0
S078,2028-07-29,0.07225767523,77,LOW,7,SupplyGrid-XGBoost-single-v1,0
S068,2028-07-29,0.07193025202,78,LOW,7,SupplyGrid-XGBoost-single-v1,0
S045,2028-07-29,0.07003122568,79,LOW,7,SupplyGrid-XGBoost-single-v1,0
S049,2028-07-29,0.06957180053,80,LOW,7,SupplyGrid-XGBoost-single-v1,0
S065,2028-07-29,0.06892234087,81,LOW,7,SupplyGrid-XGBoost-single-v1,1
S021,2028-07-29,0.06844970584,82,LOW,7,SupplyGrid-XGBoost-single-v1,0
S095,2028-07-29,0.06586111337,83,LOW,7,SupplyGrid-XGBoost-single-v1,0
S030,2028-07-29,0.06560235471,84,LOW,7,SupplyGrid-XGBoost-single-v1,0
S070,2028-07-29,0.06491167843,85,LOW,7,SupplyGrid-XGBoost-single-v1,0
S085,2028-07-29,0.0637793839,86,LOW,7,SupplyGrid-XGBoost-single-v1,0
S020,2028-07-29,0.06108986586,87,LOW,7,SupplyGrid-XGBoost-single-v1,0
S032,2028-07-29,0.05950580165,88,LOW,7,SupplyGrid-XGBoost-single-v1,0
S054,2028-07-29,0.05879281089,89,LOW,7,SupplyGrid-XGBoost-single-v1,0
S097,2028-07-29,0.05752947927,90,LOW,7,SupplyGrid-XGBoost-single-v1,0
S033,2028-07-29,0.0569855459,91,LOW,7,SupplyGrid-XGBoost-single-v1,0
S044,2028-07-29,0.0569855459,92,LOW,7,SupplyGrid-XGBoost-single-v1,0
S060,2028-07-30,0.2006611228,1,HIGH,7,SupplyGrid-XGBoost-single-v1,0
S023,2028-07-30,0.1866754144,2,HIGH,7,SupplyGrid-XGBoost-single-v1,0
S019,2028-07-30,0.1724362075,3,HIGH,7,SupplyGrid-XGBoost-single-v1,0
S079,2028-07-30,0.1655807346,4,HIGH,7,SupplyGrid-XGBoost-single-v1,0
S056,2028-07-30,0.1606425792,5,HIGH,7,SupplyGrid-XGBoost-single-v1,0
S012,2028-07-30,0.1566799283,6,HIGH,7,SupplyGrid-XGBoost-single-v1,0
S039,2028-07-30,0.1484998465,7,LOW,7,SupplyGrid-XGBoost-single-v1,0
S028,2028-07-30,0.1456070691,8,LOW,7,SupplyGrid-XGBoost-single-v1,0
S036,2028-07-30,0.1456070691,9,LOW,7,SupplyGrid-XGBoost-single-v1,1
S089,2028-07-30,0.1364724785,10,LOW,7,SupplyGrid-XGBoost-single-v1,1
S004,2028-07-30,0.1336208731,11,LOW,7,SupplyGrid-XGBoost-single-v1,0
S055,2028-07-30,0.1332324296,12,LOW,7,SupplyGrid-XGBoost-single-v1,0
S006,2028-07-30,0.1302793175,13,LOW,7,SupplyGrid-XGBoost-single-v1,0
S026,2028-07-30,0.127502799,14,LOW,7,SupplyGrid-XGBoost-single-v1,1
S062,2028-07-30,0.1259350628,15,LOW,7,SupplyGrid-XGBoost-single-v1,0
S052,2028-07-30,0.1241547614,16,LOW,7,SupplyGrid-XGBoost-single-v1,0
S092,2028-07-30,0.1234826595,17,LOW,7,SupplyGrid-XGBoost-single-v1,0
S057,2028-07-30,0.1217617318,18,LOW,7,SupplyGrid-XGBoost-single-v1,0
S035,2028-07-30,0.1209442243,19,LOW,7,SupplyGrid-XGBoost-single-v1,0
S073,2028-07-30,0.1209442243,20,LOW,7,SupplyGrid-XGBoost-single-v1,1
S009,2028-07-30,0.1187832877,21,LOW,7,SupplyGrid-XGBoost-single-v1,0
S083,2028-07-30,0.1178911254,22,LOW,7,SupplyGrid-XGBoost-single-v1,1
S002,2028-07-30,0.1130851954,23,LOW,7,SupplyGrid-XGBoost-single-v1,0
S008,2028-07-30,0.112878181,24,LOW,7,SupplyGrid-XGBoost-single-v1,0
S041,2028-07-30,0.1123169363,25,LOW,7,SupplyGrid-XGBoost-single-v1,1
S098,2028-07-30,0.1060650945,26,LOW,7,SupplyGrid-XGBoost-single-v1,0
S087,2028-07-30,0.10527841,27,LOW,7,SupplyGrid-XGBoost-single-v1,1
S031,2028-07-30,0.1043337286,28,LOW,7,SupplyGrid-XGBoost-single-v1,0
S074,2028-07-30,0.1042487472,29,LOW,7,SupplyGrid-XGBoost-single-v1,0
S025,2028-07-30,0.1032773927,30,LOW,7,SupplyGrid-XGBoost-single-v1,0
S010,2028-07-30,0.1026993096,31,LOW,7,SupplyGrid-XGBoost-single-v1,0
S047,2028-07-30,0.1024708897,32,LOW,7,SupplyGrid-XGBoost-single-v1,0
S005,2028-07-30,0.1017677188,33,LOW,7,SupplyGrid-XGBoost-single-v1,0
S088,2028-07-30,0.1009815186,34,LOW,7,SupplyGrid-XGBoost-single-v1,0
S013,2028-07-30,0.09870193899,35,LOW,7,SupplyGrid-XGBoost-single-v1,0
S015,2028-07-30,0.09869597852,36,LOW,7,SupplyGrid-XGBoost-single-v1,0
S086,2028-07-30,0.09833072871,37,LOW,7,SupplyGrid-XGBoost-single-v1,0
S043,2028-07-30,0.09800434858,38,LOW,7,SupplyGrid-XGBoost-single-v1,0
S072,2028-07-30,0.09800434858,39,LOW,7,SupplyGrid-XGBoost-single-v1,0
S029,2028-07-30,0.09588141739,40,LOW,7,SupplyGrid-XGBoost-single-v1,0
S059,2028-07-30,0.09581135958,41,LOW,7,SupplyGrid-XGBoost-single-v1,0
S096,2028-07-30,0.09560890496,42,LOW,7,SupplyGrid-XGBoost-single-v1,0
S017,2028-07-30,0.09537266195,43,LOW,7,SupplyGrid-XGBoost-single-v1,0
S034,2028-07-30,0.09411393851,44,LOW,7,SupplyGrid-XGBoost-single-v1,0
S070,2028-07-30,0.09342459589,45,LOW,7,SupplyGrid-XGBoost-single-v1,0
S077,2028-07-30,0.09271363914,46,LOW,7,SupplyGrid-XGBoost-single-v1,0
S093,2028-07-30,0.09233438224,47,LOW,7,SupplyGrid-XGBoost-single-v1,0
S082,2028-07-30,0.08970371634,48,LOW,7,SupplyGrid-XGBoost-single-v1,0
S069,2028-07-30,0.08930345625,49,LOW,7,SupplyGrid-XGBoost-single-v1,0
S076,2028-07-30,0.089280352,50,LOW,7,SupplyGrid-XGBoost-single-v1,0
S100,2028-07-30,0.089257963,51,LOW,7,SupplyGrid-XGBoost-single-v1,0
S011,2028-07-30,0.08882177621,52,LOW,7,SupplyGrid-XGBoost-single-v1,0
S075,2028-07-30,0.08858980983,53,LOW,7,SupplyGrid-XGBoost-single-v1,0
S063,2028-07-30,0.08855528384,54,LOW,7,SupplyGrid-XGBoost-single-v1,0
S040,2028-07-30,0.08841667324,55,LOW,7,SupplyGrid-XGBoost-single-v1,0
S099,2028-07-30,0.08827673644,56,LOW,7,SupplyGrid-XGBoost-single-v1,0
S007,2028-07-30,0.08817246556,57,LOW,7,SupplyGrid-XGBoost-single-v1,0
S046,2028-07-30,0.08782920986,58,LOW,7,SupplyGrid-XGBoost-single-v1,0
S064,2028-07-30,0.08622580022,59,LOW,7,SupplyGrid-XGBoost-single-v1,0
S038,2028-07-30,0.0860427767,60,LOW,7,SupplyGrid-XGBoost-single-v1,0
S071,2028-07-30,0.08517064899,61,LOW,7,SupplyGrid-XGBoost-single-v1,0
S091,2028-07-30,0.08476381004,62,LOW,7,SupplyGrid-XGBoost-single-v1,0
S018,2028-07-30,0.08463735133,63,LOW,7,SupplyGrid-XGBoost-single-v1,0
S061,2028-07-30,0.08434280753,64,LOW,7,SupplyGrid-XGBoost-single-v1,0
S081,2028-07-30,0.08356784284,65,LOW,7,SupplyGrid-XGBoost-single-v1,0
S066,2028-07-30,0.08262369037,66,LOW,7,SupplyGrid-XGBoost-single-v1,0
S048,2028-07-30,0.08202174306,67,LOW,7,SupplyGrid-XGBoost-single-v1,0
S068,2028-07-30,0.08170623332,68,LOW,7,SupplyGrid-XGBoost-single-v1,0
S084,2028-07-30,0.08124989271,69,LOW,7,SupplyGrid-XGBoost-single-v1,0
S027,2028-07-30,0.07975530624,70,LOW,7,SupplyGrid-XGBoost-single-v1,0
S080,2028-07-30,0.07934644818,71,LOW,7,SupplyGrid-XGBoost-single-v1,0
S078,2028-07-30,0.07885327935,72,LOW,7,SupplyGrid-XGBoost-single-v1,0
S058,2028-07-30,0.0771920532,73,LOW,7,SupplyGrid-XGBoost-single-v1,1
S053,2028-07-30,0.0761186108,74,LOW,7,SupplyGrid-XGBoost-single-v1,0
S067,2028-07-30,0.07463242114,75,LOW,7,SupplyGrid-XGBoost-single-v1,0
S022,2028-07-30,0.07418762147,76,LOW,7,SupplyGrid-XGBoost-single-v1,0
S085,2028-07-30,0.0733435899,77,LOW,7,SupplyGrid-XGBoost-single-v1,0
S051,2028-07-30,0.07094234228,78,LOW,7,SupplyGrid-XGBoost-single-v1,0
S014,2028-07-30,0.06957180053,79,LOW,7,SupplyGrid-XGBoost-single-v1,0
S049,2028-07-30,0.06957180053,80,LOW,7,SupplyGrid-XGBoost-single-v1,0
S030,2028-07-30,0.06745694578,81,LOW,7,SupplyGrid-XGBoost-single-v1,0
S095,2028-07-30,0.06586111337,82,LOW,7,SupplyGrid-XGBoost-single-v1,0
S003,2028-07-30,0.06494599581,83,LOW,7,SupplyGrid-XGBoost-single-v1,0
S024,2028-07-30,0.06124881282,84,LOW,7,SupplyGrid-XGBoost-single-v1,0
S045,2028-07-30,0.06117964163,85,LOW,7,SupplyGrid-XGBoost-single-v1,0
S020,2028-07-30,0.06108986586,86,LOW,7,SupplyGrid-XGBoost-single-v1,0
S032,2028-07-30,0.05950580165,87,LOW,7,SupplyGrid-XGBoost-single-v1,0
S054,2028-07-30,0.05879281089,88,LOW,7,SupplyGrid-XGBoost-single-v1,0
S021,2028-07-30,0.05783374608,89,LOW,7,SupplyGrid-XGBoost-single-v1,0
S097,2028-07-30,0.05752947927,90,LOW,7,SupplyGrid-XGBoost-single-v1,0
S033,2028-07-30,0.0569855459,91,LOW,7,SupplyGrid-XGBoost-single-v1,0
S044,2028-07-30,0.0569855459,92,LOW,7,SupplyGrid-XGBoost-single-v1,0
S019,2028-07-31,0.1984649301,1,HIGH,7,SupplyGrid-XGBoost-single-v1,0
S079,2028-07-31,0.1655807346,2,HIGH,7,SupplyGrid-XGBoost-single-v1,1
S028,2028-07-31,0.1623385698,3,HIGH,7,SupplyGrid-XGBoost-single-v1,0
S060,2028-07-31,0.1601390392,4,HIGH,7,SupplyGrid-XGBoost-single-v1,0
S012,2028-07-31,0.1566799283,5,HIGH,7,SupplyGrid-XGBoost-single-v1,0
S023,2028-07-31,0.1559323817,6,HIGH,7,SupplyGrid-XGBoost-single-v1,0
S016,2028-07-31,0.1557108462,7,HIGH,7,SupplyGrid-XGBoost-single-v1,1
S056,2028-07-31,0.151791513,8,HIGH,7,SupplyGrid-XGBoost-single-v1,0
S039,2028-07-31,0.1484998465,9,LOW,7,SupplyGrid-XGBoost-single-v1,0
S089,2028-07-31,0.1484998465,10,LOW,7,SupplyGrid-XGBoost-single-v1,1
S036,2028-07-31,0.1456070691,11,LOW,7,SupplyGrid-XGBoost-single-v1,1
S004,2028-07-31,0.1336208731,12,LOW,7,SupplyGrid-XGBoost-single-v1,0
S062,2028-07-31,0.1335902661,13,LOW,7,SupplyGrid-XGBoost-single-v1,0
S083,2028-07-31,0.133569926,14,LOW,7,SupplyGrid-XGBoost-single-v1,1
S006,2028-07-31,0.1302793175,15,LOW,7,SupplyGrid-XGBoost-single-v1,0
S026,2028-07-31,0.127502799,16,LOW,7,SupplyGrid-XGBoost-single-v1,1
S055,2028-07-31,0.1274444312,17,LOW,7,SupplyGrid-XGBoost-single-v1,0
S092,2028-07-31,0.1262287498,18,LOW,7,SupplyGrid-XGBoost-single-v1,0
S086,2028-07-31,0.123076342,19,LOW,7,SupplyGrid-XGBoost-single-v1,0
S001,2028-07-31,0.1217653528,20,LOW,7,SupplyGrid-XGBoost-single-v1,0
S057,2028-07-31,0.1217617318,21,LOW,7,SupplyGrid-XGBoost-single-v1,1
S087,2028-07-31,0.1203394681,22,LOW,7,SupplyGrid-XGBoost-single-v1,1
S052,2028-07-31,0.1142661273,23,LOW,7,SupplyGrid-XGBoost-single-v1,0
S035,2028-07-31,0.1139183715,24,LOW,7,SupplyGrid-XGBoost-single-v1,0
S031,2028-07-31,0.1134990081,25,LOW,7,SupplyGrid-XGBoost-single-v1,0
S010,2028-07-31,0.1133361906,26,LOW,7,SupplyGrid-XGBoost-single-v1,0
S008,2028-07-31,0.112878181,27,LOW,7,SupplyGrid-XGBoost-single-v1,0
S013,2028-07-31,0.1128717065,28,LOW,7,SupplyGrid-XGBoost-single-v1,0
S002,2028-07-31,0.1050547808,29,LOW,7,SupplyGrid-XGBoost-single-v1,0
S098,2028-07-31,0.1042701006,30,LOW,7,SupplyGrid-XGBoost-single-v1,0
S074,2028-07-31,0.1027224734,31,LOW,7,SupplyGrid-XGBoost-single-v1,0
S072,2028-07-31,0.1022644714,32,LOW,7,SupplyGrid-XGBoost-single-v1,0
S088,2028-07-31,0.1021981016,33,LOW,7,SupplyGrid-XGBoost-single-v1,0
S069,2028-07-31,0.09894867241,34,LOW,7,SupplyGrid-XGBoost-single-v1,0
S029,2028-07-31,0.09874504805,35,LOW,7,SupplyGrid-XGBoost-single-v1,0
S009,2028-07-31,0.09836779535,36,LOW,7,SupplyGrid-XGBoost-single-v1,0
S043,2028-07-31,0.09800434858,37,LOW,7,SupplyGrid-XGBoost-single-v1,0
S015,2028-07-31,0.09723485261,38,LOW,7,SupplyGrid-XGBoost-single-v1,0
S082,2028-07-31,0.09719831496,39,LOW,7,SupplyGrid-XGBoost-single-v1,1
S048,2028-07-31,0.09662231058,40,LOW,7,SupplyGrid-XGBoost-single-v1,0
S090,2028-07-31,0.09563061595,41,LOW,7,SupplyGrid-XGBoost-single-v1,0
S091,2028-07-31,0.09560890496,42,LOW,7,SupplyGrid-XGBoost-single-v1,0
S096,2028-07-31,0.09560890496,43,LOW,7,SupplyGrid-XGBoost-single-v1,0
S070,2028-07-31,0.09483449161,44,LOW,7,SupplyGrid-XGBoost-single-v1,0
S005,2028-07-31,0.09408023953,45,LOW,7,SupplyGrid-XGBoost-single-v1,0
S093,2028-07-31,0.09372954816,46,LOW,7,SupplyGrid-XGBoost-single-v1,0
S025,2028-07-31,0.09325394034,47,LOW,7,SupplyGrid-XGBoost-single-v1,0
S099,2028-07-31,0.09286983311,48,LOW,7,SupplyGrid-XGBoost-single-v1,0
S077,2028-07-31,0.09271363914,49,LOW,7,SupplyGrid-XGBoost-single-v1,1
S053,2028-07-31,0.09031727165,50,LOW,7,SupplyGrid-XGBoost-single-v1,0
S007,2028-07-31,0.08980607986,51,LOW,7,SupplyGrid-XGBoost-single-v1,0
S040,2028-07-31,0.0894068405,52,LOW,7,SupplyGrid-XGBoost-single-v1,0
S047,2028-07-31,0.08857157826,53,LOW,7,SupplyGrid-XGBoost-single-v1,0
S067,2028-07-31,0.08804377168,54,LOW,7,SupplyGrid-XGBoost-single-v1,0
S046,2028-07-31,0.08782920986,55,LOW,7,SupplyGrid-XGBoost-single-v1,0
S022,2028-07-31,0.08752660453,56,LOW,7,SupplyGrid-XGBoost-single-v1,0
S080,2028-07-31,0.08652875572,57,LOW,7,SupplyGrid-XGBoost-single-v1,0
S018,2028-07-31,0.08463735133,58,LOW,7,SupplyGrid-XGBoost-single-v1,0
S003,2028-07-31,0.08373065293,59,LOW,7,SupplyGrid-XGBoost-single-v1,0
S085,2028-07-31,0.08225631714,60,LOW,7,SupplyGrid-XGBoost-single-v1,0
S049,2028-07-31,0.0822217539,61,LOW,7,SupplyGrid-XGBoost-single-v1,0
S081,2028-07-31,0.08216516674,62,LOW,7,SupplyGrid-XGBoost-single-v1,0
S084,2028-07-31,0.08165342361,63,LOW,7,SupplyGrid-XGBoost-single-v1,0
S027,2028-07-31,0.08116653562,64,LOW,7,SupplyGrid-XGBoost-single-v1,0
S075,2028-07-31,0.07986488193,65,LOW,7,SupplyGrid-XGBoost-single-v1,0
S051,2028-07-31,0.07958831638,66,LOW,7,SupplyGrid-XGBoost-single-v1,0
S034,2028-07-31,0.07865229994,67,LOW,7,SupplyGrid-XGBoost-single-v1,0
S059,2028-07-31,0.07851615548,68,LOW,7,SupplyGrid-XGBoost-single-v1,0
S061,2028-07-31,0.07791513205,69,LOW,7,SupplyGrid-XGBoost-single-v1,0
S100,2028-07-31,0.07699712366,70,LOW,7,SupplyGrid-XGBoost-single-v1,0
S076,2028-07-31,0.07569626719,71,LOW,7,SupplyGrid-XGBoost-single-v1,0
S063,2028-07-31,0.07507242262,72,LOW,7,SupplyGrid-XGBoost-single-v1,0
S038,2028-07-31,0.07418762147,73,LOW,7,SupplyGrid-XGBoost-single-v1,0
S071,2028-07-31,0.07418762147,74,LOW,7,SupplyGrid-XGBoost-single-v1,0
S011,2028-07-31,0.07338224351,75,LOW,7,SupplyGrid-XGBoost-single-v1,0
S068,2028-07-31,0.07304192334,76,LOW,7,SupplyGrid-XGBoost-single-v1,0
S064,2028-07-31,0.07261899114,77,LOW,7,SupplyGrid-XGBoost-single-v1,0
S017,2028-07-31,0.07223466039,78,LOW,7,SupplyGrid-XGBoost-single-v1,0
S066,2028-07-31,0.07194329053,79,LOW,7,SupplyGrid-XGBoost-single-v1,0
S095,2028-07-31,0.06586111337,80,LOW,7,SupplyGrid-XGBoost-single-v1,0
S033,2028-07-31,0.06560235471,81,LOW,7,SupplyGrid-XGBoost-single-v1,0
S045,2028-07-31,0.06274908036,82,LOW,7,SupplyGrid-XGBoost-single-v1,0
S020,2028-07-31,0.06108986586,83,LOW,7,SupplyGrid-XGBoost-single-v1,0
S078,2028-07-31,0.06108986586,84,LOW,7,SupplyGrid-XGBoost-single-v1,0
S032,2028-07-31,0.05950580165,85,LOW,7,SupplyGrid-XGBoost-single-v1,0
S014,2028-07-31,0.05879281089,86,LOW,7,SupplyGrid-XGBoost-single-v1,0
S024,2028-07-31,0.05879281089,87,LOW,7,SupplyGrid-XGBoost-single-v1,0
S054,2028-07-31,0.05879281089,88,LOW,7,SupplyGrid-XGBoost-single-v1,0
S021,2028-07-31,0.05874136463,89,LOW,7,SupplyGrid-XGBoost-single-v1,0
S097,2028-07-31,0.05752947927,90,LOW,7,SupplyGrid-XGBoost-single-v1,0
S030,2028-07-31,0.0569855459,91,LOW,7,SupplyGrid-XGBoost-single-v1,0
S044,2028-07-31,0.0569855459,92,LOW,7,SupplyGrid-XGBoost-single-v1,0
S023,2028-08-01,0.1730062664,1,HIGH,7,SupplyGrid-XGBoost-single-v1,0
S019,2028-08-01,0.1701227576,2,HIGH,7,SupplyGrid-XGBoost-single-v1,0
S050,2028-08-01,0.1700057536,3,HIGH,7,SupplyGrid-XGBoost-single-v1,0
S056,2028-08-01,0.1699147075,4,HIGH,7,SupplyGrid-XGBoost-single-v1,0
S060,2028-08-01,0.157672286,5,HIGH,7,SupplyGrid-XGBoost-single-v1,0
S012,2028-08-01,0.1566799283,6,HIGH,7,SupplyGrid-XGBoost-single-v1,0
S016,2028-08-01,0.1557108462,7,HIGH,7,SupplyGrid-XGBoost-single-v1,1
S079,2028-08-01,0.1468777657,8,LOW,7,SupplyGrid-XGBoost-single-v1,1
S028,2028-08-01,0.1456070691,9,LOW,7,SupplyGrid-XGBoost-single-v1,0
S036,2028-08-01,0.1456070691,10,LOW,7,SupplyGrid-XGBoost-single-v1,1
S039,2028-08-01,0.141317457,11,LOW,7,SupplyGrid-XGBoost-single-v1,0
S062,2028-08-01,0.1407038122,12,LOW,7,SupplyGrid-XGBoost-single-v1,0
S006,2028-08-01,0.1403691322,13,LOW,7,SupplyGrid-XGBoost-single-v1,0
S089,2028-08-01,0.1364724785,14,LOW,7,SupplyGrid-XGBoost-single-v1,1
S004,2028-08-01,0.1336208731,15,LOW,7,SupplyGrid-XGBoost-single-v1,0
S013,2028-08-01,0.1259350628,16,LOW,7,SupplyGrid-XGBoost-single-v1,0
S010,2028-08-01,0.1249806434,17,LOW,7,SupplyGrid-XGBoost-single-v1,0
S055,2028-08-01,0.1242163032,18,LOW,7,SupplyGrid-XGBoost-single-v1,0
S087,2028-08-01,0.1221008822,19,LOW,7,SupplyGrid-XGBoost-single-v1,1
S001,2028-08-01,0.1217653528,20,LOW,7,SupplyGrid-XGBoost-single-v1,0
S057,2028-08-01,0.1217617318,21,LOW,7,SupplyGrid-XGBoost-single-v1,1
S092,2028-08-01,0.1217041016,22,LOW,7,SupplyGrid-XGBoost-single-v1,0
S086,2028-08-01,0.1204807758,23,LOW,7,SupplyGrid-XGBoost-single-v1,0
S083,2028-08-01,0.1198240444,24,LOW,7,SupplyGrid-XGBoost-single-v1,1
S031,2028-08-01,0.1173951402,25,LOW,7,SupplyGrid-XGBoost-single-v1,0
S035,2028-08-01,0.1139183715,26,LOW,7,SupplyGrid-XGBoost-single-v1,0
S043,2028-08-01,0.1099095568,27,LOW,7,SupplyGrid-XGBoost-single-v1,0
S077,2028-08-01,0.1090780571,28,LOW,7,SupplyGrid-XGBoost-single-v1,1
S034,2028-08-01,0.1072973609,29,LOW,7,SupplyGrid-XGBoost-single-v1,0
S002,2028-08-01,0.1066195592,30,LOW,7,SupplyGrid-XGBoost-single-v1,0
S008,2028-08-01,0.1062642634,31,LOW,7,SupplyGrid-XGBoost-single-v1,0
S015,2028-08-01,0.1058501974,32,LOW,7,SupplyGrid-XGBoost-single-v1,0
S098,2028-08-01,0.1040907726,33,LOW,7,SupplyGrid-XGBoost-single-v1,0
S099,2028-08-01,0.1019754857,34,LOW,7,SupplyGrid-XGBoost-single-v1,0
S082,2028-08-01,0.09959374368,35,LOW,7,SupplyGrid-XGBoost-single-v1,1
S069,2028-08-01,0.09894867241,36,LOW,7,SupplyGrid-XGBoost-single-v1,0
S072,2028-08-01,0.09800434858,37,LOW,7,SupplyGrid-XGBoost-single-v1,0
S093,2028-08-01,0.09604856372,38,LOW,7,SupplyGrid-XGBoost-single-v1,0
S067,2028-08-01,0.0960302949,39,LOW,7,SupplyGrid-XGBoost-single-v1,0
S090,2028-08-01,0.09563061595,40,LOW,7,SupplyGrid-XGBoost-single-v1,0
S091,2028-08-01,0.09560890496,41,LOW,7,SupplyGrid-XGBoost-single-v1,0
S096,2028-08-01,0.09560890496,42,LOW,7,SupplyGrid-XGBoost-single-v1,0
S070,2028-08-01,0.09493318945,43,LOW,7,SupplyGrid-XGBoost-single-v1,0
S029,2028-08-01,0.09354630858,44,LOW,7,SupplyGrid-XGBoost-single-v1,0
S052,2028-08-01,0.09350746125,45,LOW,7,SupplyGrid-XGBoost-single-v1,0
S074,2028-08-01,0.09274353087,46,LOW,7,SupplyGrid-XGBoost-single-v1,0
S018,2028-08-01,0.09262700379,47,LOW,7,SupplyGrid-XGBoost-single-v1,0
S049,2028-08-01,0.09210540354,48,LOW,7,SupplyGrid-XGBoost-single-v1,0
S005,2028-08-01,0.0918039009,49,LOW,7,SupplyGrid-XGBoost-single-v1,0
S047,2028-08-01,0.09149158001,50,LOW,7,SupplyGrid-XGBoost-single-v1,0
S053,2028-08-01,0.09031727165,51,LOW,7,SupplyGrid-XGBoost-single-v1,0
S009,2028-08-01,0.08932670206,52,LOW,7,SupplyGrid-XGBoost-single-v1,0
S071,2028-08-01,0.08752660453,53,LOW,7,SupplyGrid-XGBoost-single-v1,0
S048,2028-08-01,0.08739945292,54,LOW,7,SupplyGrid-XGBoost-single-v1,0
S088,2028-08-01,0.08683595061,55,LOW,7,SupplyGrid-XGBoost-single-v1,0
S095,2028-08-01,0.08617974818,56,LOW,7,SupplyGrid-XGBoost-single-v1,0
S022,2028-08-01,0.0860427767,57,LOW,7,SupplyGrid-XGBoost-single-v1,0
S011,2028-08-01,0.08413153887,58,LOW,7,SupplyGrid-XGBoost-single-v1,0
S003,2028-08-01,0.08373065293,59,LOW,7,SupplyGrid-XGBoost-single-v1,0
S017,2028-08-01,0.08293043077,60,LOW,7,SupplyGrid-XGBoost-single-v1,0
S081,2028-08-01,0.08216516674,61,LOW,7,SupplyGrid-XGBoost-single-v1,0
S040,2028-08-01,0.08200706542,62,LOW,7,SupplyGrid-XGBoost-single-v1,0
S046,2028-08-01,0.0805484727,63,LOW,7,SupplyGrid-XGBoost-single-v1,0
S007,2028-08-01,0.0801467672,64,LOW,7,SupplyGrid-XGBoost-single-v1,0
S027,2028-08-01,0.07975530624,65,LOW,7,SupplyGrid-XGBoost-single-v1,0
S051,2028-08-01,0.07958831638,66,LOW,7,SupplyGrid-XGBoost-single-v1,0
S080,2028-08-01,0.07934644818,67,LOW,7,SupplyGrid-XGBoost-single-v1,0
S068,2028-08-01,0.07849851251,68,LOW,7,SupplyGrid-XGBoost-single-v1,0
S061,2028-08-01,0.07791513205,69,LOW,7,SupplyGrid-XGBoost-single-v1,0
S100,2028-08-01,0.07699712366,70,LOW,7,SupplyGrid-XGBoost-single-v1,0
S024,2028-08-01,0.07594231516,71,LOW,7,SupplyGrid-XGBoost-single-v1,0
S063,2028-08-01,0.07507242262,72,LOW,7,SupplyGrid-XGBoost-single-v1,0
S025,2028-08-01,0.07349793613,73,LOW,7,SupplyGrid-XGBoost-single-v1,0
S076,2028-08-01,0.07270579785,74,LOW,7,SupplyGrid-XGBoost-single-v1,0
S064,2028-08-01,0.07261899114,75,LOW,7,SupplyGrid-XGBoost-single-v1,0
S066,2028-08-01,0.07194329053,76,LOW,7,SupplyGrid-XGBoost-single-v1,0
S059,2028-08-01,0.07064980268,77,LOW,7,SupplyGrid-XGBoost-single-v1,0
S020,2028-08-01,0.07028105855,78,LOW,7,SupplyGrid-XGBoost-single-v1,0
S033,2028-08-01,0.06745694578,79,LOW,7,SupplyGrid-XGBoost-single-v1,0
S085,2028-08-01,0.0637793839,80,LOW,7,SupplyGrid-XGBoost-single-v1,0
S075,2028-08-01,0.06274908036,81,LOW,7,SupplyGrid-XGBoost-single-v1,0
S084,2028-08-01,0.06189325824,82,LOW,7,SupplyGrid-XGBoost-single-v1,0
S045,2028-08-01,0.06117964163,83,LOW,7,SupplyGrid-XGBoost-single-v1,0
S078,2028-08-01,0.06108986586,84,LOW,7,SupplyGrid-XGBoost-single-v1,0
S038,2028-08-01,0.06107018143,85,LOW,7,SupplyGrid-XGBoost-single-v1,0
S032,2028-08-01,0.05950580165,86,LOW,7,SupplyGrid-XGBoost-single-v1,0
S014,2028-08-01,0.05879281089,87,LOW,7,SupplyGrid-XGBoost-single-v1,0
S054,2028-08-01,0.05879281089,88,LOW,7,SupplyGrid-XGBoost-single-v1,0
S021,2028-08-01,0.05783374608,89,LOW,7,SupplyGrid-XGBoost-single-v1,0
S097,2028-08-01,0.05752947927,90,LOW,7,SupplyGrid-XGBoost-single-v1,0
S030,2028-08-01,0.0569855459,91,LOW,7,SupplyGrid-XGBoost-single-v1,0
S044,2028-08-01,0.0569855459,92,LOW,7,SupplyGrid-XGBoost-single-v1,0
S023,2028-08-02,0.1730062664,1,HIGH,7,SupplyGrid-XGBoost-single-v1,0
S019,2028-08-02,0.1701227576,2,HIGH,7,SupplyGrid-XGBoost-single-v1,0
S056,2028-08-02,0.1699147075,3,HIGH,7,SupplyGrid-XGBoost-single-v1,0
S079,2028-08-02,0.1666845828,4,HIGH,7,SupplyGrid-XGBoost-single-v1,1
S060,2028-08-02,0.157672286,5,HIGH,7,SupplyGrid-XGBoost-single-v1,0
S016,2028-08-02,0.1527636498,6,HIGH,7,SupplyGrid-XGBoost-single-v1,1
S089,2028-08-02,0.1484998465,7,LOW,7,SupplyGrid-XGBoost-single-v1,1
S050,2028-08-02,0.1484611034,8,LOW,7,SupplyGrid-XGBoost-single-v1,0
S036,2028-08-02,0.1456070691,9,LOW,7,SupplyGrid-XGBoost-single-v1,1
S031,2028-08-02,0.1439699978,10,LOW,7,SupplyGrid-XGBoost-single-v1,0
S006,2028-08-02,0.1426865906,11,LOW,7,SupplyGrid-XGBoost-single-v1,0
S010,2028-08-02,0.1402613968,12,LOW,7,SupplyGrid-XGBoost-single-v1,0
S013,2028-08-02,0.1387103498,13,LOW,7,SupplyGrid-XGBoost-single-v1,0
S039,2028-08-02,0.1333214194,14,LOW,7,SupplyGrid-XGBoost-single-v1,0
S086,2028-08-02,0.1299251169,15,LOW,7,SupplyGrid-XGBoost-single-v1,0
S028,2028-08-02,0.1296716928,16,LOW,7,SupplyGrid-XGBoost-single-v1,0
S062,2028-08-02,0.1279854029,17,LOW,7,SupplyGrid-XGBoost-single-v1,0
S015,2028-08-02,0.1248454154,18,LOW,7,SupplyGrid-XGBoost-single-v1,0
S042,2028-08-02,0.1243365631,19,LOW,7,SupplyGrid-XGBoost-single-v1,1
S055,2028-08-02,0.1242163032,20,LOW,7,SupplyGrid-XGBoost-single-v1,0
S012,2028-08-02,0.1235410348,21,LOW,7,SupplyGrid-XGBoost-single-v1,0
S057,2028-08-02,0.1235154346,22,LOW,7,SupplyGrid-XGBoost-single-v1,1
S090,2028-08-02,0.1221311763,23,LOW,7,SupplyGrid-XGBoost-single-v1,0
S004,2028-08-02,0.1218974665,24,LOW,7,SupplyGrid-XGBoost-single-v1,0
S001,2028-08-02,0.1217653528,25,LOW,7,SupplyGrid-XGBoost-single-v1,0
S092,2028-08-02,0.1217041016,26,LOW,7,SupplyGrid-XGBoost-single-v1,0
S052,2028-08-02,0.1194973961,27,LOW,7,SupplyGrid-XGBoost-single-v1,0
S043,2028-08-02,0.11826206,28,LOW,7,SupplyGrid-XGBoost-single-v1,0
S096,2028-08-02,0.1154348254,29,LOW,7,SupplyGrid-XGBoost-single-v1,0
S098,2028-08-02,0.1095941365,30,LOW,7,SupplyGrid-XGBoost-single-v1,0
S072,2028-08-02,0.1074748188,31,LOW,7,SupplyGrid-XGBoost-single-v1,0
S077,2028-08-02,0.1072973609,32,LOW,7,SupplyGrid-XGBoost-single-v1,1
S069,2028-08-02,0.1051608548,33,LOW,7,SupplyGrid-XGBoost-single-v1,0
S002,2028-08-02,0.1050547808,34,LOW,7,SupplyGrid-XGBoost-single-v1,0
S018,2028-08-02,0.1045569703,35,LOW,7,SupplyGrid-XGBoost-single-v1,0
S035,2028-08-02,0.1045182794,36,LOW,7,SupplyGrid-XGBoost-single-v1,0
S099,2028-08-02,0.100471206,37,LOW,7,SupplyGrid-XGBoost-single-v1,0
S082,2028-08-02,0.09806977212,38,LOW,7,SupplyGrid-XGBoost-single-v1,1
S074,2028-08-02,0.09630955756,39,LOW,7,SupplyGrid-XGBoost-single-v1,0
S049,2028-08-02,0.09347743541,40,LOW,7,SupplyGrid-XGBoost-single-v1,0
S095,2028-08-02,0.09322029352,41,LOW,7,SupplyGrid-XGBoost-single-v1,0
S034,2028-08-02,0.09271363914,42,LOW,7,SupplyGrid-XGBoost-single-v1,0
S088,2028-08-02,0.0924974978,43,LOW,7,SupplyGrid-XGBoost-single-v1,0
S093,2028-08-02,0.09233438224,44,LOW,7,SupplyGrid-XGBoost-single-v1,0
S029,2028-08-02,0.09210540354,45,LOW,7,SupplyGrid-XGBoost-single-v1,0
S005,2028-08-02,0.0918039009,46,LOW,7,SupplyGrid-XGBoost-single-v1,0
S100,2028-08-02,0.09079171717,47,LOW,7,SupplyGrid-XGBoost-single-v1,0
S003,2028-08-02,0.09059097618,48,LOW,7,SupplyGrid-XGBoost-single-v1,0
S007,2028-08-02,0.08980607986,49,LOW,7,SupplyGrid-XGBoost-single-v1,0
S009,2028-08-02,0.08932670206,50,LOW,7,SupplyGrid-XGBoost-single-v1,0
S070,2028-08-02,0.08777579665,51,LOW,7,SupplyGrid-XGBoost-single-v1,0
S071,2028-08-02,0.08752660453,52,LOW,7,SupplyGrid-XGBoost-single-v1,0
S080,2028-08-02,0.08652875572,53,LOW,7,SupplyGrid-XGBoost-single-v1,0
S065,2028-08-02,0.08455184102,54,LOW,7,SupplyGrid-XGBoost-single-v1,1
S008,2028-08-02,0.08288153261,55,LOW,7,SupplyGrid-XGBoost-single-v1,0
S076,2028-08-02,0.08288153261,56,LOW,7,SupplyGrid-XGBoost-single-v1,0
S011,2028-08-02,0.08286619186,57,LOW,7,SupplyGrid-XGBoost-single-v1,0
S048,2028-08-02,0.08202174306,58,LOW,7,SupplyGrid-XGBoost-single-v1,0
S040,2028-08-02,0.08200706542,59,LOW,7,SupplyGrid-XGBoost-single-v1,0
S044,2028-08-02,0.08140812814,60,LOW,7,SupplyGrid-XGBoost-single-v1,0
S046,2028-08-02,0.0805484727,61,LOW,7,SupplyGrid-XGBoost-single-v1,0
S068,2028-08-02,0.08015100658,62,LOW,7,SupplyGrid-XGBoost-single-v1,0
S081,2028-08-02,0.07995652407,63,LOW,7,SupplyGrid-XGBoost-single-v1,0
S027,2028-08-02,0.07975530624,64,LOW,7,SupplyGrid-XGBoost-single-v1,0
S061,2028-08-02,0.0793338418,65,LOW,7,SupplyGrid-XGBoost-single-v1,0
S020,2028-08-02,0.07885327935,66,LOW,7,SupplyGrid-XGBoost-single-v1,0
S053,2028-08-02,0.07884568721,67,LOW,7,SupplyGrid-XGBoost-single-v1,0
S047,2028-08-02,0.07775647193,68,LOW,7,SupplyGrid-XGBoost-single-v1,0
S017,2028-08-02,0.07715184987,69,LOW,7,SupplyGrid-XGBoost-single-v1,0
S067,2028-08-02,0.07651883364,70,LOW,7,SupplyGrid-XGBoost-single-v1,0
S024,2028-08-02,0.07594231516,71,LOW,7,SupplyGrid-XGBoost-single-v1,0
S063,2028-08-02,0.07507242262,72,LOW,7,SupplyGrid-XGBoost-single-v1,0
S091,2028-08-02,0.07437570393,73,LOW,7,SupplyGrid-XGBoost-single-v1,0
S022,2028-08-02,0.07418762147,74,LOW,7,SupplyGrid-XGBoost-single-v1,0
S085,2028-08-02,0.0733435899,75,LOW,7,SupplyGrid-XGBoost-single-v1,0
S051,2028-08-02,0.07293610275,76,LOW,7,SupplyGrid-XGBoost-single-v1,0
S084,2028-08-02,0.07289262116,77,LOW,7,SupplyGrid-XGBoost-single-v1,0
S064,2028-08-02,0.07261899114,78,LOW,7,SupplyGrid-XGBoost-single-v1,0
S066,2028-08-02,0.07194329053,79,LOW,7,SupplyGrid-XGBoost-single-v1,0
S025,2028-08-02,0.07168019563,80,LOW,7,SupplyGrid-XGBoost-single-v1,0
S075,2028-08-02,0.0711157918,81,LOW,7,SupplyGrid-XGBoost-single-v1,0
S059,2028-08-02,0.06957180053,82,LOW,7,SupplyGrid-XGBoost-single-v1,0
S045,2028-08-02,0.06930907816,83,LOW,7,SupplyGrid-XGBoost-single-v1,0
S030,2028-08-02,0.06745694578,84,LOW,7,SupplyGrid-XGBoost-single-v1,0
S033,2028-08-02,0.06628862768,85,LOW,7,SupplyGrid-XGBoost-single-v1,0
S078,2028-08-02,0.06108986586,86,LOW,7,SupplyGrid-XGBoost-single-v1,0
S038,2028-08-02,0.06035079435,87,LOW,7,SupplyGrid-XGBoost-single-v1,0
S032,2028-08-02,0.05950580165,88,LOW,7,SupplyGrid-XGBoost-single-v1,0
S014,2028-08-02,0.05879281089,89,LOW,7,SupplyGrid-XGBoost-single-v1,0
S054,2028-08-02,0.05879281089,90,LOW,7,SupplyGrid-XGBoost-single-v1,0
S021,2028-08-02,0.05783374608,91,LOW,7,SupplyGrid-XGBoost-single-v1,0
S097,2028-08-02,0.05752947927,92,LOW,7,SupplyGrid-XGBoost-single-v1,0
S023,2028-08-03,0.1956379712,1,HIGH,7,SupplyGrid-XGBoost-single-v1,0
S079,2028-08-03,0.1708742082,2,HIGH,7,SupplyGrid-XGBoost-single-v1,1
S056,2028-08-03,0.1699147075,3,HIGH,7,SupplyGrid-XGBoost-single-v1,0
S060,2028-08-03,0.1601390392,4,HIGH,7,SupplyGrid-XGBoost-single-v1,0
S013,2028-08-03,0.1587670445,5,HIGH,7,SupplyGrid-XGBoost-single-v1,0
S010,2028-08-03,0.1564660668,6,HIGH,7,SupplyGrid-XGBoost-single-v1,0
S019,2028-08-03,0.1532806754,7,HIGH,7,SupplyGrid-XGBoost-single-v1,0
S016,2028-08-03,0.1503112167,8,HIGH,7,SupplyGrid-XGBoost-single-v1,1
S031,2028-08-03,0.149867788,9,LOW,7,SupplyGrid-XGBoost-single-v1,0
S050,2028-08-03,0.1484611034,10,LOW,7,SupplyGrid-XGBoost-single-v1,0
S001,2028-08-03,0.1423434913,11,LOW,7,SupplyGrid-XGBoost-single-v1,0
S057,2028-08-03,0.1408036202,12,LOW,7,SupplyGrid-XGBoost-single-v1,1
S086,2028-08-03,0.1392432004,13,LOW,7,SupplyGrid-XGBoost-single-v1,0
S094,2028-08-03,0.1350737065,14,LOW,7,SupplyGrid-XGBoost-single-v1,0
S096,2028-08-03,0.1317349374,15,LOW,7,SupplyGrid-XGBoost-single-v1,0
S028,2028-08-03,0.1312919557,16,LOW,7,SupplyGrid-XGBoost-single-v1,0
S062,2028-08-03,0.1295997202,17,LOW,7,SupplyGrid-XGBoost-single-v1,1
S042,2028-08-03,0.1243365631,18,LOW,7,SupplyGrid-XGBoost-single-v1,1
S055,2028-08-03,0.1242163032,19,LOW,7,SupplyGrid-XGBoost-single-v1,0
S006,2028-08-03,0.1240904257,20,LOW,7,SupplyGrid-XGBoost-single-v1,0
S012,2028-08-03,0.1235410348,21,LOW,7,SupplyGrid-XGBoost-single-v1,0
S082,2028-08-03,0.1224226579,22,LOW,7,SupplyGrid-XGBoost-single-v1,1
S090,2028-08-03,0.1221311763,23,LOW,7,SupplyGrid-XGBoost-single-v1,0
S043,2028-08-03,0.1199971735,24,LOW,7,SupplyGrid-XGBoost-single-v1,0
S039,2028-08-03,0.1196669713,25,LOW,7,SupplyGrid-XGBoost-single-v1,0
S003,2028-08-03,0.1159438714,26,LOW,7,SupplyGrid-XGBoost-single-v1,0
S077,2028-08-03,0.1148642749,27,LOW,7,SupplyGrid-XGBoost-single-v1,1
S035,2028-08-03,0.1139183715,28,LOW,7,SupplyGrid-XGBoost-single-v1,0
S092,2028-08-03,0.1127798408,29,LOW,7,SupplyGrid-XGBoost-single-v1,0
S052,2028-08-03,0.1080894843,30,LOW,7,SupplyGrid-XGBoost-single-v1,0
S098,2028-08-03,0.1058245525,31,LOW,7,SupplyGrid-XGBoost-single-v1,0
S069,2028-08-03,0.1051608548,32,LOW,7,SupplyGrid-XGBoost-single-v1,0
S018,2028-08-03,0.1045569703,33,LOW,7,SupplyGrid-XGBoost-single-v1,0
S084,2028-08-03,0.1024539396,34,LOW,7,SupplyGrid-XGBoost-single-v1,0
S009,2028-08-03,0.1015738472,35,LOW,7,SupplyGrid-XGBoost-single-v1,0
S072,2028-08-03,0.09947579354,36,LOW,7,SupplyGrid-XGBoost-single-v1,0
S100,2028-08-03,0.09800434858,37,LOW,7,SupplyGrid-XGBoost-single-v1,0
S037,2028-08-03,0.09788809717,38,LOW,7,SupplyGrid-XGBoost-single-v1,0
S070,2028-08-03,0.09768249094,39,LOW,7,SupplyGrid-XGBoost-single-v1,0
S015,2028-08-03,0.09723485261,40,LOW,7,SupplyGrid-XGBoost-single-v1,0
S093,2028-08-03,0.09604856372,41,LOW,7,SupplyGrid-XGBoost-single-v1,0
S095,2028-08-03,0.09322029352,42,LOW,7,SupplyGrid-XGBoost-single-v1,0
S074,2028-08-03,0.09274353087,43,LOW,7,SupplyGrid-XGBoost-single-v1,0
S004,2028-08-03,0.09207444638,44,LOW,7,SupplyGrid-XGBoost-single-v1,0
S099,2028-08-03,0.08804377168,45,LOW,7,SupplyGrid-XGBoost-single-v1,0
S088,2028-08-03,0.08683595061,46,LOW,7,SupplyGrid-XGBoost-single-v1,0
S071,2028-08-03,0.0860427767,47,LOW,7,SupplyGrid-XGBoost-single-v1,0
S002,2028-08-03,0.08590455353,48,LOW,7,SupplyGrid-XGBoost-single-v1,0
S058,2028-08-03,0.08455184102,49,LOW,7,SupplyGrid-XGBoost-single-v1,0
S065,2028-08-03,0.08455184102,50,LOW,7,SupplyGrid-XGBoost-single-v1,1
S053,2028-08-03,0.08447529376,51,LOW,7,SupplyGrid-XGBoost-single-v1,0
S067,2028-08-03,0.08377513289,52,LOW,7,SupplyGrid-XGBoost-single-v1,0
S029,2028-08-03,0.08367267251,53,LOW,7,SupplyGrid-XGBoost-single-v1,0
S008,2028-08-03,0.08288153261,54,LOW,7,SupplyGrid-XGBoost-single-v1,0
S076,2028-08-03,0.08288153261,55,LOW,7,SupplyGrid-XGBoost-single-v1,0
S007,2028-08-03,0.08237627149,56,LOW,7,SupplyGrid-XGBoost-single-v1,0
S049,2028-08-03,0.0822217539,57,LOW,7,SupplyGrid-XGBoost-single-v1,0
S080,2028-08-03,0.08207687736,58,LOW,7,SupplyGrid-XGBoost-single-v1,0
S048,2028-08-03,0.08202174306,59,LOW,7,SupplyGrid-XGBoost-single-v1,0
S027,2028-08-03,0.07975530624,60,LOW,7,SupplyGrid-XGBoost-single-v1,0
S034,2028-08-03,0.07865229994,61,LOW,7,SupplyGrid-XGBoost-single-v1,0
S081,2028-08-03,0.07838038355,62,LOW,7,SupplyGrid-XGBoost-single-v1,0
S017,2028-08-03,0.0783374086,63,LOW,7,SupplyGrid-XGBoost-single-v1,0
S075,2028-08-03,0.07777266949,64,LOW,7,SupplyGrid-XGBoost-single-v1,0
S047,2028-08-03,0.07775647193,65,LOW,7,SupplyGrid-XGBoost-single-v1,0
S059,2028-08-03,0.07594231516,66,LOW,7,SupplyGrid-XGBoost-single-v1,0
S020,2028-08-03,0.07523120195,67,LOW,7,SupplyGrid-XGBoost-single-v1,0
S063,2028-08-03,0.07507242262,68,LOW,7,SupplyGrid-XGBoost-single-v1,0
S005,2028-08-03,0.07452508807,69,LOW,7,SupplyGrid-XGBoost-single-v1,0
S091,2028-08-03,0.07437570393,70,LOW,7,SupplyGrid-XGBoost-single-v1,0
S022,2028-08-03,0.07418762147,71,LOW,7,SupplyGrid-XGBoost-single-v1,0
S033,2028-08-03,0.07364913076,72,LOW,7,SupplyGrid-XGBoost-single-v1,0
S044,2028-08-03,0.07364913076,73,LOW,7,SupplyGrid-XGBoost-single-v1,0
S051,2028-08-03,0.07293610275,74,LOW,7,SupplyGrid-XGBoost-single-v1,0
S064,2028-08-03,0.07261899114,75,LOW,7,SupplyGrid-XGBoost-single-v1,0
S068,2028-08-03,0.07237649709,76,LOW,7,SupplyGrid-XGBoost-single-v1,0
S066,2028-08-03,0.07194329053,77,LOW,7,SupplyGrid-XGBoost-single-v1,0
S038,2028-08-03,0.07068763673,78,LOW,7,SupplyGrid-XGBoost-single-v1,0
S025,2028-08-03,0.07058767974,79,LOW,7,SupplyGrid-XGBoost-single-v1,0
S011,2028-08-03,0.07018281519,80,LOW,7,SupplyGrid-XGBoost-single-v1,0
S040,2028-08-03,0.06944523007,81,LOW,7,SupplyGrid-XGBoost-single-v1,0
S046,2028-08-03,0.06925170124,82,LOW,7,SupplyGrid-XGBoost-single-v1,0
S045,2028-08-03,0.06697627902,83,LOW,7,SupplyGrid-XGBoost-single-v1,0
S030,2028-08-03,0.06628862768,84,LOW,7,SupplyGrid-XGBoost-single-v1,0
S061,2028-08-03,0.06565052271,85,LOW,7,SupplyGrid-XGBoost-single-v1,0
S085,2028-08-03,0.0637793839,86,LOW,7,SupplyGrid-XGBoost-single-v1,0
S024,2028-08-03,0.06124881282,87,LOW,7,SupplyGrid-XGBoost-single-v1,0
S078,2028-08-03,0.06108986586,88,LOW,7,SupplyGrid-XGBoost-single-v1,0
S032,2028-08-03,0.05950580165,89,LOW,7,SupplyGrid-XGBoost-single-v1,0
S014,2028-08-03,0.05879281089,90,LOW,7,SupplyGrid-XGBoost-single-v1,0
S054,2028-08-03,0.05879281089,91,LOW,7,SupplyGrid-XGBoost-single-v1,0
S021,2028-08-03,0.05783374608,92,LOW,7,SupplyGrid-XGBoost-single-v1,0
S097,2028-08-03,0.05752947927,93,LOW,7,SupplyGrid-XGBoost-single-v1,0
S073,2028-08-04,0.2221768051,1,HIGH,7,SupplyGrid-XGBoost-single-v1,0
S023,2028-08-04,0.2039729506,2,HIGH,7,SupplyGrid-XGBoost-single-v1,0
S060,2028-08-04,0.1915232986,3,HIGH,7,SupplyGrid-XGBoost-single-v1,0
S087,2028-08-04,0.1790320873,4,HIGH,7,SupplyGrid-XGBoost-single-v1,0
S056,2028-08-04,0.1737572551,5,HIGH,7,SupplyGrid-XGBoost-single-v1,0
S016,2028-08-04,0.1668913215,6,HIGH,7,SupplyGrid-XGBoost-single-v1,1
S010,2028-08-04,0.1632731557,7,HIGH,7,SupplyGrid-XGBoost-single-v1,0
S019,2028-08-04,0.1620959044,8,HIGH,7,SupplyGrid-XGBoost-single-v1,0
S086,2028-08-04,0.1594275981,9,HIGH,7,SupplyGrid-XGBoost-single-v1,0
S031,2028-08-04,0.1574050933,10,HIGH,7,SupplyGrid-XGBoost-single-v1,0
S013,2028-08-04,0.1557726711,11,HIGH,7,SupplyGrid-XGBoost-single-v1,0
S001,2028-08-04,0.154272601,12,HIGH,7,SupplyGrid-XGBoost-single-v1,0
S039,2028-08-04,0.1484998465,13,LOW,7,SupplyGrid-XGBoost-single-v1,0
S050,2028-08-04,0.1484611034,14,LOW,7,SupplyGrid-XGBoost-single-v1,0
S079,2028-08-04,0.1468777657,15,LOW,7,SupplyGrid-XGBoost-single-v1,1
S057,2028-08-04,0.1408036202,16,LOW,7,SupplyGrid-XGBoost-single-v1,1
S094,2028-08-04,0.1400160491,17,LOW,7,SupplyGrid-XGBoost-single-v1,0
S077,2028-08-04,0.1320283711,18,LOW,7,SupplyGrid-XGBoost-single-v1,1
S092,2028-08-04,0.128063783,19,LOW,7,SupplyGrid-XGBoost-single-v1,0
S006,2028-08-04,0.1240904257,20,LOW,7,SupplyGrid-XGBoost-single-v1,0
S035,2028-08-04,0.1229202226,21,LOW,7,SupplyGrid-XGBoost-single-v1,0
S082,2028-08-04,0.1224226579,22,LOW,7,SupplyGrid-XGBoost-single-v1,1
S043,2028-08-04,0.1199971735,23,LOW,7,SupplyGrid-XGBoost-single-v1,0
S062,2028-08-04,0.1163641363,24,LOW,7,SupplyGrid-XGBoost-single-v1,1
S096,2028-08-04,0.1154348254,25,LOW,7,SupplyGrid-XGBoost-single-v1,0
S012,2028-08-04,0.1153133363,26,LOW,7,SupplyGrid-XGBoost-single-v1,0
S055,2028-08-04,0.1115842313,27,LOW,7,SupplyGrid-XGBoost-single-v1,0
S090,2028-08-04,0.1113560721,28,LOW,7,SupplyGrid-XGBoost-single-v1,0
S042,2028-08-04,0.1110636443,29,LOW,7,SupplyGrid-XGBoost-single-v1,1
S072,2028-08-04,0.110092625,30,LOW,7,SupplyGrid-XGBoost-single-v1,0
S009,2028-08-04,0.1066438854,31,LOW,7,SupplyGrid-XGBoost-single-v1,0
S018,2028-08-04,0.1045569703,32,LOW,7,SupplyGrid-XGBoost-single-v1,0
S052,2028-08-04,0.1032990366,33,LOW,7,SupplyGrid-XGBoost-single-v1,0
S003,2028-08-04,0.1028639227,34,LOW,7,SupplyGrid-XGBoost-single-v1,0
S099,2028-08-04,0.1024809703,35,LOW,7,SupplyGrid-XGBoost-single-v1,0
S088,2028-08-04,0.1004929021,36,LOW,7,SupplyGrid-XGBoost-single-v1,0
S037,2028-08-04,0.09955394268,37,LOW,7,SupplyGrid-XGBoost-single-v1,0
S069,2028-08-04,0.09894867241,38,LOW,7,SupplyGrid-XGBoost-single-v1,0
S028,2028-08-04,0.09872438014,39,LOW,7,SupplyGrid-XGBoost-single-v1,0
S098,2028-08-04,0.09793488681,40,LOW,7,SupplyGrid-XGBoost-single-v1,0
S081,2028-08-04,0.09500902891,41,LOW,7,SupplyGrid-XGBoost-single-v1,0
S015,2028-08-04,0.09464468062,42,LOW,7,SupplyGrid-XGBoost-single-v1,0
S034,2028-08-04,0.09271363914,43,LOW,7,SupplyGrid-XGBoost-single-v1,0
S095,2028-08-04,0.09183195233,44,LOW,7,SupplyGrid-XGBoost-single-v1,0
S047,2028-08-04,0.08921693265,45,LOW,7,SupplyGrid-XGBoost-single-v1,0
S046,2028-08-04,0.08782920986,46,LOW,7,SupplyGrid-XGBoost-single-v1,0
S053,2028-08-04,0.08623833209,47,LOW,7,SupplyGrid-XGBoost-single-v1,0
S002,2028-08-04,0.08590455353,48,LOW,7,SupplyGrid-XGBoost-single-v1,0
S058,2028-08-04,0.08455184102,49,LOW,7,SupplyGrid-XGBoost-single-v1,0
S065,2028-08-04,0.08455184102,50,LOW,7,SupplyGrid-XGBoost-single-v1,1
S076,2028-08-04,0.08288153261,51,LOW,7,SupplyGrid-XGBoost-single-v1,0
S048,2028-08-04,0.08202174306,52,LOW,7,SupplyGrid-XGBoost-single-v1,0
S093,2028-08-04,0.08104316145,53,LOW,7,SupplyGrid-XGBoost-single-v1,0
S020,2028-08-04,0.08097200841,54,LOW,7,SupplyGrid-XGBoost-single-v1,0
S029,2028-08-04,0.080839701,55,LOW,7,SupplyGrid-XGBoost-single-v1,0
S017,2028-08-04,0.07851615548,56,LOW,7,SupplyGrid-XGBoost-single-v1,0
S030,2028-08-04,0.07841116935,57,LOW,7,SupplyGrid-XGBoost-single-v1,0
S033,2028-08-04,0.07841116935,58,LOW,7,SupplyGrid-XGBoost-single-v1,0
S070,2028-08-04,0.07751017064,59,LOW,7,SupplyGrid-XGBoost-single-v1,0
S074,2028-08-04,0.07726792991,60,LOW,7,SupplyGrid-XGBoost-single-v1,0
S084,2028-08-04,0.0771920532,61,LOW,7,SupplyGrid-XGBoost-single-v1,0
S038,2028-08-04,0.07715184987,62,LOW,7,SupplyGrid-XGBoost-single-v1,0
S100,2028-08-04,0.07628402859,63,LOW,7,SupplyGrid-XGBoost-single-v1,0
S049,2028-08-04,0.07594231516,64,LOW,7,SupplyGrid-XGBoost-single-v1,0
S080,2028-08-04,0.07594231516,65,LOW,7,SupplyGrid-XGBoost-single-v1,0
S063,2028-08-04,0.07507242262,66,LOW,7,SupplyGrid-XGBoost-single-v1,0
S005,2028-08-04,0.07494744658,67,LOW,7,SupplyGrid-XGBoost-single-v1,0
S091,2028-08-04,0.07437570393,68,LOW,7,SupplyGrid-XGBoost-single-v1,0
S022,2028-08-04,0.07418762147,69,LOW,7,SupplyGrid-XGBoost-single-v1,0
S071,2028-08-04,0.07418762147,70,LOW,7,SupplyGrid-XGBoost-single-v1,0
S027,2028-08-04,0.07364913076,71,LOW,7,SupplyGrid-XGBoost-single-v1,0
S007,2028-08-04,0.07337399572,72,LOW,7,SupplyGrid-XGBoost-single-v1,0
S051,2028-08-04,0.07293610275,73,LOW,7,SupplyGrid-XGBoost-single-v1,0
S064,2028-08-04,0.07261899114,74,LOW,7,SupplyGrid-XGBoost-single-v1,0
S068,2028-08-04,0.07237649709,75,LOW,7,SupplyGrid-XGBoost-single-v1,0
S008,2028-08-04,0.07227936387,76,LOW,7,SupplyGrid-XGBoost-single-v1,0
S066,2028-08-04,0.07194329053,77,LOW,7,SupplyGrid-XGBoost-single-v1,0
S061,2028-08-04,0.07139191031,78,LOW,7,SupplyGrid-XGBoost-single-v1,0
S075,2028-08-04,0.07126045227,79,LOW,7,SupplyGrid-XGBoost-single-v1,0
S004,2028-08-04,0.07073038816,80,LOW,7,SupplyGrid-XGBoost-single-v1,0
S025,2028-08-04,0.07058767974,81,LOW,7,SupplyGrid-XGBoost-single-v1,0
S054,2028-08-04,0.06957180053,82,LOW,7,SupplyGrid-XGBoost-single-v1,0
S059,2028-08-04,0.06957180053,83,LOW,7,SupplyGrid-XGBoost-single-v1,0
S097,2028-08-04,0.06560235471,84,LOW,7,SupplyGrid-XGBoost-single-v1,0
S011,2028-08-04,0.0642439425,85,LOW,7,SupplyGrid-XGBoost-single-v1,0
S085,2028-08-04,0.0637793839,86,LOW,7,SupplyGrid-XGBoost-single-v1,0
S040,2028-08-04,0.0633443296,87,LOW,7,SupplyGrid-XGBoost-single-v1,0
S044,2028-08-04,0.0630472824,88,LOW,7,SupplyGrid-XGBoost-single-v1,0
S078,2028-08-04,0.06108986586,89,LOW,7,SupplyGrid-XGBoost-single-v1,0
S067,2028-08-04,0.06049491465,90,LOW,7,SupplyGrid-XGBoost-single-v1,0
S045,2028-08-04,0.06023677438,91,LOW,7,SupplyGrid-XGBoost-single-v1,0
S024,2028-08-04,0.05971450731,92,LOW,7,SupplyGrid-XGBoost-single-v1,0
S032,2028-08-04,0.05950580165,93,LOW,7,SupplyGrid-XGBoost-single-v1,0
S014,2028-08-04,0.05879281089,94,LOW,7,SupplyGrid-XGBoost-single-v1,0
S021,2028-08-04,0.05783374608,95,LOW,7,SupplyGrid-XGBoost-single-v1,0
S073,2028-08-05,0.2082182318,1,HIGH,7,SupplyGrid-XGBoost-single-v1,0
S023,2028-08-05,0.2039729506,2,HIGH,7,SupplyGrid-XGBoost-single-v1,0
S056,2028-08-05,0.1883539408,3,HIGH,7,SupplyGrid-XGBoost-single-v1,0
S031,2028-08-05,0.1747726649,4,HIGH,7,SupplyGrid-XGBoost-single-v1,0
S019,2028-08-05,0.1603897959,5,HIGH,7,SupplyGrid-XGBoost-single-v1,0
S060,2028-08-05,0.1601390392,6,HIGH,7,SupplyGrid-XGBoost-single-v1,0
S086,2028-08-05,0.1594275981,7,HIGH,7,SupplyGrid-XGBoost-single-v1,0
S013,2028-08-05,0.1587670445,8,HIGH,7,SupplyGrid-XGBoost-single-v1,0
S083,2028-08-05,0.1558721811,9,HIGH,7,SupplyGrid-XGBoost-single-v1,0
S043,2028-08-05,0.1523507386,10,HIGH,7,SupplyGrid-XGBoost-single-v1,0
S016,2028-08-05,0.1522563547,11,HIGH,7,SupplyGrid-XGBoost-single-v1,1
S094,2028-08-05,0.1488598138,12,LOW,7,SupplyGrid-XGBoost-single-v1,0
S079,2028-08-05,0.1468777657,13,LOW,7,SupplyGrid-XGBoost-single-v1,1
S050,2028-08-05,0.1440123916,14,LOW,7,SupplyGrid-XGBoost-single-v1,0
S087,2028-08-05,0.1426652372,15,LOW,7,SupplyGrid-XGBoost-single-v1,0
S001,2028-08-05,0.1403058767,16,LOW,7,SupplyGrid-XGBoost-single-v1,1
S057,2028-08-05,0.1397308111,17,LOW,7,SupplyGrid-XGBoost-single-v1,1
S010,2028-08-05,0.1393622011,18,LOW,7,SupplyGrid-XGBoost-single-v1,0
S055,2028-08-05,0.1385239214,19,LOW,7,SupplyGrid-XGBoost-single-v1,0
S041,2028-08-05,0.1290310472,20,LOW,7,SupplyGrid-XGBoost-single-v1,0
S090,2028-08-05,0.1284570545,21,LOW,7,SupplyGrid-XGBoost-single-v1,0
S072,2028-08-05,0.1245926395,22,LOW,7,SupplyGrid-XGBoost-single-v1,0
S006,2028-08-05,0.1240904257,23,LOW,7,SupplyGrid-XGBoost-single-v1,1
S035,2028-08-05,0.1229202226,24,LOW,7,SupplyGrid-XGBoost-single-v1,0
S082,2028-08-05,0.1224226579,25,LOW,7,SupplyGrid-XGBoost-single-v1,1
S092,2028-08-05,0.1217041016,26,LOW,7,SupplyGrid-XGBoost-single-v1,0
S012,2028-08-05,0.1216791868,27,LOW,7,SupplyGrid-XGBoost-single-v1,0
S039,2028-08-05,0.1213430315,28,LOW,7,SupplyGrid-XGBoost-single-v1,0
S009,2028-08-05,0.1199557334,29,LOW,7,SupplyGrid-XGBoost-single-v1,0
S081,2028-08-05,0.1154998988,30,LOW,7,SupplyGrid-XGBoost-single-v1,0
S034,2028-08-05,0.1090780571,31,LOW,7,SupplyGrid-XGBoost-single-v1,0
S077,2028-08-05,0.1090780571,32,LOW,7,SupplyGrid-XGBoost-single-v1,1
S028,2028-08-05,0.1051355675,33,LOW,7,SupplyGrid-XGBoost-single-v1,0
S096,2028-08-05,0.1016350687,34,LOW,7,SupplyGrid-XGBoost-single-v1,0
S058,2028-08-05,0.09955394268,35,LOW,7,SupplyGrid-XGBoost-single-v1,0
S062,2028-08-05,0.09794287384,36,LOW,7,SupplyGrid-XGBoost-single-v1,1
S098,2028-08-05,0.09648379683,37,LOW,7,SupplyGrid-XGBoost-single-v1,0
S002,2028-08-05,0.09503267705,38,LOW,7,SupplyGrid-XGBoost-single-v1,0
S052,2028-08-05,0.09350746125,39,LOW,7,SupplyGrid-XGBoost-single-v1,0
S047,2028-08-05,0.09167360514,40,LOW,7,SupplyGrid-XGBoost-single-v1,0
S018,2028-08-05,0.0912662223,41,LOW,7,SupplyGrid-XGBoost-single-v1,0
S003,2028-08-05,0.09059097618,42,LOW,7,SupplyGrid-XGBoost-single-v1,0
S095,2028-08-05,0.09030424058,43,LOW,7,SupplyGrid-XGBoost-single-v1,0
S084,2028-08-05,0.08959265798,44,LOW,7,SupplyGrid-XGBoost-single-v1,0
S099,2028-08-05,0.08871179819,45,LOW,7,SupplyGrid-XGBoost-single-v1,0
S088,2028-08-05,0.08683595061,46,LOW,7,SupplyGrid-XGBoost-single-v1,0
S053,2028-08-05,0.08623833209,47,LOW,7,SupplyGrid-XGBoost-single-v1,1
S074,2028-08-05,0.08573558927,48,LOW,7,SupplyGrid-XGBoost-single-v1,0
S037,2028-08-05,0.08455184102,49,LOW,7,SupplyGrid-XGBoost-single-v1,0
S065,2028-08-05,0.08455184102,50,LOW,7,SupplyGrid-XGBoost-single-v1,1
S011,2028-08-05,0.08413153887,51,LOW,7,SupplyGrid-XGBoost-single-v1,0
S015,2028-08-05,0.08255016804,52,LOW,7,SupplyGrid-XGBoost-single-v1,0
S070,2028-08-05,0.0824996233,53,LOW,7,SupplyGrid-XGBoost-single-v1,0
S085,2028-08-05,0.08225631714,54,LOW,7,SupplyGrid-XGBoost-single-v1,0
S069,2028-08-05,0.08184011281,55,LOW,7,SupplyGrid-XGBoost-single-v1,0
S020,2028-08-05,0.08097200841,56,LOW,7,SupplyGrid-XGBoost-single-v1,0
S005,2028-08-05,0.07974522561,57,LOW,7,SupplyGrid-XGBoost-single-v1,0
S051,2028-08-05,0.07958831638,58,LOW,7,SupplyGrid-XGBoost-single-v1,0
S033,2028-08-05,0.07841116935,59,LOW,7,SupplyGrid-XGBoost-single-v1,0
S100,2028-08-05,0.07628402859,60,LOW,7,SupplyGrid-XGBoost-single-v1,0
S093,2028-08-05,0.07613448799,61,LOW,7,SupplyGrid-XGBoost-single-v1,0
S017,2028-08-05,0.07594231516,62,LOW,7,SupplyGrid-XGBoost-single-v1,0
S029,2028-08-05,0.07594231516,63,LOW,7,SupplyGrid-XGBoost-single-v1,0
S038,2028-08-05,0.07594231516,64,LOW,7,SupplyGrid-XGBoost-single-v1,0
S063,2028-08-05,0.07507242262,65,LOW,7,SupplyGrid-XGBoost-single-v1,0
S027,2028-08-05,0.07499648631,66,LOW,7,SupplyGrid-XGBoost-single-v1,0
S091,2028-08-05,0.07437570393,67,LOW,7,SupplyGrid-XGBoost-single-v1,0
S022,2028-08-05,0.07418762147,68,LOW,7,SupplyGrid-XGBoost-single-v1,0
S071,2028-08-05,0.07418762147,69,LOW,7,SupplyGrid-XGBoost-single-v1,0
S044,2028-08-05,0.07364913076,70,LOW,7,SupplyGrid-XGBoost-single-v1,0
S064,2028-08-05,0.07261899114,71,LOW,7,SupplyGrid-XGBoost-single-v1,0
S068,2028-08-05,0.07237649709,72,LOW,7,SupplyGrid-XGBoost-single-v1,0
S048,2028-08-05,0.07194329053,73,LOW,7,SupplyGrid-XGBoost-single-v1,0
S066,2028-08-05,0.07194329053,74,LOW,7,SupplyGrid-XGBoost-single-v1,0
S061,2028-08-05,0.07139191031,75,LOW,7,SupplyGrid-XGBoost-single-v1,0
S007,2028-08-05,0.07136918604,76,LOW,7,SupplyGrid-XGBoost-single-v1,0
S075,2028-08-05,0.07126045227,77,LOW,7,SupplyGrid-XGBoost-single-v1,0
S078,2028-08-05,0.07101255655,78,LOW,7,SupplyGrid-XGBoost-single-v1,0
S025,2028-08-05,0.07058767974,79,LOW,7,SupplyGrid-XGBoost-single-v1,0
S004,2028-08-05,0.07003032416,80,LOW,7,SupplyGrid-XGBoost-single-v1,0
S008,2028-08-05,0.06976217777,81,LOW,7,SupplyGrid-XGBoost-single-v1,0
S076,2028-08-05,0.06976217777,82,LOW,7,SupplyGrid-XGBoost-single-v1,0
S049,2028-08-05,0.06957180053,83,LOW,7,SupplyGrid-XGBoost-single-v1,0
S054,2028-08-05,0.06957180053,84,LOW,7,SupplyGrid-XGBoost-single-v1,0
S032,2028-08-05,0.06847604364,85,LOW,7,SupplyGrid-XGBoost-single-v1,0
S046,2028-08-05,0.06819347292,86,LOW,7,SupplyGrid-XGBoost-single-v1,0
S030,2028-08-05,0.06731943786,87,LOW,7,SupplyGrid-XGBoost-single-v1,1
S040,2028-08-05,0.06717742234,88,LOW,7,SupplyGrid-XGBoost-single-v1,0
S067,2028-08-05,0.06227646396,89,LOW,7,SupplyGrid-XGBoost-single-v1,0
S045,2028-08-05,0.06117964163,90,LOW,7,SupplyGrid-XGBoost-single-v1,0
S014,2028-08-05,0.05879281089,91,LOW,7,SupplyGrid-XGBoost-single-v1,0
S024,2028-08-05,0.05879281089,92,LOW,7,SupplyGrid-XGBoost-single-v1,0
S059,2028-08-05,0.05879281089,93,LOW,7,SupplyGrid-XGBoost-single-v1,0
S080,2028-08-05,0.05879281089,94,LOW,7,SupplyGrid-XGBoost-single-v1,0
S021,2028-08-05,0.05783374608,95,LOW,7,SupplyGrid-XGBoost-single-v1,0
S097,2028-08-05,0.0569855459,96,LOW,7,SupplyGrid-XGBoost-single-v1,0
S073,2028-08-06,0.2250062227,1,HIGH,7,SupplyGrid-XGBoost-single-v1,0
S023,2028-08-06,0.1933118105,2,HIGH,7,SupplyGrid-XGBoost-single-v1,0
S056,2028-08-06,0.1883539408,3,HIGH,7,SupplyGrid-XGBoost-single-v1,0
S043,2028-08-06,0.1780292094,4,HIGH,7,SupplyGrid-XGBoost-single-v1,0
S031,2028-08-06,0.1747726649,5,HIGH,7,SupplyGrid-XGBoost-single-v1,0
S060,2028-08-06,0.1601390392,6,HIGH,7,SupplyGrid-XGBoost-single-v1,0
S094,2028-08-06,0.1573566645,7,HIGH,7,SupplyGrid-XGBoost-single-v1,0
S087,2028-08-06,0.1530788839,8,HIGH,7,SupplyGrid-XGBoost-single-v1,0
S079,2028-08-06,0.1517236084,9,HIGH,7,SupplyGrid-XGBoost-single-v1,1
S016,2028-08-06,0.150134325,10,HIGH,7,SupplyGrid-XGBoost-single-v1,1
S086,2028-08-06,0.1466068625,11,LOW,7,SupplyGrid-XGBoost-single-v1,0
S083,2028-08-06,0.1438404024,12,LOW,7,SupplyGrid-XGBoost-single-v1,0
S057,2028-08-06,0.1397308111,13,LOW,7,SupplyGrid-XGBoost-single-v1,1
S019,2028-08-06,0.1391350776,14,LOW,7,SupplyGrid-XGBoost-single-v1,0
S001,2028-08-06,0.1366377771,15,LOW,7,SupplyGrid-XGBoost-single-v1,1
S072,2028-08-06,0.1338931173,16,LOW,7,SupplyGrid-XGBoost-single-v1,0
S050,2028-08-06,0.1313874274,17,LOW,7,SupplyGrid-XGBoost-single-v1,0
S039,2028-08-06,0.1304370761,18,LOW,7,SupplyGrid-XGBoost-single-v1,0
S013,2028-08-06,0.1281137019,19,LOW,7,SupplyGrid-XGBoost-single-v1,0
S092,2028-08-06,0.1262287498,20,LOW,7,SupplyGrid-XGBoost-single-v1,0
S055,2028-08-06,0.1253854483,21,LOW,7,SupplyGrid-XGBoost-single-v1,0
S041,2028-08-06,0.1244202629,22,LOW,7,SupplyGrid-XGBoost-single-v1,0
S035,2028-08-06,0.1229202226,23,LOW,7,SupplyGrid-XGBoost-single-v1,0
S082,2028-08-06,0.1224226579,24,LOW,7,SupplyGrid-XGBoost-single-v1,1
S006,2028-08-06,0.1220982075,25,LOW,7,SupplyGrid-XGBoost-single-v1,1
S090,2028-08-06,0.1195633709,26,LOW,7,SupplyGrid-XGBoost-single-v1,0
S058,2028-08-06,0.1189547107,27,LOW,7,SupplyGrid-XGBoost-single-v1,0
S009,2028-08-06,0.1182211265,28,LOW,7,SupplyGrid-XGBoost-single-v1,0
S010,2028-08-06,0.1177855805,29,LOW,7,SupplyGrid-XGBoost-single-v1,0
S012,2028-08-06,0.1146162078,30,LOW,7,SupplyGrid-XGBoost-single-v1,0
S077,2028-08-06,0.1131938249,31,LOW,7,SupplyGrid-XGBoost-single-v1,1
S047,2028-08-06,0.1061128527,32,LOW,7,SupplyGrid-XGBoost-single-v1,0
S098,2028-08-06,0.1042701006,33,LOW,7,SupplyGrid-XGBoost-single-v1,0
S034,2028-08-06,0.1009732336,34,LOW,7,SupplyGrid-XGBoost-single-v1,0
S002,2028-08-06,0.09773286432,35,LOW,7,SupplyGrid-XGBoost-single-v1,0
S081,2028-08-06,0.09735630453,36,LOW,7,SupplyGrid-XGBoost-single-v1,1
S052,2028-08-06,0.09350746125,37,LOW,7,SupplyGrid-XGBoost-single-v1,0
S074,2028-08-06,0.09274353087,38,LOW,7,SupplyGrid-XGBoost-single-v1,0
S053,2028-08-06,0.09168503433,39,LOW,7,SupplyGrid-XGBoost-single-v1,1
S069,2028-08-06,0.09093376249,40,LOW,7,SupplyGrid-XGBoost-single-v1,0
S007,2028-08-06,0.08980607986,41,LOW,7,SupplyGrid-XGBoost-single-v1,0
S084,2028-08-06,0.08959265798,42,LOW,7,SupplyGrid-XGBoost-single-v1,0
S062,2028-08-06,0.08957990259,43,LOW,7,SupplyGrid-XGBoost-single-v1,1
S003,2028-08-06,0.08908188343,44,LOW,7,SupplyGrid-XGBoost-single-v1,0
S096,2028-08-06,0.08907793462,45,LOW,7,SupplyGrid-XGBoost-single-v1,0
S085,2028-08-06,0.08900756389,46,LOW,7,SupplyGrid-XGBoost-single-v1,0
S051,2028-08-06,0.08614113927,47,LOW,7,SupplyGrid-XGBoost-single-v1,0
S028,2028-08-06,0.0860594511,48,LOW,7,SupplyGrid-XGBoost-single-v1,0
S095,2028-08-06,0.0848864466,49,LOW,7,SupplyGrid-XGBoost-single-v1,0
S037,2028-08-06,0.08455184102,50,LOW,7,SupplyGrid-XGBoost-single-v1,0
S065,2028-08-06,0.08455184102,51,LOW,7,SupplyGrid-XGBoost-single-v1,1
S048,2028-08-06,0.08347214013,52,LOW,7,SupplyGrid-XGBoost-single-v1,0
S015,2028-08-06,0.08255016804,53,LOW,7,SupplyGrid-XGBoost-single-v1,0
S088,2028-08-06,0.08229663223,54,LOW,7,SupplyGrid-XGBoost-single-v1,0
S029,2028-08-06,0.0822217539,55,LOW,7,SupplyGrid-XGBoost-single-v1,0
S025,2028-08-06,0.08108444512,56,LOW,7,SupplyGrid-XGBoost-single-v1,0
S008,2028-08-06,0.08097200841,57,LOW,7,SupplyGrid-XGBoost-single-v1,0
S020,2028-08-06,0.0801467672,58,LOW,7,SupplyGrid-XGBoost-single-v1,0
S018,2028-08-06,0.08009408414,59,LOW,7,SupplyGrid-XGBoost-single-v1,0
S033,2028-08-06,0.07841116935,60,LOW,7,SupplyGrid-XGBoost-single-v1,0
S054,2028-08-06,0.07812849432,61,LOW,7,SupplyGrid-XGBoost-single-v1,0
S070,2028-08-06,0.07751017064,62,LOW,7,SupplyGrid-XGBoost-single-v1,0
S100,2028-08-06,0.07628402859,63,LOW,7,SupplyGrid-XGBoost-single-v1,0
S093,2028-08-06,0.07613448799,64,LOW,7,SupplyGrid-XGBoost-single-v1,1
S038,2028-08-06,0.07594231516,65,LOW,7,SupplyGrid-XGBoost-single-v1,0
S063,2028-08-06,0.07507242262,66,LOW,7,SupplyGrid-XGBoost-single-v1,0
S030,2028-08-06,0.07478521764,67,LOW,7,SupplyGrid-XGBoost-single-v1,1
S044,2028-08-06,0.07478521764,68,LOW,7,SupplyGrid-XGBoost-single-v1,0
S099,2028-08-06,0.07463242114,69,LOW,7,SupplyGrid-XGBoost-single-v1,0
S091,2028-08-06,0.07437570393,70,LOW,7,SupplyGrid-XGBoost-single-v1,0
S022,2028-08-06,0.07418762147,71,LOW,7,SupplyGrid-XGBoost-single-v1,0
S071,2028-08-06,0.07418762147,72,LOW,7,SupplyGrid-XGBoost-single-v1,0
S097,2028-08-06,0.07364913076,73,LOW,7,SupplyGrid-XGBoost-single-v1,0
S005,2028-08-06,0.07308093458,74,LOW,7,SupplyGrid-XGBoost-single-v1,0
S011,2028-08-06,0.07307767868,75,LOW,7,SupplyGrid-XGBoost-single-v1,0
S064,2028-08-06,0.07261899114,76,LOW,7,SupplyGrid-XGBoost-single-v1,0
S068,2028-08-06,0.07237649709,77,LOW,7,SupplyGrid-XGBoost-single-v1,0
S066,2028-08-06,0.07194329053,78,LOW,7,SupplyGrid-XGBoost-single-v1,0
S045,2028-08-06,0.0717028752,79,LOW,7,SupplyGrid-XGBoost-single-v1,0
S040,2028-08-06,0.07104549557,80,LOW,7,SupplyGrid-XGBoost-single-v1,0
S032,2028-08-06,0.07040574402,81,LOW,7,SupplyGrid-XGBoost-single-v1,0
S004,2028-08-06,0.07003032416,82,LOW,7,SupplyGrid-XGBoost-single-v1,0
S076,2028-08-06,0.06976217777,83,LOW,7,SupplyGrid-XGBoost-single-v1,0
S080,2028-08-06,0.06957180053,84,LOW,7,SupplyGrid-XGBoost-single-v1,0
S017,2028-08-06,0.06943032146,85,LOW,7,SupplyGrid-XGBoost-single-v1,0
S046,2028-08-06,0.06925170124,86,LOW,7,SupplyGrid-XGBoost-single-v1,0
S024,2028-08-06,0.06677560508,87,LOW,7,SupplyGrid-XGBoost-single-v1,0
S027,2028-08-06,0.06628862768,88,LOW,7,SupplyGrid-XGBoost-single-v1,0
S061,2028-08-06,0.06565052271,89,LOW,7,SupplyGrid-XGBoost-single-v1,1
S078,2028-08-06,0.06108986586,90,LOW,7,SupplyGrid-XGBoost-single-v1,0
S075,2028-08-06,0.06023677438,91,LOW,7,SupplyGrid-XGBoost-single-v1,0
S067,2028-08-06,0.05918328092,92,LOW,7,SupplyGrid-XGBoost-single-v1,0
S014,2028-08-06,0.05879281089,93,LOW,7,SupplyGrid-XGBoost-single-v1,0
S049,2028-08-06,0.05879281089,94,LOW,7,SupplyGrid-XGBoost-single-v1,0
S059,2028-08-06,0.05879281089,95,LOW,7,SupplyGrid-XGBoost-single-v1,0
S021,2028-08-06,0.05783374608,96,LOW,7,SupplyGrid-XGBoost-single-v1,0
S073,2028-08-07,0.2045179456,1,HIGH,7,SupplyGrid-XGBoost-single-v1,0
S023,2028-08-07,0.1956379712,2,HIGH,7,SupplyGrid-XGBoost-single-v1,0
S056,2028-08-07,0.1883539408,3,HIGH,7,SupplyGrid-XGBoost-single-v1,0
S060,2028-08-07,0.1775766611,4,HIGH,7,SupplyGrid-XGBoost-single-v1,0
S094,2028-08-07,0.164017722,5,HIGH,7,SupplyGrid-XGBoost-single-v1,0
S087,2028-08-07,0.1502666026,6,HIGH,7,SupplyGrid-XGBoost-single-v1,0
S089,2028-08-07,0.1484998465,7,LOW,7,SupplyGrid-XGBoost-single-v1,0
S001,2028-08-07,0.1471367925,8,LOW,7,SupplyGrid-XGBoost-single-v1,1
S031,2028-08-07,0.1466882527,9,LOW,7,SupplyGrid-XGBoost-single-v1,0
S083,2028-08-07,0.1438404024,10,LOW,7,SupplyGrid-XGBoost-single-v1,0
S043,2028-08-07,0.140334785,11,LOW,7,SupplyGrid-XGBoost-single-v1,0
S072,2028-08-07,0.1338931173,12,LOW,7,SupplyGrid-XGBoost-single-v1,0
S050,2028-08-07,0.1313874274,13,LOW,7,SupplyGrid-XGBoost-single-v1,0
S035,2028-08-07,0.1293341219,14,LOW,7,SupplyGrid-XGBoost-single-v1,1
S006,2028-08-07,0.1286907941,15,LOW,7,SupplyGrid-XGBoost-single-v1,1
S086,2028-08-07,0.1269029975,16,LOW,7,SupplyGrid-XGBoost-single-v1,0
S041,2028-08-07,0.1265131831,17,LOW,7,SupplyGrid-XGBoost-single-v1,0
S013,2028-08-07,0.1246828735,18,LOW,7,SupplyGrid-XGBoost-single-v1,0
S092,2028-08-07,0.1237577647,19,LOW,7,SupplyGrid-XGBoost-single-v1,0
S081,2028-08-07,0.1215559319,20,LOW,7,SupplyGrid-XGBoost-single-v1,1
S039,2028-08-07,0.1213430315,21,LOW,7,SupplyGrid-XGBoost-single-v1,0
S047,2028-08-07,0.1204391196,22,LOW,7,SupplyGrid-XGBoost-single-v1,0
S052,2028-08-07,0.1194973961,23,LOW,7,SupplyGrid-XGBoost-single-v1,0
S090,2028-08-07,0.1172053441,24,LOW,7,SupplyGrid-XGBoost-single-v1,0
S019,2028-08-07,0.1163641363,25,LOW,7,SupplyGrid-XGBoost-single-v1,0
S084,2028-08-07,0.1148308441,26,LOW,7,SupplyGrid-XGBoost-single-v1,0
S012,2028-08-07,0.1146162078,27,LOW,7,SupplyGrid-XGBoost-single-v1,0
S009,2028-08-07,0.1143011376,28,LOW,7,SupplyGrid-XGBoost-single-v1,0
S055,2028-08-07,0.113843739,29,LOW,7,SupplyGrid-XGBoost-single-v1,0
S034,2028-08-07,0.1109456047,30,LOW,7,SupplyGrid-XGBoost-single-v1,0
S030,2028-08-07,0.1056861058,31,LOW,7,SupplyGrid-XGBoost-single-v1,1
S062,2028-08-07,0.1036194488,32,LOW,7,SupplyGrid-XGBoost-single-v1,1
S010,2028-08-07,0.100342229,33,LOW,7,SupplyGrid-XGBoost-single-v1,0
S058,2028-08-07,0.09955394268,34,LOW,7,SupplyGrid-XGBoost-single-v1,0
S069,2028-08-07,0.09852000326,35,LOW,7,SupplyGrid-XGBoost-single-v1,0
S098,2028-08-07,0.09820461273,36,LOW,7,SupplyGrid-XGBoost-single-v1,0
S003,2028-08-07,0.09408282489,37,LOW,7,SupplyGrid-XGBoost-single-v1,0
S011,2028-08-07,0.09397793561,38,LOW,7,SupplyGrid-XGBoost-single-v1,0
S088,2028-08-07,0.09113872796,39,LOW,7,SupplyGrid-XGBoost-single-v1,0
S053,2028-08-07,0.09031727165,40,LOW,7,SupplyGrid-XGBoost-single-v1,1
S071,2028-08-07,0.08752660453,41,LOW,7,SupplyGrid-XGBoost-single-v1,0
S085,2028-08-07,0.0867208913,42,LOW,7,SupplyGrid-XGBoost-single-v1,0
S070,2028-08-07,0.08585968614,43,LOW,7,SupplyGrid-XGBoost-single-v1,0
S029,2028-08-07,0.08542130888,44,LOW,7,SupplyGrid-XGBoost-single-v1,0
S054,2028-08-07,0.08542130888,45,LOW,7,SupplyGrid-XGBoost-single-v1,0
S005,2028-08-07,0.08496987075,46,LOW,7,SupplyGrid-XGBoost-single-v1,0
S096,2028-08-07,0.08476381004,47,LOW,7,SupplyGrid-XGBoost-single-v1,0
S037,2028-08-07,0.08455184102,48,LOW,7,SupplyGrid-XGBoost-single-v1,0
S065,2028-08-07,0.08455184102,49,LOW,7,SupplyGrid-XGBoost-single-v1,1
S048,2028-08-07,0.08347214013,50,LOW,7,SupplyGrid-XGBoost-single-v1,0
S015,2028-08-07,0.08255016804,51,LOW,7,SupplyGrid-XGBoost-single-v1,0
S018,2028-08-07,0.08146454394,52,LOW,7,SupplyGrid-XGBoost-single-v1,0
S074,2028-08-07,0.08132088184,53,LOW,7,SupplyGrid-XGBoost-single-v1,0
S007,2028-08-07,0.0800627172,54,LOW,7,SupplyGrid-XGBoost-single-v1,0
S051,2028-08-07,0.07958831638,55,LOW,7,SupplyGrid-XGBoost-single-v1,0
S028,2028-08-07,0.07891274989,56,LOW,7,SupplyGrid-XGBoost-single-v1,0
S097,2028-08-07,0.07841116935,57,LOW,7,SupplyGrid-XGBoost-single-v1,0
S095,2028-08-07,0.07767195255,58,LOW,7,SupplyGrid-XGBoost-single-v1,0
S049,2028-08-07,0.07711084187,59,LOW,7,SupplyGrid-XGBoost-single-v1,0
S032,2028-08-07,0.07684630156,60,LOW,7,SupplyGrid-XGBoost-single-v1,0
S100,2028-08-07,0.07628402859,61,LOW,7,SupplyGrid-XGBoost-single-v1,0
S099,2028-08-07,0.07613942027,62,LOW,7,SupplyGrid-XGBoost-single-v1,0
S093,2028-08-07,0.07613448799,63,LOW,7,SupplyGrid-XGBoost-single-v1,1
S059,2028-08-07,0.07594231516,64,LOW,7,SupplyGrid-XGBoost-single-v1,0
S063,2028-08-07,0.07507242262,65,LOW,7,SupplyGrid-XGBoost-single-v1,0
S027,2028-08-07,0.07478521764,66,LOW,7,SupplyGrid-XGBoost-single-v1,0
S033,2028-08-07,0.07478521764,67,LOW,7,SupplyGrid-XGBoost-single-v1,0
S091,2028-08-07,0.07437570393,68,LOW,7,SupplyGrid-XGBoost-single-v1,0
S022,2028-08-07,0.07418762147,69,LOW,7,SupplyGrid-XGBoost-single-v1,0
S002,2028-08-07,0.07391697913,70,LOW,7,SupplyGrid-XGBoost-single-v1,0
S044,2028-08-07,0.07364913076,71,LOW,7,SupplyGrid-XGBoost-single-v1,0
S064,2028-08-07,0.07261899114,72,LOW,7,SupplyGrid-XGBoost-single-v1,0
S020,2028-08-07,0.07227936387,73,LOW,7,SupplyGrid-XGBoost-single-v1,0
S068,2028-08-07,0.07069034129,74,LOW,7,SupplyGrid-XGBoost-single-v1,0
S025,2028-08-07,0.07058767974,75,LOW,7,SupplyGrid-XGBoost-single-v1,1
S066,2028-08-07,0.07048037648,76,LOW,7,SupplyGrid-XGBoost-single-v1,0
S061,2028-08-07,0.07016059011,77,LOW,7,SupplyGrid-XGBoost-single-v1,1
S040,2028-08-07,0.06996191293,78,LOW,7,SupplyGrid-XGBoost-single-v1,0
S080,2028-08-07,0.06957180053,79,LOW,7,SupplyGrid-XGBoost-single-v1,0
S046,2028-08-07,0.06925170124,80,LOW,7,SupplyGrid-XGBoost-single-v1,0
S004,2028-08-07,0.06892409921,81,LOW,7,SupplyGrid-XGBoost-single-v1,0
S067,2028-08-07,0.06881898642,82,LOW,7,SupplyGrid-XGBoost-single-v1,0
S017,2028-08-07,0.06766329706,83,LOW,7,SupplyGrid-XGBoost-single-v1,0
S038,2028-08-07,0.06766329706,84,LOW,7,SupplyGrid-XGBoost-single-v1,0
S024,2028-08-07,0.06639971584,85,LOW,7,SupplyGrid-XGBoost-single-v1,0
S076,2028-08-07,0.06363534927,86,LOW,7,SupplyGrid-XGBoost-single-v1,0
S045,2028-08-07,0.06243331358,87,LOW,7,SupplyGrid-XGBoost-single-v1,0
S008,2028-08-07,0.06204521284,88,LOW,7,SupplyGrid-XGBoost-single-v1,0
S078,2028-08-07,0.06108986586,89,LOW,7,SupplyGrid-XGBoost-single-v1,0
S075,2028-08-07,0.06023677438,90,LOW,7,SupplyGrid-XGBoost-single-v1,0
S014,2028-08-07,0.05879281089,91,LOW,7,SupplyGrid-XGBoost-single-v1,0
S021,2028-08-07,0.05783374608,92,LOW,7,SupplyGrid-XGBoost-single-v1,0
S073,2028-08-08,0.2082182318,1,HIGH,7,SupplyGrid-XGBoost-single-v1,0
S060,2028-08-08,0.1853284389,2,HIGH,7,SupplyGrid-XGBoost-single-v1,0
S043,2028-08-08,0.1780292094,3,HIGH,7,SupplyGrid-XGBoost-single-v1,0
S026,2028-08-08,0.1682774127,4,HIGH,7,SupplyGrid-XGBoost-single-v1,1
S023,2028-08-08,0.1614955366,5,HIGH,7,SupplyGrid-XGBoost-single-v1,0
S056,2028-08-08,0.1614788324,6,HIGH,7,SupplyGrid-XGBoost-single-v1,0
S087,2028-08-08,0.1502666026,7,HIGH,7,SupplyGrid-XGBoost-single-v1,0
S089,2028-08-08,0.1484998465,8,LOW,7,SupplyGrid-XGBoost-single-v1,0
S001,2028-08-08,0.1471367925,9,LOW,7,SupplyGrid-XGBoost-single-v1,1
S009,2028-08-08,0.1446018219,10,LOW,7,SupplyGrid-XGBoost-single-v1,0
S083,2028-08-08,0.1438404024,11,LOW,7,SupplyGrid-XGBoost-single-v1,0
S094,2028-08-08,0.1409704983,12,LOW,7,SupplyGrid-XGBoost-single-v1,0
S072,2028-08-08,0.1357945502,13,LOW,7,SupplyGrid-XGBoost-single-v1,0
S034,2028-08-08,0.1320283711,14,LOW,7,SupplyGrid-XGBoost-single-v1,0
S050,2028-08-08,0.1313874274,15,LOW,7,SupplyGrid-XGBoost-single-v1,0
S041,2028-08-08,0.1290310472,16,LOW,7,SupplyGrid-XGBoost-single-v1,1
S086,2028-08-08,0.1278529167,17,LOW,7,SupplyGrid-XGBoost-single-v1,0
S006,2028-08-08,0.1261785775,18,LOW,7,SupplyGrid-XGBoost-single-v1,1
S069,2028-08-08,0.1259114295,19,LOW,7,SupplyGrid-XGBoost-single-v1,0
S047,2028-08-08,0.1221763939,20,LOW,7,SupplyGrid-XGBoost-single-v1,0
S081,2028-08-08,0.1215559319,21,LOW,7,SupplyGrid-XGBoost-single-v1,1
S092,2028-08-08,0.1204283908,22,LOW,7,SupplyGrid-XGBoost-single-v1,0
S084,2028-08-08,0.1196778566,23,LOW,7,SupplyGrid-XGBoost-single-v1,0
S031,2028-08-08,0.1184920371,24,LOW,7,SupplyGrid-XGBoost-single-v1,0
S012,2028-08-08,0.1146162078,25,LOW,7,SupplyGrid-XGBoost-single-v1,0
S062,2028-08-08,0.1146162078,26,LOW,7,SupplyGrid-XGBoost-single-v1,1
S010,2028-08-08,0.1140077487,27,LOW,7,SupplyGrid-XGBoost-single-v1,0
S035,2028-08-08,0.1139183715,28,LOW,7,SupplyGrid-XGBoost-single-v1,1
S090,2028-08-08,0.1133775115,29,LOW,7,SupplyGrid-XGBoost-single-v1,0
S013,2028-08-08,0.1123911068,30,LOW,7,SupplyGrid-XGBoost-single-v1,0
S058,2028-08-08,0.1102567539,31,LOW,7,SupplyGrid-XGBoost-single-v1,0
S070,2028-08-08,0.1060336381,32,LOW,7,SupplyGrid-XGBoost-single-v1,0
S019,2028-08-08,0.1053714454,33,LOW,7,SupplyGrid-XGBoost-single-v1,0
S099,2028-08-08,0.1026823968,34,LOW,7,SupplyGrid-XGBoost-single-v1,0
S055,2028-08-08,0.1000621319,35,LOW,7,SupplyGrid-XGBoost-single-v1,0
S052,2028-08-08,0.09668006748,36,LOW,7,SupplyGrid-XGBoost-single-v1,0
S015,2028-08-08,0.09560368955,37,LOW,7,SupplyGrid-XGBoost-single-v1,0
S011,2028-08-08,0.09431931376,38,LOW,7,SupplyGrid-XGBoost-single-v1,0
S054,2028-08-08,0.09347743541,39,LOW,7,SupplyGrid-XGBoost-single-v1,0
S045,2028-08-08,0.09334292263,40,LOW,7,SupplyGrid-XGBoost-single-v1,0
S003,2028-08-08,0.09059097618,41,LOW,7,SupplyGrid-XGBoost-single-v1,0
S053,2028-08-08,0.09031727165,42,LOW,7,SupplyGrid-XGBoost-single-v1,1
S088,2028-08-08,0.09025628865,43,LOW,7,SupplyGrid-XGBoost-single-v1,0
S039,2028-08-08,0.08952882886,44,LOW,7,SupplyGrid-XGBoost-single-v1,0
S030,2028-08-08,0.08875906467,45,LOW,7,SupplyGrid-XGBoost-single-v1,1
S048,2028-08-08,0.08491575718,46,LOW,7,SupplyGrid-XGBoost-single-v1,0
S095,2028-08-08,0.0848864466,47,LOW,7,SupplyGrid-XGBoost-single-v1,0
S096,2028-08-08,0.08476381004,48,LOW,7,SupplyGrid-XGBoost-single-v1,0
S064,2028-08-08,0.08424630016,49,LOW,7,SupplyGrid-XGBoost-single-v1,0
S002,2028-08-08,0.08297990263,50,LOW,7,SupplyGrid-XGBoost-single-v1,0
S029,2028-08-08,0.0822217539,51,LOW,7,SupplyGrid-XGBoost-single-v1,0
S018,2028-08-08,0.08132088184,52,LOW,7,SupplyGrid-XGBoost-single-v1,0
S007,2028-08-08,0.0800627172,53,LOW,7,SupplyGrid-XGBoost-single-v1,0
S098,2028-08-08,0.0797637254,54,LOW,7,SupplyGrid-XGBoost-single-v1,0
S051,2028-08-08,0.07958831638,55,LOW,7,SupplyGrid-XGBoost-single-v1,0
S071,2028-08-08,0.07882834226,56,LOW,7,SupplyGrid-XGBoost-single-v1,0
S005,2028-08-08,0.07849851251,57,LOW,7,SupplyGrid-XGBoost-single-v1,0
S028,2028-08-08,0.07767792046,58,LOW,7,SupplyGrid-XGBoost-single-v1,0
S033,2028-08-08,0.07667517662,59,LOW,7,SupplyGrid-XGBoost-single-v1,0
S100,2028-08-08,0.07628402859,60,LOW,7,SupplyGrid-XGBoost-single-v1,0
S074,2028-08-08,0.07523819059,61,LOW,7,SupplyGrid-XGBoost-single-v1,0
S063,2028-08-08,0.07507242262,62,LOW,7,SupplyGrid-XGBoost-single-v1,0
S085,2028-08-08,0.07469986379,63,LOW,7,SupplyGrid-XGBoost-single-v1,0
S091,2028-08-08,0.07437570393,64,LOW,7,SupplyGrid-XGBoost-single-v1,0
S022,2028-08-08,0.07418762147,65,LOW,7,SupplyGrid-XGBoost-single-v1,0
S037,2028-08-08,0.07418762147,66,LOW,7,SupplyGrid-XGBoost-single-v1,0
S065,2028-08-08,0.07418762147,67,LOW,7,SupplyGrid-XGBoost-single-v1,1
S097,2028-08-08,0.07364913076,68,LOW,7,SupplyGrid-XGBoost-single-v1,0
S008,2028-08-08,0.07225767523,69,LOW,7,SupplyGrid-XGBoost-single-v1,0
S040,2028-08-08,0.07069034129,70,LOW,7,SupplyGrid-XGBoost-single-v1,0
S025,2028-08-08,0.07058767974,71,LOW,7,SupplyGrid-XGBoost-single-v1,1
S020,2028-08-08,0.06976217777,72,LOW,7,SupplyGrid-XGBoost-single-v1,0
S049,2028-08-08,0.06957180053,73,LOW,7,SupplyGrid-XGBoost-single-v1,0
S059,2028-08-08,0.06957180053,74,LOW,7,SupplyGrid-XGBoost-single-v1,0
S032,2028-08-08,0.06919015199,75,LOW,7,SupplyGrid-XGBoost-single-v1,0
S093,2028-08-08,0.06854399294,76,LOW,7,SupplyGrid-XGBoost-single-v1,1
S017,2028-08-08,0.06836955249,77,LOW,7,SupplyGrid-XGBoost-single-v1,0
S046,2028-08-08,0.06819347292,78,LOW,7,SupplyGrid-XGBoost-single-v1,0
S044,2028-08-08,0.06731943786,79,LOW,7,SupplyGrid-XGBoost-single-v1,0
S024,2028-08-08,0.06716234982,80,LOW,7,SupplyGrid-XGBoost-single-v1,0
S067,2028-08-08,0.06703037024,81,LOW,7,SupplyGrid-XGBoost-single-v1,0
S066,2028-08-08,0.06644427776,82,LOW,7,SupplyGrid-XGBoost-single-v1,0
S076,2028-08-08,0.06363534927,83,LOW,7,SupplyGrid-XGBoost-single-v1,0
S027,2028-08-08,0.06201086938,84,LOW,7,SupplyGrid-XGBoost-single-v1,0
S004,2028-08-08,0.06129372492,85,LOW,7,SupplyGrid-XGBoost-single-v1,0
S078,2028-08-08,0.06108986586,86,LOW,7,SupplyGrid-XGBoost-single-v1,0
S068,2028-08-08,0.06080974638,87,LOW,7,SupplyGrid-XGBoost-single-v1,0
S061,2028-08-08,0.0603492111,88,LOW,7,SupplyGrid-XGBoost-single-v1,1
S075,2028-08-08,0.06023677438,89,LOW,7,SupplyGrid-XGBoost-single-v1,0
S014,2028-08-08,0.05879281089,90,LOW,7,SupplyGrid-XGBoost-single-v1,0
S038,2028-08-08,0.05879281089,91,LOW,7,SupplyGrid-XGBoost-single-v1,0
S080,2028-08-08,0.05879281089,92,LOW,7,SupplyGrid-XGBoost-single-v1,0
S021,2028-08-08,0.05783374608,93,LOW,7,SupplyGrid-XGBoost-single-v1,1
S073,2028-08-09,0.1975950152,1,HIGH,7,SupplyGrid-XGBoost-single-v1,0
S060,2028-08-09,0.1599845141,2,HIGH,7,SupplyGrid-XGBoost-single-v1,0
S026,2028-08-09,0.159754023,3,HIGH,7,SupplyGrid-XGBoost-single-v1,1
S057,2028-08-09,0.1587670445,4,HIGH,7,SupplyGrid-XGBoost-single-v1,0
S043,2028-08-09,0.1573437899,5,HIGH,7,SupplyGrid-XGBoost-single-v1,0
S006,2028-08-09,0.1571978927,6,HIGH,7,SupplyGrid-XGBoost-single-v1,1
S083,2028-08-09,0.1558721811,7,HIGH,7,SupplyGrid-XGBoost-single-v1,0
S009,2028-08-09,0.1551311761,8,HIGH,7,SupplyGrid-XGBoost-single-v1,0
S082,2028-08-09,0.1517917067,9,HIGH,7,SupplyGrid-XGBoost-single-v1,1
S087,2028-08-09,0.1502666026,10,HIGH,7,SupplyGrid-XGBoost-single-v1,0
S089,2028-08-09,0.1484998465,11,LOW,7,SupplyGrid-XGBoost-single-v1,0
S023,2028-08-09,0.1431747973,12,LOW,7,SupplyGrid-XGBoost-single-v1,0
S081,2028-08-09,0.1429190487,13,LOW,7,SupplyGrid-XGBoost-single-v1,1
S056,2028-08-09,0.1421006769,14,LOW,7,SupplyGrid-XGBoost-single-v1,0
S084,2028-08-09,0.1407637745,15,LOW,7,SupplyGrid-XGBoost-single-v1,0
S050,2028-08-09,0.1313874274,16,LOW,7,SupplyGrid-XGBoost-single-v1,1
S036,2028-08-09,0.1296716928,17,LOW,7,SupplyGrid-XGBoost-single-v1,0
S031,2028-08-09,0.1262185723,18,LOW,7,SupplyGrid-XGBoost-single-v1,0
S052,2028-08-09,0.1245906651,19,LOW,7,SupplyGrid-XGBoost-single-v1,0
S035,2028-08-09,0.1229202226,20,LOW,7,SupplyGrid-XGBoost-single-v1,1
S072,2028-08-09,0.1228779778,21,LOW,7,SupplyGrid-XGBoost-single-v1,0
S041,2028-08-09,0.1224235147,22,LOW,7,SupplyGrid-XGBoost-single-v1,1
S034,2028-08-09,0.1217617318,23,LOW,7,SupplyGrid-XGBoost-single-v1,0
S086,2028-08-09,0.1204807758,24,LOW,7,SupplyGrid-XGBoost-single-v1,0
S094,2028-08-09,0.117511645,25,LOW,7,SupplyGrid-XGBoost-single-v1,0
S010,2028-08-09,0.1140077487,26,LOW,7,SupplyGrid-XGBoost-single-v1,0
S090,2028-08-09,0.1139323711,27,LOW,7,SupplyGrid-XGBoost-single-v1,0
S047,2028-08-09,0.1136068627,28,LOW,7,SupplyGrid-XGBoost-single-v1,0
S015,2028-08-09,0.1124416292,29,LOW,7,SupplyGrid-XGBoost-single-v1,0
S069,2028-08-09,0.1094141081,30,LOW,7,SupplyGrid-XGBoost-single-v1,0
S058,2028-08-09,0.1083501354,31,LOW,7,SupplyGrid-XGBoost-single-v1,0
S092,2028-08-09,0.107955277,32,LOW,7,SupplyGrid-XGBoost-single-v1,0
S001,2028-08-09,0.1073746234,33,LOW,7,SupplyGrid-XGBoost-single-v1,1
S070,2028-08-09,0.1060336381,34,LOW,7,SupplyGrid-XGBoost-single-v1,0
S030,2028-08-09,0.1056861058,35,LOW,7,SupplyGrid-XGBoost-single-v1,1
S054,2028-08-09,0.1055041626,36,LOW,7,SupplyGrid-XGBoost-single-v1,0
S012,2028-08-09,0.1053714454,37,LOW,7,SupplyGrid-XGBoost-single-v1,0
S062,2028-08-09,0.1049946994,38,LOW,7,SupplyGrid-XGBoost-single-v1,1
S011,2028-08-09,0.1027057469,39,LOW,7,SupplyGrid-XGBoost-single-v1,0
S019,2028-08-09,0.1025891602,40,LOW,7,SupplyGrid-XGBoost-single-v1,0
S013,2028-08-09,0.1025371924,41,LOW,7,SupplyGrid-XGBoost-single-v1,0
S039,2028-08-09,0.09955394268,42,LOW,7,SupplyGrid-XGBoost-single-v1,0
S003,2028-08-09,0.09059097618,43,LOW,7,SupplyGrid-XGBoost-single-v1,0
S053,2028-08-09,0.09031727165,44,LOW,7,SupplyGrid-XGBoost-single-v1,1
S085,2028-08-09,0.0867208913,45,LOW,7,SupplyGrid-XGBoost-single-v1,0
S045,2028-08-09,0.08592578769,46,LOW,7,SupplyGrid-XGBoost-single-v1,0
S064,2028-08-09,0.0857020542,47,LOW,7,SupplyGrid-XGBoost-single-v1,0
S099,2028-08-09,0.08525363356,48,LOW,7,SupplyGrid-XGBoost-single-v1,0
S063,2028-08-09,0.08506586403,49,LOW,7,SupplyGrid-XGBoost-single-v1,0
S096,2028-08-09,0.08476381004,50,LOW,7,SupplyGrid-XGBoost-single-v1,0
S025,2028-08-09,0.08108444512,51,LOW,7,SupplyGrid-XGBoost-single-v1,1
S071,2028-08-09,0.07911343127,52,LOW,7,SupplyGrid-XGBoost-single-v1,0
S007,2028-08-09,0.07885327935,53,LOW,7,SupplyGrid-XGBoost-single-v1,0
S098,2028-08-09,0.07884262502,54,LOW,7,SupplyGrid-XGBoost-single-v1,0
S005,2028-08-09,0.07849851251,55,LOW,7,SupplyGrid-XGBoost-single-v1,0
S055,2028-08-09,0.07792514563,56,LOW,7,SupplyGrid-XGBoost-single-v1,0
S095,2028-08-09,0.07782883942,57,LOW,7,SupplyGrid-XGBoost-single-v1,0
S028,2028-08-09,0.07767792046,58,LOW,7,SupplyGrid-XGBoost-single-v1,0
S093,2028-08-09,0.07752349973,59,LOW,7,SupplyGrid-XGBoost-single-v1,1
S074,2028-08-09,0.07740580291,60,LOW,7,SupplyGrid-XGBoost-single-v1,0
S029,2028-08-09,0.07711084187,61,LOW,7,SupplyGrid-XGBoost-single-v1,0
S100,2028-08-09,0.07628402859,62,LOW,7,SupplyGrid-XGBoost-single-v1,0
S088,2028-08-09,0.07620960474,63,LOW,7,SupplyGrid-XGBoost-single-v1,0
S059,2028-08-09,0.07594231516,64,LOW,7,SupplyGrid-XGBoost-single-v1,0
S091,2028-08-09,0.07437570393,65,LOW,7,SupplyGrid-XGBoost-single-v1,0
S022,2028-08-09,0.07418762147,66,LOW,7,SupplyGrid-XGBoost-single-v1,0
S037,2028-08-09,0.07418762147,67,LOW,7,SupplyGrid-XGBoost-single-v1,0
S002,2028-08-09,0.07391697913,68,LOW,7,SupplyGrid-XGBoost-single-v1,0
S027,2028-08-09,0.07364913076,69,LOW,7,SupplyGrid-XGBoost-single-v1,0
S044,2028-08-09,0.07364913076,70,LOW,7,SupplyGrid-XGBoost-single-v1,0
S051,2028-08-09,0.07293610275,71,LOW,7,SupplyGrid-XGBoost-single-v1,0
S048,2028-08-09,0.07194329053,72,LOW,7,SupplyGrid-XGBoost-single-v1,0
S061,2028-08-09,0.07139191031,73,LOW,7,SupplyGrid-XGBoost-single-v1,1
S040,2028-08-09,0.07069034129,74,LOW,7,SupplyGrid-XGBoost-single-v1,0
S032,2028-08-09,0.07040574402,75,LOW,7,SupplyGrid-XGBoost-single-v1,0
S020,2028-08-09,0.06976217777,76,LOW,7,SupplyGrid-XGBoost-single-v1,0
S068,2028-08-09,0.06904631108,77,LOW,7,SupplyGrid-XGBoost-single-v1,0
S046,2028-08-09,0.06819347292,78,LOW,7,SupplyGrid-XGBoost-single-v1,0
S024,2028-08-09,0.06766329706,79,LOW,7,SupplyGrid-XGBoost-single-v1,0
S033,2028-08-09,0.06731943786,80,LOW,7,SupplyGrid-XGBoost-single-v1,0
S067,2028-08-09,0.06336597353,81,LOW,7,SupplyGrid-XGBoost-single-v1,0
S076,2028-08-09,0.06204521284,82,LOW,7,SupplyGrid-XGBoost-single-v1,0
S008,2028-08-09,0.06108986586,83,LOW,7,SupplyGrid-XGBoost-single-v1,0
S078,2028-08-09,0.06108986586,84,LOW,7,SupplyGrid-XGBoost-single-v1,0
S049,2028-08-09,0.06094012409,85,LOW,7,SupplyGrid-XGBoost-single-v1,0
S004,2028-08-09,0.0603492111,86,LOW,7,SupplyGrid-XGBoost-single-v1,0
S075,2028-08-09,0.06023677438,87,LOW,7,SupplyGrid-XGBoost-single-v1,0
S017,2028-08-09,0.05971450731,88,LOW,7,SupplyGrid-XGBoost-single-v1,0
S014,2028-08-09,0.05879281089,89,LOW,7,SupplyGrid-XGBoost-single-v1,0
S038,2028-08-09,0.05879281089,90,LOW,7,SupplyGrid-XGBoost-single-v1,0
S080,2028-08-09,0.05879281089,91,LOW,7,SupplyGrid-XGBoost-single-v1,0
S018,2028-08-09,0.05823766813,92,LOW,7,SupplyGrid-XGBoost-single-v1,0
S066,2028-08-09,0.05791208893,93,LOW,7,SupplyGrid-XGBoost-single-v1,0
S021,2028-08-09,0.05783374608,94,LOW,7,SupplyGrid-XGBoost-single-v1,1
S097,2028-08-09,0.0569855459,95,LOW,7,SupplyGrid-XGBoost-single-v1,0
S060,2028-08-10,0.1812861413,1,HIGH,7,SupplyGrid-XGBoost-single-v1,0
S073,2028-08-10,0.1705724597,2,HIGH,7,SupplyGrid-XGBoost-single-v1,0
S057,2028-08-10,0.1701227576,3,HIGH,7,SupplyGrid-XGBoost-single-v1,0
S079,2028-08-10,0.1655807346,4,HIGH,7,SupplyGrid-XGBoost-single-v1,0
S006,2028-08-10,0.1594009399,5,HIGH,7,SupplyGrid-XGBoost-single-v1,1
S077,2028-08-10,0.1558548659,6,HIGH,7,SupplyGrid-XGBoost-single-v1,0
S072,2028-08-10,0.1523507386,7,HIGH,7,SupplyGrid-XGBoost-single-v1,0
S082,2028-08-10,0.1517917067,8,HIGH,7,SupplyGrid-XGBoost-single-v1,1
S089,2028-08-10,0.1484998465,9,LOW,7,SupplyGrid-XGBoost-single-v1,0
S087,2028-08-10,0.1481973231,10,LOW,7,SupplyGrid-XGBoost-single-v1,0
S056,2028-08-10,0.1421006769,11,LOW,7,SupplyGrid-XGBoost-single-v1,0
S084,2028-08-10,0.1407637745,12,LOW,7,SupplyGrid-XGBoost-single-v1,0
S043,2028-08-10,0.1400627345,13,LOW,7,SupplyGrid-XGBoost-single-v1,0
S016,2028-08-10,0.1396227479,14,LOW,7,SupplyGrid-XGBoost-single-v1,0
S047,2028-08-10,0.1382436752,15,LOW,7,SupplyGrid-XGBoost-single-v1,0
S052,2028-08-10,0.1352666616,16,LOW,7,SupplyGrid-XGBoost-single-v1,0
S081,2028-08-10,0.1341765374,17,LOW,7,SupplyGrid-XGBoost-single-v1,1
S050,2028-08-10,0.1313874274,18,LOW,7,SupplyGrid-XGBoost-single-v1,1
S023,2028-08-10,0.1300445199,19,LOW,7,SupplyGrid-XGBoost-single-v1,0
S035,2028-08-10,0.1274835169,20,LOW,7,SupplyGrid-XGBoost-single-v1,1
S092,2028-08-10,0.1241089925,21,LOW,7,SupplyGrid-XGBoost-single-v1,0
S083,2028-08-10,0.1230768487,22,LOW,7,SupplyGrid-XGBoost-single-v1,0
S009,2028-08-10,0.1221383736,23,LOW,7,SupplyGrid-XGBoost-single-v1,0
S030,2028-08-10,0.1199624538,24,LOW,7,SupplyGrid-XGBoost-single-v1,1
S090,2028-08-10,0.1197588071,25,LOW,7,SupplyGrid-XGBoost-single-v1,0
S094,2028-08-10,0.1193237528,26,LOW,7,SupplyGrid-XGBoost-single-v1,0
S042,2028-08-10,0.117936857,27,LOW,7,SupplyGrid-XGBoost-single-v1,0
S086,2028-08-10,0.1176486164,28,LOW,7,SupplyGrid-XGBoost-single-v1,0
S036,2028-08-10,0.1165586933,29,LOW,7,SupplyGrid-XGBoost-single-v1,0
S031,2028-08-10,0.1157504693,30,LOW,7,SupplyGrid-XGBoost-single-v1,0
S034,2028-08-10,0.1131938249,31,LOW,7,SupplyGrid-XGBoost-single-v1,0
S069,2028-08-10,0.1094141081,32,LOW,7,SupplyGrid-XGBoost-single-v1,0
S001,2028-08-10,0.1073746234,33,LOW,7,SupplyGrid-XGBoost-single-v1,1
S070,2028-08-10,0.1060336381,34,LOW,7,SupplyGrid-XGBoost-single-v1,0
S015,2028-08-10,0.1058501974,35,LOW,7,SupplyGrid-XGBoost-single-v1,0
S041,2028-08-10,0.1056492403,36,LOW,7,SupplyGrid-XGBoost-single-v1,1
S012,2028-08-10,0.1053714454,37,LOW,7,SupplyGrid-XGBoost-single-v1,0
S013,2028-08-10,0.1024841815,38,LOW,7,SupplyGrid-XGBoost-single-v1,0
S085,2028-08-10,0.1001991332,39,LOW,7,SupplyGrid-XGBoost-single-v1,0
S058,2028-08-10,0.09955394268,40,LOW,7,SupplyGrid-XGBoost-single-v1,0
S039,2028-08-10,0.09690858424,41,LOW,7,SupplyGrid-XGBoost-single-v1,0
S099,2028-08-10,0.09593132138,42,LOW,7,SupplyGrid-XGBoost-single-v1,0
S011,2028-08-10,0.09273204207,43,LOW,7,SupplyGrid-XGBoost-single-v1,0
S055,2028-08-10,0.09031929821,44,LOW,7,SupplyGrid-XGBoost-single-v1,0
S053,2028-08-10,0.09031727165,45,LOW,7,SupplyGrid-XGBoost-single-v1,1
S019,2028-08-10,0.08957990259,46,LOW,7,SupplyGrid-XGBoost-single-v1,0
S063,2028-08-10,0.08909476548,47,LOW,7,SupplyGrid-XGBoost-single-v1,0
S003,2028-08-10,0.08908188343,48,LOW,7,SupplyGrid-XGBoost-single-v1,0
S054,2028-08-10,0.08542130888,49,LOW,7,SupplyGrid-XGBoost-single-v1,0
S096,2028-08-10,0.08476381004,50,LOW,7,SupplyGrid-XGBoost-single-v1,0
S025,2028-08-10,0.0833376646,51,LOW,7,SupplyGrid-XGBoost-single-v1,1
S032,2028-08-10,0.08319376409,52,LOW,7,SupplyGrid-XGBoost-single-v1,0
S044,2028-08-10,0.08286756277,53,LOW,7,SupplyGrid-XGBoost-single-v1,0
S045,2028-08-10,0.08235076815,54,LOW,7,SupplyGrid-XGBoost-single-v1,0
S007,2028-08-10,0.0800627172,55,LOW,7,SupplyGrid-XGBoost-single-v1,0
S010,2028-08-10,0.07976030558,56,LOW,7,SupplyGrid-XGBoost-single-v1,0
S027,2028-08-10,0.07975530624,57,LOW,7,SupplyGrid-XGBoost-single-v1,0
S051,2028-08-10,0.07958831638,58,LOW,7,SupplyGrid-XGBoost-single-v1,0
S005,2028-08-10,0.07849851251,59,LOW,7,SupplyGrid-XGBoost-single-v1,0
S098,2028-08-10,0.07806901634,60,LOW,7,SupplyGrid-XGBoost-single-v1,0
S095,2028-08-10,0.07782883942,61,LOW,7,SupplyGrid-XGBoost-single-v1,0
S100,2028-08-10,0.07628402859,62,LOW,7,SupplyGrid-XGBoost-single-v1,0
S093,2028-08-10,0.07613448799,63,LOW,7,SupplyGrid-XGBoost-single-v1,1
S028,2028-08-10,0.07548544556,64,LOW,7,SupplyGrid-XGBoost-single-v1,0
S067,2028-08-10,0.07523819059,65,LOW,7,SupplyGrid-XGBoost-single-v1,0
S074,2028-08-10,0.07523819059,66,LOW,7,SupplyGrid-XGBoost-single-v1,0
S091,2028-08-10,0.07437570393,67,LOW,7,SupplyGrid-XGBoost-single-v1,0
S022,2028-08-10,0.07418762147,68,LOW,7,SupplyGrid-XGBoost-single-v1,0
S037,2028-08-10,0.07418762147,69,LOW,7,SupplyGrid-XGBoost-single-v1,0
S002,2028-08-10,0.07391697913,70,LOW,7,SupplyGrid-XGBoost-single-v1,0
S064,2028-08-10,0.07261899114,71,LOW,7,SupplyGrid-XGBoost-single-v1,0
S048,2028-08-10,0.07194329053,72,LOW,7,SupplyGrid-XGBoost-single-v1,0
S040,2028-08-10,0.07069034129,73,LOW,7,SupplyGrid-XGBoost-single-v1,0
S061,2028-08-10,0.07016059011,74,LOW,7,SupplyGrid-XGBoost-single-v1,1
S071,2028-08-10,0.06981700659,75,LOW,7,SupplyGrid-XGBoost-single-v1,0
S020,2028-08-10,0.06976217777,76,LOW,7,SupplyGrid-XGBoost-single-v1,0
S088,2028-08-10,0.06901211292,77,LOW,7,SupplyGrid-XGBoost-single-v1,0
S021,2028-08-10,0.06844970584,78,LOW,7,SupplyGrid-XGBoost-single-v1,1
S038,2028-08-10,0.06836955249,79,LOW,7,SupplyGrid-XGBoost-single-v1,0
S046,2028-08-10,0.06819347292,80,LOW,7,SupplyGrid-XGBoost-single-v1,0
S029,2028-08-10,0.06639971584,81,LOW,7,SupplyGrid-XGBoost-single-v1,0
S068,2028-08-10,0.06176098436,82,LOW,7,SupplyGrid-XGBoost-single-v1,0
S008,2028-08-10,0.06108986586,83,LOW,7,SupplyGrid-XGBoost-single-v1,0
S076,2028-08-10,0.06108986586,84,LOW,7,SupplyGrid-XGBoost-single-v1,0
S078,2028-08-10,0.06108986586,85,LOW,7,SupplyGrid-XGBoost-single-v1,0
S004,2028-08-10,0.0603492111,86,LOW,7,SupplyGrid-XGBoost-single-v1,0
S075,2028-08-10,0.06023677438,87,LOW,7,SupplyGrid-XGBoost-single-v1,0
S033,2028-08-10,0.0593708083,88,LOW,7,SupplyGrid-XGBoost-single-v1,0
S014,2028-08-10,0.05879281089,89,LOW,7,SupplyGrid-XGBoost-single-v1,0
S017,2028-08-10,0.05879281089,90,LOW,7,SupplyGrid-XGBoost-single-v1,0
S024,2028-08-10,0.05879281089,91,LOW,7,SupplyGrid-XGBoost-single-v1,0
S049,2028-08-10,0.05879281089,92,LOW,7,SupplyGrid-XGBoost-single-v1,0
S059,2028-08-10,0.05879281089,93,LOW,7,SupplyGrid-XGBoost-single-v1,0
S080,2028-08-10,0.05879281089,94,LOW,7,SupplyGrid-XGBoost-single-v1,0
S018,2028-08-10,0.05823766813,95,LOW,7,SupplyGrid-XGBoost-single-v1,0
S066,2028-08-10,0.05791208893,96,LOW,7,SupplyGrid-XGBoost-single-v1,0
S097,2028-08-10,0.0569855459,97,LOW,7,SupplyGrid-XGBoost-single-v1,0
S073,2028-08-11,0.1730889976,1,HIGH,7,SupplyGrid-XGBoost-single-v1,0
S079,2028-08-11,0.1655807346,2,HIGH,7,SupplyGrid-XGBoost-single-v1,0
S087,2028-08-11,0.1602861732,3,HIGH,7,SupplyGrid-XGBoost-single-v1,0
S082,2028-08-11,0.1517917067,4,HIGH,7,SupplyGrid-XGBoost-single-v1,1
S057,2028-08-11,0.1509005278,5,HIGH,7,SupplyGrid-XGBoost-single-v1,0
S077,2028-08-11,0.1509005278,6,HIGH,7,SupplyGrid-XGBoost-single-v1,0
S089,2028-08-11,0.1484998465,7,LOW,7,SupplyGrid-XGBoost-single-v1,0
S052,2028-08-11,0.1456780881,8,LOW,7,SupplyGrid-XGBoost-single-v1,0
S006,2028-08-11,0.1422071159,9,LOW,7,SupplyGrid-XGBoost-single-v1,1
S084,2028-08-11,0.1407637745,10,LOW,7,SupplyGrid-XGBoost-single-v1,0
S047,2028-08-11,0.1382436752,11,LOW,7,SupplyGrid-XGBoost-single-v1,0
S043,2028-08-11,0.1338931173,12,LOW,7,SupplyGrid-XGBoost-single-v1,0
S086,2028-08-11,0.1333806217,13,LOW,7,SupplyGrid-XGBoost-single-v1,0
S050,2028-08-11,0.1313874274,14,LOW,7,SupplyGrid-XGBoost-single-v1,1
S009,2028-08-11,0.130656153,15,LOW,7,SupplyGrid-XGBoost-single-v1,0
S083,2028-08-11,0.1290659606,16,LOW,7,SupplyGrid-XGBoost-single-v1,0
S035,2028-08-11,0.1276916564,17,LOW,7,SupplyGrid-XGBoost-single-v1,1
S081,2028-08-11,0.1254350096,18,LOW,7,SupplyGrid-XGBoost-single-v1,1
S016,2028-08-11,0.1253432333,19,LOW,7,SupplyGrid-XGBoost-single-v1,0
S090,2028-08-11,0.122159943,20,LOW,7,SupplyGrid-XGBoost-single-v1,0
S060,2028-08-11,0.1221473217,21,LOW,7,SupplyGrid-XGBoost-single-v1,0
S034,2028-08-11,0.1217617318,22,LOW,7,SupplyGrid-XGBoost-single-v1,0
S072,2028-08-11,0.1217289791,23,LOW,7,SupplyGrid-XGBoost-single-v1,0
S056,2028-08-11,0.1183074787,24,LOW,7,SupplyGrid-XGBoost-single-v1,0
S023,2028-08-11,0.1179919019,25,LOW,7,SupplyGrid-XGBoost-single-v1,0
S092,2028-08-11,0.1166545451,26,LOW,7,SupplyGrid-XGBoost-single-v1,0
S012,2028-08-11,0.1146162078,27,LOW,7,SupplyGrid-XGBoost-single-v1,0
S036,2028-08-11,0.1146088392,28,LOW,7,SupplyGrid-XGBoost-single-v1,0
S030,2028-08-11,0.1115050837,29,LOW,7,SupplyGrid-XGBoost-single-v1,1
S094,2028-08-11,0.1105521321,30,LOW,7,SupplyGrid-XGBoost-single-v1,0
S041,2028-08-11,0.1097549424,31,LOW,7,SupplyGrid-XGBoost-single-v1,1
S069,2028-08-11,0.1094141081,32,LOW,7,SupplyGrid-XGBoost-single-v1,0
S001,2028-08-11,0.1073746234,33,LOW,7,SupplyGrid-XGBoost-single-v1,1
S055,2028-08-11,0.1063359752,34,LOW,7,SupplyGrid-XGBoost-single-v1,0
S031,2028-08-11,0.1033921316,35,LOW,7,SupplyGrid-XGBoost-single-v1,0
S063,2028-08-11,0.1020414531,36,LOW,7,SupplyGrid-XGBoost-single-v1,0
S013,2028-08-11,0.1009732336,37,LOW,7,SupplyGrid-XGBoost-single-v1,0
S045,2028-08-11,0.09973134845,38,LOW,7,SupplyGrid-XGBoost-single-v1,0
S058,2028-08-11,0.09955394268,39,LOW,7,SupplyGrid-XGBoost-single-v1,0
S015,2028-08-11,0.09723485261,40,LOW,7,SupplyGrid-XGBoost-single-v1,0
S051,2028-08-11,0.09644640982,41,LOW,7,SupplyGrid-XGBoost-single-v1,0
S099,2028-08-11,0.09593132138,42,LOW,7,SupplyGrid-XGBoost-single-v1,0
S019,2028-08-11,0.09411393851,43,LOW,7,SupplyGrid-XGBoost-single-v1,0
S003,2028-08-11,0.09408282489,44,LOW,7,SupplyGrid-XGBoost-single-v1,0
S070,2028-08-11,0.09257459641,45,LOW,7,SupplyGrid-XGBoost-single-v1,0
S085,2028-08-11,0.09160259366,46,LOW,7,SupplyGrid-XGBoost-single-v1,0
S067,2028-08-11,0.0912662223,47,LOW,7,SupplyGrid-XGBoost-single-v1,0
S025,2028-08-11,0.09084559977,48,LOW,7,SupplyGrid-XGBoost-single-v1,1
S027,2028-08-11,0.0907067135,49,LOW,7,SupplyGrid-XGBoost-single-v1,0
S053,2028-08-11,0.09031727165,50,LOW,7,SupplyGrid-XGBoost-single-v1,1
S054,2028-08-11,0.08888464421,51,LOW,7,SupplyGrid-XGBoost-single-v1,0
S100,2028-08-11,0.08844219148,52,LOW,7,SupplyGrid-XGBoost-single-v1,1
S042,2028-08-11,0.0867273286,53,LOW,7,SupplyGrid-XGBoost-single-v1,0
S091,2028-08-11,0.08625811338,54,LOW,7,SupplyGrid-XGBoost-single-v1,0
S095,2028-08-11,0.0848864466,55,LOW,7,SupplyGrid-XGBoost-single-v1,0
S011,2028-08-11,0.08477170765,56,LOW,7,SupplyGrid-XGBoost-single-v1,0
S028,2028-08-11,0.08472309262,57,LOW,7,SupplyGrid-XGBoost-single-v1,0
S039,2028-08-11,0.08455184102,58,LOW,7,SupplyGrid-XGBoost-single-v1,0
S061,2028-08-11,0.08334815502,59,LOW,7,SupplyGrid-XGBoost-single-v1,1
S032,2028-08-11,0.08319376409,60,LOW,7,SupplyGrid-XGBoost-single-v1,0
S020,2028-08-11,0.08237627149,61,LOW,7,SupplyGrid-XGBoost-single-v1,0
S007,2028-08-11,0.0800627172,62,LOW,7,SupplyGrid-XGBoost-single-v1,0
S010,2028-08-11,0.07883927226,63,LOW,7,SupplyGrid-XGBoost-single-v1,0
S040,2028-08-11,0.07849851251,64,LOW,7,SupplyGrid-XGBoost-single-v1,0
S044,2028-08-11,0.07841116935,65,LOW,7,SupplyGrid-XGBoost-single-v1,0
S098,2028-08-11,0.07806901634,66,LOW,7,SupplyGrid-XGBoost-single-v1,0
S093,2028-08-11,0.07613448799,67,LOW,7,SupplyGrid-XGBoost-single-v1,1
S038,2028-08-11,0.07594231516,68,LOW,7,SupplyGrid-XGBoost-single-v1,0
S074,2028-08-11,0.07523819059,69,LOW,7,SupplyGrid-XGBoost-single-v1,0
S096,2028-08-11,0.07437570393,70,LOW,7,SupplyGrid-XGBoost-single-v1,0
S022,2028-08-11,0.07418762147,71,LOW,7,SupplyGrid-XGBoost-single-v1,0
S037,2028-08-11,0.07418762147,72,LOW,7,SupplyGrid-XGBoost-single-v1,0
S002,2028-08-11,0.07279304415,73,LOW,7,SupplyGrid-XGBoost-single-v1,0
S064,2028-08-11,0.07261899114,74,LOW,7,SupplyGrid-XGBoost-single-v1,0
S048,2028-08-11,0.07194329053,75,LOW,7,SupplyGrid-XGBoost-single-v1,0
S029,2028-08-11,0.07108871639,76,LOW,7,SupplyGrid-XGBoost-single-v1,0
S024,2028-08-11,0.0700045228,77,LOW,7,SupplyGrid-XGBoost-single-v1,0
S008,2028-08-11,0.06936156005,78,LOW,7,SupplyGrid-XGBoost-single-v1,0
S088,2028-08-11,0.06901211292,79,LOW,7,SupplyGrid-XGBoost-single-v1,0
S059,2028-08-11,0.06766329706,80,LOW,7,SupplyGrid-XGBoost-single-v1,0
S046,2028-08-11,0.06755594164,81,LOW,7,SupplyGrid-XGBoost-single-v1,0
S021,2028-08-11,0.06726545095,82,LOW,7,SupplyGrid-XGBoost-single-v1,1
S076,2028-08-11,0.06108986586,83,LOW,7,SupplyGrid-XGBoost-single-v1,0
S078,2028-08-11,0.06108986586,84,LOW,7,SupplyGrid-XGBoost-single-v1,0
S005,2028-08-11,0.06080974638,85,LOW,7,SupplyGrid-XGBoost-single-v1,0
S068,2028-08-11,0.06080974638,86,LOW,7,SupplyGrid-XGBoost-single-v1,0
S071,2028-08-11,0.06068255752,87,LOW,7,SupplyGrid-XGBoost-single-v1,0
S004,2028-08-11,0.0603492111,88,LOW,7,SupplyGrid-XGBoost-single-v1,0
S075,2028-08-11,0.06023677438,89,LOW,7,SupplyGrid-XGBoost-single-v1,0
S033,2028-08-11,0.0593708083,90,LOW,7,SupplyGrid-XGBoost-single-v1,0
S014,2028-08-11,0.05879281089,91,LOW,7,SupplyGrid-XGBoost-single-v1,0
S017,2028-08-11,0.05879281089,92,LOW,7,SupplyGrid-XGBoost-single-v1,0
S049,2028-08-11,0.05879281089,93,LOW,7,SupplyGrid-XGBoost-single-v1,0
S080,2028-08-11,0.05879281089,94,LOW,7,SupplyGrid-XGBoost-single-v1,0
S018,2028-08-11,0.05823766813,95,LOW,7,SupplyGrid-XGBoost-single-v1,0
S066,2028-08-11,0.0569855459,96,LOW,7,SupplyGrid-XGBoost-single-v1,0
S097,2028-08-11,0.0569855459,97,LOW,7,SupplyGrid-XGBoost-single-v1,0
S087,2028-08-12,0.1959817261,1,HIGH,7,SupplyGrid-XGBoost-single-v1,0
S079,2028-08-12,0.1655807346,2,HIGH,7,SupplyGrid-XGBoost-single-v1,0
S077,2028-08-12,0.158298552,3,HIGH,7,SupplyGrid-XGBoost-single-v1,0
S073,2028-08-12,0.1558571607,4,HIGH,7,SupplyGrid-XGBoost-single-v1,0
S035,2028-08-12,0.1546356231,5,HIGH,7,SupplyGrid-XGBoost-single-v1,1
S057,2028-08-12,0.1532806754,6,HIGH,7,SupplyGrid-XGBoost-single-v1,0
S082,2028-08-12,0.1517917067,7,HIGH,7,SupplyGrid-XGBoost-single-v1,1
S072,2028-08-12,0.1507771462,8,HIGH,7,SupplyGrid-XGBoost-single-v1,0
S050,2028-08-12,0.1476804316,9,LOW,7,SupplyGrid-XGBoost-single-v1,1
S083,2028-08-12,0.1438404024,10,LOW,7,SupplyGrid-XGBoost-single-v1,0
S047,2028-08-12,0.1425761133,11,LOW,7,SupplyGrid-XGBoost-single-v1,0
S062,2028-08-12,0.1411901861,12,LOW,7,SupplyGrid-XGBoost-single-v1,0
S084,2028-08-12,0.1407637745,13,LOW,7,SupplyGrid-XGBoost-single-v1,0
S016,2028-08-12,0.1396227479,14,LOW,7,SupplyGrid-XGBoost-single-v1,0
S090,2028-08-12,0.1376221925,15,LOW,7,SupplyGrid-XGBoost-single-v1,0
S089,2028-08-12,0.1304370761,16,LOW,7,SupplyGrid-XGBoost-single-v1,0
S023,2028-08-12,0.1281852871,17,LOW,7,SupplyGrid-XGBoost-single-v1,0
S099,2028-08-12,0.1266113371,18,LOW,7,SupplyGrid-XGBoost-single-v1,0
S056,2028-08-12,0.125565663,19,LOW,7,SupplyGrid-XGBoost-single-v1,0
S086,2028-08-12,0.1254752427,20,LOW,7,SupplyGrid-XGBoost-single-v1,0
S043,2028-08-12,0.1246454641,21,LOW,7,SupplyGrid-XGBoost-single-v1,0
S052,2028-08-12,0.1245906651,22,LOW,7,SupplyGrid-XGBoost-single-v1,0
S060,2028-08-12,0.1236984283,23,LOW,7,SupplyGrid-XGBoost-single-v1,0
S094,2028-08-12,0.1193237528,24,LOW,7,SupplyGrid-XGBoost-single-v1,0
S058,2028-08-12,0.1150771528,25,LOW,7,SupplyGrid-XGBoost-single-v1,0
S034,2028-08-12,0.1131938249,26,LOW,7,SupplyGrid-XGBoost-single-v1,0
S092,2028-08-12,0.1127798408,27,LOW,7,SupplyGrid-XGBoost-single-v1,0
S042,2028-08-12,0.1110636443,28,LOW,7,SupplyGrid-XGBoost-single-v1,0
S069,2028-08-12,0.1094141081,29,LOW,7,SupplyGrid-XGBoost-single-v1,0
S067,2028-08-12,0.1079602391,30,LOW,7,SupplyGrid-XGBoost-single-v1,0
S019,2028-08-12,0.1072973609,31,LOW,7,SupplyGrid-XGBoost-single-v1,1
S081,2028-08-12,0.1063610315,32,LOW,7,SupplyGrid-XGBoost-single-v1,1
S012,2028-08-12,0.1053714454,33,LOW,7,SupplyGrid-XGBoost-single-v1,0
S041,2028-08-12,0.1016055346,34,LOW,7,SupplyGrid-XGBoost-single-v1,1
S085,2028-08-12,0.1001991332,35,LOW,7,SupplyGrid-XGBoost-single-v1,0
S009,2028-08-12,0.09624612331,36,LOW,7,SupplyGrid-XGBoost-single-v1,0
S036,2028-08-12,0.09490884095,37,LOW,7,SupplyGrid-XGBoost-single-v1,0
S003,2028-08-12,0.09408282489,38,LOW,7,SupplyGrid-XGBoost-single-v1,0
S061,2028-08-12,0.0938116461,39,LOW,7,SupplyGrid-XGBoost-single-v1,1
S055,2028-08-12,0.09186946601,40,LOW,7,SupplyGrid-XGBoost-single-v1,0
S028,2028-08-12,0.09165657312,41,LOW,7,SupplyGrid-XGBoost-single-v1,0
S013,2028-08-12,0.09115065634,42,LOW,7,SupplyGrid-XGBoost-single-v1,0
S025,2028-08-12,0.09084559977,43,LOW,7,SupplyGrid-XGBoost-single-v1,1
S100,2028-08-12,0.08996331692,44,LOW,7,SupplyGrid-XGBoost-single-v1,1
S051,2028-08-12,0.08947835863,45,LOW,7,SupplyGrid-XGBoost-single-v1,0
S063,2028-08-12,0.08909476548,46,LOW,7,SupplyGrid-XGBoost-single-v1,0
S011,2028-08-12,0.08814352751,47,LOW,7,SupplyGrid-XGBoost-single-v1,0
S022,2028-08-12,0.08752660453,48,LOW,7,SupplyGrid-XGBoost-single-v1,0
S037,2028-08-12,0.08752660453,49,LOW,7,SupplyGrid-XGBoost-single-v1,0
S007,2028-08-12,0.08665089309,50,LOW,7,SupplyGrid-XGBoost-single-v1,0
S091,2028-08-12,0.08538400382,51,LOW,7,SupplyGrid-XGBoost-single-v1,0
S095,2028-08-12,0.0848864466,52,LOW,7,SupplyGrid-XGBoost-single-v1,0
S039,2028-08-12,0.08455184102,53,LOW,7,SupplyGrid-XGBoost-single-v1,0
S054,2028-08-12,0.08347818255,54,LOW,7,SupplyGrid-XGBoost-single-v1,0
S031,2028-08-12,0.08324573189,55,LOW,7,SupplyGrid-XGBoost-single-v1,0
S015,2028-08-12,0.08255016804,56,LOW,7,SupplyGrid-XGBoost-single-v1,0
S032,2028-08-12,0.0824284032,57,LOW,7,SupplyGrid-XGBoost-single-v1,0
S029,2028-08-12,0.08165342361,58,LOW,7,SupplyGrid-XGBoost-single-v1,0
S070,2028-08-12,0.08125664294,59,LOW,7,SupplyGrid-XGBoost-single-v1,0
S045,2028-08-12,0.08055384457,60,LOW,7,SupplyGrid-XGBoost-single-v1,0
S074,2028-08-12,0.08009408414,61,LOW,7,SupplyGrid-XGBoost-single-v1,0
S027,2028-08-12,0.07975530624,62,LOW,7,SupplyGrid-XGBoost-single-v1,0
S010,2028-08-12,0.07806568593,63,LOW,7,SupplyGrid-XGBoost-single-v1,0
S098,2028-08-12,0.07684630156,64,LOW,7,SupplyGrid-XGBoost-single-v1,0
S044,2028-08-12,0.07478521764,65,LOW,7,SupplyGrid-XGBoost-single-v1,0
S096,2028-08-12,0.07437570393,66,LOW,7,SupplyGrid-XGBoost-single-v1,0
S008,2028-08-12,0.07357127219,67,LOW,7,SupplyGrid-XGBoost-single-v1,0
S002,2028-08-12,0.07279304415,68,LOW,7,SupplyGrid-XGBoost-single-v1,0
S064,2028-08-12,0.07261899114,69,LOW,7,SupplyGrid-XGBoost-single-v1,0
S048,2028-08-12,0.07194329053,70,LOW,7,SupplyGrid-XGBoost-single-v1,0
S093,2028-08-12,0.07018281519,71,LOW,7,SupplyGrid-XGBoost-single-v1,1
S040,2028-08-12,0.06996191293,72,LOW,7,SupplyGrid-XGBoost-single-v1,0
S080,2028-08-12,0.06957180053,73,LOW,7,SupplyGrid-XGBoost-single-v1,0
S088,2028-08-12,0.06901211292,74,LOW,7,SupplyGrid-XGBoost-single-v1,0
S033,2028-08-12,0.06850457937,75,LOW,7,SupplyGrid-XGBoost-single-v1,0
S038,2028-08-12,0.06836955249,76,LOW,7,SupplyGrid-XGBoost-single-v1,0
S046,2028-08-12,0.06755594164,77,LOW,7,SupplyGrid-XGBoost-single-v1,0
S021,2028-08-12,0.06726545095,78,LOW,7,SupplyGrid-XGBoost-single-v1,1
S024,2028-08-12,0.06677560508,79,LOW,7,SupplyGrid-XGBoost-single-v1,0
S020,2028-08-12,0.06108986586,80,LOW,7,SupplyGrid-XGBoost-single-v1,0
S076,2028-08-12,0.06108986586,81,LOW,7,SupplyGrid-XGBoost-single-v1,0
S078,2028-08-12,0.06108986586,82,LOW,7,SupplyGrid-XGBoost-single-v1,0
S005,2028-08-12,0.06080974638,83,LOW,7,SupplyGrid-XGBoost-single-v1,0
S068,2028-08-12,0.06080974638,84,LOW,7,SupplyGrid-XGBoost-single-v1,0
S004,2028-08-12,0.0603492111,85,LOW,7,SupplyGrid-XGBoost-single-v1,0
S075,2028-08-12,0.06023677438,86,LOW,7,SupplyGrid-XGBoost-single-v1,0
S049,2028-08-12,0.05971450731,87,LOW,7,SupplyGrid-XGBoost-single-v1,0
S071,2028-08-12,0.05971450731,88,LOW,7,SupplyGrid-XGBoost-single-v1,0
S014,2028-08-12,0.05879281089,89,LOW,7,SupplyGrid-XGBoost-single-v1,0
S017,2028-08-12,0.05879281089,90,LOW,7,SupplyGrid-XGBoost-single-v1,0
S059,2028-08-12,0.05879281089,91,LOW,7,SupplyGrid-XGBoost-single-v1,0
S018,2028-08-12,0.05823766813,92,LOW,7,SupplyGrid-XGBoost-single-v1,0
S066,2028-08-12,0.0569855459,93,LOW,7,SupplyGrid-XGBoost-single-v1,0
S097,2028-08-12,0.0569855459,94,LOW,7,SupplyGrid-XGBoost-single-v1,0
S077,2028-08-13,0.1867140979,1,HIGH,7,SupplyGrid-XGBoost-single-v1,0
S057,2028-08-13,0.1701227576,2,HIGH,7,SupplyGrid-XGBoost-single-v1,0
S079,2028-08-13,0.1655807346,3,HIGH,7,SupplyGrid-XGBoost-single-v1,0
S090,2028-08-13,0.1586879194,4,HIGH,7,SupplyGrid-XGBoost-single-v1,0
S073,2028-08-13,0.1558571607,5,HIGH,7,SupplyGrid-XGBoost-single-v1,0
S072,2028-08-13,0.1523507386,6,HIGH,7,SupplyGrid-XGBoost-single-v1,0
S016,2028-08-13,0.1479691565,7,LOW,7,SupplyGrid-XGBoost-single-v1,0
S087,2028-08-13,0.14367266,8,LOW,7,SupplyGrid-XGBoost-single-v1,0
S062,2028-08-13,0.1411901861,9,LOW,7,SupplyGrid-XGBoost-single-v1,0
S084,2028-08-13,0.1407637745,10,LOW,7,SupplyGrid-XGBoost-single-v1,0
S083,2028-08-13,0.1400641501,11,LOW,7,SupplyGrid-XGBoost-single-v1,0
S035,2028-08-13,0.1389323324,12,LOW,7,SupplyGrid-XGBoost-single-v1,1
S050,2028-08-13,0.1358035505,13,LOW,7,SupplyGrid-XGBoost-single-v1,1
S052,2028-08-13,0.1352666616,14,LOW,7,SupplyGrid-XGBoost-single-v1,0
S082,2028-08-13,0.1333912611,15,LOW,7,SupplyGrid-XGBoost-single-v1,1
S094,2028-08-13,0.1330209821,16,LOW,7,SupplyGrid-XGBoost-single-v1,0
S056,2028-08-13,0.1323172301,17,LOW,7,SupplyGrid-XGBoost-single-v1,0
S060,2028-08-13,0.1229194328,18,LOW,7,SupplyGrid-XGBoost-single-v1,0
S089,2028-08-13,0.1213430315,19,LOW,7,SupplyGrid-XGBoost-single-v1,0
S043,2028-08-13,0.1181815565,20,LOW,7,SupplyGrid-XGBoost-single-v1,0
S086,2028-08-13,0.1176486164,21,LOW,7,SupplyGrid-XGBoost-single-v1,0
S012,2028-08-13,0.116618678,22,LOW,7,SupplyGrid-XGBoost-single-v1,0
S007,2028-08-13,0.1110357642,23,LOW,7,SupplyGrid-XGBoost-single-v1,0
S047,2028-08-13,0.109477967,24,LOW,7,SupplyGrid-XGBoost-single-v1,0
S069,2028-08-13,0.1094141081,25,LOW,7,SupplyGrid-XGBoost-single-v1,0
S023,2028-08-13,0.108942546,26,LOW,7,SupplyGrid-XGBoost-single-v1,0
S058,2028-08-13,0.1083501354,27,LOW,7,SupplyGrid-XGBoost-single-v1,0
S092,2028-08-13,0.1077817306,28,LOW,7,SupplyGrid-XGBoost-single-v1,0
S034,2028-08-13,0.1072973609,29,LOW,7,SupplyGrid-XGBoost-single-v1,0
S036,2028-08-13,0.1061420143,30,LOW,7,SupplyGrid-XGBoost-single-v1,0
S019,2028-08-13,0.1024841815,31,LOW,7,SupplyGrid-XGBoost-single-v1,1
S042,2028-08-13,0.1020723805,32,LOW,7,SupplyGrid-XGBoost-single-v1,0
S041,2028-08-13,0.1016055346,33,LOW,7,SupplyGrid-XGBoost-single-v1,1
S055,2028-08-13,0.1000621319,34,LOW,7,SupplyGrid-XGBoost-single-v1,0
S025,2028-08-13,0.09660357982,35,LOW,7,SupplyGrid-XGBoost-single-v1,1
S011,2028-08-13,0.09606492519,36,LOW,7,SupplyGrid-XGBoost-single-v1,0
S099,2028-08-13,0.09593132138,37,LOW,7,SupplyGrid-XGBoost-single-v1,0
S095,2028-08-13,0.09536661953,38,LOW,7,SupplyGrid-XGBoost-single-v1,0
S028,2028-08-13,0.09518519789,39,LOW,7,SupplyGrid-XGBoost-single-v1,0
S045,2028-08-13,0.09428557754,40,LOW,7,SupplyGrid-XGBoost-single-v1,0
S029,2028-08-13,0.09374531358,41,LOW,7,SupplyGrid-XGBoost-single-v1,0
S054,2028-08-13,0.09349745512,42,LOW,7,SupplyGrid-XGBoost-single-v1,0
S013,2028-08-13,0.09271363914,43,LOW,7,SupplyGrid-XGBoost-single-v1,0
S067,2028-08-13,0.09264688939,44,LOW,7,SupplyGrid-XGBoost-single-v1,0
S031,2028-08-13,0.09074620903,45,LOW,7,SupplyGrid-XGBoost-single-v1,0
S027,2028-08-13,0.0907067135,46,LOW,7,SupplyGrid-XGBoost-single-v1,0
S003,2028-08-13,0.09059097618,47,LOW,7,SupplyGrid-XGBoost-single-v1,0
S088,2028-08-13,0.08886109293,48,LOW,7,SupplyGrid-XGBoost-single-v1,0
S085,2028-08-13,0.08803945035,49,LOW,7,SupplyGrid-XGBoost-single-v1,0
S009,2028-08-13,0.08732458204,50,LOW,7,SupplyGrid-XGBoost-single-v1,0
S022,2028-08-13,0.0860427767,51,LOW,7,SupplyGrid-XGBoost-single-v1,0
S063,2028-08-13,0.0844482854,52,LOW,7,SupplyGrid-XGBoost-single-v1,0
S015,2028-08-13,0.08255016804,53,LOW,7,SupplyGrid-XGBoost-single-v1,0
S051,2028-08-13,0.08242863417,54,LOW,7,SupplyGrid-XGBoost-single-v1,0
S010,2028-08-13,0.07806568593,55,LOW,7,SupplyGrid-XGBoost-single-v1,0
S098,2028-08-13,0.07684630156,56,LOW,7,SupplyGrid-XGBoost-single-v1,0
S100,2028-08-13,0.07628402859,57,LOW,7,SupplyGrid-XGBoost-single-v1,1
S032,2028-08-13,0.07613448799,58,LOW,7,SupplyGrid-XGBoost-single-v1,0
S039,2028-08-13,0.07533133775,59,LOW,7,SupplyGrid-XGBoost-single-v1,0
S091,2028-08-13,0.07437570393,60,LOW,7,SupplyGrid-XGBoost-single-v1,0
S096,2028-08-13,0.07437570393,61,LOW,7,SupplyGrid-XGBoost-single-v1,0
S037,2028-08-13,0.07418762147,62,LOW,7,SupplyGrid-XGBoost-single-v1,0
S033,2028-08-13,0.07364913076,63,LOW,7,SupplyGrid-XGBoost-single-v1,0
S066,2028-08-13,0.07364913076,64,LOW,7,SupplyGrid-XGBoost-single-v1,0
S002,2028-08-13,0.07279304415,65,LOW,7,SupplyGrid-XGBoost-single-v1,0
S048,2028-08-13,0.07194329053,66,LOW,7,SupplyGrid-XGBoost-single-v1,0
S008,2028-08-13,0.07101255655,67,LOW,7,SupplyGrid-XGBoost-single-v1,0
S040,2028-08-13,0.07069034129,68,LOW,7,SupplyGrid-XGBoost-single-v1,0
S070,2028-08-13,0.06993506104,69,LOW,7,SupplyGrid-XGBoost-single-v1,0
S074,2028-08-13,0.06892234087,70,LOW,7,SupplyGrid-XGBoost-single-v1,0
S038,2028-08-13,0.06836955249,71,LOW,7,SupplyGrid-XGBoost-single-v1,0
S059,2028-08-13,0.06766329706,72,LOW,7,SupplyGrid-XGBoost-single-v1,0
S046,2028-08-13,0.06755594164,73,LOW,7,SupplyGrid-XGBoost-single-v1,0
S044,2028-08-13,0.06560235471,74,LOW,7,SupplyGrid-XGBoost-single-v1,0
S024,2028-08-13,0.06309515238,75,LOW,7,SupplyGrid-XGBoost-single-v1,0
S020,2028-08-13,0.06204521284,76,LOW,7,SupplyGrid-XGBoost-single-v1,0
S076,2028-08-13,0.06108986586,77,LOW,7,SupplyGrid-XGBoost-single-v1,0
S078,2028-08-13,0.06108986586,78,LOW,7,SupplyGrid-XGBoost-single-v1,0
S005,2028-08-13,0.06080974638,79,LOW,7,SupplyGrid-XGBoost-single-v1,0
S068,2028-08-13,0.06080974638,80,LOW,7,SupplyGrid-XGBoost-single-v1,1
S004,2028-08-13,0.0603492111,81,LOW,7,SupplyGrid-XGBoost-single-v1,0
S075,2028-08-13,0.06023677438,82,LOW,7,SupplyGrid-XGBoost-single-v1,0
S064,2028-08-13,0.05976101011,83,LOW,7,SupplyGrid-XGBoost-single-v1,0
S014,2028-08-13,0.05879281089,84,LOW,7,SupplyGrid-XGBoost-single-v1,0
S017,2028-08-13,0.05879281089,85,LOW,7,SupplyGrid-XGBoost-single-v1,0
S049,2028-08-13,0.05879281089,86,LOW,7,SupplyGrid-XGBoost-single-v1,0
S071,2028-08-13,0.05879281089,87,LOW,7,SupplyGrid-XGBoost-single-v1,0
S080,2028-08-13,0.05879281089,88,LOW,7,SupplyGrid-XGBoost-single-v1,0
S018,2028-08-13,0.05823766813,89,LOW,7,SupplyGrid-XGBoost-single-v1,0
S021,2028-08-13,0.05783374608,90,LOW,7,SupplyGrid-XGBoost-single-v1,1
S097,2028-08-13,0.0569855459,91,LOW,7,SupplyGrid-XGBoost-single-v1,0
S077,2028-08-14,0.1701227576,1,HIGH,7,SupplyGrid-XGBoost-single-v1,0
S087,2028-08-14,0.1539029479,2,HIGH,7,SupplyGrid-XGBoost-single-v1,0
S073,2028-08-14,0.1536940336,3,HIGH,7,SupplyGrid-XGBoost-single-v1,0
S090,2028-08-14,0.1532037854,4,HIGH,7,SupplyGrid-XGBoost-single-v1,0
S079,2028-08-14,0.1524175555,5,HIGH,7,SupplyGrid-XGBoost-single-v1,0
S057,2028-08-14,0.1509005278,6,HIGH,7,SupplyGrid-XGBoost-single-v1,0
S016,2028-08-14,0.1503112167,7,HIGH,7,SupplyGrid-XGBoost-single-v1,0
S072,2028-08-14,0.1450137943,8,LOW,7,SupplyGrid-XGBoost-single-v1,0
S062,2028-08-14,0.1411901861,9,LOW,7,SupplyGrid-XGBoost-single-v1,0
S050,2028-08-14,0.1395097971,10,LOW,7,SupplyGrid-XGBoost-single-v1,1
S086,2028-08-14,0.1357271671,11,LOW,7,SupplyGrid-XGBoost-single-v1,0
S083,2028-08-14,0.1251542419,12,LOW,7,SupplyGrid-XGBoost-single-v1,0
S089,2028-08-14,0.1213430315,13,LOW,7,SupplyGrid-XGBoost-single-v1,0
S056,2028-08-14,0.1170383915,14,LOW,7,SupplyGrid-XGBoost-single-v1,0
S052,2028-08-14,0.1169007346,15,LOW,7,SupplyGrid-XGBoost-single-v1,0
S084,2028-08-14,0.1148308441,16,LOW,7,SupplyGrid-XGBoost-single-v1,0
S007,2028-08-14,0.113729246,17,LOW,7,SupplyGrid-XGBoost-single-v1,0
S043,2028-08-14,0.111295864,18,LOW,7,SupplyGrid-XGBoost-single-v1,0
S069,2028-08-14,0.1110357642,19,LOW,7,SupplyGrid-XGBoost-single-v1,0
S047,2028-08-14,0.1103139222,20,LOW,7,SupplyGrid-XGBoost-single-v1,0
S034,2028-08-14,0.1090780571,21,LOW,7,SupplyGrid-XGBoost-single-v1,0
S060,2028-08-14,0.1090088338,22,LOW,7,SupplyGrid-XGBoost-single-v1,0
S051,2028-08-14,0.1089499816,23,LOW,7,SupplyGrid-XGBoost-single-v1,0
S058,2028-08-14,0.1083501354,24,LOW,7,SupplyGrid-XGBoost-single-v1,1
S055,2028-08-14,0.1081026495,25,LOW,7,SupplyGrid-XGBoost-single-v1,0
S036,2028-08-14,0.1061420143,26,LOW,7,SupplyGrid-XGBoost-single-v1,0
S094,2028-08-14,0.1051335558,27,LOW,7,SupplyGrid-XGBoost-single-v1,0
S012,2028-08-14,0.1049946994,28,LOW,7,SupplyGrid-XGBoost-single-v1,0
S054,2028-08-14,0.1046897396,29,LOW,7,SupplyGrid-XGBoost-single-v1,0
S041,2028-08-14,0.103407234,30,LOW,7,SupplyGrid-XGBoost-single-v1,1
S003,2028-08-14,0.1028857529,31,LOW,7,SupplyGrid-XGBoost-single-v1,0
S053,2028-08-14,0.1026849374,32,LOW,7,SupplyGrid-XGBoost-single-v1,0
S014,2028-08-14,0.1024539396,33,LOW,7,SupplyGrid-XGBoost-single-v1,0
S013,2028-08-14,0.1009732336,34,LOW,7,SupplyGrid-XGBoost-single-v1,0
S023,2028-08-14,0.1005215049,35,LOW,7,SupplyGrid-XGBoost-single-v1,0
S042,2028-08-14,0.0993675366,36,LOW,7,SupplyGrid-XGBoost-single-v1,0
S092,2028-08-14,0.09489285946,37,LOW,7,SupplyGrid-XGBoost-single-v1,0
S088,2028-08-14,0.09450636804,38,LOW,7,SupplyGrid-XGBoost-single-v1,0
S029,2028-08-14,0.09408590943,39,LOW,7,SupplyGrid-XGBoost-single-v1,0
S011,2028-08-14,0.09382721782,40,LOW,7,SupplyGrid-XGBoost-single-v1,0
S019,2028-08-14,0.09252976626,41,LOW,7,SupplyGrid-XGBoost-single-v1,1
S095,2028-08-14,0.09183195233,42,LOW,7,SupplyGrid-XGBoost-single-v1,0
S028,2028-08-14,0.09165657312,43,LOW,7,SupplyGrid-XGBoost-single-v1,0
S031,2028-08-14,0.09074620903,44,LOW,7,SupplyGrid-XGBoost-single-v1,0
S099,2028-08-14,0.08895795047,45,LOW,7,SupplyGrid-XGBoost-single-v1,0
S065,2028-08-14,0.08455184102,46,LOW,7,SupplyGrid-XGBoost-single-v1,0
S009,2028-08-14,0.08373052627,47,LOW,7,SupplyGrid-XGBoost-single-v1,0
S045,2028-08-14,0.08277751505,48,LOW,7,SupplyGrid-XGBoost-single-v1,0
S067,2028-08-14,0.08271042258,49,LOW,7,SupplyGrid-XGBoost-single-v1,0
S015,2028-08-14,0.08255016804,50,LOW,7,SupplyGrid-XGBoost-single-v1,0
S046,2028-08-14,0.07980533689,51,LOW,7,SupplyGrid-XGBoost-single-v1,0
S040,2028-08-14,0.07849851251,52,LOW,7,SupplyGrid-XGBoost-single-v1,0
S027,2028-08-14,0.07841116935,53,LOW,7,SupplyGrid-XGBoost-single-v1,0
S039,2028-08-14,0.07723396271,54,LOW,7,SupplyGrid-XGBoost-single-v1,0
S098,2028-08-14,0.07684630156,55,LOW,7,SupplyGrid-XGBoost-single-v1,0
S010,2028-08-14,0.0768430084,56,LOW,7,SupplyGrid-XGBoost-single-v1,0
S074,2028-08-14,0.07639676332,57,LOW,7,SupplyGrid-XGBoost-single-v1,0
S100,2028-08-14,0.07628402859,58,LOW,7,SupplyGrid-XGBoost-single-v1,1
S059,2028-08-14,0.07594231516,59,LOW,7,SupplyGrid-XGBoost-single-v1,0
S091,2028-08-14,0.07437570393,60,LOW,7,SupplyGrid-XGBoost-single-v1,0
S037,2028-08-14,0.07418762147,61,LOW,7,SupplyGrid-XGBoost-single-v1,0
S002,2028-08-14,0.07279304415,62,LOW,7,SupplyGrid-XGBoost-single-v1,0
S063,2028-08-14,0.07269591093,63,LOW,7,SupplyGrid-XGBoost-single-v1,0
S096,2028-08-14,0.07241817564,64,LOW,7,SupplyGrid-XGBoost-single-v1,0
S048,2028-08-14,0.07194329053,65,LOW,7,SupplyGrid-XGBoost-single-v1,0
S008,2028-08-14,0.07101255655,66,LOW,7,SupplyGrid-XGBoost-single-v1,0
S022,2028-08-14,0.07098989934,67,LOW,7,SupplyGrid-XGBoost-single-v1,0
S044,2028-08-14,0.06989718974,68,LOW,7,SupplyGrid-XGBoost-single-v1,0
S032,2028-08-14,0.06974907219,69,LOW,7,SupplyGrid-XGBoost-single-v1,0
S070,2028-08-14,0.06872698665,70,LOW,7,SupplyGrid-XGBoost-single-v1,0
S066,2028-08-14,0.06745694578,71,LOW,7,SupplyGrid-XGBoost-single-v1,0
S085,2028-08-14,0.06580678374,72,LOW,7,SupplyGrid-XGBoost-single-v1,0
S020,2028-08-14,0.06363534927,73,LOW,7,SupplyGrid-XGBoost-single-v1,0
S068,2028-08-14,0.06176098436,74,LOW,7,SupplyGrid-XGBoost-single-v1,1
S076,2028-08-14,0.06108986586,75,LOW,7,SupplyGrid-XGBoost-single-v1,0
S078,2028-08-14,0.06108986586,76,LOW,7,SupplyGrid-XGBoost-single-v1,0
S005,2028-08-14,0.06080974638,77,LOW,7,SupplyGrid-XGBoost-single-v1,0
S004,2028-08-14,0.0603492111,78,LOW,7,SupplyGrid-XGBoost-single-v1,0
S075,2028-08-14,0.06023677438,79,LOW,7,SupplyGrid-XGBoost-single-v1,0
S049,2028-08-14,0.05971450731,80,LOW,7,SupplyGrid-XGBoost-single-v1,0
S064,2028-08-14,0.0590560846,81,LOW,7,SupplyGrid-XGBoost-single-v1,0
S017,2028-08-14,0.05879281089,82,LOW,7,SupplyGrid-XGBoost-single-v1,0
S024,2028-08-14,0.05879281089,83,LOW,7,SupplyGrid-XGBoost-single-v1,0
S038,2028-08-14,0.05879281089,84,LOW,7,SupplyGrid-XGBoost-single-v1,0
S071,2028-08-14,0.05879281089,85,LOW,7,SupplyGrid-XGBoost-single-v1,0
S080,2028-08-14,0.05879281089,86,LOW,7,SupplyGrid-XGBoost-single-v1,0
S018,2028-08-14,0.05823766813,87,LOW,7,SupplyGrid-XGBoost-single-v1,0
S021,2028-08-14,0.05783374608,88,LOW,7,SupplyGrid-XGBoost-single-v1,1
S033,2028-08-14,0.0569855459,89,LOW,7,SupplyGrid-XGBoost-single-v1,0
S097,2028-08-14,0.0569855459,90,LOW,7,SupplyGrid-XGBoost-single-v1,0
S057,2028-08-15,0.1532806754,1,HIGH,7,SupplyGrid-XGBoost-single-v1,0
S077,2028-08-15,0.1509005278,2,HIGH,7,SupplyGrid-XGBoost-single-v1,0
S016,2028-08-15,0.1503112167,3,HIGH,7,SupplyGrid-XGBoost-single-v1,0
S026,2028-08-15,0.1474749148,4,LOW,7,SupplyGrid-XGBoost-single-v1,0
S079,2028-08-15,0.1468777657,5,LOW,7,SupplyGrid-XGBoost-single-v1,0
S073,2028-08-15,0.1466111243,6,LOW,7,SupplyGrid-XGBoost-single-v1,0
S086,2028-08-15,0.1407856792,7,LOW,7,SupplyGrid-XGBoost-single-v1,0
S081,2028-08-15,0.1397687942,8,LOW,7,SupplyGrid-XGBoost-single-v1,1
S050,2028-08-15,0.1313874274,9,LOW,7,SupplyGrid-XGBoost-single-v1,1
S089,2028-08-15,0.1304370761,10,LOW,7,SupplyGrid-XGBoost-single-v1,0
S062,2028-08-15,0.1301170141,11,LOW,7,SupplyGrid-XGBoost-single-v1,0
S072,2028-08-15,0.1245926395,12,LOW,7,SupplyGrid-XGBoost-single-v1,0
S052,2028-08-15,0.1239622384,13,LOW,7,SupplyGrid-XGBoost-single-v1,0
S090,2028-08-15,0.121054858,14,LOW,7,SupplyGrid-XGBoost-single-v1,0
S087,2028-08-15,0.1202468276,15,LOW,7,SupplyGrid-XGBoost-single-v1,0
S056,2028-08-15,0.1170383915,16,LOW,7,SupplyGrid-XGBoost-single-v1,0
S034,2028-08-15,0.1131938249,17,LOW,7,SupplyGrid-XGBoost-single-v1,0
S060,2028-08-15,0.1129219159,18,LOW,7,SupplyGrid-XGBoost-single-v1,0
S007,2028-08-15,0.1110357642,19,LOW,7,SupplyGrid-XGBoost-single-v1,0
S069,2028-08-15,0.1110357642,20,LOW,7,SupplyGrid-XGBoost-single-v1,0
S084,2028-08-15,0.1106630117,21,LOW,7,SupplyGrid-XGBoost-single-v1,0
S051,2028-08-15,0.110399887,22,LOW,7,SupplyGrid-XGBoost-single-v1,0
S083,2028-08-15,0.1085502282,23,LOW,7,SupplyGrid-XGBoost-single-v1,0
S092,2028-08-15,0.1084243953,24,LOW,7,SupplyGrid-XGBoost-single-v1,0
S055,2028-08-15,0.1081026495,25,LOW,7,SupplyGrid-XGBoost-single-v1,0
S047,2028-08-15,0.1078762934,26,LOW,7,SupplyGrid-XGBoost-single-v1,0
S053,2028-08-15,0.1026849374,27,LOW,7,SupplyGrid-XGBoost-single-v1,0
S043,2028-08-15,0.102287963,28,LOW,7,SupplyGrid-XGBoost-single-v1,0
S061,2028-08-15,0.1017601565,29,LOW,7,SupplyGrid-XGBoost-single-v1,0
S012,2028-08-15,0.1009732336,30,LOW,7,SupplyGrid-XGBoost-single-v1,0
S019,2028-08-15,0.1009732336,31,LOW,7,SupplyGrid-XGBoost-single-v1,1
S023,2028-08-15,0.1005215049,32,LOW,7,SupplyGrid-XGBoost-single-v1,0
S058,2028-08-15,0.09788809717,33,LOW,7,SupplyGrid-XGBoost-single-v1,1
S028,2028-08-15,0.09518519789,34,LOW,7,SupplyGrid-XGBoost-single-v1,0
S054,2028-08-15,0.09488805383,35,LOW,7,SupplyGrid-XGBoost-single-v1,0
S036,2028-08-15,0.09481090307,36,LOW,7,SupplyGrid-XGBoost-single-v1,0
S095,2028-08-15,0.09343517572,37,LOW,7,SupplyGrid-XGBoost-single-v1,0
S003,2028-08-15,0.0919624567,38,LOW,7,SupplyGrid-XGBoost-single-v1,1
S013,2028-08-15,0.09115065634,39,LOW,7,SupplyGrid-XGBoost-single-v1,0
S027,2028-08-15,0.08937134594,40,LOW,7,SupplyGrid-XGBoost-single-v1,0
S088,2028-08-15,0.08886109293,41,LOW,7,SupplyGrid-XGBoost-single-v1,0
S067,2028-08-15,0.08807195723,42,LOW,7,SupplyGrid-XGBoost-single-v1,0
S010,2028-08-15,0.08754313737,43,LOW,7,SupplyGrid-XGBoost-single-v1,0
S042,2028-08-15,0.0867273286,44,LOW,7,SupplyGrid-XGBoost-single-v1,0
S094,2028-08-15,0.08631701022,45,LOW,7,SupplyGrid-XGBoost-single-v1,0
S039,2028-08-15,0.08455184102,46,LOW,7,SupplyGrid-XGBoost-single-v1,0
S065,2028-08-15,0.08455184102,47,LOW,7,SupplyGrid-XGBoost-single-v1,0
S029,2028-08-15,0.08392099291,48,LOW,7,SupplyGrid-XGBoost-single-v1,0
S009,2028-08-15,0.08373052627,49,LOW,7,SupplyGrid-XGBoost-single-v1,0
S063,2028-08-15,0.08351176977,50,LOW,7,SupplyGrid-XGBoost-single-v1,0
S015,2028-08-15,0.08255016804,51,LOW,7,SupplyGrid-XGBoost-single-v1,0
S031,2028-08-15,0.08099477738,52,LOW,7,SupplyGrid-XGBoost-single-v1,0
S014,2028-08-15,0.08071774244,53,LOW,7,SupplyGrid-XGBoost-single-v1,0
S040,2028-08-15,0.07849851251,54,LOW,7,SupplyGrid-XGBoost-single-v1,0
S096,2028-08-15,0.07811386883,55,LOW,7,SupplyGrid-XGBoost-single-v1,0
S045,2028-08-15,0.07777266949,56,LOW,7,SupplyGrid-XGBoost-single-v1,0
S098,2028-08-15,0.07684630156,57,LOW,7,SupplyGrid-XGBoost-single-v1,0
S100,2028-08-15,0.07628402859,58,LOW,7,SupplyGrid-XGBoost-single-v1,1
S011,2028-08-15,0.07613448799,59,LOW,7,SupplyGrid-XGBoost-single-v1,0
S074,2028-08-15,0.07523819059,60,LOW,7,SupplyGrid-XGBoost-single-v1,0
S091,2028-08-15,0.07437570393,61,LOW,7,SupplyGrid-XGBoost-single-v1,0
S037,2028-08-15,0.07418762147,62,LOW,7,SupplyGrid-XGBoost-single-v1,0
S002,2028-08-15,0.07279304415,63,LOW,7,SupplyGrid-XGBoost-single-v1,0
S048,2028-08-15,0.07194329053,64,LOW,7,SupplyGrid-XGBoost-single-v1,0
S099,2028-08-15,0.07182311267,65,LOW,7,SupplyGrid-XGBoost-single-v1,0
S078,2028-08-15,0.07028105855,66,LOW,7,SupplyGrid-XGBoost-single-v1,0
S022,2028-08-15,0.07016240805,67,LOW,7,SupplyGrid-XGBoost-single-v1,1
S059,2028-08-15,0.06957180053,68,LOW,7,SupplyGrid-XGBoost-single-v1,0
S032,2028-08-15,0.06783606112,69,LOW,7,SupplyGrid-XGBoost-single-v1,0
S046,2028-08-15,0.06755594164,70,LOW,7,SupplyGrid-XGBoost-single-v1,0
S066,2028-08-15,0.06745694578,71,LOW,7,SupplyGrid-XGBoost-single-v1,0
S049,2028-08-15,0.06716234982,72,LOW,7,SupplyGrid-XGBoost-single-v1,0
S085,2028-08-15,0.06416610628,73,LOW,7,SupplyGrid-XGBoost-single-v1,1
S044,2028-08-15,0.06338582188,74,LOW,7,SupplyGrid-XGBoost-single-v1,0
S020,2028-08-15,0.06204521284,75,LOW,7,SupplyGrid-XGBoost-single-v1,0
S068,2028-08-15,0.06176098436,76,LOW,7,SupplyGrid-XGBoost-single-v1,1
S008,2028-08-15,0.06108986586,77,LOW,7,SupplyGrid-XGBoost-single-v1,0
S076,2028-08-15,0.06108986586,78,LOW,7,SupplyGrid-XGBoost-single-v1,0
S005,2028-08-15,0.06080974638,79,LOW,7,SupplyGrid-XGBoost-single-v1,0
S004,2028-08-15,0.0603492111,80,LOW,7,SupplyGrid-XGBoost-single-v1,0
S075,2028-08-15,0.06023677438,81,LOW,7,SupplyGrid-XGBoost-single-v1,0
S070,2028-08-15,0.05910336599,82,LOW,7,SupplyGrid-XGBoost-single-v1,0
S017,2028-08-15,0.05879281089,83,LOW,7,SupplyGrid-XGBoost-single-v1,0
S024,2028-08-15,0.05879281089,84,LOW,7,SupplyGrid-XGBoost-single-v1,0
S038,2028-08-15,0.05879281089,85,LOW,7,SupplyGrid-XGBoost-single-v1,0
S071,2028-08-15,0.05879281089,86,LOW,7,SupplyGrid-XGBoost-single-v1,0
S080,2028-08-15,0.05879281089,87,LOW,7,SupplyGrid-XGBoost-single-v1,0
S064,2028-08-15,0.05846430361,88,LOW,7,SupplyGrid-XGBoost-single-v1,0
S018,2028-08-15,0.05823766813,89,LOW,7,SupplyGrid-XGBoost-single-v1,0
S033,2028-08-15,0.0569855459,90,LOW,7,SupplyGrid-XGBoost-single-v1,0
S097,2028-08-15,0.0569855459,91,LOW,7,SupplyGrid-XGBoost-single-v1,0
S006,2028-08-16,0.1769424826,1,HIGH,7,SupplyGrid-XGBoost-single-v1,0
S081,2028-08-16,0.1553987265,2,HIGH,7,SupplyGrid-XGBoost-single-v1,1
S057,2028-08-16,0.1532806754,3,HIGH,7,SupplyGrid-XGBoost-single-v1,0
S079,2028-08-16,0.1468777657,4,LOW,7,SupplyGrid-XGBoost-single-v1,0
S026,2028-08-16,0.1451364756,5,LOW,7,SupplyGrid-XGBoost-single-v1,1
S073,2028-08-16,0.1448416263,6,LOW,7,SupplyGrid-XGBoost-single-v1,0
S086,2028-08-16,0.1446626484,7,LOW,7,SupplyGrid-XGBoost-single-v1,0
S090,2028-08-16,0.142344147,8,LOW,7,SupplyGrid-XGBoost-single-v1,0
S056,2028-08-16,0.1323172301,9,LOW,7,SupplyGrid-XGBoost-single-v1,0
S052,2028-08-16,0.1285585463,10,LOW,7,SupplyGrid-XGBoost-single-v1,0
S062,2028-08-16,0.1280124635,11,LOW,7,SupplyGrid-XGBoost-single-v1,0
S016,2028-08-16,0.1252182126,12,LOW,7,SupplyGrid-XGBoost-single-v1,0
S007,2028-08-16,0.1240402237,13,LOW,7,SupplyGrid-XGBoost-single-v1,0
S087,2028-08-16,0.1235303506,14,LOW,7,SupplyGrid-XGBoost-single-v1,0
S089,2028-08-16,0.1213430315,15,LOW,7,SupplyGrid-XGBoost-single-v1,0
S072,2028-08-16,0.1181815565,16,LOW,7,SupplyGrid-XGBoost-single-v1,0
S092,2028-08-16,0.1167583317,17,LOW,7,SupplyGrid-XGBoost-single-v1,0
S023,2028-08-16,0.1160572916,18,LOW,7,SupplyGrid-XGBoost-single-v1,0
S030,2028-08-16,0.1127492711,19,LOW,7,SupplyGrid-XGBoost-single-v1,1
S077,2028-08-16,0.1120762974,20,LOW,7,SupplyGrid-XGBoost-single-v1,0
S069,2028-08-16,0.1101607233,21,LOW,7,SupplyGrid-XGBoost-single-v1,0
S054,2028-08-16,0.1096840948,22,LOW,7,SupplyGrid-XGBoost-single-v1,0
S034,2028-08-16,0.1090780571,23,LOW,7,SupplyGrid-XGBoost-single-v1,0
S001,2028-08-16,0.1089697257,24,LOW,7,SupplyGrid-XGBoost-single-v1,0
S019,2028-08-16,0.1088914722,25,LOW,7,SupplyGrid-XGBoost-single-v1,1
S083,2028-08-16,0.1085502282,26,LOW,7,SupplyGrid-XGBoost-single-v1,0
S055,2028-08-16,0.1081026495,27,LOW,7,SupplyGrid-XGBoost-single-v1,0
S003,2028-08-16,0.1054049581,28,LOW,7,SupplyGrid-XGBoost-single-v1,1
S084,2028-08-16,0.1051934808,29,LOW,7,SupplyGrid-XGBoost-single-v1,0
S095,2028-08-16,0.104253754,30,LOW,7,SupplyGrid-XGBoost-single-v1,0
S053,2028-08-16,0.1026849374,31,LOW,7,SupplyGrid-XGBoost-single-v1,0
S012,2028-08-16,0.1024841815,32,LOW,7,SupplyGrid-XGBoost-single-v1,0
S061,2028-08-16,0.1017601565,33,LOW,7,SupplyGrid-XGBoost-single-v1,0
S058,2028-08-16,0.1013855785,34,LOW,7,SupplyGrid-XGBoost-single-v1,1
S047,2028-08-16,0.09985072166,35,LOW,7,SupplyGrid-XGBoost-single-v1,0
S060,2028-08-16,0.09775944054,36,LOW,7,SupplyGrid-XGBoost-single-v1,0
S063,2028-08-16,0.0925950408,37,LOW,7,SupplyGrid-XGBoost-single-v1,0
S046,2028-08-16,0.09256574512,38,LOW,7,SupplyGrid-XGBoost-single-v1,1
S028,2028-08-16,0.09156093746,39,LOW,7,SupplyGrid-XGBoost-single-v1,0
S031,2028-08-16,0.09074620903,40,LOW,7,SupplyGrid-XGBoost-single-v1,0
S027,2028-08-16,0.09072621912,41,LOW,7,SupplyGrid-XGBoost-single-v1,0
S029,2028-08-16,0.0901113078,42,LOW,7,SupplyGrid-XGBoost-single-v1,0
S036,2028-08-16,0.08917565644,43,LOW,7,SupplyGrid-XGBoost-single-v1,0
S051,2028-08-16,0.08898598701,44,LOW,7,SupplyGrid-XGBoost-single-v1,0
S088,2028-08-16,0.08886109293,45,LOW,7,SupplyGrid-XGBoost-single-v1,0
S010,2028-08-16,0.08754313737,46,LOW,7,SupplyGrid-XGBoost-single-v1,0
S043,2028-08-16,0.08691363037,47,LOW,7,SupplyGrid-XGBoost-single-v1,0
S094,2028-08-16,0.08631701022,48,LOW,7,SupplyGrid-XGBoost-single-v1,0
S040,2028-08-16,0.08626434207,49,LOW,7,SupplyGrid-XGBoost-single-v1,0
S067,2028-08-16,0.08478232473,50,LOW,7,SupplyGrid-XGBoost-single-v1,0
S065,2028-08-16,0.08455184102,51,LOW,7,SupplyGrid-XGBoost-single-v1,0
S096,2028-08-16,0.0835845843,52,LOW,7,SupplyGrid-XGBoost-single-v1,0
S074,2028-08-16,0.08336112648,53,LOW,7,SupplyGrid-XGBoost-single-v1,0
S015,2028-08-16,0.08255016804,54,LOW,7,SupplyGrid-XGBoost-single-v1,0
S011,2028-08-16,0.08104316145,55,LOW,7,SupplyGrid-XGBoost-single-v1,0
S013,2028-08-16,0.07985890657,56,LOW,7,SupplyGrid-XGBoost-single-v1,0
S098,2028-08-16,0.07802756876,57,LOW,7,SupplyGrid-XGBoost-single-v1,0
S044,2028-08-16,0.07800501585,58,LOW,7,SupplyGrid-XGBoost-single-v1,0
S022,2028-08-16,0.07715184987,59,LOW,7,SupplyGrid-XGBoost-single-v1,1
S100,2028-08-16,0.07628402859,60,LOW,7,SupplyGrid-XGBoost-single-v1,1
S042,2028-08-16,0.0761186108,61,LOW,7,SupplyGrid-XGBoost-single-v1,0
S039,2028-08-16,0.07533133775,62,LOW,7,SupplyGrid-XGBoost-single-v1,0
S091,2028-08-16,0.07437570393,63,LOW,7,SupplyGrid-XGBoost-single-v1,0
S037,2028-08-16,0.07418762147,64,LOW,7,SupplyGrid-XGBoost-single-v1,0
S002,2028-08-16,0.07279304415,65,LOW,7,SupplyGrid-XGBoost-single-v1,0
S048,2028-08-16,0.07194329053,66,LOW,7,SupplyGrid-XGBoost-single-v1,0
S009,2028-08-16,0.07103135437,67,LOW,7,SupplyGrid-XGBoost-single-v1,0
S099,2028-08-16,0.06988618523,68,LOW,7,SupplyGrid-XGBoost-single-v1,0
S014,2028-08-16,0.06959275156,69,LOW,7,SupplyGrid-XGBoost-single-v1,0
S045,2028-08-16,0.06930907816,70,LOW,7,SupplyGrid-XGBoost-single-v1,0
S033,2028-08-16,0.06745694578,71,LOW,7,SupplyGrid-XGBoost-single-v1,0
S049,2028-08-16,0.06716234982,72,LOW,7,SupplyGrid-XGBoost-single-v1,0
S066,2028-08-16,0.06628862768,73,LOW,7,SupplyGrid-XGBoost-single-v1,0
S085,2028-08-16,0.06580678374,74,LOW,7,SupplyGrid-XGBoost-single-v1,1
S020,2028-08-16,0.06204521284,75,LOW,7,SupplyGrid-XGBoost-single-v1,0
S008,2028-08-16,0.06108986586,76,LOW,7,SupplyGrid-XGBoost-single-v1,0
S076,2028-08-16,0.06108986586,77,LOW,7,SupplyGrid-XGBoost-single-v1,0
S078,2028-08-16,0.06108986586,78,LOW,7,SupplyGrid-XGBoost-single-v1,0
S005,2028-08-16,0.06080974638,79,LOW,7,SupplyGrid-XGBoost-single-v1,0
S068,2028-08-16,0.06080974638,80,LOW,7,SupplyGrid-XGBoost-single-v1,1
S004,2028-08-16,0.0603492111,81,LOW,7,SupplyGrid-XGBoost-single-v1,0
S075,2028-08-16,0.06023677438,82,LOW,7,SupplyGrid-XGBoost-single-v1,0
S070,2028-08-16,0.05910336599,83,LOW,7,SupplyGrid-XGBoost-single-v1,0
S032,2028-08-16,0.0589443557,84,LOW,7,SupplyGrid-XGBoost-single-v1,0
S024,2028-08-16,0.05879281089,85,LOW,7,SupplyGrid-XGBoost-single-v1,0
S038,2028-08-16,0.05879281089,86,LOW,7,SupplyGrid-XGBoost-single-v1,0
S059,2028-08-16,0.05879281089,87,LOW,7,SupplyGrid-XGBoost-single-v1,0
S071,2028-08-16,0.05879281089,88,LOW,7,SupplyGrid-XGBoost-single-v1,0
S080,2028-08-16,0.05879281089,89,LOW,7,SupplyGrid-XGBoost-single-v1,0
S064,2028-08-16,0.05846430361,90,LOW,7,SupplyGrid-XGBoost-single-v1,0
S017,2028-08-16,0.05823766813,91,LOW,7,SupplyGrid-XGBoost-single-v1,0
S018,2028-08-16,0.05823766813,92,LOW,7,SupplyGrid-XGBoost-single-v1,0
S097,2028-08-16,0.0569855459,93,LOW,7,SupplyGrid-XGBoost-single-v1,0
S006,2028-08-17,0.1769424826,1,HIGH,7,SupplyGrid-XGBoost-single-v1,0
S057,2028-08-17,0.1587670445,2,HIGH,7,SupplyGrid-XGBoost-single-v1,0
S073,2028-08-17,0.1534443051,3,HIGH,7,SupplyGrid-XGBoost-single-v1,0
S082,2028-08-17,0.1517917067,4,HIGH,7,SupplyGrid-XGBoost-single-v1,1
S026,2028-08-17,0.1474749148,5,LOW,7,SupplyGrid-XGBoost-single-v1,1
S079,2028-08-17,0.1468777657,6,LOW,7,SupplyGrid-XGBoost-single-v1,0
S090,2028-08-17,0.142344147,7,LOW,7,SupplyGrid-XGBoost-single-v1,0
S081,2028-08-17,0.1397687942,8,LOW,7,SupplyGrid-XGBoost-single-v1,1
S056,2028-08-17,0.1323172301,9,LOW,7,SupplyGrid-XGBoost-single-v1,0
S086,2028-08-17,0.1311911494,10,LOW,7,SupplyGrid-XGBoost-single-v1,0
S052,2028-08-17,0.1285585463,11,LOW,7,SupplyGrid-XGBoost-single-v1,0
S016,2028-08-17,0.1213703826,12,LOW,7,SupplyGrid-XGBoost-single-v1,0
S069,2028-08-17,0.1178770512,13,LOW,7,SupplyGrid-XGBoost-single-v1,0
S023,2028-08-17,0.1160572916,14,LOW,7,SupplyGrid-XGBoost-single-v1,0
S089,2028-08-17,0.1150771528,15,LOW,7,SupplyGrid-XGBoost-single-v1,0
S007,2028-08-17,0.113729246,16,LOW,7,SupplyGrid-XGBoost-single-v1,0
S055,2028-08-17,0.1121862233,17,LOW,7,SupplyGrid-XGBoost-single-v1,0
S062,2028-08-17,0.1120762974,18,LOW,7,SupplyGrid-XGBoost-single-v1,0
S072,2028-08-17,0.111295864,19,LOW,7,SupplyGrid-XGBoost-single-v1,0
S087,2028-08-17,0.1105726212,20,LOW,7,SupplyGrid-XGBoost-single-v1,0
S001,2028-08-17,0.1089697257,21,LOW,7,SupplyGrid-XGBoost-single-v1,0
S083,2028-08-17,0.1085502282,22,LOW,7,SupplyGrid-XGBoost-single-v1,0
S054,2028-08-17,0.1070748419,23,LOW,7,SupplyGrid-XGBoost-single-v1,0
S058,2028-08-17,0.1069961116,24,LOW,7,SupplyGrid-XGBoost-single-v1,1
S030,2028-08-17,0.1061420143,25,LOW,7,SupplyGrid-XGBoost-single-v1,1
S084,2028-08-17,0.1042689383,26,LOW,7,SupplyGrid-XGBoost-single-v1,0
S095,2028-08-17,0.104253754,27,LOW,7,SupplyGrid-XGBoost-single-v1,0
S053,2028-08-17,0.1026849374,28,LOW,7,SupplyGrid-XGBoost-single-v1,0
S019,2028-08-17,0.1024841815,29,LOW,7,SupplyGrid-XGBoost-single-v1,1
S043,2028-08-17,0.102287963,30,LOW,7,SupplyGrid-XGBoost-single-v1,0
S061,2028-08-17,0.1017601565,31,LOW,7,SupplyGrid-XGBoost-single-v1,0
S003,2028-08-17,0.1013695523,32,LOW,7,SupplyGrid-XGBoost-single-v1,1
S034,2028-08-17,0.1009732336,33,LOW,7,SupplyGrid-XGBoost-single-v1,0
S077,2028-08-17,0.1001827046,34,LOW,7,SupplyGrid-XGBoost-single-v1,0
S047,2028-08-17,0.09985072166,35,LOW,7,SupplyGrid-XGBoost-single-v1,0
S060,2028-08-17,0.09775944054,36,LOW,7,SupplyGrid-XGBoost-single-v1,0
S036,2028-08-17,0.0971538052,37,LOW,7,SupplyGrid-XGBoost-single-v1,0
S046,2028-08-17,0.09412775934,38,LOW,7,SupplyGrid-XGBoost-single-v1,1
S027,2028-08-17,0.09297855943,39,LOW,7,SupplyGrid-XGBoost-single-v1,0
S028,2028-08-17,0.09156093746,40,LOW,7,SupplyGrid-XGBoost-single-v1,0
S092,2028-08-17,0.09121885896,41,LOW,7,SupplyGrid-XGBoost-single-v1,0
S029,2028-08-17,0.0901113078,42,LOW,7,SupplyGrid-XGBoost-single-v1,0
S014,2028-08-17,0.0895267725,43,LOW,7,SupplyGrid-XGBoost-single-v1,0
S088,2028-08-17,0.08886109293,44,LOW,7,SupplyGrid-XGBoost-single-v1,0
S010,2028-08-17,0.08754313737,45,LOW,7,SupplyGrid-XGBoost-single-v1,0
S094,2028-08-17,0.08631701022,46,LOW,7,SupplyGrid-XGBoost-single-v1,0
S040,2028-08-17,0.08626434207,47,LOW,7,SupplyGrid-XGBoost-single-v1,0
S065,2028-08-17,0.08455184102,48,LOW,7,SupplyGrid-XGBoost-single-v1,0
S063,2028-08-17,0.08363524079,49,LOW,7,SupplyGrid-XGBoost-single-v1,0
S098,2028-08-17,0.08304733038,50,LOW,7,SupplyGrid-XGBoost-single-v1,0
S015,2028-08-17,0.08255016804,51,LOW,7,SupplyGrid-XGBoost-single-v1,0
S049,2028-08-17,0.07983475178,52,LOW,7,SupplyGrid-XGBoost-single-v1,0
S066,2028-08-17,0.07975530624,53,LOW,7,SupplyGrid-XGBoost-single-v1,0
S012,2028-08-17,0.07865229994,54,LOW,7,SupplyGrid-XGBoost-single-v1,0
S013,2028-08-17,0.07865229994,55,LOW,7,SupplyGrid-XGBoost-single-v1,0
S011,2028-08-17,0.07730571181,56,LOW,7,SupplyGrid-XGBoost-single-v1,0
S009,2028-08-17,0.07719397545,57,LOW,7,SupplyGrid-XGBoost-single-v1,0
S037,2028-08-17,0.07685127109,58,LOW,7,SupplyGrid-XGBoost-single-v1,0
S100,2028-08-17,0.07628402859,59,LOW,7,SupplyGrid-XGBoost-single-v1,1
S042,2028-08-17,0.0761186108,60,LOW,7,SupplyGrid-XGBoost-single-v1,0
S074,2028-08-17,0.07523819059,61,LOW,7,SupplyGrid-XGBoost-single-v1,0
S051,2028-08-17,0.07452049851,62,LOW,7,SupplyGrid-XGBoost-single-v1,0
S091,2028-08-17,0.07437570393,63,LOW,7,SupplyGrid-XGBoost-single-v1,0
S039,2028-08-17,0.07418762147,64,LOW,7,SupplyGrid-XGBoost-single-v1,0
S033,2028-08-17,0.07364913076,65,LOW,7,SupplyGrid-XGBoost-single-v1,0
S002,2028-08-17,0.07279304415,66,LOW,7,SupplyGrid-XGBoost-single-v1,0
S078,2028-08-17,0.07225767523,67,LOW,7,SupplyGrid-XGBoost-single-v1,0
S096,2028-08-17,0.07196404785,68,LOW,7,SupplyGrid-XGBoost-single-v1,0
S048,2028-08-17,0.07194329053,69,LOW,7,SupplyGrid-XGBoost-single-v1,0
S022,2028-08-17,0.07068763673,70,LOW,7,SupplyGrid-XGBoost-single-v1,1
S031,2028-08-17,0.07050873339,71,LOW,7,SupplyGrid-XGBoost-single-v1,0
S067,2028-08-17,0.06999102235,72,LOW,7,SupplyGrid-XGBoost-single-v1,0
S045,2028-08-17,0.06552889198,73,LOW,7,SupplyGrid-XGBoost-single-v1,0
S085,2028-08-17,0.06416610628,74,LOW,7,SupplyGrid-XGBoost-single-v1,1
S004,2028-08-17,0.06254958361,75,LOW,7,SupplyGrid-XGBoost-single-v1,0
S020,2028-08-17,0.06204521284,76,LOW,7,SupplyGrid-XGBoost-single-v1,0
S068,2028-08-17,0.06176098436,77,LOW,7,SupplyGrid-XGBoost-single-v1,1
S008,2028-08-17,0.06108986586,78,LOW,7,SupplyGrid-XGBoost-single-v1,0
S076,2028-08-17,0.06108986586,79,LOW,7,SupplyGrid-XGBoost-single-v1,0
S005,2028-08-17,0.06080974638,80,LOW,7,SupplyGrid-XGBoost-single-v1,0
S075,2028-08-17,0.06023677438,81,LOW,7,SupplyGrid-XGBoost-single-v1,0
S071,2028-08-17,0.05971450731,82,LOW,7,SupplyGrid-XGBoost-single-v1,0
S099,2028-08-17,0.05918328092,83,LOW,7,SupplyGrid-XGBoost-single-v1,0
S070,2028-08-17,0.05910336599,84,LOW,7,SupplyGrid-XGBoost-single-v1,0
S032,2028-08-17,0.0589443557,85,LOW,7,SupplyGrid-XGBoost-single-v1,0
S024,2028-08-17,0.05879281089,86,LOW,7,SupplyGrid-XGBoost-single-v1,0
S038,2028-08-17,0.05879281089,87,LOW,7,SupplyGrid-XGBoost-single-v1,0
S059,2028-08-17,0.05879281089,88,LOW,7,SupplyGrid-XGBoost-single-v1,0
S080,2028-08-17,0.05879281089,89,LOW,7,SupplyGrid-XGBoost-single-v1,0
S017,2028-08-17,0.05823766813,90,LOW,7,SupplyGrid-XGBoost-single-v1,0
S018,2028-08-17,0.05823766813,91,LOW,7,SupplyGrid-XGBoost-single-v1,0
S064,2028-08-17,0.05752947927,92,LOW,7,SupplyGrid-XGBoost-single-v1,0
S044,2028-08-17,0.0569855459,93,LOW,7,SupplyGrid-XGBoost-single-v1,0
S097,2028-08-17,0.0569855459,94,LOW,7,SupplyGrid-XGBoost-single-v1,0
S079,2028-08-18,0.1846794635,1,HIGH,7,SupplyGrid-XGBoost-single-v1,0
S006,2028-08-18,0.1769424826,2,HIGH,7,SupplyGrid-XGBoost-single-v1,0
S016,2028-08-18,0.1635698825,3,HIGH,7,SupplyGrid-XGBoost-single-v1,0
S082,2028-08-18,0.1517917067,4,HIGH,7,SupplyGrid-XGBoost-single-v1,1
S035,2028-08-18,0.1487244517,5,LOW,7,SupplyGrid-XGBoost-single-v1,0
S026,2028-08-18,0.1474749148,6,LOW,7,SupplyGrid-XGBoost-single-v1,1
S057,2028-08-18,0.1424164623,7,LOW,7,SupplyGrid-XGBoost-single-v1,0
S090,2028-08-18,0.142344147,8,LOW,7,SupplyGrid-XGBoost-single-v1,0
S087,2028-08-18,0.1310613155,9,LOW,7,SupplyGrid-XGBoost-single-v1,0
S073,2028-08-18,0.1294997782,10,LOW,7,SupplyGrid-XGBoost-single-v1,0
S086,2028-08-18,0.1284683496,11,LOW,7,SupplyGrid-XGBoost-single-v1,0
S083,2028-08-18,0.1251542419,12,LOW,7,SupplyGrid-XGBoost-single-v1,0
S007,2028-08-18,0.1240402237,13,LOW,7,SupplyGrid-XGBoost-single-v1,0
S072,2028-08-18,0.1201185808,14,LOW,7,SupplyGrid-XGBoost-single-v1,0
S025,2028-08-18,0.1195533201,15,LOW,7,SupplyGrid-XGBoost-single-v1,0
S056,2028-08-18,0.1183074787,16,LOW,7,SupplyGrid-XGBoost-single-v1,0
S069,2028-08-18,0.1178770512,17,LOW,7,SupplyGrid-XGBoost-single-v1,0
S052,2028-08-18,0.1151426733,18,LOW,7,SupplyGrid-XGBoost-single-v1,0
S084,2028-08-18,0.1125542745,19,LOW,7,SupplyGrid-XGBoost-single-v1,0
S001,2028-08-18,0.1116193905,20,LOW,7,SupplyGrid-XGBoost-single-v1,0
S019,2028-08-18,0.1088914722,21,LOW,7,SupplyGrid-XGBoost-single-v1,1
S089,2028-08-18,0.1083501354,22,LOW,7,SupplyGrid-XGBoost-single-v1,0
S034,2028-08-18,0.1063359752,23,LOW,7,SupplyGrid-XGBoost-single-v1,0
S013,2028-08-18,0.1053714454,24,LOW,7,SupplyGrid-XGBoost-single-v1,0
S092,2028-08-18,0.1042868719,25,LOW,7,SupplyGrid-XGBoost-single-v1,0
S053,2028-08-18,0.1026849374,26,LOW,7,SupplyGrid-XGBoost-single-v1,0
S061,2028-08-18,0.1017601565,27,LOW,7,SupplyGrid-XGBoost-single-v1,0
S003,2028-08-18,0.1013695523,28,LOW,7,SupplyGrid-XGBoost-single-v1,1
S023,2028-08-18,0.1005215049,29,LOW,7,SupplyGrid-XGBoost-single-v1,0
S062,2028-08-18,0.1001827046,30,LOW,7,SupplyGrid-XGBoost-single-v1,0
S055,2028-08-18,0.1000621319,31,LOW,7,SupplyGrid-XGBoost-single-v1,0
S047,2028-08-18,0.09985072166,32,LOW,7,SupplyGrid-XGBoost-single-v1,0
S043,2028-08-18,0.09947579354,33,LOW,7,SupplyGrid-XGBoost-single-v1,0
S077,2028-08-18,0.09870193899,34,LOW,7,SupplyGrid-XGBoost-single-v1,0
S027,2028-08-18,0.0986700207,35,LOW,7,SupplyGrid-XGBoost-single-v1,0
S060,2028-08-18,0.09775944054,36,LOW,7,SupplyGrid-XGBoost-single-v1,0
S030,2028-08-18,0.09750548005,37,LOW,7,SupplyGrid-XGBoost-single-v1,1
S046,2028-08-18,0.09576683491,38,LOW,7,SupplyGrid-XGBoost-single-v1,1
S058,2028-08-18,0.09537266195,39,LOW,7,SupplyGrid-XGBoost-single-v1,1
S036,2028-08-18,0.09481090307,40,LOW,7,SupplyGrid-XGBoost-single-v1,0
S078,2028-08-18,0.09351042658,41,LOW,7,SupplyGrid-XGBoost-single-v1,0
S054,2028-08-18,0.09210540354,42,LOW,7,SupplyGrid-XGBoost-single-v1,0
S014,2028-08-18,0.09157111496,43,LOW,7,SupplyGrid-XGBoost-single-v1,0
S012,2028-08-18,0.09115065634,44,LOW,7,SupplyGrid-XGBoost-single-v1,0
S031,2028-08-18,0.09074620903,45,LOW,7,SupplyGrid-XGBoost-single-v1,0
S088,2028-08-18,0.08886109293,46,LOW,7,SupplyGrid-XGBoost-single-v1,0
S040,2028-08-18,0.08841667324,47,LOW,7,SupplyGrid-XGBoost-single-v1,0
S095,2028-08-18,0.08642019331,48,LOW,7,SupplyGrid-XGBoost-single-v1,0
S094,2028-08-18,0.08631701022,49,LOW,7,SupplyGrid-XGBoost-single-v1,0
S093,2028-08-18,0.08554883301,50,LOW,7,SupplyGrid-XGBoost-single-v1,0
S065,2028-08-18,0.08455184102,51,LOW,7,SupplyGrid-XGBoost-single-v1,0
S029,2028-08-18,0.08265854418,52,LOW,7,SupplyGrid-XGBoost-single-v1,0
S015,2028-08-18,0.08255016804,53,LOW,7,SupplyGrid-XGBoost-single-v1,0
S009,2028-08-18,0.08242708445,54,LOW,7,SupplyGrid-XGBoost-single-v1,0
S063,2028-08-18,0.08221144229,55,LOW,7,SupplyGrid-XGBoost-single-v1,0
S028,2028-08-18,0.07914244384,56,LOW,7,SupplyGrid-XGBoost-single-v1,0
S098,2028-08-18,0.07905628532,57,LOW,7,SupplyGrid-XGBoost-single-v1,0
S066,2028-08-18,0.07841116935,58,LOW,7,SupplyGrid-XGBoost-single-v1,0
S010,2028-08-18,0.0768430084,59,LOW,7,SupplyGrid-XGBoost-single-v1,0
S067,2028-08-18,0.07639676332,60,LOW,7,SupplyGrid-XGBoost-single-v1,0
S042,2028-08-18,0.0761186108,61,LOW,7,SupplyGrid-XGBoost-single-v1,0
S051,2028-08-18,0.07606192678,62,LOW,7,SupplyGrid-XGBoost-single-v1,0
S091,2028-08-18,0.07437570393,63,LOW,7,SupplyGrid-XGBoost-single-v1,0
S037,2028-08-18,0.07418762147,64,LOW,7,SupplyGrid-XGBoost-single-v1,0
S033,2028-08-18,0.07364913076,65,LOW,7,SupplyGrid-XGBoost-single-v1,0
S044,2028-08-18,0.07364913076,66,LOW,7,SupplyGrid-XGBoost-single-v1,0
S002,2028-08-18,0.07279304415,67,LOW,7,SupplyGrid-XGBoost-single-v1,0
S096,2028-08-18,0.072627455,68,LOW,7,SupplyGrid-XGBoost-single-v1,0
S048,2028-08-18,0.07194329053,69,LOW,7,SupplyGrid-XGBoost-single-v1,0
S049,2028-08-18,0.07108871639,70,LOW,7,SupplyGrid-XGBoost-single-v1,0
S024,2028-08-18,0.0700045228,71,LOW,7,SupplyGrid-XGBoost-single-v1,0
S071,2028-08-18,0.0700045228,72,LOW,7,SupplyGrid-XGBoost-single-v1,0
S011,2028-08-18,0.06960724294,73,LOW,7,SupplyGrid-XGBoost-single-v1,0
S022,2028-08-18,0.06957180053,74,LOW,7,SupplyGrid-XGBoost-single-v1,1
S074,2028-08-18,0.06892234087,75,LOW,7,SupplyGrid-XGBoost-single-v1,0
S099,2028-08-18,0.06615038961,76,LOW,7,SupplyGrid-XGBoost-single-v1,0
S085,2028-08-18,0.06318031251,77,LOW,7,SupplyGrid-XGBoost-single-v1,1
S020,2028-08-18,0.06204521284,78,LOW,7,SupplyGrid-XGBoost-single-v1,0
S068,2028-08-18,0.06176098436,79,LOW,7,SupplyGrid-XGBoost-single-v1,1
S008,2028-08-18,0.06108986586,80,LOW,7,SupplyGrid-XGBoost-single-v1,0
S076,2028-08-18,0.06108986586,81,LOW,7,SupplyGrid-XGBoost-single-v1,0
S039,2028-08-18,0.06107018143,82,LOW,7,SupplyGrid-XGBoost-single-v1,0
S005,2028-08-18,0.06080974638,83,LOW,7,SupplyGrid-XGBoost-single-v1,0
S004,2028-08-18,0.0603492111,84,LOW,7,SupplyGrid-XGBoost-single-v1,0
S045,2028-08-18,0.06023677438,85,LOW,7,SupplyGrid-XGBoost-single-v1,0
S075,2028-08-18,0.06023677438,86,LOW,7,SupplyGrid-XGBoost-single-v1,0
S070,2028-08-18,0.05910336599,87,LOW,7,SupplyGrid-XGBoost-single-v1,0
S032,2028-08-18,0.0589443557,88,LOW,7,SupplyGrid-XGBoost-single-v1,0
S038,2028-08-18,0.05879281089,89,LOW,7,SupplyGrid-XGBoost-single-v1,0
S059,2028-08-18,0.05879281089,90,LOW,7,SupplyGrid-XGBoost-single-v1,0
S080,2028-08-18,0.05879281089,91,LOW,7,SupplyGrid-XGBoost-single-v1,0
S017,2028-08-18,0.05823766813,92,LOW,7,SupplyGrid-XGBoost-single-v1,0
S018,2028-08-18,0.05823766813,93,LOW,7,SupplyGrid-XGBoost-single-v1,0
S064,2028-08-18,0.05752947927,94,LOW,7,SupplyGrid-XGBoost-single-v1,0
S097,2028-08-18,0.0569855459,95,LOW,7,SupplyGrid-XGBoost-single-v1,1
S050,2028-08-19,0.2067797929,1,HIGH,7,SupplyGrid-XGBoost-single-v1,0
S006,2028-08-19,0.1769424826,2,HIGH,7,SupplyGrid-XGBoost-single-v1,0
S079,2028-08-19,0.1708742082,3,HIGH,7,SupplyGrid-XGBoost-single-v1,0
S026,2028-08-19,0.1649425626,4,HIGH,7,SupplyGrid-XGBoost-single-v1,1
S016,2028-08-19,0.1628238112,5,HIGH,7,SupplyGrid-XGBoost-single-v1,0
S035,2028-08-19,0.144982934,6,LOW,7,SupplyGrid-XGBoost-single-v1,1
S057,2028-08-19,0.1424164623,7,LOW,7,SupplyGrid-XGBoost-single-v1,0
S090,2028-08-19,0.142344147,8,LOW,7,SupplyGrid-XGBoost-single-v1,0
S083,2028-08-19,0.1400641501,9,LOW,7,SupplyGrid-XGBoost-single-v1,0
S082,2028-08-19,0.1352865994,10,LOW,7,SupplyGrid-XGBoost-single-v1,1
S073,2028-08-19,0.131625101,11,LOW,7,SupplyGrid-XGBoost-single-v1,0
S025,2028-08-19,0.1298617274,12,LOW,7,SupplyGrid-XGBoost-single-v1,0
S061,2028-08-19,0.1297156513,13,LOW,7,SupplyGrid-XGBoost-single-v1,0
S041,2028-08-19,0.1290310472,14,LOW,7,SupplyGrid-XGBoost-single-v1,0
S089,2028-08-19,0.127729848,15,LOW,7,SupplyGrid-XGBoost-single-v1,0
S072,2028-08-19,0.1245926395,16,LOW,7,SupplyGrid-XGBoost-single-v1,0
S007,2028-08-19,0.1240402237,17,LOW,7,SupplyGrid-XGBoost-single-v1,0
S087,2028-08-19,0.1235303506,18,LOW,7,SupplyGrid-XGBoost-single-v1,0
S092,2028-08-19,0.119152382,19,LOW,7,SupplyGrid-XGBoost-single-v1,0
S062,2028-08-19,0.1158968434,20,LOW,7,SupplyGrid-XGBoost-single-v1,0
S052,2028-08-19,0.1134686694,21,LOW,7,SupplyGrid-XGBoost-single-v1,0
S084,2028-08-19,0.1106630117,22,LOW,7,SupplyGrid-XGBoost-single-v1,0
S086,2028-08-19,0.1102929562,23,LOW,7,SupplyGrid-XGBoost-single-v1,0
S069,2028-08-19,0.1101607233,24,LOW,7,SupplyGrid-XGBoost-single-v1,0
S001,2028-08-19,0.1089697257,25,LOW,7,SupplyGrid-XGBoost-single-v1,0
S036,2028-08-19,0.1061420143,26,LOW,7,SupplyGrid-XGBoost-single-v1,0
S043,2028-08-19,0.1041640863,27,LOW,7,SupplyGrid-XGBoost-single-v1,0
S063,2028-08-19,0.10363812,28,LOW,7,SupplyGrid-XGBoost-single-v1,0
S053,2028-08-19,0.1026849374,29,LOW,7,SupplyGrid-XGBoost-single-v1,0
S088,2028-08-19,0.1010514945,30,LOW,7,SupplyGrid-XGBoost-single-v1,0
S012,2028-08-19,0.1009732336,31,LOW,7,SupplyGrid-XGBoost-single-v1,0
S023,2028-08-19,0.1005215049,32,LOW,7,SupplyGrid-XGBoost-single-v1,0
S056,2028-08-19,0.1003768444,33,LOW,7,SupplyGrid-XGBoost-single-v1,0
S055,2028-08-19,0.1000621319,34,LOW,7,SupplyGrid-XGBoost-single-v1,0
S046,2028-08-19,0.09920920432,35,LOW,7,SupplyGrid-XGBoost-single-v1,1
S077,2028-08-19,0.09870193899,36,LOW,7,SupplyGrid-XGBoost-single-v1,0
S060,2028-08-19,0.09775944054,37,LOW,7,SupplyGrid-XGBoost-single-v1,0
S030,2028-08-19,0.09490884095,38,LOW,7,SupplyGrid-XGBoost-single-v1,1
S095,2028-08-19,0.09343517572,39,LOW,7,SupplyGrid-XGBoost-single-v1,0
S034,2028-08-19,0.09186946601,40,LOW,7,SupplyGrid-XGBoost-single-v1,0
S031,2028-08-19,0.09074620903,41,LOW,7,SupplyGrid-XGBoost-single-v1,0
S003,2028-08-19,0.09059097618,42,LOW,7,SupplyGrid-XGBoost-single-v1,1
S040,2028-08-19,0.0894068405,43,LOW,7,SupplyGrid-XGBoost-single-v1,0
S065,2028-08-19,0.08862479031,44,LOW,7,SupplyGrid-XGBoost-single-v1,0
S094,2028-08-19,0.08631701022,45,LOW,7,SupplyGrid-XGBoost-single-v1,0
S093,2028-08-19,0.08554883301,46,LOW,7,SupplyGrid-XGBoost-single-v1,0
S054,2028-08-19,0.08413434774,47,LOW,7,SupplyGrid-XGBoost-single-v1,0
S027,2028-08-19,0.08413293958,48,LOW,7,SupplyGrid-XGBoost-single-v1,0
S021,2028-08-19,0.08398170024,49,LOW,7,SupplyGrid-XGBoost-single-v1,0
S033,2028-08-19,0.08286756277,50,LOW,7,SupplyGrid-XGBoost-single-v1,0
S015,2028-08-19,0.08255016804,51,LOW,7,SupplyGrid-XGBoost-single-v1,0
S014,2028-08-19,0.08249278367,52,LOW,7,SupplyGrid-XGBoost-single-v1,0
S022,2028-08-19,0.080839701,53,LOW,7,SupplyGrid-XGBoost-single-v1,1
S029,2028-08-19,0.08042206615,54,LOW,7,SupplyGrid-XGBoost-single-v1,0
S013,2028-08-19,0.07985890657,55,LOW,7,SupplyGrid-XGBoost-single-v1,0
S028,2028-08-19,0.07914244384,56,LOW,7,SupplyGrid-XGBoost-single-v1,0
S058,2028-08-19,0.07909594476,57,LOW,7,SupplyGrid-XGBoost-single-v1,1
S008,2028-08-19,0.07885327935,58,LOW,7,SupplyGrid-XGBoost-single-v1,0
S066,2028-08-19,0.07841116935,59,LOW,7,SupplyGrid-XGBoost-single-v1,0
S098,2028-08-19,0.07802756876,60,LOW,7,SupplyGrid-XGBoost-single-v1,0
S078,2028-08-19,0.07746424526,61,LOW,7,SupplyGrid-XGBoost-single-v1,0
S010,2028-08-19,0.0768430084,62,LOW,7,SupplyGrid-XGBoost-single-v1,0
S042,2028-08-19,0.0761186108,63,LOW,7,SupplyGrid-XGBoost-single-v1,1
S064,2028-08-19,0.07433958352,64,LOW,7,SupplyGrid-XGBoost-single-v1,0
S037,2028-08-19,0.07418762147,65,LOW,7,SupplyGrid-XGBoost-single-v1,0
S047,2028-08-19,0.07365347445,66,LOW,7,SupplyGrid-XGBoost-single-v1,0
S044,2028-08-19,0.07364913076,67,LOW,7,SupplyGrid-XGBoost-single-v1,1
S002,2028-08-19,0.07279304415,68,LOW,7,SupplyGrid-XGBoost-single-v1,0
S091,2028-08-19,0.0722713396,69,LOW,7,SupplyGrid-XGBoost-single-v1,0
S048,2028-08-19,0.07194329053,70,LOW,7,SupplyGrid-XGBoost-single-v1,0
S049,2028-08-19,0.07108871639,71,LOW,7,SupplyGrid-XGBoost-single-v1,0
S009,2028-08-19,0.07103135437,72,LOW,7,SupplyGrid-XGBoost-single-v1,1
S045,2028-08-19,0.07003122568,73,LOW,7,SupplyGrid-XGBoost-single-v1,0
S099,2028-08-19,0.06935133785,74,LOW,7,SupplyGrid-XGBoost-single-v1,0
S067,2028-08-19,0.06892234087,75,LOW,7,SupplyGrid-XGBoost-single-v1,0
S074,2028-08-19,0.06892234087,76,LOW,7,SupplyGrid-XGBoost-single-v1,0
S068,2028-08-19,0.0633443296,77,LOW,7,SupplyGrid-XGBoost-single-v1,1
S085,2028-08-19,0.06318031251,78,LOW,7,SupplyGrid-XGBoost-single-v1,1
S020,2028-08-19,0.06204521284,79,LOW,7,SupplyGrid-XGBoost-single-v1,0
S051,2028-08-19,0.0616704151,80,LOW,7,SupplyGrid-XGBoost-single-v1,0
S076,2028-08-19,0.06108986586,81,LOW,7,SupplyGrid-XGBoost-single-v1,0
S005,2028-08-19,0.06080974638,82,LOW,7,SupplyGrid-XGBoost-single-v1,0
S039,2028-08-19,0.06035079435,83,LOW,7,SupplyGrid-XGBoost-single-v1,0
S004,2028-08-19,0.0603492111,84,LOW,7,SupplyGrid-XGBoost-single-v1,0
S075,2028-08-19,0.06023677438,85,LOW,7,SupplyGrid-XGBoost-single-v1,0
S011,2028-08-19,0.05986827239,86,LOW,7,SupplyGrid-XGBoost-single-v1,0
S096,2028-08-19,0.05986827239,87,LOW,7,SupplyGrid-XGBoost-single-v1,0
S071,2028-08-19,0.05971450731,88,LOW,7,SupplyGrid-XGBoost-single-v1,0
S070,2028-08-19,0.05910336599,89,LOW,7,SupplyGrid-XGBoost-single-v1,0
S032,2028-08-19,0.0589443557,90,LOW,7,SupplyGrid-XGBoost-single-v1,0
S024,2028-08-19,0.05879281089,91,LOW,7,SupplyGrid-XGBoost-single-v1,0
S038,2028-08-19,0.05879281089,92,LOW,7,SupplyGrid-XGBoost-single-v1,0
S059,2028-08-19,0.05879281089,93,LOW,7,SupplyGrid-XGBoost-single-v1,0
S080,2028-08-19,0.05879281089,94,LOW,7,SupplyGrid-XGBoost-single-v1,0
S017,2028-08-19,0.05823766813,95,LOW,7,SupplyGrid-XGBoost-single-v1,0
S018,2028-08-19,0.05823766813,96,LOW,7,SupplyGrid-XGBoost-single-v1,0
S097,2028-08-19,0.0569855459,97,LOW,7,SupplyGrid-XGBoost-single-v1,1
S050,2028-08-20,0.2113249004,1,HIGH,7,SupplyGrid-XGBoost-single-v1,0
S006,2028-08-20,0.1769424826,2,HIGH,7,SupplyGrid-XGBoost-single-v1,0
S026,2028-08-20,0.1649425626,3,HIGH,7,SupplyGrid-XGBoost-single-v1,1
S083,2028-08-20,0.1558721811,4,HIGH,7,SupplyGrid-XGBoost-single-v1,0
S079,2028-08-20,0.1468777657,5,LOW,7,SupplyGrid-XGBoost-single-v1,0
S057,2028-08-20,0.1424164623,6,LOW,7,SupplyGrid-XGBoost-single-v1,0
S090,2028-08-20,0.142344147,7,LOW,7,SupplyGrid-XGBoost-single-v1,1
S041,2028-08-20,0.1405678093,8,LOW,7,SupplyGrid-XGBoost-single-v1,0
S087,2028-08-20,0.1353949457,9,LOW,7,SupplyGrid-XGBoost-single-v1,0
S025,2028-08-20,0.1333760768,10,LOW,7,SupplyGrid-XGBoost-single-v1,1
S073,2028-08-20,0.131625101,11,LOW,7,SupplyGrid-XGBoost-single-v1,0
S061,2028-08-20,0.1297156513,12,LOW,7,SupplyGrid-XGBoost-single-v1,0
S035,2028-08-20,0.1273607612,13,LOW,7,SupplyGrid-XGBoost-single-v1,1
S016,2028-08-20,0.1265698075,14,LOW,7,SupplyGrid-XGBoost-single-v1,0
S062,2028-08-20,0.1259350628,15,LOW,7,SupplyGrid-XGBoost-single-v1,0
S069,2028-08-20,0.1240402237,16,LOW,7,SupplyGrid-XGBoost-single-v1,0
S092,2028-08-20,0.1223226711,17,LOW,7,SupplyGrid-XGBoost-single-v1,0
S052,2028-08-20,0.1220545471,18,LOW,7,SupplyGrid-XGBoost-single-v1,0
S072,2028-08-20,0.1201185808,19,LOW,7,SupplyGrid-XGBoost-single-v1,0
S086,2028-08-20,0.115942955,20,LOW,7,SupplyGrid-XGBoost-single-v1,0
S063,2028-08-20,0.1119302511,21,LOW,7,SupplyGrid-XGBoost-single-v1,0
S089,2028-08-20,0.1112277955,22,LOW,7,SupplyGrid-XGBoost-single-v1,0
S082,2028-08-20,0.1108678579,23,LOW,7,SupplyGrid-XGBoost-single-v1,1
S084,2028-08-20,0.1106630117,24,LOW,7,SupplyGrid-XGBoost-single-v1,0
S007,2028-08-20,0.1101607233,25,LOW,7,SupplyGrid-XGBoost-single-v1,0
S088,2028-08-20,0.1091618761,26,LOW,7,SupplyGrid-XGBoost-single-v1,0
S034,2028-08-20,0.1081026495,27,LOW,7,SupplyGrid-XGBoost-single-v1,0
S001,2028-08-20,0.1073746234,28,LOW,7,SupplyGrid-XGBoost-single-v1,0
S043,2028-08-20,0.1041640863,29,LOW,7,SupplyGrid-XGBoost-single-v1,0
S014,2028-08-20,0.1024539396,30,LOW,7,SupplyGrid-XGBoost-single-v1,0
S012,2028-08-20,0.1009732336,31,LOW,7,SupplyGrid-XGBoost-single-v1,0
S036,2028-08-20,0.1009666324,32,LOW,7,SupplyGrid-XGBoost-single-v1,0
S023,2028-08-20,0.1005215049,33,LOW,7,SupplyGrid-XGBoost-single-v1,0
S056,2028-08-20,0.09961327165,34,LOW,7,SupplyGrid-XGBoost-single-v1,0
S077,2028-08-20,0.09870193899,35,LOW,7,SupplyGrid-XGBoost-single-v1,0
S060,2028-08-20,0.09775944054,36,LOW,7,SupplyGrid-XGBoost-single-v1,0
S081,2028-08-20,0.09653506428,37,LOW,7,SupplyGrid-XGBoost-single-v1,0
S091,2028-08-20,0.09462559968,38,LOW,7,SupplyGrid-XGBoost-single-v1,0
S053,2028-08-20,0.09395872056,39,LOW,7,SupplyGrid-XGBoost-single-v1,0
S010,2028-08-20,0.09198448062,40,LOW,7,SupplyGrid-XGBoost-single-v1,0
S095,2028-08-20,0.09183195233,41,LOW,7,SupplyGrid-XGBoost-single-v1,0
S031,2028-08-20,0.09074620903,42,LOW,7,SupplyGrid-XGBoost-single-v1,0
S003,2028-08-20,0.09059097618,43,LOW,7,SupplyGrid-XGBoost-single-v1,1
S046,2028-08-20,0.08949957043,44,LOW,7,SupplyGrid-XGBoost-single-v1,1
S055,2028-08-20,0.0894080624,45,LOW,7,SupplyGrid-XGBoost-single-v1,0
S065,2028-08-20,0.08646786958,46,LOW,7,SupplyGrid-XGBoost-single-v1,0
S094,2028-08-20,0.08631701022,47,LOW,7,SupplyGrid-XGBoost-single-v1,0
S093,2028-08-20,0.08554883301,48,LOW,7,SupplyGrid-XGBoost-single-v1,0
S021,2028-08-20,0.08398170024,49,LOW,7,SupplyGrid-XGBoost-single-v1,0
S048,2028-08-20,0.08262369037,50,LOW,7,SupplyGrid-XGBoost-single-v1,0
S015,2028-08-20,0.08255016804,51,LOW,7,SupplyGrid-XGBoost-single-v1,0
S009,2028-08-20,0.08242708445,52,LOW,7,SupplyGrid-XGBoost-single-v1,1
S013,2028-08-20,0.08186573535,53,LOW,7,SupplyGrid-XGBoost-single-v1,0
S027,2028-08-20,0.08161564916,54,LOW,7,SupplyGrid-XGBoost-single-v1,0
S033,2028-08-20,0.08116653562,55,LOW,7,SupplyGrid-XGBoost-single-v1,0
S078,2028-08-20,0.07885327935,56,LOW,7,SupplyGrid-XGBoost-single-v1,0
S098,2028-08-20,0.07802756876,57,LOW,7,SupplyGrid-XGBoost-single-v1,0
S054,2028-08-20,0.0771920532,58,LOW,7,SupplyGrid-XGBoost-single-v1,0
S066,2028-08-20,0.07667517662,59,LOW,7,SupplyGrid-XGBoost-single-v1,0
S042,2028-08-20,0.0761186108,60,LOW,7,SupplyGrid-XGBoost-single-v1,1
S022,2028-08-20,0.07594231516,61,LOW,7,SupplyGrid-XGBoost-single-v1,1
S040,2028-08-20,0.07489139587,62,LOW,7,SupplyGrid-XGBoost-single-v1,0
S047,2028-08-20,0.07483908534,63,LOW,7,SupplyGrid-XGBoost-single-v1,0
S028,2028-08-20,0.07433958352,64,LOW,7,SupplyGrid-XGBoost-single-v1,0
S037,2028-08-20,0.07418762147,65,LOW,7,SupplyGrid-XGBoost-single-v1,0
S058,2028-08-20,0.07418762147,66,LOW,7,SupplyGrid-XGBoost-single-v1,1
S002,2028-08-20,0.07279304415,67,LOW,7,SupplyGrid-XGBoost-single-v1,0
S020,2028-08-20,0.07225767523,68,LOW,7,SupplyGrid-XGBoost-single-v1,0
S049,2028-08-20,0.07108871639,69,LOW,7,SupplyGrid-XGBoost-single-v1,0
S051,2028-08-20,0.07094234228,70,LOW,7,SupplyGrid-XGBoost-single-v1,0
S011,2028-08-20,0.0708296001,71,LOW,7,SupplyGrid-XGBoost-single-v1,0
S004,2028-08-20,0.07016059011,72,LOW,7,SupplyGrid-XGBoost-single-v1,0
S029,2028-08-20,0.0700045228,73,LOW,7,SupplyGrid-XGBoost-single-v1,0
S017,2028-08-20,0.06935133785,74,LOW,7,SupplyGrid-XGBoost-single-v1,0
S067,2028-08-20,0.06892234087,75,LOW,7,SupplyGrid-XGBoost-single-v1,0
S064,2028-08-20,0.06809360534,76,LOW,7,SupplyGrid-XGBoost-single-v1,0
S044,2028-08-20,0.06560235471,77,LOW,7,SupplyGrid-XGBoost-single-v1,1
S085,2028-08-20,0.06318031251,78,LOW,7,SupplyGrid-XGBoost-single-v1,1
S008,2028-08-20,0.06108986586,79,LOW,7,SupplyGrid-XGBoost-single-v1,0
S076,2028-08-20,0.06108986586,80,LOW,7,SupplyGrid-XGBoost-single-v1,0
S005,2028-08-20,0.06080974638,81,LOW,7,SupplyGrid-XGBoost-single-v1,0
S045,2028-08-20,0.06023677438,82,LOW,7,SupplyGrid-XGBoost-single-v1,0
S075,2028-08-20,0.06023677438,83,LOW,7,SupplyGrid-XGBoost-single-v1,0
S039,2028-08-20,0.05974685773,84,LOW,7,SupplyGrid-XGBoost-single-v1,0
S071,2028-08-20,0.05971450731,85,LOW,7,SupplyGrid-XGBoost-single-v1,0
S070,2028-08-20,0.05910336599,86,LOW,7,SupplyGrid-XGBoost-single-v1,0
S032,2028-08-20,0.0589443557,87,LOW,7,SupplyGrid-XGBoost-single-v1,0
S096,2028-08-20,0.0589443557,88,LOW,7,SupplyGrid-XGBoost-single-v1,0
S024,2028-08-20,0.05879281089,89,LOW,7,SupplyGrid-XGBoost-single-v1,0
S038,2028-08-20,0.05879281089,90,LOW,7,SupplyGrid-XGBoost-single-v1,0
S059,2028-08-20,0.05879281089,91,LOW,7,SupplyGrid-XGBoost-single-v1,0
S080,2028-08-20,0.05879281089,92,LOW,7,SupplyGrid-XGBoost-single-v1,0
S018,2028-08-20,0.05823766813,93,LOW,7,SupplyGrid-XGBoost-single-v1,0
S074,2028-08-20,0.05823766813,94,LOW,7,SupplyGrid-XGBoost-single-v1,0
S099,2028-08-20,0.05823766813,95,LOW,7,SupplyGrid-XGBoost-single-v1,0
S097,2028-08-20,0.0569855459,96,LOW,7,SupplyGrid-XGBoost-single-v1,1
S050,2028-08-21,0.2390450537,1,HIGH,7,SupplyGrid-XGBoost-single-v1,0
S026,2028-08-21,0.1771701574,2,HIGH,7,SupplyGrid-XGBoost-single-v1,1
S006,2028-08-21,0.1769424826,3,HIGH,7,SupplyGrid-XGBoost-single-v1,0
S041,2028-08-21,0.1575998515,4,HIGH,7,SupplyGrid-XGBoost-single-v1,0
S072,2028-08-21,0.1523507386,5,HIGH,7,SupplyGrid-XGBoost-single-v1,0
S090,2028-08-21,0.1508246958,6,HIGH,7,SupplyGrid-XGBoost-single-v1,1
S079,2028-08-21,0.1468777657,7,LOW,7,SupplyGrid-XGBoost-single-v1,0
S057,2028-08-21,0.1424164623,8,LOW,7,SupplyGrid-XGBoost-single-v1,0
S052,2028-08-21,0.1391423941,9,LOW,7,SupplyGrid-XGBoost-single-v1,0
S088,2028-08-21,0.1389181614,10,LOW,7,SupplyGrid-XGBoost-single-v1,0
S087,2028-08-21,0.1310613155,11,LOW,7,SupplyGrid-XGBoost-single-v1,0
S025,2028-08-21,0.1298617274,12,LOW,7,SupplyGrid-XGBoost-single-v1,1
S016,2028-08-21,0.1294032335,13,LOW,7,SupplyGrid-XGBoost-single-v1,0
S100,2028-08-21,0.1286541522,14,LOW,7,SupplyGrid-XGBoost-single-v1,0
S035,2028-08-21,0.1273607612,15,LOW,7,SupplyGrid-XGBoost-single-v1,1
S089,2028-08-21,0.1272081286,16,LOW,7,SupplyGrid-XGBoost-single-v1,0
S062,2028-08-21,0.1259350628,17,LOW,7,SupplyGrid-XGBoost-single-v1,0
S077,2028-08-21,0.1259350628,18,LOW,7,SupplyGrid-XGBoost-single-v1,0
S069,2028-08-21,0.1240402237,19,LOW,7,SupplyGrid-XGBoost-single-v1,0
S083,2028-08-21,0.1230768487,20,LOW,7,SupplyGrid-XGBoost-single-v1,0
S092,2028-08-21,0.1223226711,21,LOW,7,SupplyGrid-XGBoost-single-v1,0
S084,2028-08-21,0.1148308441,22,LOW,7,SupplyGrid-XGBoost-single-v1,0
S060,2028-08-21,0.1148110554,23,LOW,7,SupplyGrid-XGBoost-single-v1,0
S061,2028-08-21,0.1145077869,24,LOW,7,SupplyGrid-XGBoost-single-v1,0
S073,2028-08-21,0.1140535176,25,LOW,7,SupplyGrid-XGBoost-single-v1,0
S001,2028-08-21,0.1073746234,26,LOW,7,SupplyGrid-XGBoost-single-v1,0
S010,2028-08-21,0.1030162349,27,LOW,7,SupplyGrid-XGBoost-single-v1,0
S053,2028-08-21,0.1026849374,28,LOW,7,SupplyGrid-XGBoost-single-v1,0
S023,2028-08-21,0.1020264551,29,LOW,7,SupplyGrid-XGBoost-single-v1,0
S086,2028-08-21,0.1019284725,30,LOW,7,SupplyGrid-XGBoost-single-v1,0
S012,2028-08-21,0.1009732336,31,LOW,7,SupplyGrid-XGBoost-single-v1,0
S063,2028-08-21,0.09832016379,32,LOW,7,SupplyGrid-XGBoost-single-v1,0
S056,2028-08-21,0.09558652341,33,LOW,7,SupplyGrid-XGBoost-single-v1,0
S013,2028-08-21,0.09411393851,34,LOW,7,SupplyGrid-XGBoost-single-v1,0
S036,2028-08-21,0.09340131283,35,LOW,7,SupplyGrid-XGBoost-single-v1,0
S003,2028-08-21,0.09217472374,36,LOW,7,SupplyGrid-XGBoost-single-v1,1
S055,2028-08-21,0.09186946601,37,LOW,7,SupplyGrid-XGBoost-single-v1,0
S031,2028-08-21,0.09074620903,38,LOW,7,SupplyGrid-XGBoost-single-v1,0
S091,2028-08-21,0.09050507843,39,LOW,7,SupplyGrid-XGBoost-single-v1,0
S034,2028-08-21,0.09031929821,40,LOW,7,SupplyGrid-XGBoost-single-v1,0
S095,2028-08-21,0.09030424058,41,LOW,7,SupplyGrid-XGBoost-single-v1,0
S007,2028-08-21,0.09000591934,42,LOW,7,SupplyGrid-XGBoost-single-v1,0
S043,2028-08-21,0.08996331692,43,LOW,7,SupplyGrid-XGBoost-single-v1,0
S008,2028-08-21,0.08930141479,44,LOW,7,SupplyGrid-XGBoost-single-v1,0
S065,2028-08-21,0.0888562277,45,LOW,7,SupplyGrid-XGBoost-single-v1,0
S094,2028-08-21,0.08631701022,46,LOW,7,SupplyGrid-XGBoost-single-v1,0
S081,2028-08-21,0.08593249321,47,LOW,7,SupplyGrid-XGBoost-single-v1,0
S014,2028-08-21,0.08556638658,48,LOW,7,SupplyGrid-XGBoost-single-v1,0
S093,2028-08-21,0.08554883301,49,LOW,7,SupplyGrid-XGBoost-single-v1,0
S021,2028-08-21,0.08398170024,50,LOW,7,SupplyGrid-XGBoost-single-v1,0
S015,2028-08-21,0.08255016804,51,LOW,7,SupplyGrid-XGBoost-single-v1,0
S047,2028-08-21,0.08085083961,52,LOW,7,SupplyGrid-XGBoost-single-v1,0
S078,2028-08-21,0.07885327935,53,LOW,7,SupplyGrid-XGBoost-single-v1,0
S044,2028-08-21,0.07881009579,54,LOW,7,SupplyGrid-XGBoost-single-v1,1
S054,2028-08-21,0.0771920532,55,LOW,7,SupplyGrid-XGBoost-single-v1,0
S042,2028-08-21,0.0761186108,56,LOW,7,SupplyGrid-XGBoost-single-v1,1
S022,2028-08-21,0.07594231516,57,LOW,7,SupplyGrid-XGBoost-single-v1,1
S046,2028-08-21,0.07457397133,58,LOW,7,SupplyGrid-XGBoost-single-v1,1
S037,2028-08-21,0.07418762147,59,LOW,7,SupplyGrid-XGBoost-single-v1,0
S033,2028-08-21,0.07364913076,60,LOW,7,SupplyGrid-XGBoost-single-v1,0
S040,2028-08-21,0.07304192334,61,LOW,7,SupplyGrid-XGBoost-single-v1,0
S002,2028-08-21,0.07279304415,62,LOW,7,SupplyGrid-XGBoost-single-v1,0
S020,2028-08-21,0.07225767523,63,LOW,7,SupplyGrid-XGBoost-single-v1,0
S048,2028-08-21,0.07194329053,64,LOW,7,SupplyGrid-XGBoost-single-v1,0
S004,2028-08-21,0.07139191031,65,LOW,7,SupplyGrid-XGBoost-single-v1,0
S049,2028-08-21,0.07108871639,66,LOW,7,SupplyGrid-XGBoost-single-v1,0
S009,2028-08-21,0.07103135437,67,LOW,7,SupplyGrid-XGBoost-single-v1,1
S024,2028-08-21,0.0700045228,68,LOW,7,SupplyGrid-XGBoost-single-v1,0
S029,2028-08-21,0.0700045228,69,LOW,7,SupplyGrid-XGBoost-single-v1,0
S070,2028-08-21,0.06993506104,70,LOW,7,SupplyGrid-XGBoost-single-v1,0
S011,2028-08-21,0.06974907219,71,LOW,7,SupplyGrid-XGBoost-single-v1,0
S099,2028-08-21,0.06935133785,72,LOW,7,SupplyGrid-XGBoost-single-v1,0
S017,2028-08-21,0.06892234087,73,LOW,7,SupplyGrid-XGBoost-single-v1,0
S027,2028-08-21,0.06850457937,74,LOW,7,SupplyGrid-XGBoost-single-v1,0
S028,2028-08-21,0.06809360534,75,LOW,7,SupplyGrid-XGBoost-single-v1,0
S066,2028-08-21,0.06731943786,76,LOW,7,SupplyGrid-XGBoost-single-v1,0
S067,2028-08-21,0.06703037024,77,LOW,7,SupplyGrid-XGBoost-single-v1,0
S085,2028-08-21,0.06318031251,78,LOW,7,SupplyGrid-XGBoost-single-v1,1
S051,2028-08-21,0.0616704151,79,LOW,7,SupplyGrid-XGBoost-single-v1,0
S076,2028-08-21,0.06108986586,80,LOW,7,SupplyGrid-XGBoost-single-v1,0
S005,2028-08-21,0.06080974638,81,LOW,7,SupplyGrid-XGBoost-single-v1,0
S045,2028-08-21,0.06023677438,82,LOW,7,SupplyGrid-XGBoost-single-v1,0
S075,2028-08-21,0.06023677438,83,LOW,7,SupplyGrid-XGBoost-single-v1,0
S096,2028-08-21,0.05986827239,84,LOW,7,SupplyGrid-XGBoost-single-v1,0
S039,2028-08-21,0.05974685773,85,LOW,7,SupplyGrid-XGBoost-single-v1,0
S098,2028-08-21,0.05950580165,86,LOW,7,SupplyGrid-XGBoost-single-v1,0
S032,2028-08-21,0.0589443557,87,LOW,7,SupplyGrid-XGBoost-single-v1,0
S038,2028-08-21,0.05879281089,88,LOW,7,SupplyGrid-XGBoost-single-v1,0
S059,2028-08-21,0.05879281089,89,LOW,7,SupplyGrid-XGBoost-single-v1,0
S071,2028-08-21,0.05879281089,90,LOW,7,SupplyGrid-XGBoost-single-v1,0
S080,2028-08-21,0.05879281089,91,LOW,7,SupplyGrid-XGBoost-single-v1,0
S018,2028-08-21,0.05823766813,92,LOW,7,SupplyGrid-XGBoost-single-v1,0
S074,2028-08-21,0.05823766813,93,LOW,7,SupplyGrid-XGBoost-single-v1,0
S064,2028-08-21,0.05752947927,94,LOW,7,SupplyGrid-XGBoost-single-v1,0
S097,2028-08-21,0.0569855459,95,LOW,7,SupplyGrid-XGBoost-single-v1,1
S050,2028-08-22,0.216555357,1,HIGH,7,SupplyGrid-XGBoost-single-v1,0
S026,2028-08-22,0.1716760397,2,HIGH,7,SupplyGrid-XGBoost-single-v1,1
S041,2028-08-22,0.1575998515,3,HIGH,7,SupplyGrid-XGBoost-single-v1,0
S006,2028-08-22,0.1571978927,4,HIGH,7,SupplyGrid-XGBoost-single-v1,0
S079,2028-08-22,0.1468777657,5,LOW,7,SupplyGrid-XGBoost-single-v1,0
S052,2028-08-22,0.1391423941,6,LOW,7,SupplyGrid-XGBoost-single-v1,0
S088,2028-08-22,0.1389181614,7,LOW,7,SupplyGrid-XGBoost-single-v1,0
S025,2028-08-22,0.1377179176,8,LOW,7,SupplyGrid-XGBoost-single-v1,1
S089,2028-08-22,0.1314224005,9,LOW,7,SupplyGrid-XGBoost-single-v1,0
S087,2028-08-22,0.1310613155,10,LOW,7,SupplyGrid-XGBoost-single-v1,0
S016,2028-08-22,0.1294032335,11,LOW,7,SupplyGrid-XGBoost-single-v1,0
S090,2028-08-22,0.129074946,12,LOW,7,SupplyGrid-XGBoost-single-v1,1
S100,2028-08-22,0.1286541522,13,LOW,7,SupplyGrid-XGBoost-single-v1,0
S035,2028-08-22,0.1273607612,14,LOW,7,SupplyGrid-XGBoost-single-v1,1
S073,2028-08-22,0.1273607612,15,LOW,7,SupplyGrid-XGBoost-single-v1,0
S057,2028-08-22,0.1259350628,16,LOW,7,SupplyGrid-XGBoost-single-v1,0
S062,2028-08-22,0.1259350628,17,LOW,7,SupplyGrid-XGBoost-single-v1,0
S083,2028-08-22,0.1230768487,18,LOW,7,SupplyGrid-XGBoost-single-v1,0
S092,2028-08-22,0.1203267351,19,LOW,7,SupplyGrid-XGBoost-single-v1,0
S056,2028-08-22,0.1183074787,20,LOW,7,SupplyGrid-XGBoost-single-v1,0
S077,2028-08-22,0.1139921546,21,LOW,7,SupplyGrid-XGBoost-single-v1,0
S019,2028-08-22,0.1120762974,22,LOW,7,SupplyGrid-XGBoost-single-v1,1
S069,2028-08-22,0.1101607233,23,LOW,7,SupplyGrid-XGBoost-single-v1,0
S086,2028-08-22,0.1100784242,24,LOW,7,SupplyGrid-XGBoost-single-v1,0
S081,2028-08-22,0.1100726575,25,LOW,7,SupplyGrid-XGBoost-single-v1,0
S072,2028-08-22,0.1074748188,26,LOW,7,SupplyGrid-XGBoost-single-v1,0
S001,2028-08-22,0.1073746234,27,LOW,7,SupplyGrid-XGBoost-single-v1,0
S061,2028-08-22,0.1050648168,28,LOW,7,SupplyGrid-XGBoost-single-v1,0
S043,2028-08-22,0.1041640863,29,LOW,7,SupplyGrid-XGBoost-single-v1,0
S053,2028-08-22,0.1026849374,30,LOW,7,SupplyGrid-XGBoost-single-v1,0
S084,2028-08-22,0.1024539396,31,LOW,7,SupplyGrid-XGBoost-single-v1,0
S023,2028-08-22,0.1020264551,32,LOW,7,SupplyGrid-XGBoost-single-v1,0
S010,2028-08-22,0.09870548546,33,LOW,7,SupplyGrid-XGBoost-single-v1,0
S060,2028-08-22,0.09775944054,34,LOW,7,SupplyGrid-XGBoost-single-v1,0
S031,2028-08-22,0.09649857134,35,LOW,7,SupplyGrid-XGBoost-single-v1,0
S063,2028-08-22,0.09633529931,36,LOW,7,SupplyGrid-XGBoost-single-v1,0
S012,2028-08-22,0.09271363914,37,LOW,7,SupplyGrid-XGBoost-single-v1,0
S013,2028-08-22,0.09252976626,38,LOW,7,SupplyGrid-XGBoost-single-v1,0
S055,2028-08-22,0.09186946601,39,LOW,7,SupplyGrid-XGBoost-single-v1,0
S029,2028-08-22,0.0901113078,40,LOW,7,SupplyGrid-XGBoost-single-v1,0
S065,2028-08-22,0.08952882886,41,LOW,7,SupplyGrid-XGBoost-single-v1,0
S014,2028-08-22,0.08735000342,42,LOW,7,SupplyGrid-XGBoost-single-v1,0
S095,2028-08-22,0.08642019331,43,LOW,7,SupplyGrid-XGBoost-single-v1,0
S094,2028-08-22,0.08631701022,44,LOW,7,SupplyGrid-XGBoost-single-v1,0
S002,2028-08-22,0.08590455353,45,LOW,7,SupplyGrid-XGBoost-single-v1,0
S036,2028-08-22,0.08553078026,46,LOW,7,SupplyGrid-XGBoost-single-v1,0
S091,2028-08-22,0.08500923216,47,LOW,7,SupplyGrid-XGBoost-single-v1,1
S021,2028-08-22,0.08398170024,48,LOW,7,SupplyGrid-XGBoost-single-v1,0
S015,2028-08-22,0.08255016804,49,LOW,7,SupplyGrid-XGBoost-single-v1,0
S007,2028-08-22,0.08235693723,50,LOW,7,SupplyGrid-XGBoost-single-v1,0
S017,2028-08-22,0.08146454394,51,LOW,7,SupplyGrid-XGBoost-single-v1,0
S047,2028-08-22,0.08085083961,52,LOW,7,SupplyGrid-XGBoost-single-v1,0
S054,2028-08-22,0.07983475178,53,LOW,7,SupplyGrid-XGBoost-single-v1,0
S093,2028-08-22,0.07815200835,54,LOW,7,SupplyGrid-XGBoost-single-v1,0
S044,2028-08-22,0.07800501585,55,LOW,7,SupplyGrid-XGBoost-single-v1,1
S034,2028-08-22,0.07792514563,56,LOW,7,SupplyGrid-XGBoost-single-v1,0
S042,2028-08-22,0.0761186108,57,LOW,7,SupplyGrid-XGBoost-single-v1,1
S037,2028-08-22,0.07418762147,58,LOW,7,SupplyGrid-XGBoost-single-v1,0
S033,2028-08-22,0.07364913076,59,LOW,7,SupplyGrid-XGBoost-single-v1,0
S040,2028-08-22,0.07360449433,60,LOW,7,SupplyGrid-XGBoost-single-v1,0
S008,2028-08-22,0.07225767523,61,LOW,7,SupplyGrid-XGBoost-single-v1,0
S078,2028-08-22,0.07225767523,62,LOW,7,SupplyGrid-XGBoost-single-v1,0
S048,2028-08-22,0.07194329053,63,LOW,7,SupplyGrid-XGBoost-single-v1,0
S049,2028-08-22,0.07108871639,64,LOW,7,SupplyGrid-XGBoost-single-v1,0
S009,2028-08-22,0.07103135437,65,LOW,7,SupplyGrid-XGBoost-single-v1,1
S020,2028-08-22,0.07101255655,66,LOW,7,SupplyGrid-XGBoost-single-v1,0
S032,2028-08-22,0.07018281519,67,LOW,7,SupplyGrid-XGBoost-single-v1,0
S024,2028-08-22,0.0700045228,68,LOW,7,SupplyGrid-XGBoost-single-v1,0
S099,2028-08-22,0.06935133785,69,LOW,7,SupplyGrid-XGBoost-single-v1,0
S046,2028-08-22,0.06860499829,70,LOW,7,SupplyGrid-XGBoost-single-v1,1
S038,2028-08-22,0.06836955249,71,LOW,7,SupplyGrid-XGBoost-single-v1,0
S039,2028-08-22,0.06836955249,72,LOW,7,SupplyGrid-XGBoost-single-v1,0
S027,2028-08-22,0.06745694578,73,LOW,7,SupplyGrid-XGBoost-single-v1,0
S098,2028-08-22,0.06719835848,74,LOW,7,SupplyGrid-XGBoost-single-v1,0
S066,2028-08-22,0.06628862768,75,LOW,7,SupplyGrid-XGBoost-single-v1,0
S051,2028-08-22,0.06491214782,76,LOW,7,SupplyGrid-XGBoost-single-v1,0
S076,2028-08-22,0.06108986586,77,LOW,7,SupplyGrid-XGBoost-single-v1,0
S005,2028-08-22,0.06080974638,78,LOW,7,SupplyGrid-XGBoost-single-v1,0
S004,2028-08-22,0.0603492111,79,LOW,7,SupplyGrid-XGBoost-single-v1,0
S045,2028-08-22,0.06023677438,80,LOW,7,SupplyGrid-XGBoost-single-v1,0
S075,2028-08-22,0.06023677438,81,LOW,7,SupplyGrid-XGBoost-single-v1,0
S070,2028-08-22,0.05910336599,82,LOW,7,SupplyGrid-XGBoost-single-v1,0
S011,2028-08-22,0.0589443557,83,LOW,7,SupplyGrid-XGBoost-single-v1,0
S096,2028-08-22,0.0589443557,84,LOW,7,SupplyGrid-XGBoost-single-v1,0
S059,2028-08-22,0.05879281089,85,LOW,7,SupplyGrid-XGBoost-single-v1,0
S071,2028-08-22,0.05879281089,86,LOW,7,SupplyGrid-XGBoost-single-v1,0
S080,2028-08-22,0.05879281089,87,LOW,7,SupplyGrid-XGBoost-single-v1,0
S064,2028-08-22,0.05843259022,88,LOW,7,SupplyGrid-XGBoost-single-v1,0
S018,2028-08-22,0.05823766813,89,LOW,7,SupplyGrid-XGBoost-single-v1,0
S067,2028-08-22,0.05823766813,90,LOW,7,SupplyGrid-XGBoost-single-v1,0
S074,2028-08-22,0.05823766813,91,LOW,7,SupplyGrid-XGBoost-single-v1,0
S028,2028-08-22,0.05752947927,92,LOW,7,SupplyGrid-XGBoost-single-v1,0
S097,2028-08-22,0.0569855459,93,LOW,7,SupplyGrid-XGBoost-single-v1,1
S050,2028-08-23,0.2009544373,1,HIGH,7,SupplyGrid-XGBoost-single-v1,0
S079,2028-08-23,0.1468777657,2,LOW,7,SupplyGrid-XGBoost-single-v1,0
S083,2028-08-23,0.1438404024,3,LOW,7,SupplyGrid-XGBoost-single-v1,0
S090,2028-08-23,0.142344147,4,LOW,7,SupplyGrid-XGBoost-single-v1,1
S006,2028-08-23,0.140230462,5,LOW,7,SupplyGrid-XGBoost-single-v1,0
S052,2028-08-23,0.1391423941,6,LOW,7,SupplyGrid-XGBoost-single-v1,0
S088,2028-08-23,0.1389181614,7,LOW,7,SupplyGrid-XGBoost-single-v1,0
S041,2028-08-23,0.1386102885,8,LOW,7,SupplyGrid-XGBoost-single-v1,0
S025,2028-08-23,0.1377179176,9,LOW,7,SupplyGrid-XGBoost-single-v1,1
S062,2028-08-23,0.1335902661,10,LOW,7,SupplyGrid-XGBoost-single-v1,0
S089,2028-08-23,0.1314224005,11,LOW,7,SupplyGrid-XGBoost-single-v1,0
S035,2028-08-23,0.1273607612,12,LOW,7,SupplyGrid-XGBoost-single-v1,1
S100,2028-08-23,0.1265698075,13,LOW,7,SupplyGrid-XGBoost-single-v1,0
S072,2028-08-23,0.1199971735,14,LOW,7,SupplyGrid-XGBoost-single-v1,0
S086,2028-08-23,0.1189295873,15,LOW,7,SupplyGrid-XGBoost-single-v1,0
S030,2028-08-23,0.1189054325,16,LOW,7,SupplyGrid-XGBoost-single-v1,0
S073,2028-08-23,0.1168105677,17,LOW,7,SupplyGrid-XGBoost-single-v1,0
S061,2028-08-23,0.1161950901,18,LOW,7,SupplyGrid-XGBoost-single-v1,0
S016,2028-08-23,0.1159109101,19,LOW,7,SupplyGrid-XGBoost-single-v1,0
S057,2028-08-23,0.1158968434,20,LOW,7,SupplyGrid-XGBoost-single-v1,0
S023,2028-08-23,0.1149191633,21,LOW,7,SupplyGrid-XGBoost-single-v1,0
S087,2028-08-23,0.1132562757,22,LOW,7,SupplyGrid-XGBoost-single-v1,0
S077,2028-08-23,0.1128717065,23,LOW,7,SupplyGrid-XGBoost-single-v1,0
S019,2028-08-23,0.1120762974,24,LOW,7,SupplyGrid-XGBoost-single-v1,1
S001,2028-08-23,0.1073746234,25,LOW,7,SupplyGrid-XGBoost-single-v1,0
S043,2028-08-23,0.1058989763,26,LOW,7,SupplyGrid-XGBoost-single-v1,0
S092,2028-08-23,0.1058415547,27,LOW,7,SupplyGrid-XGBoost-single-v1,0
S053,2028-08-23,0.1026849374,28,LOW,7,SupplyGrid-XGBoost-single-v1,0
S013,2028-08-23,0.1024841815,29,LOW,7,SupplyGrid-XGBoost-single-v1,0
S084,2028-08-23,0.1024539396,30,LOW,7,SupplyGrid-XGBoost-single-v1,0
S055,2028-08-23,0.1000621319,31,LOW,7,SupplyGrid-XGBoost-single-v1,0
S081,2028-08-23,0.09946284443,32,LOW,7,SupplyGrid-XGBoost-single-v1,0
S010,2028-08-23,0.09870548546,33,LOW,7,SupplyGrid-XGBoost-single-v1,0
S060,2028-08-23,0.09775944054,34,LOW,7,SupplyGrid-XGBoost-single-v1,0
S056,2028-08-23,0.09721741825,35,LOW,7,SupplyGrid-XGBoost-single-v1,0
S069,2028-08-23,0.09550511837,36,LOW,7,SupplyGrid-XGBoost-single-v1,0
S091,2028-08-23,0.09512323886,37,LOW,7,SupplyGrid-XGBoost-single-v1,1
S012,2028-08-23,0.09271363914,38,LOW,7,SupplyGrid-XGBoost-single-v1,0
S031,2028-08-23,0.09074620903,39,LOW,7,SupplyGrid-XGBoost-single-v1,0
S095,2028-08-23,0.08947984874,40,LOW,7,SupplyGrid-XGBoost-single-v1,0
S063,2028-08-23,0.08754683286,41,LOW,7,SupplyGrid-XGBoost-single-v1,0
S068,2028-08-23,0.08737041801,42,LOW,7,SupplyGrid-XGBoost-single-v1,0
S002,2028-08-23,0.08721188456,43,LOW,7,SupplyGrid-XGBoost-single-v1,0
S094,2028-08-23,0.08631701022,44,LOW,7,SupplyGrid-XGBoost-single-v1,0
S036,2028-08-23,0.0857020542,45,LOW,7,SupplyGrid-XGBoost-single-v1,0
S007,2028-08-23,0.08535118401,46,LOW,7,SupplyGrid-XGBoost-single-v1,0
S065,2028-08-23,0.08455184102,47,LOW,7,SupplyGrid-XGBoost-single-v1,0
S021,2028-08-23,0.08398170024,48,LOW,7,SupplyGrid-XGBoost-single-v1,0
S058,2028-08-23,0.08377513289,49,LOW,7,SupplyGrid-XGBoost-single-v1,0
S029,2028-08-23,0.08370126784,50,LOW,7,SupplyGrid-XGBoost-single-v1,0
S015,2028-08-23,0.08255016804,51,LOW,7,SupplyGrid-XGBoost-single-v1,0
S020,2028-08-23,0.07885327935,52,LOW,7,SupplyGrid-XGBoost-single-v1,0
S034,2028-08-23,0.07792514563,53,LOW,7,SupplyGrid-XGBoost-single-v1,0
S042,2028-08-23,0.0761186108,54,LOW,7,SupplyGrid-XGBoost-single-v1,1
S093,2028-08-23,0.07507242262,55,LOW,7,SupplyGrid-XGBoost-single-v1,0
S037,2028-08-23,0.07418762147,56,LOW,7,SupplyGrid-XGBoost-single-v1,0
S033,2028-08-23,0.07364913076,57,LOW,7,SupplyGrid-XGBoost-single-v1,0
S066,2028-08-23,0.07364913076,58,LOW,7,SupplyGrid-XGBoost-single-v1,0
S047,2028-08-23,0.07293610275,59,LOW,7,SupplyGrid-XGBoost-single-v1,0
S009,2028-08-23,0.07103135437,60,LOW,7,SupplyGrid-XGBoost-single-v1,1
S098,2028-08-23,0.07084325701,61,LOW,7,SupplyGrid-XGBoost-single-v1,0
S048,2028-08-23,0.07004493475,62,LOW,7,SupplyGrid-XGBoost-single-v1,0
S024,2028-08-23,0.0700045228,63,LOW,7,SupplyGrid-XGBoost-single-v1,0
S099,2028-08-23,0.06935133785,64,LOW,7,SupplyGrid-XGBoost-single-v1,0
S017,2028-08-23,0.06892234087,65,LOW,7,SupplyGrid-XGBoost-single-v1,0
S014,2028-08-23,0.06871389598,66,LOW,7,SupplyGrid-XGBoost-single-v1,0
S064,2028-08-23,0.06806287169,67,LOW,7,SupplyGrid-XGBoost-single-v1,0
S027,2028-08-23,0.06745694578,68,LOW,7,SupplyGrid-XGBoost-single-v1,0
S054,2028-08-23,0.06716234982,69,LOW,7,SupplyGrid-XGBoost-single-v1,0
S028,2028-08-23,0.0669150725,70,LOW,7,SupplyGrid-XGBoost-single-v1,0
S049,2028-08-23,0.06677560508,71,LOW,7,SupplyGrid-XGBoost-single-v1,0
S040,2028-08-23,0.06176098436,72,LOW,7,SupplyGrid-XGBoost-single-v1,0
S051,2028-08-23,0.0616704151,73,LOW,7,SupplyGrid-XGBoost-single-v1,0
S044,2028-08-23,0.06116422638,74,LOW,7,SupplyGrid-XGBoost-single-v1,1
S008,2028-08-23,0.06108986586,75,LOW,7,SupplyGrid-XGBoost-single-v1,0
S076,2028-08-23,0.06108986586,76,LOW,7,SupplyGrid-XGBoost-single-v1,0
S078,2028-08-23,0.06108986586,77,LOW,7,SupplyGrid-XGBoost-single-v1,0
S005,2028-08-23,0.06080974638,78,LOW,7,SupplyGrid-XGBoost-single-v1,0
S004,2028-08-23,0.0603492111,79,LOW,7,SupplyGrid-XGBoost-single-v1,0
S045,2028-08-23,0.06023677438,80,LOW,7,SupplyGrid-XGBoost-single-v1,0
S075,2028-08-23,0.06023677438,81,LOW,7,SupplyGrid-XGBoost-single-v1,0
S067,2028-08-23,0.05915120244,82,LOW,7,SupplyGrid-XGBoost-single-v1,0
S070,2028-08-23,0.05910336599,83,LOW,7,SupplyGrid-XGBoost-single-v1,0
S011,2028-08-23,0.0589443557,84,LOW,7,SupplyGrid-XGBoost-single-v1,0
S032,2028-08-23,0.0589443557,85,LOW,7,SupplyGrid-XGBoost-single-v1,0
S096,2028-08-23,0.0589443557,86,LOW,7,SupplyGrid-XGBoost-single-v1,0
S038,2028-08-23,0.05879281089,87,LOW,7,SupplyGrid-XGBoost-single-v1,0
S039,2028-08-23,0.05879281089,88,LOW,7,SupplyGrid-XGBoost-single-v1,0
S059,2028-08-23,0.05879281089,89,LOW,7,SupplyGrid-XGBoost-single-v1,0
S071,2028-08-23,0.05879281089,90,LOW,7,SupplyGrid-XGBoost-single-v1,0
S080,2028-08-23,0.05879281089,91,LOW,7,SupplyGrid-XGBoost-single-v1,0
S018,2028-08-23,0.05823766813,92,LOW,7,SupplyGrid-XGBoost-single-v1,0
S074,2028-08-23,0.05823766813,93,LOW,7,SupplyGrid-XGBoost-single-v1,0
S097,2028-08-23,0.0569855459,94,LOW,7,SupplyGrid-XGBoost-single-v1,1
S050,2028-08-24,0.2009544373,1,HIGH,7,SupplyGrid-XGBoost-single-v1,0
S079,2028-08-24,0.1468777657,2,LOW,7,SupplyGrid-XGBoost-single-v1,0
S041,2028-08-24,0.1405678093,3,LOW,7,SupplyGrid-XGBoost-single-v1,0
S052,2028-08-24,0.1391423941,4,LOW,7,SupplyGrid-XGBoost-single-v1,0
S088,2028-08-24,0.1389181614,5,LOW,7,SupplyGrid-XGBoost-single-v1,0
S010,2028-08-24,0.1358259171,6,LOW,7,SupplyGrid-XGBoost-single-v1,0
S057,2028-08-24,0.1357410103,7,LOW,7,SupplyGrid-XGBoost-single-v1,0
S062,2028-08-24,0.1357410103,8,LOW,7,SupplyGrid-XGBoost-single-v1,0
S089,2028-08-24,0.1314224005,9,LOW,7,SupplyGrid-XGBoost-single-v1,1
S006,2028-08-24,0.1305562705,10,LOW,7,SupplyGrid-XGBoost-single-v1,0
S035,2028-08-24,0.1273607612,11,LOW,7,SupplyGrid-XGBoost-single-v1,1
S092,2028-08-24,0.1270742416,12,LOW,7,SupplyGrid-XGBoost-single-v1,0
S082,2028-08-24,0.1241206527,13,LOW,7,SupplyGrid-XGBoost-single-v1,0
S025,2028-08-24,0.1234817579,14,LOW,7,SupplyGrid-XGBoost-single-v1,1
S087,2028-08-24,0.1222130358,15,LOW,7,SupplyGrid-XGBoost-single-v1,0
S013,2028-08-24,0.1216791868,16,LOW,7,SupplyGrid-XGBoost-single-v1,0
S090,2028-08-24,0.1187210605,17,LOW,7,SupplyGrid-XGBoost-single-v1,1
S023,2028-08-24,0.1179919019,18,LOW,7,SupplyGrid-XGBoost-single-v1,0
S016,2028-08-24,0.114227213,19,LOW,7,SupplyGrid-XGBoost-single-v1,0
S073,2028-08-24,0.1140535176,20,LOW,7,SupplyGrid-XGBoost-single-v1,0
S083,2028-08-24,0.1128356457,21,LOW,7,SupplyGrid-XGBoost-single-v1,0
S019,2028-08-24,0.1120762974,22,LOW,7,SupplyGrid-XGBoost-single-v1,1
S100,2028-08-24,0.1098015904,23,LOW,7,SupplyGrid-XGBoost-single-v1,0
S043,2028-08-24,0.107718654,24,LOW,7,SupplyGrid-XGBoost-single-v1,0
S001,2028-08-24,0.1073746234,25,LOW,7,SupplyGrid-XGBoost-single-v1,0
S061,2028-08-24,0.1068383381,26,LOW,7,SupplyGrid-XGBoost-single-v1,0
S086,2028-08-24,0.1063958481,27,LOW,7,SupplyGrid-XGBoost-single-v1,0
S072,2028-08-24,0.1058989763,28,LOW,7,SupplyGrid-XGBoost-single-v1,0
S056,2028-08-24,0.1042768583,29,LOW,7,SupplyGrid-XGBoost-single-v1,0
S053,2028-08-24,0.1026849374,30,LOW,7,SupplyGrid-XGBoost-single-v1,0
S095,2028-08-24,0.1018162593,31,LOW,7,SupplyGrid-XGBoost-single-v1,0
S012,2028-08-24,0.1009732336,32,LOW,7,SupplyGrid-XGBoost-single-v1,0
S055,2028-08-24,0.1000621319,33,LOW,7,SupplyGrid-XGBoost-single-v1,0
S069,2028-08-24,0.09879678488,34,LOW,7,SupplyGrid-XGBoost-single-v1,0
S077,2028-08-24,0.09870193899,35,LOW,7,SupplyGrid-XGBoost-single-v1,0
S060,2028-08-24,0.09775944054,36,LOW,7,SupplyGrid-XGBoost-single-v1,0
S030,2028-08-24,0.09587023407,37,LOW,7,SupplyGrid-XGBoost-single-v1,0
S036,2028-08-24,0.09340131283,38,LOW,7,SupplyGrid-XGBoost-single-v1,0
S091,2028-08-24,0.09233438224,39,LOW,7,SupplyGrid-XGBoost-single-v1,1
S007,2028-08-24,0.0922421813,40,LOW,7,SupplyGrid-XGBoost-single-v1,0
S031,2028-08-24,0.09074620903,41,LOW,7,SupplyGrid-XGBoost-single-v1,0
S068,2028-08-24,0.08737041801,42,LOW,7,SupplyGrid-XGBoost-single-v1,0
S058,2028-08-24,0.08675076067,43,LOW,7,SupplyGrid-XGBoost-single-v1,0
S081,2028-08-24,0.08593249321,44,LOW,7,SupplyGrid-XGBoost-single-v1,0
S065,2028-08-24,0.08455184102,45,LOW,7,SupplyGrid-XGBoost-single-v1,0
S015,2028-08-24,0.08255016804,46,LOW,7,SupplyGrid-XGBoost-single-v1,0
S084,2028-08-24,0.07983475178,47,LOW,7,SupplyGrid-XGBoost-single-v1,0
S047,2028-08-24,0.07958831638,48,LOW,7,SupplyGrid-XGBoost-single-v1,0
S051,2028-08-24,0.07958831638,49,LOW,7,SupplyGrid-XGBoost-single-v1,0
S063,2028-08-24,0.07891573012,50,LOW,7,SupplyGrid-XGBoost-single-v1,0
S034,2028-08-24,0.07792514563,51,LOW,7,SupplyGrid-XGBoost-single-v1,0
S042,2028-08-24,0.0761186108,52,LOW,7,SupplyGrid-XGBoost-single-v1,1
S093,2028-08-24,0.07507242262,53,LOW,7,SupplyGrid-XGBoost-single-v1,0
S021,2028-08-24,0.07481829822,54,LOW,7,SupplyGrid-XGBoost-single-v1,0
S002,2028-08-24,0.07279304415,55,LOW,7,SupplyGrid-XGBoost-single-v1,0
S094,2028-08-24,0.07121989876,56,LOW,7,SupplyGrid-XGBoost-single-v1,0
S029,2028-08-24,0.07108871639,57,LOW,7,SupplyGrid-XGBoost-single-v1,0
S009,2028-08-24,0.07103135437,58,LOW,7,SupplyGrid-XGBoost-single-v1,1
S066,2028-08-24,0.0709798336,59,LOW,7,SupplyGrid-XGBoost-single-v1,1
S098,2028-08-24,0.07084325701,60,LOW,7,SupplyGrid-XGBoost-single-v1,0
S024,2028-08-24,0.0700045228,61,LOW,7,SupplyGrid-XGBoost-single-v1,0
S049,2028-08-24,0.0700045228,62,LOW,7,SupplyGrid-XGBoost-single-v1,0
S096,2028-08-24,0.06974907219,63,LOW,7,SupplyGrid-XGBoost-single-v1,0
S045,2028-08-24,0.06930907816,64,LOW,7,SupplyGrid-XGBoost-single-v1,0
S033,2028-08-24,0.06745694578,65,LOW,7,SupplyGrid-XGBoost-single-v1,0
S054,2028-08-24,0.06716234982,66,LOW,7,SupplyGrid-XGBoost-single-v1,0
S020,2028-08-24,0.06645162404,67,LOW,7,SupplyGrid-XGBoost-single-v1,0
S044,2028-08-24,0.06628862768,68,LOW,7,SupplyGrid-XGBoost-single-v1,1
S028,2028-08-24,0.066222772,69,LOW,7,SupplyGrid-XGBoost-single-v1,0
S099,2028-08-24,0.06615038961,70,LOW,7,SupplyGrid-XGBoost-single-v1,0
S040,2028-08-24,0.06176098436,71,LOW,7,SupplyGrid-XGBoost-single-v1,0
S008,2028-08-24,0.06108986586,72,LOW,7,SupplyGrid-XGBoost-single-v1,0
S076,2028-08-24,0.06108986586,73,LOW,7,SupplyGrid-XGBoost-single-v1,0
S078,2028-08-24,0.06108986586,74,LOW,7,SupplyGrid-XGBoost-single-v1,0
S037,2028-08-24,0.06107018143,75,LOW,7,SupplyGrid-XGBoost-single-v1,0
S005,2028-08-24,0.06080974638,76,LOW,7,SupplyGrid-XGBoost-single-v1,0
S067,2028-08-24,0.06067198887,77,LOW,7,SupplyGrid-XGBoost-single-v1,0
S004,2028-08-24,0.0603492111,78,LOW,7,SupplyGrid-XGBoost-single-v1,0
S075,2028-08-24,0.06023677438,79,LOW,7,SupplyGrid-XGBoost-single-v1,0
S070,2028-08-24,0.05910336599,80,LOW,7,SupplyGrid-XGBoost-single-v1,0
S011,2028-08-24,0.0589443557,81,LOW,7,SupplyGrid-XGBoost-single-v1,0
S032,2028-08-24,0.0589443557,82,LOW,7,SupplyGrid-XGBoost-single-v1,0
S014,2028-08-24,0.05879281089,83,LOW,7,SupplyGrid-XGBoost-single-v1,0
S038,2028-08-24,0.05879281089,84,LOW,7,SupplyGrid-XGBoost-single-v1,0
S039,2028-08-24,0.05879281089,85,LOW,7,SupplyGrid-XGBoost-single-v1,0
S059,2028-08-24,0.05879281089,86,LOW,7,SupplyGrid-XGBoost-single-v1,0
S071,2028-08-24,0.05879281089,87,LOW,7,SupplyGrid-XGBoost-single-v1,0
S080,2028-08-24,0.05879281089,88,LOW,7,SupplyGrid-XGBoost-single-v1,0
S048,2028-08-24,0.05849860236,89,LOW,7,SupplyGrid-XGBoost-single-v1,0
S017,2028-08-24,0.05823766813,90,LOW,7,SupplyGrid-XGBoost-single-v1,0
S018,2028-08-24,0.05823766813,91,LOW,7,SupplyGrid-XGBoost-single-v1,0
S074,2028-08-24,0.05823766813,92,LOW,7,SupplyGrid-XGBoost-single-v1,0
S064,2028-08-24,0.05752947927,93,LOW,7,SupplyGrid-XGBoost-single-v1,0
S027,2028-08-24,0.0569855459,94,LOW,7,SupplyGrid-XGBoost-single-v1,0
S097,2028-08-24,0.0569855459,95,LOW,7,SupplyGrid-XGBoost-single-v1,1
S050,2028-08-25,0.1763771921,1,HIGH,7,SupplyGrid-XGBoost-single-v1,0
S082,2028-08-25,0.1517917067,2,HIGH,7,SupplyGrid-XGBoost-single-v1,0
S079,2028-08-25,0.1468777657,3,LOW,7,SupplyGrid-XGBoost-single-v1,0
S035,2028-08-25,0.1463696063,4,LOW,7,SupplyGrid-XGBoost-single-v1,1
S057,2028-08-25,0.1427149624,5,LOW,7,SupplyGrid-XGBoost-single-v1,0
S023,2028-08-25,0.1359559745,6,LOW,7,SupplyGrid-XGBoost-single-v1,0
S089,2028-08-25,0.1314224005,7,LOW,7,SupplyGrid-XGBoost-single-v1,1
S010,2028-08-25,0.1291634142,8,LOW,7,SupplyGrid-XGBoost-single-v1,0
S062,2028-08-25,0.1259350628,9,LOW,7,SupplyGrid-XGBoost-single-v1,0
S041,2028-08-25,0.1242950931,10,LOW,7,SupplyGrid-XGBoost-single-v1,0
S006,2028-08-25,0.1238817498,11,LOW,7,SupplyGrid-XGBoost-single-v1,0
S086,2028-08-25,0.123076342,12,LOW,7,SupplyGrid-XGBoost-single-v1,0
S052,2028-08-25,0.1220545471,13,LOW,7,SupplyGrid-XGBoost-single-v1,0
S088,2028-08-25,0.1218539625,14,LOW,7,SupplyGrid-XGBoost-single-v1,0
S043,2028-08-25,0.1199971735,15,LOW,7,SupplyGrid-XGBoost-single-v1,0
S095,2028-08-25,0.1164464951,16,LOW,7,SupplyGrid-XGBoost-single-v1,0
S025,2028-08-25,0.1163279787,17,LOW,7,SupplyGrid-XGBoost-single-v1,1
S016,2028-08-25,0.1159109101,18,LOW,7,SupplyGrid-XGBoost-single-v1,0
S073,2028-08-25,0.1140535176,19,LOW,7,SupplyGrid-XGBoost-single-v1,0
S077,2028-08-25,0.1139921546,20,LOW,7,SupplyGrid-XGBoost-single-v1,0
S019,2028-08-25,0.1120762974,21,LOW,7,SupplyGrid-XGBoost-single-v1,1
S087,2028-08-25,0.1105726212,22,LOW,7,SupplyGrid-XGBoost-single-v1,0
S083,2028-08-25,0.1101606786,23,LOW,7,SupplyGrid-XGBoost-single-v1,0
S100,2028-08-25,0.1098015904,24,LOW,7,SupplyGrid-XGBoost-single-v1,0
S001,2028-08-25,0.1073746234,25,LOW,7,SupplyGrid-XGBoost-single-v1,0
S030,2028-08-25,0.1061420143,26,LOW,7,SupplyGrid-XGBoost-single-v1,0
S015,2028-08-25,0.1058501974,27,LOW,7,SupplyGrid-XGBoost-single-v1,0
S092,2028-08-25,0.1058415547,28,LOW,7,SupplyGrid-XGBoost-single-v1,0
S056,2028-08-25,0.1042768583,29,LOW,7,SupplyGrid-XGBoost-single-v1,0
S053,2028-08-25,0.1026849374,30,LOW,7,SupplyGrid-XGBoost-single-v1,0
S013,2028-08-25,0.1024841815,31,LOW,7,SupplyGrid-XGBoost-single-v1,0
S090,2028-08-25,0.09941542894,32,LOW,7,SupplyGrid-XGBoost-single-v1,1
S072,2028-08-25,0.09800434858,33,LOW,7,SupplyGrid-XGBoost-single-v1,0
S091,2028-08-25,0.09604856372,34,LOW,7,SupplyGrid-XGBoost-single-v1,1
S021,2028-08-25,0.09473709762,35,LOW,7,SupplyGrid-XGBoost-single-v1,0
S060,2028-08-25,0.09458439052,36,LOW,7,SupplyGrid-XGBoost-single-v1,0
S066,2028-08-25,0.09402129054,37,LOW,7,SupplyGrid-XGBoost-single-v1,1
S036,2028-08-25,0.09340131283,38,LOW,7,SupplyGrid-XGBoost-single-v1,0
S055,2028-08-25,0.09186946601,39,LOW,7,SupplyGrid-XGBoost-single-v1,0
S085,2028-08-25,0.09151076525,40,LOW,7,SupplyGrid-XGBoost-single-v1,0
S051,2028-08-25,0.09063319862,41,LOW,7,SupplyGrid-XGBoost-single-v1,0
S061,2028-08-25,0.08949276805,42,LOW,7,SupplyGrid-XGBoost-single-v1,0
S069,2028-08-25,0.08813616633,43,LOW,7,SupplyGrid-XGBoost-single-v1,0
S022,2028-08-25,0.0875524357,44,LOW,7,SupplyGrid-XGBoost-single-v1,0
S068,2028-08-25,0.08737041801,45,LOW,7,SupplyGrid-XGBoost-single-v1,0
S093,2028-08-25,0.08705568314,46,LOW,7,SupplyGrid-XGBoost-single-v1,0
S081,2028-08-25,0.08593249321,47,LOW,7,SupplyGrid-XGBoost-single-v1,0
S065,2028-08-25,0.08455184102,48,LOW,7,SupplyGrid-XGBoost-single-v1,0
S012,2028-08-25,0.08382926136,49,LOW,7,SupplyGrid-XGBoost-single-v1,0
S058,2028-08-25,0.08377513289,50,LOW,7,SupplyGrid-XGBoost-single-v1,0
S031,2028-08-25,0.08324573189,51,LOW,7,SupplyGrid-XGBoost-single-v1,0
S007,2028-08-25,0.08028758317,52,LOW,7,SupplyGrid-XGBoost-single-v1,0
S029,2028-08-25,0.07983475178,53,LOW,7,SupplyGrid-XGBoost-single-v1,0
S084,2028-08-25,0.07983475178,54,LOW,7,SupplyGrid-XGBoost-single-v1,0
S047,2028-08-25,0.07958831638,55,LOW,7,SupplyGrid-XGBoost-single-v1,0
S063,2028-08-25,0.07810966671,56,LOW,7,SupplyGrid-XGBoost-single-v1,0
S034,2028-08-25,0.07792514563,57,LOW,7,SupplyGrid-XGBoost-single-v1,0
S096,2028-08-25,0.07613448799,58,LOW,7,SupplyGrid-XGBoost-single-v1,0
S042,2028-08-25,0.0761186108,59,LOW,7,SupplyGrid-XGBoost-single-v1,1
S002,2028-08-25,0.07279304415,60,LOW,7,SupplyGrid-XGBoost-single-v1,0
S045,2028-08-25,0.07126045227,61,LOW,7,SupplyGrid-XGBoost-single-v1,0
S009,2028-08-25,0.07103135437,62,LOW,7,SupplyGrid-XGBoost-single-v1,1
S098,2028-08-25,0.07084325701,63,LOW,7,SupplyGrid-XGBoost-single-v1,0
S094,2028-08-25,0.07038991898,64,LOW,7,SupplyGrid-XGBoost-single-v1,0
S037,2028-08-25,0.07016240805,65,LOW,7,SupplyGrid-XGBoost-single-v1,0
S024,2028-08-25,0.0700045228,66,LOW,7,SupplyGrid-XGBoost-single-v1,0
S049,2028-08-25,0.0700045228,67,LOW,7,SupplyGrid-XGBoost-single-v1,0
S099,2028-08-25,0.06892234087,68,LOW,7,SupplyGrid-XGBoost-single-v1,0
S039,2028-08-25,0.06836955249,69,LOW,7,SupplyGrid-XGBoost-single-v1,0
S071,2028-08-25,0.06836955249,70,LOW,7,SupplyGrid-XGBoost-single-v1,0
S017,2028-08-25,0.06773050129,71,LOW,7,SupplyGrid-XGBoost-single-v1,0
S054,2028-08-25,0.06716234982,72,LOW,7,SupplyGrid-XGBoost-single-v1,0
S074,2028-08-25,0.06703037024,73,LOW,7,SupplyGrid-XGBoost-single-v1,0
S067,2028-08-25,0.06653377414,74,LOW,7,SupplyGrid-XGBoost-single-v1,0
S020,2028-08-25,0.06645162404,75,LOW,7,SupplyGrid-XGBoost-single-v1,0
S033,2028-08-25,0.06628862768,76,LOW,7,SupplyGrid-XGBoost-single-v1,0
S044,2028-08-25,0.06560235471,77,LOW,7,SupplyGrid-XGBoost-single-v1,1
S064,2028-08-25,0.06398670375,78,LOW,7,SupplyGrid-XGBoost-single-v1,0
S075,2028-08-25,0.06117964163,79,LOW,7,SupplyGrid-XGBoost-single-v1,0
S008,2028-08-25,0.06108986586,80,LOW,7,SupplyGrid-XGBoost-single-v1,0
S076,2028-08-25,0.06108986586,81,LOW,7,SupplyGrid-XGBoost-single-v1,0
S078,2028-08-25,0.06108986586,82,LOW,7,SupplyGrid-XGBoost-single-v1,0
S005,2028-08-25,0.06080974638,83,LOW,7,SupplyGrid-XGBoost-single-v1,0
S004,2028-08-25,0.0603492111,84,LOW,7,SupplyGrid-XGBoost-single-v1,0
S040,2028-08-25,0.06023677438,85,LOW,7,SupplyGrid-XGBoost-single-v1,0
S070,2028-08-25,0.05910336599,86,LOW,7,SupplyGrid-XGBoost-single-v1,0
S011,2028-08-25,0.0589443557,87,LOW,7,SupplyGrid-XGBoost-single-v1,0
S032,2028-08-25,0.0589443557,88,LOW,7,SupplyGrid-XGBoost-single-v1,0
S014,2028-08-25,0.05879281089,89,LOW,7,SupplyGrid-XGBoost-single-v1,0
S038,2028-08-25,0.05879281089,90,LOW,7,SupplyGrid-XGBoost-single-v1,0
S059,2028-08-25,0.05879281089,91,LOW,7,SupplyGrid-XGBoost-single-v1,0
S080,2028-08-25,0.05879281089,92,LOW,7,SupplyGrid-XGBoost-single-v1,0
S018,2028-08-25,0.05823766813,93,LOW,7,SupplyGrid-XGBoost-single-v1,0
S048,2028-08-25,0.05791208893,94,LOW,7,SupplyGrid-XGBoost-single-v1,0
S028,2028-08-25,0.05752947927,95,LOW,7,SupplyGrid-XGBoost-single-v1,0
S027,2028-08-25,0.0569855459,96,LOW,7,SupplyGrid-XGBoost-single-v1,0
S050,2028-08-26,0.1934292167,1,HIGH,7,SupplyGrid-XGBoost-single-v1,0
S079,2028-08-26,0.1468777657,2,LOW,7,SupplyGrid-XGBoost-single-v1,0
S023,2028-08-26,0.1431747973,3,LOW,7,SupplyGrid-XGBoost-single-v1,0
S041,2028-08-26,0.1405678093,4,LOW,7,SupplyGrid-XGBoost-single-v1,0
S057,2028-08-26,0.139972955,5,LOW,7,SupplyGrid-XGBoost-single-v1,0
S010,2028-08-26,0.1358259171,6,LOW,7,SupplyGrid-XGBoost-single-v1,0
S095,2028-08-26,0.1318734735,7,LOW,7,SupplyGrid-XGBoost-single-v1,0
S089,2028-08-26,0.1314224005,8,LOW,7,SupplyGrid-XGBoost-single-v1,1
S025,2028-08-26,0.1284867674,9,LOW,7,SupplyGrid-XGBoost-single-v1,1
S062,2028-08-26,0.1259350628,10,LOW,7,SupplyGrid-XGBoost-single-v1,0
S086,2028-08-26,0.1248720735,11,LOW,7,SupplyGrid-XGBoost-single-v1,0
S082,2028-08-26,0.1241206527,12,LOW,7,SupplyGrid-XGBoost-single-v1,0
S052,2028-08-26,0.1220545471,13,LOW,7,SupplyGrid-XGBoost-single-v1,0
S030,2028-08-26,0.1189054325,14,LOW,7,SupplyGrid-XGBoost-single-v1,0
S006,2028-08-26,0.1167078838,15,LOW,7,SupplyGrid-XGBoost-single-v1,0
S043,2028-08-26,0.1142417341,16,LOW,7,SupplyGrid-XGBoost-single-v1,0
S016,2028-08-26,0.114227213,17,LOW,7,SupplyGrid-XGBoost-single-v1,0
S077,2028-08-26,0.1139921546,18,LOW,7,SupplyGrid-XGBoost-single-v1,0
S088,2028-08-26,0.1132803708,19,LOW,7,SupplyGrid-XGBoost-single-v1,0
S100,2028-08-26,0.1098015904,20,LOW,7,SupplyGrid-XGBoost-single-v1,0
S061,2028-08-26,0.1094425395,21,LOW,7,SupplyGrid-XGBoost-single-v1,0
S087,2028-08-26,0.1089568734,22,LOW,7,SupplyGrid-XGBoost-single-v1,0
S083,2028-08-26,0.1085502282,23,LOW,7,SupplyGrid-XGBoost-single-v1,0
S001,2028-08-26,0.1073746234,24,LOW,7,SupplyGrid-XGBoost-single-v1,0
S015,2028-08-26,0.1058501974,25,LOW,7,SupplyGrid-XGBoost-single-v1,0
S092,2028-08-26,0.1042868719,26,LOW,7,SupplyGrid-XGBoost-single-v1,0
S053,2028-08-26,0.1026849374,27,LOW,7,SupplyGrid-XGBoost-single-v1,0
S090,2028-08-26,0.09846155345,28,LOW,7,SupplyGrid-XGBoost-single-v1,1
S072,2028-08-26,0.09800434858,29,LOW,7,SupplyGrid-XGBoost-single-v1,0
S046,2028-08-26,0.09764394909,30,LOW,7,SupplyGrid-XGBoost-single-v1,0
S060,2028-08-26,0.09554284811,31,LOW,7,SupplyGrid-XGBoost-single-v1,0
S073,2028-08-26,0.09460750967,32,LOW,7,SupplyGrid-XGBoost-single-v1,0
S013,2028-08-26,0.09411393851,33,LOW,7,SupplyGrid-XGBoost-single-v1,0
S003,2028-08-26,0.09313417971,34,LOW,7,SupplyGrid-XGBoost-single-v1,0
S091,2028-08-26,0.09233438224,35,LOW,7,SupplyGrid-XGBoost-single-v1,1
S055,2028-08-26,0.09186946601,36,LOW,7,SupplyGrid-XGBoost-single-v1,0
S029,2028-08-26,0.09157111496,37,LOW,7,SupplyGrid-XGBoost-single-v1,0
S085,2028-08-26,0.09151076525,38,LOW,7,SupplyGrid-XGBoost-single-v1,0
S066,2028-08-26,0.0912989974,39,LOW,7,SupplyGrid-XGBoost-single-v1,1
S051,2028-08-26,0.09063319862,40,LOW,7,SupplyGrid-XGBoost-single-v1,0
S068,2028-08-26,0.08737041801,41,LOW,7,SupplyGrid-XGBoost-single-v1,0
S093,2028-08-26,0.08705568314,42,LOW,7,SupplyGrid-XGBoost-single-v1,0
S036,2028-08-26,0.08700662106,43,LOW,7,SupplyGrid-XGBoost-single-v1,1
S021,2028-08-26,0.08693830669,44,LOW,7,SupplyGrid-XGBoost-single-v1,0
S022,2028-08-26,0.08455184102,45,LOW,7,SupplyGrid-XGBoost-single-v1,0
S065,2028-08-26,0.08455184102,46,LOW,7,SupplyGrid-XGBoost-single-v1,0
S058,2028-08-26,0.08377513289,47,LOW,7,SupplyGrid-XGBoost-single-v1,0
S031,2028-08-26,0.08324573189,48,LOW,7,SupplyGrid-XGBoost-single-v1,0
S056,2028-08-26,0.08129167557,49,LOW,7,SupplyGrid-XGBoost-single-v1,0
S069,2028-08-26,0.08080805093,50,LOW,7,SupplyGrid-XGBoost-single-v1,0
S047,2028-08-26,0.07958831638,51,LOW,7,SupplyGrid-XGBoost-single-v1,0
S028,2028-08-26,0.07902284712,52,LOW,7,SupplyGrid-XGBoost-single-v1,0
S012,2028-08-26,0.07865229994,53,LOW,7,SupplyGrid-XGBoost-single-v1,0
S034,2028-08-26,0.07792514563,54,LOW,7,SupplyGrid-XGBoost-single-v1,0
S096,2028-08-26,0.07613448799,55,LOW,7,SupplyGrid-XGBoost-single-v1,0
S038,2028-08-26,0.07594231516,56,LOW,7,SupplyGrid-XGBoost-single-v1,0
S081,2028-08-26,0.07541296631,57,LOW,7,SupplyGrid-XGBoost-single-v1,0
S017,2028-08-26,0.07523819059,58,LOW,7,SupplyGrid-XGBoost-single-v1,0
S074,2028-08-26,0.07523819059,59,LOW,7,SupplyGrid-XGBoost-single-v1,0
S084,2028-08-26,0.07289262116,60,LOW,7,SupplyGrid-XGBoost-single-v1,0
S002,2028-08-26,0.07279304415,61,LOW,7,SupplyGrid-XGBoost-single-v1,0
S007,2028-08-26,0.07225767523,62,LOW,7,SupplyGrid-XGBoost-single-v1,0
S063,2028-08-26,0.07193941623,63,LOW,7,SupplyGrid-XGBoost-single-v1,0
S045,2028-08-26,0.07126045227,64,LOW,7,SupplyGrid-XGBoost-single-v1,0
S049,2028-08-26,0.07108871639,65,LOW,7,SupplyGrid-XGBoost-single-v1,0
S098,2028-08-26,0.07084325701,66,LOW,7,SupplyGrid-XGBoost-single-v1,0
S024,2028-08-26,0.07042613626,67,LOW,7,SupplyGrid-XGBoost-single-v1,0
S067,2028-08-26,0.069804959,68,LOW,7,SupplyGrid-XGBoost-single-v1,0
S094,2028-08-26,0.06969296932,69,LOW,7,SupplyGrid-XGBoost-single-v1,0
S005,2028-08-26,0.06904631108,70,LOW,7,SupplyGrid-XGBoost-single-v1,0
S032,2028-08-26,0.06783606112,71,LOW,7,SupplyGrid-XGBoost-single-v1,0
S059,2028-08-26,0.06766329706,72,LOW,7,SupplyGrid-XGBoost-single-v1,0
S099,2028-08-26,0.06703037024,73,LOW,7,SupplyGrid-XGBoost-single-v1,0
S039,2028-08-26,0.06677560508,74,LOW,7,SupplyGrid-XGBoost-single-v1,0
S033,2028-08-26,0.06628862768,75,LOW,7,SupplyGrid-XGBoost-single-v1,0
S078,2028-08-26,0.06204521284,76,LOW,7,SupplyGrid-XGBoost-single-v1,0
S008,2028-08-26,0.06108986586,77,LOW,7,SupplyGrid-XGBoost-single-v1,0
S020,2028-08-26,0.06108986586,78,LOW,7,SupplyGrid-XGBoost-single-v1,0
S076,2028-08-26,0.06108986586,79,LOW,7,SupplyGrid-XGBoost-single-v1,0
S004,2028-08-26,0.0603492111,80,LOW,7,SupplyGrid-XGBoost-single-v1,0
S040,2028-08-26,0.06023677438,81,LOW,7,SupplyGrid-XGBoost-single-v1,0
S075,2028-08-26,0.06023677438,82,LOW,7,SupplyGrid-XGBoost-single-v1,0
S037,2028-08-26,0.05974685773,83,LOW,7,SupplyGrid-XGBoost-single-v1,0
S054,2028-08-26,0.05971450731,84,LOW,7,SupplyGrid-XGBoost-single-v1,0
S070,2028-08-26,0.05910336599,85,LOW,7,SupplyGrid-XGBoost-single-v1,0
S011,2028-08-26,0.0589443557,86,LOW,7,SupplyGrid-XGBoost-single-v1,0
S014,2028-08-26,0.05879281089,87,LOW,7,SupplyGrid-XGBoost-single-v1,0
S071,2028-08-26,0.05879281089,88,LOW,7,SupplyGrid-XGBoost-single-v1,0
S080,2028-08-26,0.05879281089,89,LOW,7,SupplyGrid-XGBoost-single-v1,0
S018,2028-08-26,0.05823766813,90,LOW,7,SupplyGrid-XGBoost-single-v1,0
S048,2028-08-26,0.05791208893,91,LOW,7,SupplyGrid-XGBoost-single-v1,0
S064,2028-08-26,0.05752947927,92,LOW,7,SupplyGrid-XGBoost-single-v1,0
S027,2028-08-26,0.0569855459,93,LOW,7,SupplyGrid-XGBoost-single-v1,0
S050,2028-08-27,0.2113954276,1,HIGH,7,SupplyGrid-XGBoost-single-v1,0
S079,2028-08-27,0.1468777657,2,LOW,7,SupplyGrid-XGBoost-single-v1,0
S041,2028-08-27,0.1386102885,3,LOW,7,SupplyGrid-XGBoost-single-v1,0
S010,2028-08-27,0.1358259171,4,LOW,7,SupplyGrid-XGBoost-single-v1,0
S062,2028-08-27,0.1357410103,5,LOW,7,SupplyGrid-XGBoost-single-v1,0
S077,2028-08-27,0.1355158091,6,LOW,7,SupplyGrid-XGBoost-single-v1,0
S057,2028-08-27,0.1343396008,7,LOW,7,SupplyGrid-XGBoost-single-v1,0
S023,2028-08-27,0.1281852871,8,LOW,7,SupplyGrid-XGBoost-single-v1,0
S001,2028-08-27,0.1226200312,9,LOW,7,SupplyGrid-XGBoost-single-v1,0
S082,2028-08-27,0.1216852069,10,LOW,7,SupplyGrid-XGBoost-single-v1,0
S086,2028-08-27,0.115942955,11,LOW,7,SupplyGrid-XGBoost-single-v1,0
S095,2028-08-27,0.1155585051,12,LOW,7,SupplyGrid-XGBoost-single-v1,0
S060,2028-08-27,0.1148110554,13,LOW,7,SupplyGrid-XGBoost-single-v1,0
S030,2028-08-27,0.1146088392,14,LOW,7,SupplyGrid-XGBoost-single-v1,0
S100,2028-08-27,0.1135545149,15,LOW,7,SupplyGrid-XGBoost-single-v1,0
S052,2028-08-27,0.1134686694,16,LOW,7,SupplyGrid-XGBoost-single-v1,0
S073,2028-08-27,0.1089745834,17,LOW,7,SupplyGrid-XGBoost-single-v1,0
S083,2028-08-27,0.1085502282,18,LOW,7,SupplyGrid-XGBoost-single-v1,0
S091,2028-08-27,0.105762586,19,LOW,7,SupplyGrid-XGBoost-single-v1,1
S089,2028-08-27,0.1048564389,20,LOW,7,SupplyGrid-XGBoost-single-v1,1
S092,2028-08-27,0.1042868719,21,LOW,7,SupplyGrid-XGBoost-single-v1,0
S053,2028-08-27,0.1026849374,22,LOW,7,SupplyGrid-XGBoost-single-v1,0
S061,2028-08-27,0.1017601565,23,LOW,7,SupplyGrid-XGBoost-single-v1,0
S072,2028-08-27,0.1014294475,24,LOW,7,SupplyGrid-XGBoost-single-v1,0
S088,2028-08-27,0.1010514945,25,LOW,7,SupplyGrid-XGBoost-single-v1,0
S087,2028-08-27,0.1001169607,26,LOW,7,SupplyGrid-XGBoost-single-v1,0
S043,2028-08-27,0.09947579354,27,LOW,7,SupplyGrid-XGBoost-single-v1,0
S022,2028-08-27,0.09788809717,28,LOW,7,SupplyGrid-XGBoost-single-v1,0
S065,2028-08-27,0.09788809717,29,LOW,7,SupplyGrid-XGBoost-single-v1,0
S046,2028-08-27,0.09764394909,30,LOW,7,SupplyGrid-XGBoost-single-v1,0
S036,2028-08-27,0.09750548005,31,LOW,7,SupplyGrid-XGBoost-single-v1,1
S016,2028-08-27,0.09666912258,32,LOW,7,SupplyGrid-XGBoost-single-v1,0
S056,2028-08-27,0.09635465592,33,LOW,7,SupplyGrid-XGBoost-single-v1,0
S015,2028-08-27,0.09378474951,34,LOW,7,SupplyGrid-XGBoost-single-v1,0
S024,2028-08-27,0.09323053807,35,LOW,7,SupplyGrid-XGBoost-single-v1,0
S003,2028-08-27,0.09313417971,36,LOW,7,SupplyGrid-XGBoost-single-v1,0
S013,2028-08-27,0.09252976626,37,LOW,7,SupplyGrid-XGBoost-single-v1,0
S029,2028-08-27,0.09250216186,38,LOW,7,SupplyGrid-XGBoost-single-v1,0
S055,2028-08-27,0.09186946601,39,LOW,7,SupplyGrid-XGBoost-single-v1,0
S085,2028-08-27,0.09151076525,40,LOW,7,SupplyGrid-XGBoost-single-v1,0
S066,2028-08-27,0.0912989974,41,LOW,7,SupplyGrid-XGBoost-single-v1,1
S031,2028-08-27,0.09074620903,42,LOW,7,SupplyGrid-XGBoost-single-v1,0
S006,2028-08-27,0.08989971131,43,LOW,7,SupplyGrid-XGBoost-single-v1,0
S068,2028-08-27,0.08737041801,44,LOW,7,SupplyGrid-XGBoost-single-v1,0
S049,2028-08-27,0.0860407725,45,LOW,7,SupplyGrid-XGBoost-single-v1,0
S021,2028-08-27,0.08546352386,46,LOW,7,SupplyGrid-XGBoost-single-v1,0
S058,2028-08-27,0.08377513289,47,LOW,7,SupplyGrid-XGBoost-single-v1,0
S051,2028-08-27,0.0831412077,48,LOW,7,SupplyGrid-XGBoost-single-v1,0
S078,2028-08-27,0.08288153261,49,LOW,7,SupplyGrid-XGBoost-single-v1,0
S094,2028-08-27,0.08089262992,50,LOW,7,SupplyGrid-XGBoost-single-v1,0
S047,2028-08-27,0.08080805093,51,LOW,7,SupplyGrid-XGBoost-single-v1,0
S012,2028-08-27,0.07865229994,52,LOW,7,SupplyGrid-XGBoost-single-v1,0
S034,2028-08-27,0.07792514563,53,LOW,7,SupplyGrid-XGBoost-single-v1,0
S067,2028-08-27,0.07726792991,54,LOW,7,SupplyGrid-XGBoost-single-v1,0
S081,2028-08-27,0.07541296631,55,LOW,7,SupplyGrid-XGBoost-single-v1,0
S074,2028-08-27,0.07523819059,56,LOW,7,SupplyGrid-XGBoost-single-v1,0
S093,2028-08-27,0.07507242262,57,LOW,7,SupplyGrid-XGBoost-single-v1,0
S039,2028-08-27,0.07289262116,58,LOW,7,SupplyGrid-XGBoost-single-v1,0
S084,2028-08-27,0.07289262116,59,LOW,7,SupplyGrid-XGBoost-single-v1,0
S002,2028-08-27,0.07279304415,60,LOW,7,SupplyGrid-XGBoost-single-v1,0
S069,2028-08-27,0.07278831303,61,LOW,7,SupplyGrid-XGBoost-single-v1,0
S005,2028-08-27,0.07237649709,62,LOW,7,SupplyGrid-XGBoost-single-v1,0
S045,2028-08-27,0.07126045227,63,LOW,7,SupplyGrid-XGBoost-single-v1,0
S063,2028-08-27,0.07084325701,64,LOW,7,SupplyGrid-XGBoost-single-v1,0
S096,2028-08-27,0.06974907219,65,LOW,7,SupplyGrid-XGBoost-single-v1,0
S038,2028-08-27,0.06957180053,66,LOW,7,SupplyGrid-XGBoost-single-v1,0
S071,2028-08-27,0.06957180053,67,LOW,7,SupplyGrid-XGBoost-single-v1,0
S037,2028-08-27,0.06946754456,68,LOW,7,SupplyGrid-XGBoost-single-v1,0
S017,2028-08-27,0.06773050129,69,LOW,7,SupplyGrid-XGBoost-single-v1,0
S098,2028-08-27,0.0675784573,70,LOW,7,SupplyGrid-XGBoost-single-v1,0
S064,2028-08-27,0.0669150725,71,LOW,7,SupplyGrid-XGBoost-single-v1,0
S007,2028-08-27,0.06554859132,72,LOW,7,SupplyGrid-XGBoost-single-v1,0
S054,2028-08-27,0.06189325824,73,LOW,7,SupplyGrid-XGBoost-single-v1,0
S008,2028-08-27,0.06108986586,74,LOW,7,SupplyGrid-XGBoost-single-v1,0
S020,2028-08-27,0.06108986586,75,LOW,7,SupplyGrid-XGBoost-single-v1,0
S076,2028-08-27,0.06108986586,76,LOW,7,SupplyGrid-XGBoost-single-v1,0
S004,2028-08-27,0.0603492111,77,LOW,7,SupplyGrid-XGBoost-single-v1,0
S040,2028-08-27,0.06023677438,78,LOW,7,SupplyGrid-XGBoost-single-v1,0
S075,2028-08-27,0.06023677438,79,LOW,7,SupplyGrid-XGBoost-single-v1,0
S070,2028-08-27,0.05910336599,80,LOW,7,SupplyGrid-XGBoost-single-v1,0
S011,2028-08-27,0.0589443557,81,LOW,7,SupplyGrid-XGBoost-single-v1,0
S032,2028-08-27,0.0589443557,82,LOW,7,SupplyGrid-XGBoost-single-v1,0
S014,2028-08-27,0.05879281089,83,LOW,7,SupplyGrid-XGBoost-single-v1,0
S059,2028-08-27,0.05879281089,84,LOW,7,SupplyGrid-XGBoost-single-v1,0
S080,2028-08-27,0.05879281089,85,LOW,7,SupplyGrid-XGBoost-single-v1,0
S028,2028-08-27,0.05843259022,86,LOW,7,SupplyGrid-XGBoost-single-v1,0
S018,2028-08-27,0.05823766813,87,LOW,7,SupplyGrid-XGBoost-single-v1,0
S099,2028-08-27,0.05823766813,88,LOW,7,SupplyGrid-XGBoost-single-v1,0
S027,2028-08-27,0.0569855459,89,LOW,7,SupplyGrid-XGBoost-single-v1,0
S033,2028-08-27,0.0569855459,90,LOW,7,SupplyGrid-XGBoost-single-v1,0
S048,2028-08-27,0.0569855459,91,LOW,7,SupplyGrid-XGBoost-single-v1,0
S050,2028-08-28,0.2042285353,1,HIGH,7,SupplyGrid-XGBoost-single-v1,0
S079,2028-08-28,0.1682379395,2,HIGH,7,SupplyGrid-XGBoost-single-v1,0
S057,2028-08-28,0.1574258059,3,HIGH,7,SupplyGrid-XGBoost-single-v1,0
S077,2028-08-28,0.1531315744,4,HIGH,7,SupplyGrid-XGBoost-single-v1,0
S023,2028-08-28,0.1359559745,5,LOW,7,SupplyGrid-XGBoost-single-v1,0
S010,2028-08-28,0.1358259171,6,LOW,7,SupplyGrid-XGBoost-single-v1,0
S030,2028-08-28,0.1278433502,7,LOW,7,SupplyGrid-XGBoost-single-v1,0
S041,2028-08-28,0.1265131831,8,LOW,7,SupplyGrid-XGBoost-single-v1,0
S062,2028-08-28,0.1259350628,9,LOW,7,SupplyGrid-XGBoost-single-v1,0
S082,2028-08-28,0.1241206527,10,LOW,7,SupplyGrid-XGBoost-single-v1,0
S052,2028-08-28,0.1220545471,11,LOW,7,SupplyGrid-XGBoost-single-v1,0
S086,2028-08-28,0.115942955,12,LOW,7,SupplyGrid-XGBoost-single-v1,0
S095,2028-08-28,0.1155585051,13,LOW,7,SupplyGrid-XGBoost-single-v1,0
S060,2028-08-28,0.1084636673,14,LOW,7,SupplyGrid-XGBoost-single-v1,0
S065,2028-08-28,0.1083501354,15,LOW,7,SupplyGrid-XGBoost-single-v1,0
S073,2028-08-28,0.107939966,16,LOW,7,SupplyGrid-XGBoost-single-v1,0
S066,2028-08-28,0.107443288,17,LOW,7,SupplyGrid-XGBoost-single-v1,1
S001,2028-08-28,0.1073746234,18,LOW,7,SupplyGrid-XGBoost-single-v1,0
S089,2028-08-28,0.1069961116,19,LOW,7,SupplyGrid-XGBoost-single-v1,1
S036,2028-08-28,0.1061420143,20,LOW,7,SupplyGrid-XGBoost-single-v1,1
S091,2028-08-28,0.105762586,21,LOW,7,SupplyGrid-XGBoost-single-v1,1
S015,2028-08-28,0.1049002558,22,LOW,7,SupplyGrid-XGBoost-single-v1,0
S092,2028-08-28,0.1042868719,23,LOW,7,SupplyGrid-XGBoost-single-v1,0
S043,2028-08-28,0.102287963,24,LOW,7,SupplyGrid-XGBoost-single-v1,1
S056,2028-08-28,0.09780401736,25,LOW,7,SupplyGrid-XGBoost-single-v1,0
S046,2028-08-28,0.09764394909,26,LOW,7,SupplyGrid-XGBoost-single-v1,0
S016,2028-08-28,0.09666912258,27,LOW,7,SupplyGrid-XGBoost-single-v1,0
S100,2028-08-28,0.09666912258,28,LOW,7,SupplyGrid-XGBoost-single-v1,0
S021,2028-08-28,0.09473709762,29,LOW,7,SupplyGrid-XGBoost-single-v1,0
S053,2028-08-28,0.09395872056,30,LOW,7,SupplyGrid-XGBoost-single-v1,0
S003,2028-08-28,0.09313417971,31,LOW,7,SupplyGrid-XGBoost-single-v1,0
S042,2028-08-28,0.09287214279,32,LOW,7,SupplyGrid-XGBoost-single-v1,0
S088,2028-08-28,0.09278617799,33,LOW,7,SupplyGrid-XGBoost-single-v1,0
S085,2028-08-28,0.09151076525,34,LOW,7,SupplyGrid-XGBoost-single-v1,0
S061,2028-08-28,0.09084928781,35,LOW,7,SupplyGrid-XGBoost-single-v1,0
S051,2028-08-28,0.09063319862,36,LOW,7,SupplyGrid-XGBoost-single-v1,0
S083,2028-08-28,0.08994729817,37,LOW,7,SupplyGrid-XGBoost-single-v1,0
S006,2028-08-28,0.08989971131,38,LOW,7,SupplyGrid-XGBoost-single-v1,0
S094,2028-08-28,0.08833119273,39,LOW,7,SupplyGrid-XGBoost-single-v1,0
S072,2028-08-28,0.08754806966,40,LOW,7,SupplyGrid-XGBoost-single-v1,0
S081,2028-08-28,0.08744544536,41,LOW,7,SupplyGrid-XGBoost-single-v1,0
S068,2028-08-28,0.08737041801,42,LOW,7,SupplyGrid-XGBoost-single-v1,0
S013,2028-08-28,0.08671584725,43,LOW,7,SupplyGrid-XGBoost-single-v1,0
S024,2028-08-28,0.08573909849,44,LOW,7,SupplyGrid-XGBoost-single-v1,0
S069,2028-08-28,0.08469928056,45,LOW,7,SupplyGrid-XGBoost-single-v1,0
S022,2028-08-28,0.08455184102,46,LOW,7,SupplyGrid-XGBoost-single-v1,0
S007,2028-08-28,0.08348923177,47,LOW,7,SupplyGrid-XGBoost-single-v1,0
S078,2028-08-28,0.08288153261,48,LOW,7,SupplyGrid-XGBoost-single-v1,0
S044,2028-08-28,0.08202174306,49,LOW,7,SupplyGrid-XGBoost-single-v1,0
S031,2028-08-28,0.08182797581,50,LOW,7,SupplyGrid-XGBoost-single-v1,0
S029,2028-08-28,0.07983475178,51,LOW,7,SupplyGrid-XGBoost-single-v1,0
S012,2028-08-28,0.07865229994,52,LOW,7,SupplyGrid-XGBoost-single-v1,0
S049,2028-08-28,0.07793638855,53,LOW,7,SupplyGrid-XGBoost-single-v1,0
S034,2028-08-28,0.07792514563,54,LOW,7,SupplyGrid-XGBoost-single-v1,0
S055,2028-08-28,0.07792514563,55,LOW,7,SupplyGrid-XGBoost-single-v1,0
S096,2028-08-28,0.07613448799,56,LOW,7,SupplyGrid-XGBoost-single-v1,0
S017,2028-08-28,0.07523819059,57,LOW,7,SupplyGrid-XGBoost-single-v1,0
S093,2028-08-28,0.07507242262,58,LOW,7,SupplyGrid-XGBoost-single-v1,0
S064,2028-08-28,0.07433958352,59,LOW,7,SupplyGrid-XGBoost-single-v1,0
S058,2028-08-28,0.07349845767,60,LOW,7,SupplyGrid-XGBoost-single-v1,0
S039,2028-08-28,0.07289262116,61,LOW,7,SupplyGrid-XGBoost-single-v1,0
S002,2028-08-28,0.07279304415,62,LOW,7,SupplyGrid-XGBoost-single-v1,0
S008,2028-08-28,0.07028105855,63,LOW,7,SupplyGrid-XGBoost-single-v1,0
S087,2028-08-28,0.07014744729,64,LOW,7,SupplyGrid-XGBoost-single-v1,0
S014,2028-08-28,0.06957180053,65,LOW,7,SupplyGrid-XGBoost-single-v1,0
S038,2028-08-28,0.06957180053,66,LOW,7,SupplyGrid-XGBoost-single-v1,0
S071,2028-08-28,0.06766329706,67,LOW,7,SupplyGrid-XGBoost-single-v1,0
S067,2028-08-28,0.06653377414,68,LOW,7,SupplyGrid-XGBoost-single-v1,0
S005,2028-08-28,0.06524944305,69,LOW,7,SupplyGrid-XGBoost-single-v1,0
S074,2028-08-28,0.06336597353,70,LOW,7,SupplyGrid-XGBoost-single-v1,0
S047,2028-08-28,0.06263422966,71,LOW,7,SupplyGrid-XGBoost-single-v1,0
S063,2028-08-28,0.06167743728,72,LOW,7,SupplyGrid-XGBoost-single-v1,0
S020,2028-08-28,0.06108986586,73,LOW,7,SupplyGrid-XGBoost-single-v1,0
S076,2028-08-28,0.06108986586,74,LOW,7,SupplyGrid-XGBoost-single-v1,0
S084,2028-08-28,0.06094012409,75,LOW,7,SupplyGrid-XGBoost-single-v1,0
S004,2028-08-28,0.0603492111,76,LOW,7,SupplyGrid-XGBoost-single-v1,0
S040,2028-08-28,0.06023677438,77,LOW,7,SupplyGrid-XGBoost-single-v1,0
S045,2028-08-28,0.06023677438,78,LOW,7,SupplyGrid-XGBoost-single-v1,0
S075,2028-08-28,0.06023677438,79,LOW,7,SupplyGrid-XGBoost-single-v1,0
S098,2028-08-28,0.05950580165,80,LOW,7,SupplyGrid-XGBoost-single-v1,0
S070,2028-08-28,0.05910336599,81,LOW,7,SupplyGrid-XGBoost-single-v1,0
S011,2028-08-28,0.0589443557,82,LOW,7,SupplyGrid-XGBoost-single-v1,0
S032,2028-08-28,0.0589443557,83,LOW,7,SupplyGrid-XGBoost-single-v1,0
S037,2028-08-28,0.05879281089,84,LOW,7,SupplyGrid-XGBoost-single-v1,0
S054,2028-08-28,0.05879281089,85,LOW,7,SupplyGrid-XGBoost-single-v1,0
S059,2028-08-28,0.05879281089,86,LOW,7,SupplyGrid-XGBoost-single-v1,0
S080,2028-08-28,0.05879281089,87,LOW,7,SupplyGrid-XGBoost-single-v1,0
S018,2028-08-28,0.05823766813,88,LOW,7,SupplyGrid-XGBoost-single-v1,0
S099,2028-08-28,0.05823766813,89,LOW,7,SupplyGrid-XGBoost-single-v1,0
S028,2028-08-28,0.05752947927,90,LOW,7,SupplyGrid-XGBoost-single-v1,0
S027,2028-08-28,0.0569855459,91,LOW,7,SupplyGrid-XGBoost-single-v1,0
S033,2028-08-28,0.0569855459,92,LOW,7,SupplyGrid-XGBoost-single-v1,0
S048,2028-08-28,0.0569855459,93,LOW,7,SupplyGrid-XGBoost-single-v1,0
S050,2028-08-29,0.2141738981,1,HIGH,7,SupplyGrid-XGBoost-single-v1,0
S026,2028-08-29,0.1969088018,2,HIGH,7,SupplyGrid-XGBoost-single-v1,1
S079,2028-08-29,0.1708742082,3,HIGH,7,SupplyGrid-XGBoost-single-v1,0
S057,2028-08-29,0.1519774199,4,HIGH,7,SupplyGrid-XGBoost-single-v1,0
S077,2028-08-29,0.1409300715,5,LOW,7,SupplyGrid-XGBoost-single-v1,0
S052,2028-08-29,0.1391423941,6,LOW,7,SupplyGrid-XGBoost-single-v1,0
S010,2028-08-29,0.1358259171,7,LOW,7,SupplyGrid-XGBoost-single-v1,0
S023,2028-08-29,0.1281852871,8,LOW,7,SupplyGrid-XGBoost-single-v1,0
S095,2028-08-29,0.1253767908,9,LOW,7,SupplyGrid-XGBoost-single-v1,0
S082,2028-08-29,0.1196612269,10,LOW,7,SupplyGrid-XGBoost-single-v1,0
S061,2028-08-29,0.1189969853,11,LOW,7,SupplyGrid-XGBoost-single-v1,0
S041,2028-08-29,0.1140818,12,LOW,7,SupplyGrid-XGBoost-single-v1,0
S065,2028-08-29,0.1083501354,13,LOW,7,SupplyGrid-XGBoost-single-v1,0
S046,2028-08-29,0.108087346,14,LOW,7,SupplyGrid-XGBoost-single-v1,1
S073,2028-08-29,0.107939966,15,LOW,7,SupplyGrid-XGBoost-single-v1,0
S001,2028-08-29,0.1073746234,16,LOW,7,SupplyGrid-XGBoost-single-v1,0
S060,2028-08-29,0.1073579863,17,LOW,7,SupplyGrid-XGBoost-single-v1,0
S086,2028-08-29,0.1066040769,18,LOW,7,SupplyGrid-XGBoost-single-v1,0
S030,2028-08-29,0.1063739285,19,LOW,7,SupplyGrid-XGBoost-single-v1,0
S066,2028-08-29,0.1056861058,20,LOW,7,SupplyGrid-XGBoost-single-v1,1
S015,2028-08-29,0.1049002558,21,LOW,7,SupplyGrid-XGBoost-single-v1,0
S092,2028-08-29,0.1042868719,22,LOW,7,SupplyGrid-XGBoost-single-v1,0
S006,2028-08-29,0.1039836556,23,LOW,7,SupplyGrid-XGBoost-single-v1,0
S031,2028-08-29,0.1031659693,24,LOW,7,SupplyGrid-XGBoost-single-v1,0
S009,2028-08-29,0.1015738472,25,LOW,7,SupplyGrid-XGBoost-single-v1,0
S062,2028-08-29,0.09870193899,26,LOW,7,SupplyGrid-XGBoost-single-v1,0
S051,2028-08-29,0.09799853712,27,LOW,7,SupplyGrid-XGBoost-single-v1,0
S036,2028-08-29,0.0971538052,28,LOW,7,SupplyGrid-XGBoost-single-v1,1
S016,2028-08-29,0.09666912258,29,LOW,7,SupplyGrid-XGBoost-single-v1,0
S100,2028-08-29,0.09666912258,30,LOW,7,SupplyGrid-XGBoost-single-v1,0
S003,2028-08-29,0.09313417971,31,LOW,7,SupplyGrid-XGBoost-single-v1,0
S013,2028-08-29,0.09252976626,32,LOW,7,SupplyGrid-XGBoost-single-v1,0
S055,2028-08-29,0.09186946601,33,LOW,7,SupplyGrid-XGBoost-single-v1,0
S088,2028-08-29,0.09122209251,34,LOW,7,SupplyGrid-XGBoost-single-v1,0
S083,2028-08-29,0.08891996741,35,LOW,7,SupplyGrid-XGBoost-single-v1,0
S021,2028-08-29,0.08693830669,36,LOW,7,SupplyGrid-XGBoost-single-v1,0
S042,2028-08-29,0.0867273286,37,LOW,7,SupplyGrid-XGBoost-single-v1,0
S089,2028-08-29,0.08532436937,38,LOW,7,SupplyGrid-XGBoost-single-v1,1
S022,2028-08-29,0.08455184102,39,LOW,7,SupplyGrid-XGBoost-single-v1,0
S056,2028-08-29,0.08418720216,40,LOW,7,SupplyGrid-XGBoost-single-v1,0
S017,2028-08-29,0.0829032883,41,LOW,7,SupplyGrid-XGBoost-single-v1,0
S078,2028-08-29,0.08288153261,42,LOW,7,SupplyGrid-XGBoost-single-v1,0
S097,2028-08-29,0.08278369159,43,LOW,7,SupplyGrid-XGBoost-single-v1,0
S044,2028-08-29,0.08202174306,44,LOW,7,SupplyGrid-XGBoost-single-v1,0
S085,2028-08-29,0.08159903437,45,LOW,7,SupplyGrid-XGBoost-single-v1,0
S069,2028-08-29,0.08080805093,46,LOW,7,SupplyGrid-XGBoost-single-v1,0
S029,2028-08-29,0.07983475178,47,LOW,7,SupplyGrid-XGBoost-single-v1,0
S087,2028-08-29,0.07965465635,48,LOW,7,SupplyGrid-XGBoost-single-v1,0
S043,2028-08-29,0.07940907031,49,LOW,7,SupplyGrid-XGBoost-single-v1,1
S012,2028-08-29,0.07865229994,50,LOW,7,SupplyGrid-XGBoost-single-v1,0
S034,2028-08-29,0.07792514563,51,LOW,7,SupplyGrid-XGBoost-single-v1,0
S024,2028-08-29,0.07726792991,52,LOW,7,SupplyGrid-XGBoost-single-v1,0
S068,2028-08-29,0.0766896382,53,LOW,7,SupplyGrid-XGBoost-single-v1,0
S064,2028-08-29,0.07648345083,54,LOW,7,SupplyGrid-XGBoost-single-v1,0
S072,2028-08-29,0.07628402859,55,LOW,7,SupplyGrid-XGBoost-single-v1,0
S053,2028-08-29,0.0761186108,56,LOW,7,SupplyGrid-XGBoost-single-v1,0
S081,2028-08-29,0.07541296631,57,LOW,7,SupplyGrid-XGBoost-single-v1,1
S093,2028-08-29,0.07507242262,58,LOW,7,SupplyGrid-XGBoost-single-v1,0
S007,2028-08-29,0.07357127219,59,LOW,7,SupplyGrid-XGBoost-single-v1,0
S094,2028-08-29,0.07355503738,60,LOW,7,SupplyGrid-XGBoost-single-v1,0
S058,2028-08-29,0.07349845767,61,LOW,7,SupplyGrid-XGBoost-single-v1,0
S002,2028-08-29,0.07279304415,62,LOW,7,SupplyGrid-XGBoost-single-v1,0
S075,2028-08-29,0.07122839987,63,LOW,7,SupplyGrid-XGBoost-single-v1,0
S039,2028-08-29,0.07108871639,64,LOW,7,SupplyGrid-XGBoost-single-v1,0
S084,2028-08-29,0.07108871639,65,LOW,7,SupplyGrid-XGBoost-single-v1,0
S071,2028-08-29,0.07064980268,66,LOW,7,SupplyGrid-XGBoost-single-v1,0
S045,2028-08-29,0.07003122568,67,LOW,7,SupplyGrid-XGBoost-single-v1,0
S049,2028-08-29,0.06999102235,68,LOW,7,SupplyGrid-XGBoost-single-v1,0
S014,2028-08-29,0.06957180053,69,LOW,7,SupplyGrid-XGBoost-single-v1,0
S038,2028-08-29,0.06957180053,70,LOW,7,SupplyGrid-XGBoost-single-v1,0
S063,2028-08-29,0.0675784573,71,LOW,7,SupplyGrid-XGBoost-single-v1,0
S074,2028-08-29,0.06703037024,72,LOW,7,SupplyGrid-XGBoost-single-v1,0
S047,2028-08-29,0.06263422966,73,LOW,7,SupplyGrid-XGBoost-single-v1,0
S008,2028-08-29,0.06108986586,74,LOW,7,SupplyGrid-XGBoost-single-v1,0
S020,2028-08-29,0.06108986586,75,LOW,7,SupplyGrid-XGBoost-single-v1,0
S076,2028-08-29,0.06108986586,76,LOW,7,SupplyGrid-XGBoost-single-v1,0
S005,2028-08-29,0.06080974638,77,LOW,7,SupplyGrid-XGBoost-single-v1,0
S004,2028-08-29,0.0603492111,78,LOW,7,SupplyGrid-XGBoost-single-v1,0
S040,2028-08-29,0.06023677438,79,LOW,7,SupplyGrid-XGBoost-single-v1,0
S098,2028-08-29,0.05950580165,80,LOW,7,SupplyGrid-XGBoost-single-v1,0
S067,2028-08-29,0.05915120244,81,LOW,7,SupplyGrid-XGBoost-single-v1,0
S070,2028-08-29,0.05910336599,82,LOW,7,SupplyGrid-XGBoost-single-v1,0
S011,2028-08-29,0.0589443557,83,LOW,7,SupplyGrid-XGBoost-single-v1,0
S032,2028-08-29,0.0589443557,84,LOW,7,SupplyGrid-XGBoost-single-v1,0
S096,2028-08-29,0.0589443557,85,LOW,7,SupplyGrid-XGBoost-single-v1,0
S037,2028-08-29,0.05879281089,86,LOW,7,SupplyGrid-XGBoost-single-v1,0
S054,2028-08-29,0.05879281089,87,LOW,7,SupplyGrid-XGBoost-single-v1,0
S059,2028-08-29,0.05879281089,88,LOW,7,SupplyGrid-XGBoost-single-v1,0
S080,2028-08-29,0.05879281089,89,LOW,7,SupplyGrid-XGBoost-single-v1,0
S028,2028-08-29,0.05843259022,90,LOW,7,SupplyGrid-XGBoost-single-v1,0
S018,2028-08-29,0.05823766813,91,LOW,7,SupplyGrid-XGBoost-single-v1,0
S099,2028-08-29,0.05823766813,92,LOW,7,SupplyGrid-XGBoost-single-v1,0
S027,2028-08-29,0.0569855459,93,LOW,7,SupplyGrid-XGBoost-single-v1,0
S033,2028-08-29,0.0569855459,94,LOW,7,SupplyGrid-XGBoost-single-v1,0
S048,2028-08-29,0.0569855459,95,LOW,7,SupplyGrid-XGBoost-single-v1,0
S050,2028-08-30,0.2131560445,1,HIGH,7,SupplyGrid-XGBoost-single-v1,0
S057,2028-08-30,0.1574258059,2,HIGH,7,SupplyGrid-XGBoost-single-v1,0
S041,2028-08-30,0.1500549167,3,LOW,7,SupplyGrid-XGBoost-single-v1,0
S026,2028-08-30,0.1474749148,4,LOW,7,SupplyGrid-XGBoost-single-v1,1
S079,2028-08-30,0.1468777657,5,LOW,7,SupplyGrid-XGBoost-single-v1,0
S010,2028-08-30,0.1358259171,6,LOW,7,SupplyGrid-XGBoost-single-v1,0
S001,2028-08-30,0.1343794465,7,LOW,7,SupplyGrid-XGBoost-single-v1,0
S061,2028-08-30,0.1297156513,8,LOW,7,SupplyGrid-XGBoost-single-v1,0
S023,2028-08-30,0.1281852871,9,LOW,7,SupplyGrid-XGBoost-single-v1,0
S035,2028-08-30,0.1273607612,10,LOW,7,SupplyGrid-XGBoost-single-v1,0
S077,2028-08-30,0.1204330921,11,LOW,7,SupplyGrid-XGBoost-single-v1,0
S082,2028-08-30,0.1196612269,12,LOW,7,SupplyGrid-XGBoost-single-v1,0
S006,2028-08-30,0.1181812063,13,LOW,7,SupplyGrid-XGBoost-single-v1,0
S086,2028-08-30,0.115942955,14,LOW,7,SupplyGrid-XGBoost-single-v1,0
S036,2028-08-30,0.1146088392,15,LOW,7,SupplyGrid-XGBoost-single-v1,1
S052,2028-08-30,0.1134686694,16,LOW,7,SupplyGrid-XGBoost-single-v1,0
S046,2028-08-30,0.110283792,17,LOW,7,SupplyGrid-XGBoost-single-v1,1
S062,2028-08-30,0.1069886982,18,LOW,7,SupplyGrid-XGBoost-single-v1,0
S030,2028-08-30,0.106793806,19,LOW,7,SupplyGrid-XGBoost-single-v1,0
S092,2028-08-30,0.1042868719,20,LOW,7,SupplyGrid-XGBoost-single-v1,0
S095,2028-08-30,0.1034449264,21,LOW,7,SupplyGrid-XGBoost-single-v1,0
S042,2028-08-30,0.1026849374,22,LOW,7,SupplyGrid-XGBoost-single-v1,0
S066,2028-08-30,0.1026782021,23,LOW,7,SupplyGrid-XGBoost-single-v1,1
S009,2028-08-30,0.1015738472,24,LOW,7,SupplyGrid-XGBoost-single-v1,0
S065,2028-08-30,0.09955394268,25,LOW,7,SupplyGrid-XGBoost-single-v1,0
S016,2028-08-30,0.0981226936,26,LOW,7,SupplyGrid-XGBoost-single-v1,0
S060,2028-08-30,0.09717310965,27,LOW,7,SupplyGrid-XGBoost-single-v1,0
S100,2028-08-30,0.09666912258,28,LOW,7,SupplyGrid-XGBoost-single-v1,0
S051,2028-08-30,0.09637913853,29,LOW,7,SupplyGrid-XGBoost-single-v1,0
S015,2028-08-30,0.09635389596,30,LOW,7,SupplyGrid-XGBoost-single-v1,0
S022,2028-08-30,0.09537266195,31,LOW,7,SupplyGrid-XGBoost-single-v1,0
S003,2028-08-30,0.09313417971,32,LOW,7,SupplyGrid-XGBoost-single-v1,0
S013,2028-08-30,0.09271363914,33,LOW,7,SupplyGrid-XGBoost-single-v1,0
S031,2028-08-30,0.09211982042,34,LOW,7,SupplyGrid-XGBoost-single-v1,0
S044,2028-08-30,0.09096271545,35,LOW,7,SupplyGrid-XGBoost-single-v1,0
S073,2028-08-30,0.08983974904,36,LOW,7,SupplyGrid-XGBoost-single-v1,0
S055,2028-08-30,0.0894080624,37,LOW,7,SupplyGrid-XGBoost-single-v1,0
S072,2028-08-30,0.08844219148,38,LOW,7,SupplyGrid-XGBoost-single-v1,0
S083,2028-08-30,0.08805692941,39,LOW,7,SupplyGrid-XGBoost-single-v1,0
S081,2028-08-30,0.08744544536,40,LOW,7,SupplyGrid-XGBoost-single-v1,1
S007,2028-08-30,0.0857796818,41,LOW,7,SupplyGrid-XGBoost-single-v1,0
S017,2028-08-30,0.08494919538,42,LOW,7,SupplyGrid-XGBoost-single-v1,0
S021,2028-08-30,0.08459671587,43,LOW,7,SupplyGrid-XGBoost-single-v1,0
S089,2028-08-30,0.08293043077,44,LOW,7,SupplyGrid-XGBoost-single-v1,1
S078,2028-08-30,0.08288153261,45,LOW,7,SupplyGrid-XGBoost-single-v1,0
S047,2028-08-30,0.08283658326,46,LOW,7,SupplyGrid-XGBoost-single-v1,0
S097,2028-08-30,0.08278369159,47,LOW,7,SupplyGrid-XGBoost-single-v1,0
S056,2028-08-30,0.08129167557,48,LOW,7,SupplyGrid-XGBoost-single-v1,0
S085,2028-08-30,0.08036841452,49,LOW,7,SupplyGrid-XGBoost-single-v1,1
S069,2028-08-30,0.07958831638,50,LOW,7,SupplyGrid-XGBoost-single-v1,0
S088,2028-08-30,0.07929456234,51,LOW,7,SupplyGrid-XGBoost-single-v1,0
S002,2028-08-30,0.07909543812,52,LOW,7,SupplyGrid-XGBoost-single-v1,0
S071,2028-08-30,0.07905454934,53,LOW,7,SupplyGrid-XGBoost-single-v1,0
S012,2028-08-30,0.07865229994,54,LOW,7,SupplyGrid-XGBoost-single-v1,0
S034,2028-08-30,0.07792514563,55,LOW,7,SupplyGrid-XGBoost-single-v1,0
S038,2028-08-30,0.07711084187,56,LOW,7,SupplyGrid-XGBoost-single-v1,0
S068,2028-08-30,0.0766896382,57,LOW,7,SupplyGrid-XGBoost-single-v1,0
S043,2028-08-30,0.07628402859,58,LOW,7,SupplyGrid-XGBoost-single-v1,1
S053,2028-08-30,0.0761186108,59,LOW,7,SupplyGrid-XGBoost-single-v1,0
S093,2028-08-30,0.07507242262,60,LOW,7,SupplyGrid-XGBoost-single-v1,0
S058,2028-08-30,0.07349845767,61,LOW,7,SupplyGrid-XGBoost-single-v1,0
S029,2028-08-30,0.07108871639,62,LOW,7,SupplyGrid-XGBoost-single-v1,0
S063,2028-08-30,0.07084325701,63,LOW,7,SupplyGrid-XGBoost-single-v1,0
S024,2028-08-30,0.06999102235,64,LOW,7,SupplyGrid-XGBoost-single-v1,0
S014,2028-08-30,0.06957180053,65,LOW,7,SupplyGrid-XGBoost-single-v1,0
S075,2028-08-30,0.06879685074,66,LOW,7,SupplyGrid-XGBoost-single-v1,0
S087,2028-08-30,0.06864182651,67,LOW,7,SupplyGrid-XGBoost-single-v1,0
S094,2028-08-30,0.0685916692,68,LOW,7,SupplyGrid-XGBoost-single-v1,0
S064,2028-08-30,0.06809360534,69,LOW,7,SupplyGrid-XGBoost-single-v1,0
S049,2028-08-30,0.06807185709,70,LOW,7,SupplyGrid-XGBoost-single-v1,0
S084,2028-08-30,0.06781344116,71,LOW,7,SupplyGrid-XGBoost-single-v1,0
S033,2028-08-30,0.06560235471,72,LOW,7,SupplyGrid-XGBoost-single-v1,0
S008,2028-08-30,0.06108986586,73,LOW,7,SupplyGrid-XGBoost-single-v1,0
S020,2028-08-30,0.06108986586,74,LOW,7,SupplyGrid-XGBoost-single-v1,0
S076,2028-08-30,0.06108986586,75,LOW,7,SupplyGrid-XGBoost-single-v1,0
S005,2028-08-30,0.06080974638,76,LOW,7,SupplyGrid-XGBoost-single-v1,0
S004,2028-08-30,0.0603492111,77,LOW,7,SupplyGrid-XGBoost-single-v1,0
S040,2028-08-30,0.06023677438,78,LOW,7,SupplyGrid-XGBoost-single-v1,0
S045,2028-08-30,0.06023677438,79,LOW,7,SupplyGrid-XGBoost-single-v1,0
S096,2028-08-30,0.05986827239,80,LOW,7,SupplyGrid-XGBoost-single-v1,0
S098,2028-08-30,0.05950580165,81,LOW,7,SupplyGrid-XGBoost-single-v1,0
S070,2028-08-30,0.05910336599,82,LOW,7,SupplyGrid-XGBoost-single-v1,0
S011,2028-08-30,0.0589443557,83,LOW,7,SupplyGrid-XGBoost-single-v1,0
S032,2028-08-30,0.0589443557,84,LOW,7,SupplyGrid-XGBoost-single-v1,0
S037,2028-08-30,0.05879281089,85,LOW,7,SupplyGrid-XGBoost-single-v1,0
S039,2028-08-30,0.05879281089,86,LOW,7,SupplyGrid-XGBoost-single-v1,0
S054,2028-08-30,0.05879281089,87,LOW,7,SupplyGrid-XGBoost-single-v1,0
S059,2028-08-30,0.05879281089,88,LOW,7,SupplyGrid-XGBoost-single-v1,0
S080,2028-08-30,0.05879281089,89,LOW,7,SupplyGrid-XGBoost-single-v1,0
S028,2028-08-30,0.05843259022,90,LOW,7,SupplyGrid-XGBoost-single-v1,0
S018,2028-08-30,0.05823766813,91,LOW,7,SupplyGrid-XGBoost-single-v1,0
S067,2028-08-30,0.05823766813,92,LOW,7,SupplyGrid-XGBoost-single-v1,0
S074,2028-08-30,0.05823766813,93,LOW,7,SupplyGrid-XGBoost-single-v1,0
S099,2028-08-30,0.05823766813,94,LOW,7,SupplyGrid-XGBoost-single-v1,0
S027,2028-08-30,0.0569855459,95,LOW,7,SupplyGrid-XGBoost-single-v1,0
S048,2028-08-30,0.0569855459,96,LOW,7,SupplyGrid-XGBoost-single-v1,0
S050,2028-08-31,0.2103958577,1,HIGH,7,SupplyGrid-XGBoost-single-v1,0
S079,2028-08-31,0.1682379395,2,HIGH,7,SupplyGrid-XGBoost-single-v1,0
S026,2028-08-31,0.1597601026,3,HIGH,7,SupplyGrid-XGBoost-single-v1,1
S057,2028-08-31,0.1574258059,4,HIGH,7,SupplyGrid-XGBoost-single-v1,0
S010,2028-08-31,0.1358259171,5,LOW,7,SupplyGrid-XGBoost-single-v1,0
S025,2028-08-31,0.1298617274,6,LOW,7,SupplyGrid-XGBoost-single-v1,0
S030,2028-08-31,0.1296716928,7,LOW,7,SupplyGrid-XGBoost-single-v1,0
S019,2028-08-31,0.1291415095,8,LOW,7,SupplyGrid-XGBoost-single-v1,0
S035,2028-08-31,0.1273607612,9,LOW,7,SupplyGrid-XGBoost-single-v1,0
S077,2028-08-31,0.1259350628,10,LOW,7,SupplyGrid-XGBoost-single-v1,0
S001,2028-08-31,0.1258693635,11,LOW,7,SupplyGrid-XGBoost-single-v1,0
S086,2028-08-31,0.1250822395,12,LOW,7,SupplyGrid-XGBoost-single-v1,0
S061,2028-08-31,0.1188113764,13,LOW,7,SupplyGrid-XGBoost-single-v1,0
S023,2028-08-31,0.1160572916,14,LOW,7,SupplyGrid-XGBoost-single-v1,0
S095,2028-08-31,0.1155585051,15,LOW,7,SupplyGrid-XGBoost-single-v1,0
S006,2028-08-31,0.115014106,16,LOW,7,SupplyGrid-XGBoost-single-v1,0
S036,2028-08-31,0.1146088392,17,LOW,7,SupplyGrid-XGBoost-single-v1,1
S041,2028-08-31,0.1113810092,18,LOW,7,SupplyGrid-XGBoost-single-v1,0
S082,2028-08-31,0.1108678579,19,LOW,7,SupplyGrid-XGBoost-single-v1,0
S029,2028-08-31,0.1106630117,20,LOW,7,SupplyGrid-XGBoost-single-v1,0
S017,2028-08-31,0.1055041626,21,LOW,7,SupplyGrid-XGBoost-single-v1,0
S092,2028-08-31,0.1042868719,22,LOW,7,SupplyGrid-XGBoost-single-v1,0
S031,2028-08-31,0.1031659693,23,LOW,7,SupplyGrid-XGBoost-single-v1,0
S052,2028-08-31,0.1030174717,24,LOW,7,SupplyGrid-XGBoost-single-v1,0
S046,2028-08-31,0.1016354784,25,LOW,7,SupplyGrid-XGBoost-single-v1,1
S009,2028-08-31,0.1015738472,26,LOW,7,SupplyGrid-XGBoost-single-v1,0
S062,2028-08-31,0.09870193899,27,LOW,7,SupplyGrid-XGBoost-single-v1,0
S097,2028-08-31,0.09823755175,28,LOW,7,SupplyGrid-XGBoost-single-v1,0
S072,2028-08-31,0.09800434858,29,LOW,7,SupplyGrid-XGBoost-single-v1,0
S016,2028-08-31,0.09666912258,30,LOW,7,SupplyGrid-XGBoost-single-v1,0
S100,2028-08-31,0.09666912258,31,LOW,7,SupplyGrid-XGBoost-single-v1,0
S015,2028-08-31,0.09635389596,32,LOW,7,SupplyGrid-XGBoost-single-v1,0
S043,2028-08-31,0.08996331692,33,LOW,7,SupplyGrid-XGBoost-single-v1,1
S073,2028-08-31,0.08983974904,34,LOW,7,SupplyGrid-XGBoost-single-v1,0
S051,2028-08-31,0.08980607986,35,LOW,7,SupplyGrid-XGBoost-single-v1,0
S060,2028-08-31,0.08955831826,36,LOW,7,SupplyGrid-XGBoost-single-v1,0
S083,2028-08-31,0.08805692941,37,LOW,7,SupplyGrid-XGBoost-single-v1,0
S042,2028-08-31,0.0867273286,38,LOW,7,SupplyGrid-XGBoost-single-v1,0
S069,2028-08-31,0.08614113927,39,LOW,7,SupplyGrid-XGBoost-single-v1,0
S047,2028-08-31,0.08578202128,40,LOW,7,SupplyGrid-XGBoost-single-v1,0
S021,2028-08-31,0.08546352386,41,LOW,7,SupplyGrid-XGBoost-single-v1,0
S034,2028-08-31,0.08463134617,42,LOW,7,SupplyGrid-XGBoost-single-v1,0
S078,2028-08-31,0.08288153261,43,LOW,7,SupplyGrid-XGBoost-single-v1,0
S044,2028-08-31,0.08202174306,44,LOW,7,SupplyGrid-XGBoost-single-v1,0
S003,2028-08-31,0.08181194216,45,LOW,7,SupplyGrid-XGBoost-single-v1,0
S056,2028-08-31,0.08129167557,46,LOW,7,SupplyGrid-XGBoost-single-v1,0
S085,2028-08-31,0.08036841452,47,LOW,7,SupplyGrid-XGBoost-single-v1,1
S038,2028-08-31,0.07934644818,48,LOW,7,SupplyGrid-XGBoost-single-v1,0
S012,2028-08-31,0.07865229994,49,LOW,7,SupplyGrid-XGBoost-single-v1,0
S013,2028-08-31,0.07865229994,50,LOW,7,SupplyGrid-XGBoost-single-v1,0
S024,2028-08-31,0.07832401246,51,LOW,7,SupplyGrid-XGBoost-single-v1,0
S055,2028-08-31,0.07792514563,52,LOW,7,SupplyGrid-XGBoost-single-v1,0
S049,2028-08-31,0.07726792991,53,LOW,7,SupplyGrid-XGBoost-single-v1,0
S071,2028-08-31,0.07711084187,54,LOW,7,SupplyGrid-XGBoost-single-v1,0
S068,2028-08-31,0.0766896382,55,LOW,7,SupplyGrid-XGBoost-single-v1,0
S053,2028-08-31,0.0761186108,56,LOW,7,SupplyGrid-XGBoost-single-v1,0
S081,2028-08-31,0.07541296631,57,LOW,7,SupplyGrid-XGBoost-single-v1,1
S065,2028-08-31,0.07533133775,58,LOW,7,SupplyGrid-XGBoost-single-v1,0
S093,2028-08-31,0.07507242262,59,LOW,7,SupplyGrid-XGBoost-single-v1,0
S022,2028-08-31,0.07418762147,60,LOW,7,SupplyGrid-XGBoost-single-v1,0
S058,2028-08-31,0.07349845767,61,LOW,7,SupplyGrid-XGBoost-single-v1,0
S002,2028-08-31,0.07279304415,62,LOW,7,SupplyGrid-XGBoost-single-v1,0
S084,2028-08-31,0.07108871639,63,LOW,7,SupplyGrid-XGBoost-single-v1,0
S014,2028-08-31,0.06957180053,64,LOW,7,SupplyGrid-XGBoost-single-v1,0
S088,2028-08-31,0.06901211292,65,LOW,7,SupplyGrid-XGBoost-single-v1,0
S087,2028-08-31,0.06864182651,66,LOW,7,SupplyGrid-XGBoost-single-v1,0
S094,2028-08-31,0.0685916692,67,LOW,7,SupplyGrid-XGBoost-single-v1,0
S037,2028-08-31,0.06766329706,68,LOW,7,SupplyGrid-XGBoost-single-v1,0
S096,2028-08-31,0.06733393669,69,LOW,7,SupplyGrid-XGBoost-single-v1,0
S067,2028-08-31,0.06703037024,70,LOW,7,SupplyGrid-XGBoost-single-v1,0
S007,2028-08-31,0.06363534927,71,LOW,7,SupplyGrid-XGBoost-single-v1,0
S008,2028-08-31,0.06108986586,72,LOW,7,SupplyGrid-XGBoost-single-v1,0
S020,2028-08-31,0.06108986586,73,LOW,7,SupplyGrid-XGBoost-single-v1,0
S076,2028-08-31,0.06108986586,74,LOW,7,SupplyGrid-XGBoost-single-v1,0
S039,2028-08-31,0.06094012409,75,LOW,7,SupplyGrid-XGBoost-single-v1,0
S005,2028-08-31,0.06080974638,76,LOW,7,SupplyGrid-XGBoost-single-v1,0
S098,2028-08-31,0.06043796614,77,LOW,7,SupplyGrid-XGBoost-single-v1,0
S004,2028-08-31,0.0603492111,78,LOW,7,SupplyGrid-XGBoost-single-v1,0
S040,2028-08-31,0.06023677438,79,LOW,7,SupplyGrid-XGBoost-single-v1,0
S045,2028-08-31,0.06023677438,80,LOW,7,SupplyGrid-XGBoost-single-v1,0
S075,2028-08-31,0.06023677438,81,LOW,7,SupplyGrid-XGBoost-single-v1,0
S064,2028-08-31,0.05963356048,82,LOW,7,SupplyGrid-XGBoost-single-v1,0
S063,2028-08-31,0.05950580165,83,LOW,7,SupplyGrid-XGBoost-single-v1,0
S074,2028-08-31,0.05915120244,84,LOW,7,SupplyGrid-XGBoost-single-v1,0
S070,2028-08-31,0.05910336599,85,LOW,7,SupplyGrid-XGBoost-single-v1,0
S011,2028-08-31,0.0589443557,86,LOW,7,SupplyGrid-XGBoost-single-v1,0
S032,2028-08-31,0.0589443557,87,LOW,7,SupplyGrid-XGBoost-single-v1,0
S054,2028-08-31,0.05879281089,88,LOW,7,SupplyGrid-XGBoost-single-v1,0
S059,2028-08-31,0.05879281089,89,LOW,7,SupplyGrid-XGBoost-single-v1,0
S080,2028-08-31,0.05879281089,90,LOW,7,SupplyGrid-XGBoost-single-v1,0
S018,2028-08-31,0.05823766813,91,LOW,7,SupplyGrid-XGBoost-single-v1,0
S099,2028-08-31,0.05823766813,92,LOW,7,SupplyGrid-XGBoost-single-v1,0
S028,2028-08-31,0.05752947927,93,LOW,7,SupplyGrid-XGBoost-single-v1,0
S027,2028-08-31,0.0569855459,94,LOW,7,SupplyGrid-XGBoost-single-v1,0
S033,2028-08-31,0.0569855459,95,LOW,7,SupplyGrid-XGBoost-single-v1,0
S048,2028-08-31,0.0569855459,96,LOW,7,SupplyGrid-XGBoost-single-v1,0
S050,2028-09-01,0.1960220337,1,HIGH,7,SupplyGrid-XGBoost-single-v1,0
S079,2028-09-01,0.1846794635,2,HIGH,7,SupplyGrid-XGBoost-single-v1,0
S026,2028-09-01,0.1776826382,3,HIGH,7,SupplyGrid-XGBoost-single-v1,1
S091,2028-09-01,0.1416496634,4,LOW,7,SupplyGrid-XGBoost-single-v1,0
S057,2028-09-01,0.1411901861,5,LOW,7,SupplyGrid-XGBoost-single-v1,0
S061,2028-09-01,0.1375645101,6,LOW,7,SupplyGrid-XGBoost-single-v1,0
S001,2028-09-01,0.1366377771,7,LOW,7,SupplyGrid-XGBoost-single-v1,0
S025,2028-09-01,0.1298617274,8,LOW,7,SupplyGrid-XGBoost-single-v1,0
S086,2028-09-01,0.1297139227,9,LOW,7,SupplyGrid-XGBoost-single-v1,0
S030,2028-09-01,0.1278433502,10,LOW,7,SupplyGrid-XGBoost-single-v1,0
S035,2028-09-01,0.1273607612,11,LOW,7,SupplyGrid-XGBoost-single-v1,0
S010,2028-09-01,0.1208094507,12,LOW,7,SupplyGrid-XGBoost-single-v1,0
S041,2028-09-01,0.1153229848,13,LOW,7,SupplyGrid-XGBoost-single-v1,0
S006,2028-09-01,0.115014106,14,LOW,7,SupplyGrid-XGBoost-single-v1,0
S019,2028-09-01,0.1120762974,15,LOW,7,SupplyGrid-XGBoost-single-v1,0
S077,2028-09-01,0.1120762974,16,LOW,7,SupplyGrid-XGBoost-single-v1,0
S052,2028-09-01,0.1112157106,17,LOW,7,SupplyGrid-XGBoost-single-v1,1
S082,2028-09-01,0.1108678579,18,LOW,7,SupplyGrid-XGBoost-single-v1,0
S095,2028-09-01,0.1073737293,19,LOW,7,SupplyGrid-XGBoost-single-v1,0
S092,2028-09-01,0.1042868719,20,LOW,7,SupplyGrid-XGBoost-single-v1,0
S031,2028-09-01,0.1031659693,21,LOW,7,SupplyGrid-XGBoost-single-v1,0
S042,2028-09-01,0.1026849374,22,LOW,7,SupplyGrid-XGBoost-single-v1,0
S046,2028-09-01,0.1016354784,23,LOW,7,SupplyGrid-XGBoost-single-v1,1
S009,2028-09-01,0.1015738472,24,LOW,7,SupplyGrid-XGBoost-single-v1,0
S029,2028-09-01,0.1011652276,25,LOW,7,SupplyGrid-XGBoost-single-v1,0
S023,2028-09-01,0.1005215049,26,LOW,7,SupplyGrid-XGBoost-single-v1,0
S062,2028-09-01,0.09870193899,27,LOW,7,SupplyGrid-XGBoost-single-v1,0
S043,2028-09-01,0.09800434858,28,LOW,7,SupplyGrid-XGBoost-single-v1,1
S072,2028-09-01,0.09800434858,29,LOW,7,SupplyGrid-XGBoost-single-v1,0
S016,2028-09-01,0.09666912258,30,LOW,7,SupplyGrid-XGBoost-single-v1,0
S100,2028-09-01,0.09666912258,31,LOW,7,SupplyGrid-XGBoost-single-v1,0
S090,2028-09-01,0.09563061595,32,LOW,7,SupplyGrid-XGBoost-single-v1,0
S036,2028-09-01,0.09507832676,33,LOW,7,SupplyGrid-XGBoost-single-v1,1
S017,2028-09-01,0.09347743541,34,LOW,7,SupplyGrid-XGBoost-single-v1,0
S073,2028-09-01,0.09300892055,35,LOW,7,SupplyGrid-XGBoost-single-v1,0
S034,2028-09-01,0.09186946601,36,LOW,7,SupplyGrid-XGBoost-single-v1,0
S051,2028-09-01,0.08980607986,37,LOW,7,SupplyGrid-XGBoost-single-v1,0
S021,2028-09-01,0.08693830669,38,LOW,7,SupplyGrid-XGBoost-single-v1,0
S083,2028-09-01,0.08669249713,39,LOW,7,SupplyGrid-XGBoost-single-v1,0
S093,2028-09-01,0.0861742273,40,LOW,7,SupplyGrid-XGBoost-single-v1,1
S022,2028-09-01,0.0860427767,41,LOW,7,SupplyGrid-XGBoost-single-v1,0
S024,2028-09-01,0.08573558927,42,LOW,7,SupplyGrid-XGBoost-single-v1,0
S060,2028-09-01,0.08375714719,43,LOW,7,SupplyGrid-XGBoost-single-v1,0
S078,2028-09-01,0.08288153261,44,LOW,7,SupplyGrid-XGBoost-single-v1,0
S097,2028-09-01,0.08278369159,45,LOW,7,SupplyGrid-XGBoost-single-v1,0
S014,2028-09-01,0.0822217539,46,LOW,7,SupplyGrid-XGBoost-single-v1,0
S044,2028-09-01,0.08202174306,47,LOW,7,SupplyGrid-XGBoost-single-v1,0
S003,2028-09-01,0.08181194216,48,LOW,7,SupplyGrid-XGBoost-single-v1,0
S015,2028-09-01,0.08179020137,49,LOW,7,SupplyGrid-XGBoost-single-v1,0
S088,2028-09-01,0.08150245994,50,LOW,7,SupplyGrid-XGBoost-single-v1,0
S056,2028-09-01,0.08129167557,51,LOW,7,SupplyGrid-XGBoost-single-v1,0
S085,2028-09-01,0.08036841452,52,LOW,7,SupplyGrid-XGBoost-single-v1,1
S069,2028-09-01,0.07958831638,53,LOW,7,SupplyGrid-XGBoost-single-v1,0
S012,2028-09-01,0.07865229994,54,LOW,7,SupplyGrid-XGBoost-single-v1,0
S013,2028-09-01,0.07865229994,55,LOW,7,SupplyGrid-XGBoost-single-v1,0
S049,2028-09-01,0.07861345261,56,LOW,7,SupplyGrid-XGBoost-single-v1,0
S038,2028-09-01,0.07798944414,57,LOW,7,SupplyGrid-XGBoost-single-v1,0
S055,2028-09-01,0.07792514563,58,LOW,7,SupplyGrid-XGBoost-single-v1,0
S068,2028-09-01,0.0766896382,59,LOW,7,SupplyGrid-XGBoost-single-v1,0
S018,2028-09-01,0.07661220431,60,LOW,7,SupplyGrid-XGBoost-single-v1,0
S067,2028-09-01,0.07661220431,61,LOW,7,SupplyGrid-XGBoost-single-v1,0
S053,2028-09-01,0.0761186108,62,LOW,7,SupplyGrid-XGBoost-single-v1,0
S071,2028-09-01,0.07594231516,63,LOW,7,SupplyGrid-XGBoost-single-v1,0
S081,2028-09-01,0.07541296631,64,LOW,7,SupplyGrid-XGBoost-single-v1,1
S065,2028-09-01,0.07533133775,65,LOW,7,SupplyGrid-XGBoost-single-v1,0
S002,2028-09-01,0.07391697913,66,LOW,7,SupplyGrid-XGBoost-single-v1,0
S058,2028-09-01,0.07349845767,67,LOW,7,SupplyGrid-XGBoost-single-v1,0
S075,2028-09-01,0.0717028752,68,LOW,7,SupplyGrid-XGBoost-single-v1,0
S047,2028-09-01,0.07168019563,69,LOW,7,SupplyGrid-XGBoost-single-v1,0
S084,2028-09-01,0.07108871639,70,LOW,7,SupplyGrid-XGBoost-single-v1,0
S094,2028-09-01,0.0685916692,71,LOW,7,SupplyGrid-XGBoost-single-v1,0
S037,2028-09-01,0.06836955249,72,LOW,7,SupplyGrid-XGBoost-single-v1,0
S087,2028-09-01,0.06755594164,73,LOW,7,SupplyGrid-XGBoost-single-v1,0
S096,2028-09-01,0.06733393669,74,LOW,7,SupplyGrid-XGBoost-single-v1,0
S039,2028-09-01,0.06677560508,75,LOW,7,SupplyGrid-XGBoost-single-v1,0
S007,2028-09-01,0.06363534927,76,LOW,7,SupplyGrid-XGBoost-single-v1,0
S063,2028-09-01,0.06167743728,77,LOW,7,SupplyGrid-XGBoost-single-v1,0
S008,2028-09-01,0.06108986586,78,LOW,7,SupplyGrid-XGBoost-single-v1,0
S020,2028-09-01,0.06108986586,79,LOW,7,SupplyGrid-XGBoost-single-v1,0
S076,2028-09-01,0.06108986586,80,LOW,7,SupplyGrid-XGBoost-single-v1,0
S005,2028-09-01,0.06080974638,81,LOW,7,SupplyGrid-XGBoost-single-v1,0
S004,2028-09-01,0.0603492111,82,LOW,7,SupplyGrid-XGBoost-single-v1,0
S040,2028-09-01,0.06023677438,83,LOW,7,SupplyGrid-XGBoost-single-v1,0
S045,2028-09-01,0.06023677438,84,LOW,7,SupplyGrid-XGBoost-single-v1,0
S064,2028-09-01,0.05963356048,85,LOW,7,SupplyGrid-XGBoost-single-v1,0
S098,2028-09-01,0.05950580165,86,LOW,7,SupplyGrid-XGBoost-single-v1,0
S070,2028-09-01,0.05910336599,87,LOW,7,SupplyGrid-XGBoost-single-v1,0
S011,2028-09-01,0.0589443557,88,LOW,7,SupplyGrid-XGBoost-single-v1,0
S032,2028-09-01,0.0589443557,89,LOW,7,SupplyGrid-XGBoost-single-v1,0
S054,2028-09-01,0.05879281089,90,LOW,7,SupplyGrid-XGBoost-single-v1,0
S059,2028-09-01,0.05879281089,91,LOW,7,SupplyGrid-XGBoost-single-v1,0
S080,2028-09-01,0.05879281089,92,LOW,7,SupplyGrid-XGBoost-single-v1,0
S074,2028-09-01,0.05823766813,93,LOW,7,SupplyGrid-XGBoost-single-v1,0
S099,2028-09-01,0.05823766813,94,LOW,7,SupplyGrid-XGBoost-single-v1,0
S028,2028-09-01,0.05752947927,95,LOW,7,SupplyGrid-XGBoost-single-v1,0
S027,2028-09-01,0.0569855459,96,LOW,7,SupplyGrid-XGBoost-single-v1,0
S033,2028-09-01,0.0569855459,97,LOW,7,SupplyGrid-XGBoost-single-v1,0
S048,2028-09-01,0.0569855459,98,LOW,7,SupplyGrid-XGBoost-single-v1,1
S026,2028-09-02,0.2232838422,1,HIGH,7,SupplyGrid-XGBoost-single-v1,1
S050,2028-09-02,0.1970918179,2,HIGH,7,SupplyGrid-XGBoost-single-v1,0
S001,2028-09-02,0.1471367925,3,LOW,7,SupplyGrid-XGBoost-single-v1,0
S035,2028-09-02,0.1463696063,4,LOW,7,SupplyGrid-XGBoost-single-v1,0
S079,2028-09-02,0.1410241425,5,LOW,7,SupplyGrid-XGBoost-single-v1,0
S010,2028-09-02,0.131034717,6,LOW,7,SupplyGrid-XGBoost-single-v1,0
S057,2028-09-02,0.1298863292,7,LOW,7,SupplyGrid-XGBoost-single-v1,0
S086,2028-09-02,0.123076342,8,LOW,7,SupplyGrid-XGBoost-single-v1,0
S091,2028-09-02,0.1216349825,9,LOW,7,SupplyGrid-XGBoost-single-v1,0
S031,2028-09-02,0.1156178042,10,LOW,7,SupplyGrid-XGBoost-single-v1,0
S019,2028-09-02,0.1120762974,11,LOW,7,SupplyGrid-XGBoost-single-v1,0
S052,2028-09-02,0.1112157106,12,LOW,7,SupplyGrid-XGBoost-single-v1,1
S025,2028-09-02,0.1103992015,13,LOW,7,SupplyGrid-XGBoost-single-v1,0
S061,2028-09-02,0.1100726575,14,LOW,7,SupplyGrid-XGBoost-single-v1,0
S030,2028-09-02,0.1061420143,15,LOW,7,SupplyGrid-XGBoost-single-v1,0
S006,2028-09-02,0.1057410762,16,LOW,7,SupplyGrid-XGBoost-single-v1,0
S092,2028-09-02,0.1042868719,17,LOW,7,SupplyGrid-XGBoost-single-v1,0
S042,2028-09-02,0.1026849374,18,LOW,7,SupplyGrid-XGBoost-single-v1,0
S046,2028-09-02,0.1016354784,19,LOW,7,SupplyGrid-XGBoost-single-v1,1
S009,2028-09-02,0.1015738472,20,LOW,7,SupplyGrid-XGBoost-single-v1,0
S023,2028-09-02,0.1005215049,21,LOW,7,SupplyGrid-XGBoost-single-v1,0
S082,2028-09-02,0.09908817708,22,LOW,7,SupplyGrid-XGBoost-single-v1,0
S062,2028-09-02,0.09870193899,23,LOW,7,SupplyGrid-XGBoost-single-v1,0
S043,2028-09-02,0.09800434858,24,LOW,7,SupplyGrid-XGBoost-single-v1,1
S029,2028-09-02,0.09743880481,25,LOW,7,SupplyGrid-XGBoost-single-v1,0
S100,2028-09-02,0.09666912258,26,LOW,7,SupplyGrid-XGBoost-single-v1,0
S015,2028-09-02,0.09635389596,27,LOW,7,SupplyGrid-XGBoost-single-v1,0
S090,2028-09-02,0.09563061595,28,LOW,7,SupplyGrid-XGBoost-single-v1,0
S021,2028-09-02,0.09473709762,29,LOW,7,SupplyGrid-XGBoost-single-v1,0
S095,2028-09-02,0.09466092288,30,LOW,7,SupplyGrid-XGBoost-single-v1,0
S077,2028-09-02,0.09293206036,31,LOW,7,SupplyGrid-XGBoost-single-v1,0
S034,2028-09-02,0.09031929821,32,LOW,7,SupplyGrid-XGBoost-single-v1,0
S072,2028-09-02,0.08996331692,33,LOW,7,SupplyGrid-XGBoost-single-v1,0
S097,2028-09-02,0.08986723423,34,LOW,7,SupplyGrid-XGBoost-single-v1,0
S073,2028-09-02,0.08983974904,35,LOW,7,SupplyGrid-XGBoost-single-v1,0
S049,2028-09-02,0.0887741074,36,LOW,7,SupplyGrid-XGBoost-single-v1,0
S083,2028-09-02,0.08669249713,37,LOW,7,SupplyGrid-XGBoost-single-v1,0
S069,2028-09-02,0.08469928056,38,LOW,7,SupplyGrid-XGBoost-single-v1,0
S065,2028-09-02,0.08455184102,39,LOW,7,SupplyGrid-XGBoost-single-v1,0
S060,2028-09-02,0.08249688148,40,LOW,7,SupplyGrid-XGBoost-single-v1,0
S017,2028-09-02,0.0822217539,41,LOW,7,SupplyGrid-XGBoost-single-v1,0
S044,2028-09-02,0.08202174306,42,LOW,7,SupplyGrid-XGBoost-single-v1,0
S003,2028-09-02,0.08181194216,43,LOW,7,SupplyGrid-XGBoost-single-v1,0
S018,2028-09-02,0.08146454394,44,LOW,7,SupplyGrid-XGBoost-single-v1,0
S056,2028-09-02,0.08129167557,45,LOW,7,SupplyGrid-XGBoost-single-v1,0
S014,2028-09-02,0.080839701,46,LOW,7,SupplyGrid-XGBoost-single-v1,0
S041,2028-09-02,0.08037082851,47,LOW,7,SupplyGrid-XGBoost-single-v1,0
S085,2028-09-02,0.08036841452,48,LOW,7,SupplyGrid-XGBoost-single-v1,1
S051,2028-09-02,0.0801467672,49,LOW,7,SupplyGrid-XGBoost-single-v1,0
S016,2028-09-02,0.07991977036,50,LOW,7,SupplyGrid-XGBoost-single-v1,0
S012,2028-09-02,0.07865229994,51,LOW,7,SupplyGrid-XGBoost-single-v1,0
S013,2028-09-02,0.07865229994,52,LOW,7,SupplyGrid-XGBoost-single-v1,0
S055,2028-09-02,0.07792514563,53,LOW,7,SupplyGrid-XGBoost-single-v1,0
S068,2028-09-02,0.0766896382,54,LOW,7,SupplyGrid-XGBoost-single-v1,0
S053,2028-09-02,0.0761186108,55,LOW,7,SupplyGrid-XGBoost-single-v1,0
S002,2028-09-02,0.07578679174,56,LOW,7,SupplyGrid-XGBoost-single-v1,0
S078,2028-09-02,0.07569626719,57,LOW,7,SupplyGrid-XGBoost-single-v1,0
S081,2028-09-02,0.07541296631,58,LOW,7,SupplyGrid-XGBoost-single-v1,1
S024,2028-09-02,0.07523819059,59,LOW,7,SupplyGrid-XGBoost-single-v1,0
S093,2028-09-02,0.07507242262,60,LOW,7,SupplyGrid-XGBoost-single-v1,1
S022,2028-09-02,0.07418762147,61,LOW,7,SupplyGrid-XGBoost-single-v1,0
S058,2028-09-02,0.07349845767,62,LOW,7,SupplyGrid-XGBoost-single-v1,0
S075,2028-09-02,0.07126045227,63,LOW,7,SupplyGrid-XGBoost-single-v1,0
S084,2028-09-02,0.07108871639,64,LOW,7,SupplyGrid-XGBoost-single-v1,0
S096,2028-09-02,0.0708296001,65,LOW,7,SupplyGrid-XGBoost-single-v1,0
S038,2028-09-02,0.07064980268,66,LOW,7,SupplyGrid-XGBoost-single-v1,0
S063,2028-09-02,0.07040574402,67,LOW,7,SupplyGrid-XGBoost-single-v1,0
S067,2028-09-02,0.06999102235,68,LOW,7,SupplyGrid-XGBoost-single-v1,0
S088,2028-09-02,0.06901211292,69,LOW,7,SupplyGrid-XGBoost-single-v1,0
S094,2028-09-02,0.0685916692,70,LOW,7,SupplyGrid-XGBoost-single-v1,0
S037,2028-09-02,0.06836955249,71,LOW,7,SupplyGrid-XGBoost-single-v1,0
S059,2028-09-02,0.06836955249,72,LOW,7,SupplyGrid-XGBoost-single-v1,0
S087,2028-09-02,0.06755594164,73,LOW,7,SupplyGrid-XGBoost-single-v1,0
S047,2028-09-02,0.06391569227,74,LOW,7,SupplyGrid-XGBoost-single-v1,0
S007,2028-09-02,0.06204521284,75,LOW,7,SupplyGrid-XGBoost-single-v1,0
S008,2028-09-02,0.06108986586,76,LOW,7,SupplyGrid-XGBoost-single-v1,0
S020,2028-09-02,0.06108986586,77,LOW,7,SupplyGrid-XGBoost-single-v1,0
S076,2028-09-02,0.06108986586,78,LOW,7,SupplyGrid-XGBoost-single-v1,0
S005,2028-09-02,0.06080974638,79,LOW,7,SupplyGrid-XGBoost-single-v1,0
S004,2028-09-02,0.0603492111,80,LOW,7,SupplyGrid-XGBoost-single-v1,0
S040,2028-09-02,0.06023677438,81,LOW,7,SupplyGrid-XGBoost-single-v1,0
S045,2028-09-02,0.06023677438,82,LOW,7,SupplyGrid-XGBoost-single-v1,0
S098,2028-09-02,0.05950580165,83,LOW,7,SupplyGrid-XGBoost-single-v1,0
S070,2028-09-02,0.05910336599,84,LOW,7,SupplyGrid-XGBoost-single-v1,0
S011,2028-09-02,0.0589443557,85,LOW,7,SupplyGrid-XGBoost-single-v1,0
S032,2028-09-02,0.0589443557,86,LOW,7,SupplyGrid-XGBoost-single-v1,0
S039,2028-09-02,0.05879281089,87,LOW,7,SupplyGrid-XGBoost-single-v1,0
S054,2028-09-02,0.05879281089,88,LOW,7,SupplyGrid-XGBoost-single-v1,0
S071,2028-09-02,0.05879281089,89,LOW,7,SupplyGrid-XGBoost-single-v1,1
S080,2028-09-02,0.05879281089,90,LOW,7,SupplyGrid-XGBoost-single-v1,0
S074,2028-09-02,0.05823766813,91,LOW,7,SupplyGrid-XGBoost-single-v1,0
S099,2028-09-02,0.05823766813,92,LOW,7,SupplyGrid-XGBoost-single-v1,0
S028,2028-09-02,0.05752947927,93,LOW,7,SupplyGrid-XGBoost-single-v1,0
S064,2028-09-02,0.05752947927,94,LOW,7,SupplyGrid-XGBoost-single-v1,0
S027,2028-09-02,0.0569855459,95,LOW,7,SupplyGrid-XGBoost-single-v1,0
S033,2028-09-02,0.0569855459,96,LOW,7,SupplyGrid-XGBoost-single-v1,0
S048,2028-09-02,0.0569855459,97,LOW,7,SupplyGrid-XGBoost-single-v1,1
S050,2028-09-03,0.1865813285,1,HIGH,7,SupplyGrid-XGBoost-single-v1,0
S035,2028-09-03,0.1610879004,2,HIGH,7,SupplyGrid-XGBoost-single-v1,0
S001,2028-09-03,0.1524428129,3,HIGH,7,SupplyGrid-XGBoost-single-v1,0
S079,2028-09-03,0.1417655945,4,LOW,7,SupplyGrid-XGBoost-single-v1,0
S057,2028-09-03,0.1409487575,5,LOW,7,SupplyGrid-XGBoost-single-v1,0
S091,2028-09-03,0.1307476163,6,LOW,7,SupplyGrid-XGBoost-single-v1,0
S010,2028-09-03,0.1297041029,7,LOW,7,SupplyGrid-XGBoost-single-v1,0
S061,2028-09-03,0.1232436001,8,LOW,7,SupplyGrid-XGBoost-single-v1,0
S046,2028-09-03,0.1210217625,9,LOW,7,SupplyGrid-XGBoost-single-v1,1
S025,2028-09-03,0.1195533201,10,LOW,7,SupplyGrid-XGBoost-single-v1,0
S006,2028-09-03,0.1170226187,11,LOW,7,SupplyGrid-XGBoost-single-v1,0
S086,2028-09-03,0.115942955,12,LOW,7,SupplyGrid-XGBoost-single-v1,0
S031,2028-09-03,0.1156178042,13,LOW,7,SupplyGrid-XGBoost-single-v1,0
S023,2028-09-03,0.1149191633,14,LOW,7,SupplyGrid-XGBoost-single-v1,0
S019,2028-09-03,0.1120762974,15,LOW,7,SupplyGrid-XGBoost-single-v1,0
S052,2028-09-03,0.1093441695,16,LOW,7,SupplyGrid-XGBoost-single-v1,1
S089,2028-09-03,0.1083501354,17,LOW,7,SupplyGrid-XGBoost-single-v1,0
S066,2028-09-03,0.1073386818,18,LOW,7,SupplyGrid-XGBoost-single-v1,0
S030,2028-09-03,0.1061420143,19,LOW,7,SupplyGrid-XGBoost-single-v1,0
S043,2028-09-03,0.1058989763,20,LOW,7,SupplyGrid-XGBoost-single-v1,1
S100,2028-09-03,0.1048050374,21,LOW,7,SupplyGrid-XGBoost-single-v1,0
S092,2028-09-03,0.1042868719,22,LOW,7,SupplyGrid-XGBoost-single-v1,0
S049,2028-09-03,0.1015310138,23,LOW,7,SupplyGrid-XGBoost-single-v1,0
S062,2028-09-03,0.09870193899,24,LOW,7,SupplyGrid-XGBoost-single-v1,0
S082,2028-09-03,0.09762185812,25,LOW,7,SupplyGrid-XGBoost-single-v1,1
S015,2028-09-03,0.09693583846,26,LOW,7,SupplyGrid-XGBoost-single-v1,0
S090,2028-09-03,0.09563061595,27,LOW,7,SupplyGrid-XGBoost-single-v1,0
S083,2028-09-03,0.09234562516,28,LOW,7,SupplyGrid-XGBoost-single-v1,0
S034,2028-09-03,0.09186946601,29,LOW,7,SupplyGrid-XGBoost-single-v1,0
S012,2028-09-03,0.09115065634,30,LOW,7,SupplyGrid-XGBoost-single-v1,0
S065,2028-09-03,0.09106680751,31,LOW,7,SupplyGrid-XGBoost-single-v1,0
S095,2028-09-03,0.09099499136,32,LOW,7,SupplyGrid-XGBoost-single-v1,0
S042,2028-09-03,0.09031727165,33,LOW,7,SupplyGrid-XGBoost-single-v1,0
S029,2028-09-03,0.0901113078,34,LOW,7,SupplyGrid-XGBoost-single-v1,0
S072,2028-09-03,0.08996331692,35,LOW,7,SupplyGrid-XGBoost-single-v1,0
S073,2028-09-03,0.08983974904,36,LOW,7,SupplyGrid-XGBoost-single-v1,0
S009,2028-09-03,0.08932670206,37,LOW,7,SupplyGrid-XGBoost-single-v1,0
S081,2028-09-03,0.08895110339,38,LOW,7,SupplyGrid-XGBoost-single-v1,1
S018,2028-09-03,0.08711917698,39,LOW,7,SupplyGrid-XGBoost-single-v1,0
S021,2028-09-03,0.08693830669,40,LOW,7,SupplyGrid-XGBoost-single-v1,0
S022,2028-09-03,0.08517064899,41,LOW,7,SupplyGrid-XGBoost-single-v1,0
S069,2028-09-03,0.08469928056,42,LOW,7,SupplyGrid-XGBoost-single-v1,0
S097,2028-09-03,0.08357262611,43,LOW,7,SupplyGrid-XGBoost-single-v1,0
S017,2028-09-03,0.08347818255,44,LOW,7,SupplyGrid-XGBoost-single-v1,0
S002,2028-09-03,0.08297990263,45,LOW,7,SupplyGrid-XGBoost-single-v1,0
S060,2028-09-03,0.08249688148,46,LOW,7,SupplyGrid-XGBoost-single-v1,0
S003,2028-09-03,0.08181194216,47,LOW,7,SupplyGrid-XGBoost-single-v1,0
S056,2028-09-03,0.08129167557,48,LOW,7,SupplyGrid-XGBoost-single-v1,0
S077,2028-09-03,0.08069141954,49,LOW,7,SupplyGrid-XGBoost-single-v1,0
S041,2028-09-03,0.08037082851,50,LOW,7,SupplyGrid-XGBoost-single-v1,0
S085,2028-09-03,0.08036841452,51,LOW,7,SupplyGrid-XGBoost-single-v1,1
S016,2028-09-03,0.07899703085,52,LOW,7,SupplyGrid-XGBoost-single-v1,0
S013,2028-09-03,0.07865229994,53,LOW,7,SupplyGrid-XGBoost-single-v1,0
S093,2028-09-03,0.07815200835,54,LOW,7,SupplyGrid-XGBoost-single-v1,1
S055,2028-09-03,0.07792514563,55,LOW,7,SupplyGrid-XGBoost-single-v1,0
S068,2028-09-03,0.0766896382,56,LOW,7,SupplyGrid-XGBoost-single-v1,0
S053,2028-09-03,0.0761186108,57,LOW,7,SupplyGrid-XGBoost-single-v1,0
S037,2028-09-03,0.07594231516,58,LOW,7,SupplyGrid-XGBoost-single-v1,0
S038,2028-09-03,0.07594231516,59,LOW,7,SupplyGrid-XGBoost-single-v1,0
S051,2028-09-03,0.073938936,60,LOW,7,SupplyGrid-XGBoost-single-v1,0
S058,2028-09-03,0.07349845767,61,LOW,7,SupplyGrid-XGBoost-single-v1,0
S047,2028-09-03,0.07338809967,62,LOW,7,SupplyGrid-XGBoost-single-v1,0
S044,2028-09-03,0.07194329053,63,LOW,7,SupplyGrid-XGBoost-single-v1,0
S098,2028-09-03,0.07084325701,64,LOW,7,SupplyGrid-XGBoost-single-v1,0
S084,2028-09-03,0.0700045228,65,LOW,7,SupplyGrid-XGBoost-single-v1,0
S014,2028-09-03,0.06957180053,66,LOW,7,SupplyGrid-XGBoost-single-v1,0
S088,2028-09-03,0.06901211292,67,LOW,7,SupplyGrid-XGBoost-single-v1,0
S094,2028-09-03,0.0685916692,68,LOW,7,SupplyGrid-XGBoost-single-v1,0
S087,2028-09-03,0.06755594164,69,LOW,7,SupplyGrid-XGBoost-single-v1,0
S059,2028-09-03,0.0639667064,70,LOW,7,SupplyGrid-XGBoost-single-v1,0
S024,2028-09-03,0.06336597353,71,LOW,7,SupplyGrid-XGBoost-single-v1,0
S007,2028-09-03,0.06108986586,72,LOW,7,SupplyGrid-XGBoost-single-v1,0
S008,2028-09-03,0.06108986586,73,LOW,7,SupplyGrid-XGBoost-single-v1,0
S020,2028-09-03,0.06108986586,74,LOW,7,SupplyGrid-XGBoost-single-v1,0
S076,2028-09-03,0.06108986586,75,LOW,7,SupplyGrid-XGBoost-single-v1,0
S078,2028-09-03,0.06108986586,76,LOW,7,SupplyGrid-XGBoost-single-v1,0
S005,2028-09-03,0.06080974638,77,LOW,7,SupplyGrid-XGBoost-single-v1,0
S004,2028-09-03,0.0603492111,78,LOW,7,SupplyGrid-XGBoost-single-v1,0
S040,2028-09-03,0.06023677438,79,LOW,7,SupplyGrid-XGBoost-single-v1,0
S045,2028-09-03,0.06023677438,80,LOW,7,SupplyGrid-XGBoost-single-v1,0
S075,2028-09-03,0.06023677438,81,LOW,7,SupplyGrid-XGBoost-single-v1,0
S063,2028-09-03,0.05950580165,82,LOW,7,SupplyGrid-XGBoost-single-v1,0
S070,2028-09-03,0.05910336599,83,LOW,7,SupplyGrid-XGBoost-single-v1,0
S011,2028-09-03,0.0589443557,84,LOW,7,SupplyGrid-XGBoost-single-v1,0
S032,2028-09-03,0.0589443557,85,LOW,7,SupplyGrid-XGBoost-single-v1,0
S096,2028-09-03,0.0589443557,86,LOW,7,SupplyGrid-XGBoost-single-v1,0
S039,2028-09-03,0.05879281089,87,LOW,7,SupplyGrid-XGBoost-single-v1,0
S054,2028-09-03,0.05879281089,88,LOW,7,SupplyGrid-XGBoost-single-v1,0
S071,2028-09-03,0.05879281089,89,LOW,7,SupplyGrid-XGBoost-single-v1,1
S080,2028-09-03,0.05879281089,90,LOW,7,SupplyGrid-XGBoost-single-v1,0
S099,2028-09-03,0.05879281089,91,LOW,7,SupplyGrid-XGBoost-single-v1,0
S067,2028-09-03,0.05823766813,92,LOW,7,SupplyGrid-XGBoost-single-v1,0
S074,2028-09-03,0.05823766813,93,LOW,7,SupplyGrid-XGBoost-single-v1,0
S028,2028-09-03,0.05752947927,94,LOW,7,SupplyGrid-XGBoost-single-v1,0
S064,2028-09-03,0.05752947927,95,LOW,7,SupplyGrid-XGBoost-single-v1,0
S027,2028-09-03,0.0569855459,96,LOW,7,SupplyGrid-XGBoost-single-v1,0
S033,2028-09-03,0.0569855459,97,LOW,7,SupplyGrid-XGBoost-single-v1,0
S048,2028-09-03,0.0569855459,98,LOW,7,SupplyGrid-XGBoost-single-v1,1
