product_id,component_id,quantity_required,component_role,is_critical,substitute_component_id
P001,C261,1,Display,False,
P001,C468,1,Connector,True,
P001,C195,4,Chassis,True,
P001,C320,2,Connector,True,
P001,C392,1,PCB,False,C024
P001,C178,2,Connectivity,False,C007
P001,C027,2,Connectivity,False,C009
P001,C071,1,Camera,True,
P001,C424,1,Display,True,C013
P001,C467,2,Processor,False,
P001,C244,1,Camera,False,C037
P001,C245,4,Connectivity,True,
P001,C081,1,Display,False,C045
P001,C082,1,Battery,True,
P001,C413,1,Connectivity,True,C009
P001,C387,2,PCB,True,
P001,C180,1,Processor,False,C001
P001,C140,2,Camera,True,C006
P001,C230,1,Memory,True,C022
P001,C107,2,Connector,False,C030
P001,C132,2,Processor,False,C001
P001,C141,1,Battery,True,C012
P001,C094,2,Connectivity,False,
P001,C477,1,Battery,True,C016
P001,C427,1,Connectivity,True,C007
P001,C019,2,Sensor,True,C015
P001,C488,4,Connector,False,C029
P001,C099,2,Camera,False,C006
P001,C066,2,Camera,False,
P001,C157,4,PCB,False,C049
P001,C144,1,Battery,True,C010
P001,C417,2,Memory,True,C018
P001,C231,2,Processor,True,
P001,C202,2,Camera,True,C008
P001,C127,2,Display,True,C013
P001,C201,4,Connector,True,C004
P001,C372,1,Connectivity,True,
P001,C105,1,PCB,True,C024
P001,C046,1,Connector,True,C030
P001,C098,2,Battery,True,
P001,C017,1,Chassis,True,C038
P001,C125,1,Sensor,True,C015
P001,C279,1,Battery,False,C016
P001,C285,1,Memory,True,C020
P001,C499,2,Memory,True,
P001,C267,1,Memory,True,
P001,C251,1,Display,True,C033
P001,C405,1,Connector,False,C004
P001,C219,2,Battery,True,C012
P001,C168,2,Connector,True,C029
P002,C120,2,Camera,False,
P002,C091,1,Connector,True,C030
P002,C080,1,Connector,True,C004
P002,C334,4,Camera,False,C037
P002,C227,2,PCB,True,C076
P002,C055,1,Processor,True,C005
P002,C193,2,Battery,False,C010
P002,C129,1,Battery,True,
P002,C130,2,Display,False,C045
P002,C057,4,Chassis,False,C021
P002,C377,4,Camera,True,C037
P002,C126,1,Connector,True,
P002,C092,4,Processor,False,
P002,C238,4,Display,False,C033
P002,C499,4,Memory,True,
P002,C392,1,PCB,False,
P002,C118,1,Battery,True,
P002,C485,4,Connectivity,False,
P002,C266,1,Memory,False,C020
P002,C187,1,Sensor,True,
P002,C100,1,Connectivity,True,
P002,C497,1,PCB,False,C024
P002,C472,4,Memory,False,
P002,C261,2,Display,False,C045
P002,C189,1,PCB,True,C024
P002,C437,4,Display,True,C033
P002,C290,2,PCB,False,C024
P002,C035,1,Connector,False,C029
P002,C107,1,Connector,False,C004
P002,C245,1,Connectivity,True,C009
P002,C273,2,Battery,True,
P002,C128,1,Memory,True,C022
P002,C452,2,Sensor,False,C003
P002,C460,2,Processor,True,C001
P002,C023,1,Processor,False,C005
P002,C222,4,Memory,False,C018
P002,C314,2,Battery,True,C010
P002,C018,1,Memory,False,C022
P002,C050,1,Processor,False,C001
P002,C407,4,Sensor,True,
P002,C216,2,Processor,False,
P002,C235,4,Battery,True,C016
P002,C391,1,Processor,True,
P002,C155,2,Camera,False,C006
P002,C337,1,Camera,True,C008
P002,C084,1,Display,False,C045
P002,C369,2,Memory,False,C022
P002,C089,2,Display,False,C045
P002,C459,4,Processor,True,C005
P002,C074,1,Memory,True,
P003,C364,1,Processor,True,
P003,C217,1,Camera,False,C037
P003,C475,1,Chassis,False,C011
P003,C399,1,Battery,True,
P003,C150,2,Display,False,
P003,C245,4,Connectivity,True,C009
P003,C154,1,Camera,True,C006
P003,C328,1,Processor,True,C005
P003,C495,1,Connectivity,True,C009
P003,C404,2,Connector,False,C029
P003,C405,4,Connector,False,C004
P003,C451,2,Connectivity,True,C002
P003,C307,1,Battery,False,C016
P003,C092,2,Processor,False,C001
P003,C400,1,Camera,True,C008
P003,C014,2,Sensor,False,C003
P003,C453,1,Chassis,True,C021
P003,C010,1,Battery,True,
P003,C243,2,Camera,True,
P003,C311,2,Connectivity,False,
P003,C215,1,PCB,False,
P003,C007,1,Connectivity,True,
P003,C461,1,Battery,True,C016
P003,C370,2,Memory,True,C020
P003,C038,2,Chassis,True,
P003,C398,1,Battery,False,C016
P003,C060,1,Chassis,True,
P003,C074,1,Memory,True,C020
P003,C160,1,Sensor,True,C003
P003,C079,1,Connectivity,False,C007
P003,C473,1,Display,False,C033
P003,C280,4,Connectivity,False,C002
P003,C230,2,Memory,True,C020
P003,C295,2,Display,True,C033
P003,C059,2,Chassis,False,
P003,C182,1,Connectivity,True,C002
P003,C434,1,Sensor,True,C015
P003,C281,1,Connector,True,
P003,C091,1,Connector,True,
P003,C212,1,Display,False,
P003,C210,4,Connector,False,C004
P003,C341,1,Chassis,False,
P003,C024,2,PCB,True,
P003,C287,2,Display,True,C013
P003,C387,1,PCB,True,C049
P003,C128,1,Memory,True,C018
P003,C368,1,Processor,False,
P003,C458,2,Sensor,False,C003
P003,C288,4,Chassis,True,C021
P003,C064,1,Chassis,False,C021
P004,C130,1,Display,False,
P004,C226,4,Camera,False,C008
P004,C395,1,PCB,False,C049
P004,C483,1,Memory,True,C020
P004,C366,2,Connector,True,C029
P004,C272,4,Chassis,True,
P004,C359,1,Processor,True,
P004,C471,1,Memory,True,
P004,C135,1,Chassis,True,C017
P004,C354,1,Connector,True,C030
P004,C162,2,Chassis,True,C011
P004,C038,2,Chassis,True,
P004,C493,1,Processor,True,C023
P004,C164,4,Memory,False,C022
P004,C490,4,Connectivity,False,C007
P004,C234,2,Processor,False,C023
P004,C313,2,Camera,True,
P004,C333,4,Processor,True,
P004,C308,2,Battery,True,C016
P004,C068,1,Processor,True,C023
P004,C397,1,Memory,False,C020
P004,C017,1,Chassis,True,C021
P004,C300,2,Display,False,
P004,C348,2,Chassis,False,
P004,C229,1,PCB,True,C076
P004,C240,2,Display,False,C013
P004,C304,1,PCB,True,C024
P004,C267,1,Memory,True,C020
P004,C455,1,Chassis,True,C021
P004,C179,1,Connectivity,False,C007
P004,C253,2,Memory,True,C020
P004,C346,2,Memory,False,
P004,C220,1,Chassis,True,C011
P004,C080,2,Connector,True,
P004,C107,2,Connector,False,
P004,C426,1,Memory,True,C022
P004,C122,1,Memory,True,C020
P004,C404,1,Connector,False,C029
P004,C054,4,Sensor,False,C015
P004,C484,2,Connectivity,False,C007
P004,C095,4,Processor,True,
P004,C065,2,Display,False,C045
P004,C206,1,Sensor,False,C015
P004,C145,2,Camera,True,
P004,C476,2,Battery,True,C016
P004,C307,2,Battery,False,
P004,C364,2,Processor,True,C005
P004,C186,2,Processor,False,
P004,C316,2,Processor,False,C023
P004,C408,2,Connector,False,
P005,C068,1,Processor,True,C023
P005,C285,1,Memory,True,
P005,C036,2,Connectivity,True,C007
P005,C283,1,Connectivity,True,
P005,C220,2,Chassis,True,
P005,C195,1,Chassis,True,C021
P005,C312,1,Connector,False,
P005,C290,1,PCB,False,C076
P005,C383,2,Camera,False,
P005,C378,1,Processor,False,C005
P005,C288,4,Chassis,True,
P005,C117,1,Sensor,False,C015
P005,C009,2,Connectivity,True,C027
P005,C472,1,Memory,False,C018
P005,C497,2,PCB,False,C024
P005,C181,1,Processor,True,C023
P005,C376,2,Display,True,C033
P005,C419,1,Sensor,False,
P005,C169,1,PCB,True,
P005,C343,2,Display,False,C045
P005,C374,4,Connectivity,False,C009
P005,C171,1,PCB,False,
P005,C114,2,Sensor,True,
P005,C239,1,PCB,False,
P005,C124,1,Battery,True,C010
P005,C046,1,Connector,True,C030
P005,C368,1,Processor,False,C023
P005,C095,2,Processor,True,
P005,C249,4,Battery,False,
P005,C115,4,Connector,False,C030
P005,C263,2,Memory,True,C018
P005,C102,2,Connectivity,True,C009
P005,C315,1,Processor,False,
P005,C422,1,Connector,True,C030
P005,C372,1,Connectivity,True,
P005,C250,1,Camera,True,
P005,C342,1,Display,False,C013
P005,C177,2,Processor,True,
P005,C437,1,Display,True,
P005,C257,1,Processor,False,
P005,C240,1,Display,False,C033
P005,C371,2,Camera,False,
P005,C174,2,Camera,True,C008
P005,C204,1,Battery,True,C012
P005,C198,2,Connector,False,
P005,C199,1,Connector,False,
P005,C369,1,Memory,False,C018
P005,C313,2,Camera,True,
P005,C040,2,Connector,True,C004
P005,C500,1,Display,True,
P006,C123,1,Sensor,False,C003
P006,C088,1,Battery,True,C010
P006,C351,2,Camera,False,C037
P006,C252,4,Connectivity,True,C007
P006,C426,1,Memory,True,C022
P006,C172,2,PCB,False,C049
P006,C496,2,Display,True,C013
P006,C366,4,Connector,True,
P006,C011,4,Chassis,True,C017
P006,C500,1,Display,True,C033
P006,C485,1,Connectivity,False,C002
P006,C274,2,Battery,True,
P006,C012,4,Battery,True,C026
P006,C079,4,Connectivity,False,
P006,C109,1,Chassis,False,
P006,C311,1,Connectivity,False,C009
P006,C379,1,Processor,True,C023
P006,C456,1,Camera,False,C037
P006,C406,2,PCB,True,C024
P006,C072,1,Processor,False,C023
P006,C278,1,Display,True,C045
P006,C152,1,Camera,False,C006
P006,C260,2,Processor,True,C001
P006,C107,1,Connector,False,C029
P006,C412,2,Memory,True,C018
P006,C349,4,Chassis,True,
P006,C233,2,Processor,True,
P006,C246,1,Connectivity,True,
P006,C174,2,Camera,True,
P006,C287,1,Display,True,C033
P006,C018,1,Memory,False,
P006,C091,1,Connector,True,C030
P006,C005,1,Processor,False,C001
P006,C071,1,Camera,True,C037
P006,C055,1,Processor,True,C001
P006,C067,1,Processor,False,C023
P006,C280,4,Connectivity,False,
P006,C399,1,Battery,True,
P006,C062,2,Battery,False,C016
P006,C008,1,Camera,False,C006
P006,C405,1,Connector,False,C030
P006,C077,1,Sensor,True,C003
P006,C212,1,Display,False,
P006,C464,4,Connector,True,
P006,C180,2,Processor,False,C023
P006,C016,2,Battery,False,
P006,C323,2,Camera,True,C037
P006,C102,2,Connectivity,True,C009
P006,C160,1,Sensor,True,C015
P006,C398,1,Battery,False,
P007,C257,2,Processor,False,
P007,C222,1,Memory,False,
P007,C020,1,Memory,True,
P007,C054,4,Sensor,False,C014
P007,C096,1,Chassis,False,C021
P007,C036,4,Connectivity,True,C002
P007,C478,1,Connectivity,False,
P007,C255,2,Memory,True,C022
P007,C241,1,Memory,False,
P007,C128,1,Memory,True,
P007,C271,2,Camera,True,C006
P007,C485,4,Connectivity,False,C002
P007,C066,1,Camera,False,
P007,C047,1,Connector,True,C029
P007,C189,1,PCB,True,
P007,C380,1,Memory,False,
P007,C147,4,Display,False,C045
P007,C105,2,PCB,True,C024
P007,C412,1,Memory,True,
P007,C310,1,Connector,True,C030
P007,C455,2,Chassis,True,
P007,C436,2,Battery,False,
P007,C071,1,Camera,True,C006
P007,C214,2,PCB,False,C049
P007,C265,1,Connector,True,
P007,C361,4,Connectivity,True,
P007,C267,2,Memory,True,C022
P007,C344,4,Camera,True,
P007,C448,4,Battery,False,
P007,C142,4,Camera,False,C037
P007,C033,2,Display,True,
P007,C139,1,Connectivity,True,C002
P007,C474,4,Connectivity,True,C009
P007,C243,2,Camera,True,C037
P007,C260,2,Processor,True,
P007,C445,1,Memory,False,C020
P007,C114,4,Sensor,True,C003
P007,C296,4,Connector,True,
P007,C463,1,Connectivity,True,C007
P007,C140,2,Camera,True,
P007,C038,1,Chassis,True,C011
P007,C166,4,Camera,True,C008
P007,C232,2,Sensor,True,C014
P007,C231,1,Processor,True,C001
P007,C334,1,Camera,False,C037
P007,C407,1,Sensor,True,C015
P007,C021,1,Chassis,False,C038
P007,C252,2,Connectivity,True,C002
P007,C388,2,Battery,False,C010
P007,C078,4,Connector,True,C030
P008,C121,1,Sensor,False,C014
P008,C338,1,Chassis,False,
P008,C044,1,Camera,False,C006
P008,C013,1,Display,True,C058
P008,C362,1,Connector,True,
P008,C275,1,Battery,True,C016
P008,C477,4,Battery,True,C010
P008,C334,2,Camera,False,C037
P008,C101,2,Display,False,C033
P008,C178,1,Connectivity,False,C007
P008,C226,2,Camera,False,C006
P008,C304,2,PCB,True,C049
P008,C329,2,Memory,False,C018
P008,C105,4,PCB,True,
P008,C094,1,Connectivity,False,C007
P008,C029,2,Connector,True,
P008,C323,2,Camera,True,
P008,C249,1,Battery,False,C010
P008,C002,2,Connectivity,False,C027
P008,C490,1,Connectivity,False,
P008,C436,1,Battery,False,
P008,C199,1,Connector,False,C029
P008,C083,1,Processor,True,C023
P008,C025,4,Sensor,False,
P008,C430,1,PCB,True,C024
P008,C289,4,Display,False,
P008,C374,4,Connectivity,False,
P008,C280,4,Connectivity,False,C009
P008,C174,4,Camera,True,C006
P008,C053,2,Battery,True,C016
P008,C493,1,Processor,True,C001
P008,C189,4,PCB,True,C076
P008,C491,1,Chassis,True,
P008,C302,2,PCB,False,C049
P008,C024,1,PCB,True,C105
P008,C343,1,Display,False,
P008,C426,1,Memory,True,C018
P008,C399,2,Battery,True,
P008,C417,2,Memory,True,C020
P008,C233,1,Processor,True,
P008,C262,1,PCB,True,C076
P008,C218,1,Connectivity,False,
P008,C375,2,Processor,True,
P008,C397,1,Memory,False,
P008,C279,1,Battery,False,
P008,C447,2,Processor,False,C023
P008,C183,1,Memory,True,
P008,C011,1,Chassis,True,C017
P008,C319,4,Connectivity,True,
P008,C123,4,Sensor,False,
P009,C142,4,Camera,False,C008
P009,C112,1,Connectivity,False,
P009,C089,1,Display,False,C013
P009,C037,1,Camera,False,
P009,C033,4,Display,True,C013
P009,C180,1,Processor,False,
P009,C096,1,Chassis,False,C011
P009,C300,2,Display,False,
P009,C007,2,Connectivity,True,
P009,C216,1,Processor,False,
P009,C147,1,Display,False,
P009,C163,1,Sensor,True,C015
P009,C114,1,Sensor,True,C019
P009,C372,2,Connectivity,True,
P009,C199,4,Connector,False,C030
P009,C225,4,Connectivity,False,
P009,C269,2,Memory,False,C020
P009,C489,1,Processor,False,C023
P009,C228,2,Battery,False,C016
P009,C021,1,Chassis,False,C017
P009,C434,1,Sensor,True,C015
P009,C408,1,Connector,False,C004
P009,C067,1,Processor,False,C005
P009,C371,2,Camera,False,C037
P009,C278,2,Display,True,
P009,C420,2,Chassis,False,C021
P009,C223,1,Connectivity,False,C007
P009,C130,1,Display,False,C013
P009,C362,1,Connector,True,
P009,C153,4,Chassis,True,C017
P009,C214,4,PCB,False,C076
P009,C271,4,Camera,True,
P009,C106,1,Connectivity,True,C002
P009,C375,4,Processor,True,C001
P009,C110,2,Connector,True,C029
P009,C249,4,Battery,False,
P009,C022,1,Memory,True,C020
P009,C294,1,PCB,True,C049
P009,C108,1,Display,False,C045
P009,C472,1,Memory,False,C018
P009,C409,1,Connectivity,False,
P009,C157,1,PCB,False,C024
P009,C399,2,Battery,True,C012
P009,C476,4,Battery,True,C012
P009,C056,2,Sensor,True,C015
P009,C500,4,Display,True,C033
P009,C084,2,Display,False,C045
P009,C050,2,Processor,False,
P009,C446,2,Camera,True,
P009,C349,1,Chassis,True,C011
P010,C419,1,Sensor,False,C003
P010,C295,1,Display,True,C033
P010,C313,1,Camera,True,C008
P010,C176,1,Connector,False,
P010,C090,1,Chassis,False,C017
P010,C091,1,Connector,True,
P010,C358,1,Memory,False,C020
P010,C293,1,Processor,False,C001
P010,C238,1,Display,False,C013
P010,C185,2,PCB,False,C076
P010,C232,1,Sensor,True,C015
P010,C424,2,Display,True,C033
P010,C038,1,Chassis,True,
P010,C212,1,Display,False,
P010,C216,2,Processor,False,C001
P010,C451,2,Connectivity,True,C009
P010,C247,1,Battery,False,
P010,C390,4,Battery,False,C010
P010,C189,1,PCB,True,C049
P010,C093,1,Display,False,
P010,C318,2,Sensor,True,C003
P010,C113,1,Connector,True,C029
P010,C217,1,Camera,False,
P010,C487,2,Processor,True,
P010,C410,2,Battery,True,C012
P010,C204,2,Battery,True,
P010,C094,1,Connectivity,False,
P010,C234,1,Processor,False,
P010,C206,1,Sensor,False,C015
P010,C087,2,Memory,False,C020
P010,C396,2,Sensor,False,
P010,C425,1,Connector,True,C030
P010,C460,4,Processor,True,C023
P010,C315,4,Processor,False,C023
P010,C328,4,Processor,True,
P010,C229,4,PCB,True,C049
P010,C335,4,Connector,False,C029
P010,C123,1,Sensor,False,C014
P010,C469,1,Memory,False,C020
P010,C275,1,Battery,True,C012
P010,C352,1,Processor,False,C005
P010,C349,4,Chassis,True,C021
P010,C465,1,Display,False,C033
P010,C230,1,Memory,True,C022
P010,C409,1,Connectivity,False,C007
P010,C101,1,Display,False,C045
P010,C257,1,Processor,False,C001
P010,C241,1,Memory,False,
P010,C428,1,Chassis,False,
P010,C375,4,Processor,True,C001
P011,C012,1,Battery,True,C016
P011,C134,1,Battery,True,
P011,C339,1,Memory,True,
P011,C126,1,Connector,True,C004
P011,C469,4,Memory,False,C022
P011,C464,1,Connector,True,
P011,C253,1,Memory,True,C018
P011,C014,1,Sensor,False,C019
P011,C245,1,Connectivity,True,C007
P011,C201,4,Connector,True,
P011,C097,1,Sensor,True,C015
P011,C204,2,Battery,True,
P011,C318,1,Sensor,True,C015
P011,C322,2,Sensor,False,C014
P011,C418,2,PCB,True,C049
P011,C307,2,Battery,False,C012
P011,C252,2,Connectivity,True,C007
P011,C419,1,Sensor,False,C015
P011,C175,4,Camera,True,C008
P011,C395,1,PCB,False,C024
P011,C108,4,Display,False,
P011,C084,1,Display,False,C033
P011,C321,1,PCB,False,C024
P011,C411,1,Memory,False,
P011,C478,1,Connectivity,False,C002
P011,C429,4,PCB,True,
P011,C070,2,Memory,True,C020
P011,C349,2,Chassis,True,
P011,C435,1,Processor,False,
P011,C384,2,Display,False,C013
P011,C144,1,Battery,True,
P011,C380,2,Memory,False,C018
P011,C463,1,Connectivity,True,C002
P011,C379,2,Processor,True,C005
P011,C161,1,Camera,True,C008
P011,C155,2,Camera,False,
P011,C246,1,Connectivity,True,C002
P011,C018,2,Memory,False,
P011,C186,2,Processor,False,
P011,C235,2,Battery,True,C016
P011,C207,1,Processor,True,C001
P011,C317,2,Battery,True,C010
P011,C048,1,Memory,False,
P011,C382,1,Camera,True,C006
P011,C391,4,Processor,True,C001
P011,C271,1,Camera,True,
P011,C364,2,Processor,True,
P011,C104,4,Chassis,False,C021
P011,C475,1,Chassis,False,
P011,C165,2,Camera,True,C008
P012,C357,1,Connectivity,False,
P012,C349,1,Chassis,True,C017
P012,C237,2,PCB,False,
P012,C191,1,Connectivity,True,C009
P012,C403,1,Display,False,
P012,C239,2,PCB,False,C076
P012,C274,1,Battery,True,
P012,C325,1,Connector,True,C029
P012,C484,1,Connectivity,False,C007
P012,C336,1,Chassis,True,C011
P012,C070,4,Memory,True,C022
P012,C223,4,Connectivity,False,C002
P012,C315,1,Processor,False,C001
P012,C097,2,Sensor,True,C015
P012,C016,1,Battery,False,
P012,C232,4,Sensor,True,C014
P012,C164,1,Memory,False,C022
P012,C205,4,Battery,False,C012
P012,C343,2,Display,False,
P012,C353,1,Chassis,True,C011
P012,C474,2,Connectivity,True,
P012,C013,1,Display,True,
P012,C034,2,Connectivity,False,
P012,C053,1,Battery,True,
P012,C067,1,Processor,False,C001
P012,C057,4,Chassis,False,
P012,C047,1,Connector,True,
P012,C284,1,Connector,False,
P012,C214,1,PCB,False,C076
P012,C277,1,Display,True,
P012,C471,2,Memory,True,C022
P012,C454,4,Connectivity,False,C002
P012,C305,2,Chassis,True,C021
P012,C290,2,PCB,False,
P012,C329,1,Memory,False,C020
P012,C457,1,Camera,True,C008
P012,C394,2,Battery,False,C016
P012,C176,2,Connector,False,
P012,C218,1,Connectivity,False,
P012,C463,2,Connectivity,True,
P012,C090,1,Chassis,False,
P012,C402,1,Processor,True,C001
P012,C404,2,Connector,False,C030
P012,C335,1,Connector,False,
P012,C077,1,Sensor,True,
P012,C441,1,Camera,True,
P012,C106,2,Connectivity,True,C007
P012,C203,4,PCB,False,C076
P012,C126,2,Connector,True,C029
P012,C495,2,Connectivity,True,C002
P013,C350,4,Memory,True,C022
P013,C499,4,Memory,True,C020
P013,C492,4,Chassis,True,
P013,C164,4,Memory,False,C020
P013,C109,4,Chassis,False,C021
P013,C132,2,Processor,False,
P013,C149,1,Processor,True,
P013,C179,1,Connectivity,False,C009
P013,C221,1,Processor,False,C023
P013,C459,1,Processor,True,C005
P013,C180,4,Processor,False,
P013,C254,4,Processor,True,C001
P013,C302,4,PCB,False,
P013,C100,4,Connectivity,True,
P013,C219,1,Battery,True,C016
P013,C142,1,Camera,False,C006
P013,C395,4,PCB,False,C024
P013,C328,1,Processor,True,C023
P013,C260,1,Processor,True,C023
P013,C371,1,Camera,False,
P013,C288,1,Chassis,True,
P013,C463,2,Connectivity,True,
P013,C266,1,Memory,False,
P013,C376,4,Display,True,C033
P013,C087,2,Memory,False,C018
P013,C280,2,Connectivity,False,C009
P013,C155,2,Camera,False,
P013,C283,1,Connectivity,True,
P013,C165,2,Camera,True,C008
P013,C453,1,Chassis,True,C017
P013,C062,1,Battery,False,C010
P013,C488,1,Connector,False,
P013,C238,1,Display,False,
P013,C365,1,Memory,True,
P013,C270,4,Sensor,True,C014
P013,C360,1,Connector,True,
P013,C278,1,Display,True,C033
P013,C444,1,Display,True,
P013,C029,1,Connector,True,
P013,C145,1,Camera,True,
P013,C034,4,Connectivity,False,C002
P013,C230,1,Memory,True,C020
P013,C102,1,Connectivity,True,C027
P013,C026,1,Battery,False,C012
P013,C452,2,Sensor,False,
P013,C486,1,Camera,True,
P013,C127,1,Display,True,C033
P013,C072,1,Processor,False,
P013,C462,1,Battery,False,C010
P013,C356,1,Memory,True,
P014,C468,1,Connector,True,C004
P014,C050,1,Processor,False,
P014,C260,4,Processor,True,C005
P014,C335,4,Connector,False,C029
P014,C319,2,Connectivity,True,C002
P014,C372,2,Connectivity,True,C002
P014,C496,1,Display,True,C033
P014,C174,2,Camera,True,
P014,C340,1,Sensor,True,C003
P014,C094,4,Connectivity,False,C007
P014,C133,2,Chassis,False,C021
P014,C043,2,Battery,False,C010
P014,C219,4,Battery,True,C012
P014,C229,2,PCB,True,
P014,C331,2,Chassis,False,C017
P014,C239,2,PCB,False,C076
P014,C300,2,Display,False,C045
P014,C041,1,Connectivity,False,
P014,C077,1,Sensor,True,C003
P014,C390,1,Battery,False,C012
P014,C478,1,Connectivity,False,C009
P014,C422,4,Connector,True,C030
P014,C140,1,Camera,True,C008
P014,C159,1,PCB,False,C076
P014,C232,2,Sensor,True,
P014,C333,2,Processor,True,C001
P014,C082,1,Battery,True,C010
P014,C240,1,Display,False,C033
P014,C410,4,Battery,True,
P014,C394,1,Battery,False,C012
P014,C356,4,Memory,True,
P014,C084,1,Display,False,C033
P014,C248,2,Connector,True,
P014,C290,2,PCB,False,C049
P014,C467,1,Processor,False,C023
P014,C234,1,Processor,False,C005
P014,C013,2,Display,True,
P014,C147,2,Display,False,
P014,C048,1,Memory,False,C022
P014,C458,2,Sensor,False,C003
P014,C086,4,Memory,False,
P014,C100,1,Connectivity,True,C009
P014,C153,1,Chassis,True,C017
P014,C334,1,Camera,False,
P014,C264,1,Memory,True,C022
P014,C266,4,Memory,False,
P014,C289,4,Display,False,C033
P014,C376,4,Display,True,C045
P014,C493,2,Processor,True,C001
P014,C101,4,Display,False,
P015,C157,1,PCB,False,
P015,C431,2,Sensor,True,C003
P015,C185,1,PCB,False,C049
P015,C265,1,Connector,True,
P015,C408,1,Connector,False,
P015,C196,1,Sensor,False,
P015,C470,2,Sensor,False,C003
P015,C469,2,Memory,False,C018
P015,C399,1,Battery,True,
P015,C476,4,Battery,True,C010
P015,C285,2,Memory,True,C018
P015,C459,1,Processor,True,C023
P015,C121,4,Sensor,False,C003
P015,C053,2,Battery,True,C010
P015,C386,4,Connector,True,C029
P015,C127,4,Display,True,C033
P015,C306,2,Battery,False,C016
P015,C064,2,Chassis,False,
P015,C296,1,Connector,True,C029
P015,C150,2,Display,False,
P015,C113,4,Connector,True,C029
P015,C164,1,Memory,False,C022
P015,C239,2,PCB,False,C049
P015,C037,2,Camera,False,C044
P015,C195,1,Chassis,True,
P015,C427,1,Connectivity,True,
P015,C054,1,Sensor,False,C003
P015,C290,1,PCB,False,C076
P015,C397,2,Memory,False,
P015,C140,2,Camera,True,C037
P015,C288,2,Chassis,True,C017
P015,C424,2,Display,True,C045
P015,C020,1,Memory,True,C028
P015,C276,4,Connectivity,True,C007
P015,C006,1,Camera,False,
P015,C096,1,Chassis,False,C017
P015,C441,1,Camera,True,
P015,C247,2,Battery,False,C010
P015,C319,2,Connectivity,True,C002
P015,C351,1,Camera,False,C008
P015,C322,1,Sensor,False,C015
P015,C443,2,Connectivity,True,
P015,C126,4,Connector,True,
P015,C133,1,Chassis,False,C017
P015,C280,1,Connectivity,False,C002
P015,C393,2,Connector,False,C004
P015,C206,2,Sensor,False,
P015,C015,2,Sensor,True,
P015,C488,1,Connector,False,C030
P015,C171,1,PCB,False,C049
P016,C499,1,Memory,True,C018
P016,C046,4,Connector,True,
P016,C378,2,Processor,False,C005
P016,C425,4,Connector,True,C004
P016,C445,2,Memory,False,C020
P016,C465,1,Display,False,
P016,C295,2,Display,True,
P016,C010,1,Battery,True,
P016,C067,4,Processor,False,C005
P016,C493,2,Processor,True,C001
P016,C323,1,Camera,True,
P016,C381,2,Sensor,False,
P016,C203,2,PCB,False,C076
P016,C248,4,Connector,True,C030
P016,C234,1,Processor,False,C005
P016,C403,2,Display,False,C045
P016,C321,1,PCB,False,
P016,C419,1,Sensor,False,C003
P016,C313,2,Camera,True,
P016,C157,1,PCB,False,
P016,C386,4,Connector,True,
P016,C407,1,Sensor,True,C015
P016,C176,2,Connector,False,
P016,C206,2,Sensor,False,C015
P016,C286,2,Connector,True,C030
P016,C473,2,Display,False,C033
P016,C439,1,Memory,True,C022
P016,C192,1,PCB,False,C024
P016,C079,4,Connectivity,False,
P016,C054,1,Sensor,False,C014
P016,C341,1,Chassis,False,C017
P016,C326,2,Processor,False,C001
P016,C372,2,Connectivity,True,
P016,C334,1,Camera,False,C037
P016,C060,1,Chassis,True,C021
P016,C301,1,PCB,True,C049
P016,C022,4,Memory,True,C028
P016,C026,2,Battery,False,C012
P016,C205,1,Battery,False,C010
P016,C072,1,Processor,False,
P016,C404,2,Connector,False,
P016,C452,1,Sensor,False,
P016,C267,1,Memory,True,C018
P016,C344,2,Camera,True,C006
P016,C379,4,Processor,True,C001
P016,C018,2,Memory,False,C022
P016,C421,2,Processor,False,
P016,C422,1,Connector,True,C029
P016,C474,1,Connectivity,True,C009
P016,C111,2,PCB,True,C076
P017,C453,4,Chassis,True,
P017,C032,2,Sensor,True,
P017,C455,2,Chassis,True,C011
P017,C258,1,Processor,False,C005
P017,C180,1,Processor,False,
P017,C236,1,Sensor,True,C015
P017,C081,2,Display,False,C013
P017,C199,2,Connector,False,C030
P017,C155,2,Camera,False,C008
P017,C215,1,PCB,False,
P017,C112,2,Connectivity,False,C002
P017,C346,2,Memory,False,
P017,C363,2,PCB,True,C049
P017,C334,2,Camera,False,
P017,C016,2,Battery,False,C026
P017,C354,4,Connector,True,C004
P017,C192,1,PCB,False,
P017,C461,1,Battery,True,C016
P017,C294,1,PCB,True,C076
P017,C323,2,Camera,True,C008
P017,C111,1,PCB,True,
P017,C367,1,Connector,False,
P017,C034,4,Connectivity,False,C002
P017,C031,2,Battery,True,C012
P017,C408,2,Connector,False,
P017,C004,2,Connector,False,
P017,C444,2,Display,True,
P017,C186,2,Processor,False,C005
P017,C359,4,Processor,True,
P017,C342,2,Display,False,
P017,C265,2,Connector,True,
P017,C474,1,Connectivity,True,
P017,C036,1,Connectivity,True,C009
P017,C071,1,Camera,True,C037
P017,C422,2,Connector,True,
P017,C197,2,Processor,False,C001
P017,C401,1,Chassis,True,C011
P017,C411,1,Memory,False,C018
P017,C139,1,Connectivity,True,
P017,C095,4,Processor,True,C001
P017,C087,2,Memory,False,
P017,C263,4,Memory,True,C018
P017,C303,1,Connector,False,C030
P017,C314,1,Battery,True,C010
P017,C132,1,Processor,False,
P017,C365,2,Memory,True,
P017,C381,1,Sensor,False,C014
P017,C240,2,Display,False,C013
P017,C089,1,Display,False,
P017,C356,2,Memory,True,
P018,C079,1,Connectivity,False,C007
P018,C442,2,Camera,False,C006
P018,C215,2,PCB,False,C049
P018,C032,1,Sensor,True,C014
P018,C255,4,Memory,True,C020
P018,C099,2,Camera,False,
P018,C467,2,Processor,False,C005
P018,C107,1,Connector,False,
P018,C259,1,Memory,True,C018
P018,C286,2,Connector,True,C004
P018,C358,1,Memory,False,C018
P018,C342,2,Display,False,C045
P018,C077,1,Sensor,True,C003
P018,C251,1,Display,True,
P018,C232,1,Sensor,True,C014
P018,C020,1,Memory,True,C028
P018,C153,2,Chassis,True,C011
P018,C480,4,Camera,True,
P018,C080,2,Connector,True,C029
P018,C451,1,Connectivity,True,
P018,C034,2,Connectivity,False,C009
P018,C119,1,Chassis,False,C017
P018,C086,2,Memory,False,
P018,C003,1,Sensor,True,C019
P018,C085,2,Camera,True,C037
P018,C355,2,Chassis,True,C017
P018,C027,1,Connectivity,False,
P018,C245,1,Connectivity,True,C002
P018,C323,4,Camera,True,C006
P018,C339,1,Memory,True,C018
P018,C045,2,Display,True,
P018,C149,2,Processor,True,C005
P018,C033,1,Display,True,
P018,C178,1,Connectivity,False,C002
P018,C074,1,Memory,True,C018
P018,C225,4,Connectivity,False,C007
P018,C182,2,Connectivity,True,
P018,C040,1,Connector,True,
P018,C055,1,Processor,True,C001
P018,C069,1,Chassis,True,
P018,C024,2,PCB,True,
P018,C144,2,Battery,True,C010
P018,C104,1,Chassis,False,
P018,C118,1,Battery,True,C016
P018,C288,1,Chassis,True,
P018,C047,1,Connector,True,C004
P018,C063,4,Battery,False,C012
P018,C459,2,Processor,True,C001
P018,C135,1,Chassis,True,
P018,C357,1,Connectivity,False,
P019,C321,2,PCB,False,
P019,C463,2,Connectivity,True,C009
P019,C211,2,Battery,True,
P019,C455,2,Chassis,True,C011
P019,C114,2,Sensor,True,
P019,C064,4,Chassis,False,C011
P019,C043,2,Battery,False,
P019,C329,1,Memory,False,C022
P019,C197,1,Processor,False,C023
P019,C095,1,Processor,True,
P019,C485,2,Connectivity,False,
P019,C373,1,Chassis,False,C011
P019,C461,2,Battery,True,C012
P019,C189,2,PCB,True,C076
P019,C388,1,Battery,False,C012
P019,C225,4,Connectivity,False,
P019,C402,2,Processor,True,C005
P019,C335,1,Connector,False,
P019,C003,1,Sensor,True,C015
P019,C443,1,Connectivity,True,
P019,C188,2,Processor,True,C023
P019,C279,1,Battery,False,C012
P019,C414,2,Camera,False,
P019,C180,1,Processor,False,C005
P019,C088,1,Battery,True,
P019,C261,1,Display,False,C033
P019,C140,1,Camera,True,
P019,C202,1,Camera,True,
P019,C374,1,Connectivity,False,C009
P019,C027,2,Connectivity,False,
P019,C009,2,Connectivity,True,C002
P019,C425,1,Connector,True,C030
P019,C065,4,Display,False,
P019,C041,4,Connectivity,False,C009
P019,C339,4,Memory,True,C020
P019,C045,4,Display,True,C033
P019,C069,1,Chassis,True,C011
P019,C416,1,Connectivity,True,C009
P019,C488,2,Connector,False,
P019,C311,2,Connectivity,False,C007
P019,C369,4,Memory,False,
P019,C073,4,Display,False,C013
P019,C151,1,Memory,False,
P019,C227,2,PCB,True,
P019,C200,4,Processor,True,C005
P019,C264,1,Memory,True,C018
P019,C396,2,Sensor,False,
P019,C125,1,Sensor,True,C003
P019,C276,2,Connectivity,True,
P019,C104,1,Chassis,False,C017
P020,C208,1,PCB,False,C076
P020,C026,2,Battery,False,C012
P020,C047,4,Connector,True,
P020,C302,1,PCB,False,C024
P020,C166,2,Camera,True,C037
P020,C283,4,Connectivity,True,
P020,C409,4,Connectivity,False,C007
P020,C358,1,Memory,False,
P020,C356,2,Memory,True,
P020,C326,2,Processor,False,
P020,C149,1,Processor,True,C001
P020,C096,2,Chassis,False,
P020,C052,1,Memory,False,C018
P020,C376,1,Display,True,C033
P020,C282,1,Connectivity,False,C007
P020,C377,1,Camera,True,C037
P020,C480,1,Camera,True,C008
P020,C254,4,Processor,True,
P020,C092,1,Processor,False,
P020,C447,2,Processor,False,C023
P020,C110,1,Connector,True,C030
P020,C223,1,Connectivity,False,C002
P020,C310,2,Connector,True,
P020,C334,1,Camera,False,C037
P020,C495,2,Connectivity,True,
P020,C472,1,Memory,False,
P020,C260,1,Processor,True,C001
P020,C261,2,Display,False,
P020,C397,2,Memory,False,C022
P020,C122,2,Memory,True,
P020,C313,2,Camera,True,
P020,C426,2,Memory,True,C018
P020,C347,2,Battery,True,C012
P020,C033,1,Display,True,C045
P020,C007,1,Connectivity,True,C027
P020,C068,1,Processor,True,C001
P020,C455,4,Chassis,True,C017
P020,C318,2,Sensor,True,C003
P020,C272,2,Chassis,True,
P020,C496,1,Display,True,
P020,C312,1,Connector,False,C029
P020,C238,2,Display,False,C013
P020,C031,4,Battery,True,
P020,C431,1,Sensor,True,C003
P020,C188,1,Processor,True,
P020,C051,1,Connectivity,False,C002
P020,C235,1,Battery,True,C010
P020,C151,4,Memory,False,
P020,C380,4,Memory,False,
P020,C187,4,Sensor,True,C015
P021,C179,2,Connectivity,False,
P021,C101,1,Display,False,C045
P021,C001,1,Processor,True,
P021,C443,1,Connectivity,True,C002
P021,C364,1,Processor,True,C001
P021,C479,2,Connectivity,True,C002
P021,C224,2,PCB,False,C076
P021,C299,1,Processor,True,
P021,C009,4,Connectivity,True,
P021,C330,4,Display,False,
P021,C395,1,PCB,False,C024
P021,C081,2,Display,False,C045
P021,C241,1,Memory,False,
P021,C091,1,Connector,True,
P021,C188,2,Processor,True,
P021,C270,1,Sensor,True,
P021,C410,2,Battery,True,
P021,C445,4,Memory,False,C022
P021,C092,2,Processor,False,C001
P021,C369,4,Memory,False,C020
P021,C020,4,Memory,True,C018
P021,C140,4,Camera,True,C006
P021,C138,1,Display,False,C045
P021,C402,2,Processor,True,C023
P021,C013,2,Display,True,
P021,C326,1,Processor,False,
P021,C412,1,Memory,True,
P021,C242,4,Chassis,False,
P021,C435,2,Processor,False,C001
P021,C233,2,Processor,True,C001
P021,C007,4,Connectivity,True,C027
P021,C068,2,Processor,True,C023
P021,C415,4,Display,True,
P021,C229,4,PCB,True,C024
P021,C008,1,Camera,False,
P021,C044,1,Camera,False,
P021,C263,4,Memory,True,C022
P021,C175,1,Camera,True,C008
P021,C333,1,Processor,True,
P021,C002,2,Connectivity,False,
P021,C381,1,Sensor,False,C015
P021,C225,2,Connectivity,False,C002
P021,C490,2,Connectivity,False,C007
P021,C136,4,Sensor,True,C014
P021,C431,1,Sensor,True,C015
P021,C169,4,PCB,True,C049
P021,C315,2,Processor,False,
P021,C441,4,Camera,True,
P021,C476,2,Battery,True,C016
P021,C277,1,Display,True,C033
P022,C193,1,Battery,False,
P022,C357,2,Connectivity,False,C009
P022,C256,1,Connectivity,True,C009
P022,C029,4,Connector,True,C030
P022,C307,1,Battery,False,
P022,C105,2,PCB,True,C049
P022,C273,2,Battery,True,
P022,C362,2,Connector,True,C029
P022,C146,2,Sensor,False,C014
P022,C249,2,Battery,False,C012
P022,C437,1,Display,True,C033
P022,C024,1,PCB,True,C105
P022,C049,1,PCB,True,C105
P022,C089,1,Display,False,
P022,C299,2,Processor,True,C001
P022,C443,1,Connectivity,True,C007
P022,C429,1,PCB,True,C049
P022,C410,2,Battery,True,
P022,C126,2,Connector,True,
P022,C054,1,Sensor,False,C015
P022,C232,4,Sensor,True,C014
P022,C326,1,Processor,False,
P022,C075,4,Connector,False,C004
P022,C228,2,Battery,False,
P022,C179,1,Connectivity,False,
P022,C170,1,Sensor,True,
P022,C217,4,Camera,False,C037
P022,C007,1,Connectivity,True,C002
P022,C149,2,Processor,True,
P022,C281,2,Connector,True,
P022,C455,2,Chassis,True,
P022,C288,1,Chassis,True,
P022,C274,1,Battery,True,C016
P022,C461,2,Battery,True,
P022,C002,4,Connectivity,False,
P022,C212,4,Display,False,C033
P022,C319,1,Connectivity,True,C007
P022,C050,1,Processor,False,C023
P022,C061,1,Processor,True,
P022,C001,1,Processor,True,C023
P022,C142,1,Camera,False,
P022,C264,4,Memory,True,C022
P022,C081,1,Display,False,C033
P022,C019,1,Sensor,True,C014
P022,C055,1,Processor,True,C005
P022,C201,2,Connector,True,
P022,C017,1,Chassis,True,
P022,C141,4,Battery,True,C010
P022,C018,2,Memory,False,C022
P022,C369,2,Memory,False,
P023,C171,1,PCB,False,
P023,C065,4,Display,False,C013
P023,C311,1,Connectivity,False,C002
P023,C207,4,Processor,True,C001
P023,C250,2,Camera,True,
P023,C492,2,Chassis,True,C011
P023,C064,4,Chassis,False,C017
P023,C147,1,Display,False,
P023,C360,1,Connector,True,C004
P023,C348,4,Chassis,False,
P023,C186,2,Processor,False,
P023,C298,1,Camera,True,
P023,C231,1,Processor,True,
P023,C202,2,Camera,True,C037
P023,C367,2,Connector,False,
P023,C276,2,Connectivity,True,
P023,C215,1,PCB,False,
P023,C377,4,Camera,True,C006
P023,C029,2,Connector,True,
P023,C209,4,Camera,False,
P023,C070,1,Memory,True,C020
P023,C410,1,Battery,True,
P023,C156,1,Sensor,True,C014
P023,C495,1,Connectivity,True,C009
P023,C267,2,Memory,True,C022
P023,C409,1,Connectivity,False,C027
P023,C012,1,Battery,True,C026
P023,C290,1,PCB,False,C049
P023,C366,2,Connector,True,C030
P023,C425,2,Connector,True,C030
P023,C447,2,Processor,False,C023
P023,C329,2,Memory,False,C022
P023,C455,1,Chassis,True,C021
P023,C351,1,Camera,False,
P023,C353,4,Chassis,True,
P023,C293,2,Processor,False,C001
P023,C167,1,Sensor,True,C015
P023,C160,1,Sensor,True,C003
P023,C352,1,Processor,False,
P023,C110,1,Connector,True,C004
P023,C459,4,Processor,True,
P023,C164,2,Memory,False,
P023,C102,1,Connectivity,True,C027
P023,C305,2,Chassis,True,C011
P023,C103,1,Display,False,C013
P023,C359,2,Processor,True,C001
P023,C097,2,Sensor,True,C014
P023,C135,1,Chassis,True,C021
P023,C118,4,Battery,True,
P023,C263,2,Memory,True,
P024,C418,4,PCB,True,C024
P024,C267,2,Memory,True,
P024,C119,1,Chassis,False,C021
P024,C392,4,PCB,False,
P024,C225,2,Connectivity,False,
P024,C205,2,Battery,False,
P024,C249,2,Battery,False,
P024,C326,1,Processor,False,C005
P024,C320,2,Connector,True,C004
P024,C096,2,Chassis,False,C017
P024,C243,4,Camera,True,
P024,C458,1,Sensor,False,C015
P024,C219,2,Battery,True,
P024,C486,2,Camera,True,C037
P024,C414,1,Camera,False,C037
P024,C383,2,Camera,False,C037
P024,C351,2,Camera,False,
P024,C066,1,Camera,False,
P024,C415,2,Display,True,
P024,C262,2,PCB,True,
P024,C377,4,Camera,True,C008
P024,C058,1,Display,True,
P024,C114,4,Sensor,True,C015
P024,C347,1,Battery,True,C012
P024,C461,1,Battery,True,C012
P024,C297,1,Connectivity,True,C002
P024,C245,2,Connectivity,True,
P024,C442,1,Camera,False,C037
P024,C399,2,Battery,True,C010
P024,C360,2,Connector,True,
P024,C271,4,Camera,True,
P024,C416,2,Connectivity,True,C007
P024,C401,1,Chassis,True,C011
P024,C079,1,Connectivity,False,C002
P024,C025,1,Sensor,False,
P024,C179,1,Connectivity,False,
P024,C116,1,Battery,True,
P024,C073,1,Display,False,C033
P024,C256,2,Connectivity,True,C007
P024,C378,1,Processor,False,C005
P024,C190,1,Connectivity,True,
P024,C002,2,Connectivity,False,C027
P024,C445,1,Memory,False,
P024,C040,1,Connector,True,
P024,C258,1,Processor,False,C001
P024,C199,1,Connector,False,C030
P024,C466,1,Chassis,True,C011
P024,C441,1,Camera,True,
P024,C301,1,PCB,True,C076
P024,C003,1,Sensor,True,
P025,C070,1,Memory,True,
P025,C214,2,PCB,False,
P025,C309,1,Connectivity,False,C027
P025,C262,2,PCB,True,C024
P025,C050,1,Processor,False,
P025,C144,1,Battery,True,C012
P025,C121,1,Sensor,False,
P025,C412,1,Memory,True,C022
P025,C194,1,Connectivity,False,C009
P025,C138,1,Display,False,C045
P025,C237,2,PCB,False,
P025,C157,1,PCB,False,C049
P025,C119,1,Chassis,False,C017
P025,C314,1,Battery,True,
P025,C002,4,Connectivity,False,C027
P025,C379,1,Processor,True,C023
P025,C152,4,Camera,False,C006
P025,C342,2,Display,False,C013
P025,C168,2,Connector,True,C030
P025,C469,1,Memory,False,
P025,C107,1,Connector,False,C004
P025,C340,2,Sensor,True,C015
P025,C068,2,Processor,True,
P025,C208,2,PCB,False,
P025,C464,2,Connector,True,
P025,C072,4,Processor,False,
P025,C345,4,PCB,False,C024
P025,C419,2,Sensor,False,C015
P025,C296,1,Connector,True,C029
P025,C090,2,Chassis,False,C021
P025,C045,1,Display,True,
P025,C071,1,Camera,True,
P025,C012,1,Battery,True,C010
P025,C092,4,Processor,False,C005
P025,C301,1,PCB,True,
P025,C218,1,Connectivity,False,
P025,C079,1,Connectivity,False,C007
P025,C384,1,Display,False,C013
P025,C269,2,Memory,False,
P025,C360,1,Connector,True,C004
P025,C248,2,Connector,True,
P025,C104,4,Chassis,False,
P025,C249,2,Battery,False,
P025,C060,1,Chassis,True,
P025,C370,1,Memory,True,C018
P025,C003,2,Sensor,True,C015
P025,C027,1,Connectivity,False,
P025,C178,1,Connectivity,False,
P025,C170,4,Sensor,True,C014
P025,C261,1,Display,False,
P026,C252,1,Connectivity,True,C009
P026,C029,4,Connector,True,C004
P026,C148,2,Chassis,False,C021
P026,C241,1,Memory,False,
P026,C301,2,PCB,True,
P026,C230,1,Memory,True,C022
P026,C269,2,Memory,False,
P026,C317,4,Battery,True,
P026,C027,1,Connectivity,False,C009
P026,C222,1,Memory,False,
P026,C181,4,Processor,True,
P026,C229,2,PCB,True,C049
P026,C270,2,Sensor,True,
P026,C455,2,Chassis,True,
P026,C015,1,Sensor,True,C003
P026,C471,1,Memory,True,
P026,C479,1,Connectivity,True,C002
P026,C231,2,Processor,True,
P026,C238,1,Display,False,
P026,C277,1,Display,True,
P026,C088,1,Battery,True,C012
P026,C119,2,Chassis,False,
P026,C381,1,Sensor,False,C014
P026,C225,4,Connectivity,False,C007
P026,C444,1,Display,True,
P026,C432,1,PCB,True,
P026,C177,1,Processor,True,C001
P026,C356,1,Memory,True,
P026,C437,4,Display,True,C045
P026,C220,2,Chassis,True,
P026,C207,1,Processor,True,C023
P026,C235,1,Battery,True,C010
P026,C419,1,Sensor,False,C015
P026,C223,1,Connectivity,False,
P026,C038,1,Chassis,True,
P026,C326,4,Processor,False,C001
P026,C363,1,PCB,True,C049
P026,C052,1,Memory,False,C020
P026,C014,1,Sensor,False,
P026,C468,1,Connector,True,C030
P026,C400,4,Camera,True,C037
P026,C186,4,Processor,False,C023
P026,C054,1,Sensor,False,
P026,C005,2,Processor,False,
P026,C022,4,Memory,True,C020
P026,C320,2,Connector,True,
P026,C344,1,Camera,True,
P026,C176,4,Connector,False,C030
P026,C253,2,Memory,True,C022
P026,C070,1,Memory,True,
P027,C183,1,Memory,True,C022
P027,C498,1,Display,False,C033
P027,C181,4,Processor,True,
P027,C223,1,Connectivity,False,
P027,C364,2,Processor,True,
P027,C159,2,PCB,False,C024
P027,C155,1,Camera,False,C037
P027,C455,1,Chassis,True,C021
P027,C149,4,Processor,True,C023
P027,C171,1,PCB,False,
P027,C257,1,Processor,False,C023
P027,C451,1,Connectivity,True,C009
P027,C261,2,Display,False,
P027,C476,1,Battery,True,
P027,C031,4,Battery,True,
P027,C338,1,Chassis,False,C011
P027,C071,1,Camera,True,C008
P027,C274,1,Battery,True,
P027,C086,1,Memory,False,C020
P027,C358,2,Memory,False,
P027,C089,2,Display,False,C013
P027,C206,2,Sensor,False,C015
P027,C408,4,Connector,False,C004
P027,C049,1,PCB,True,C105
P027,C499,1,Memory,True,C022
P027,C237,1,PCB,False,C076
P027,C221,1,Processor,False,C023
P027,C169,1,PCB,True,C049
P027,C462,1,Battery,False,C012
P027,C447,1,Processor,False,C001
P027,C180,2,Processor,False,C001
P027,C118,2,Battery,True,
P027,C244,1,Camera,False,C008
P027,C018,1,Memory,False,
P027,C485,2,Connectivity,False,C009
P027,C256,1,Connectivity,True,C009
P027,C279,4,Battery,False,C012
P027,C144,4,Battery,True,C016
P027,C066,1,Camera,False,C006
P027,C458,1,Sensor,False,C015
P027,C222,4,Memory,False,
P027,C224,1,PCB,False,C076
P027,C484,2,Connectivity,False,
P027,C433,1,Connector,True,
P027,C204,1,Battery,True,C012
P027,C229,2,PCB,True,C024
P027,C273,1,Battery,True,C012
P027,C145,1,Camera,True,
P027,C078,1,Connector,True,C030
P027,C134,2,Battery,True,C016
P028,C224,2,PCB,False,C105
P028,C230,2,Memory,True,C020
P028,C173,2,Camera,False,C037
P028,C001,1,Processor,True,C050
P028,C240,2,Display,False,C013
P028,C042,1,Sensor,False,C003
P028,C272,1,Chassis,True,C021
P028,C380,1,Memory,False,C018
P028,C296,2,Connector,True,
P028,C077,1,Sensor,True,C014
P028,C486,1,Camera,True,
P028,C048,2,Memory,False,C018
P028,C405,2,Connector,False,C029
P028,C074,1,Memory,True,
P028,C406,4,PCB,True,C024
P028,C076,2,PCB,False,
P028,C054,2,Sensor,False,C015
P028,C231,1,Processor,True,C023
P028,C287,4,Display,True,
P028,C355,2,Chassis,True,C021
P028,C399,4,Battery,True,C012
P028,C281,1,Connector,True,C029
P028,C305,1,Chassis,True,C017
P028,C306,1,Battery,False,
P028,C377,2,Camera,True,
P028,C277,1,Display,True,
P028,C118,1,Battery,True,C016
P028,C017,2,Chassis,True,
P028,C322,4,Sensor,False,
P028,C222,1,Memory,False,
P028,C004,1,Connector,False,C029
P028,C223,1,Connectivity,False,C009
P028,C388,4,Battery,False,C016
P028,C128,1,Memory,True,C020
P028,C455,1,Chassis,True,
P028,C043,1,Battery,False,C010
P028,C035,1,Connector,False,
P028,C261,2,Display,False,C045
P028,C378,4,Processor,False,
P028,C179,2,Connectivity,False,C007
P028,C125,2,Sensor,True,C015
P028,C075,2,Connector,False,
P028,C471,4,Memory,True,C020
P028,C208,4,PCB,False,
P028,C303,2,Connector,False,
P028,C092,4,Processor,False,C001
P028,C297,1,Connectivity,True,C002
P028,C291,1,Connectivity,False,
P028,C199,1,Connector,False,C004
P028,C026,4,Battery,False,C012
P029,C074,1,Memory,True,C020
P029,C495,2,Connectivity,True,C007
P029,C156,1,Sensor,True,C003
P029,C044,1,Camera,False,
P029,C382,1,Camera,True,
P029,C148,4,Chassis,False,
P029,C197,2,Processor,False,
P029,C243,4,Camera,True,C006
P029,C302,2,PCB,False,
P029,C192,4,PCB,False,C024
P029,C423,2,Battery,False,C016
P029,C178,1,Connectivity,False,C009
P029,C291,2,Connectivity,False,C009
P029,C298,1,Camera,True,
P029,C059,2,Chassis,False,
P029,C294,4,PCB,True,
P029,C133,1,Chassis,False,
P029,C493,1,Processor,True,C005
P029,C101,1,Display,False,C013
P029,C458,4,Sensor,False,C014
P029,C076,2,PCB,False,
P029,C165,1,Camera,True,
P029,C166,1,Camera,True,
P029,C140,1,Camera,True,
P029,C109,1,Chassis,False,C017
P029,C221,1,Processor,False,C005
P029,C069,1,Chassis,True,C011
P029,C234,1,Processor,False,C023
P029,C054,2,Sensor,False,
P029,C369,2,Memory,False,
P029,C012,2,Battery,True,
P029,C307,2,Battery,False,
P029,C263,2,Memory,True,C022
P029,C274,1,Battery,True,
P029,C394,4,Battery,False,C010
P029,C161,1,Camera,True,C008
P029,C254,1,Processor,True,
P029,C271,4,Camera,True,C008
P029,C463,4,Connectivity,True,C009
P029,C203,4,PCB,False,C024
P029,C406,2,PCB,True,C049
P029,C223,2,Connectivity,False,
P029,C240,1,Display,False,
P029,C119,1,Chassis,False,C011
P029,C051,1,Connectivity,False,C002
P029,C111,1,PCB,True,C049
P029,C064,1,Chassis,False,
P029,C164,2,Memory,False,
P029,C136,4,Sensor,True,
P029,C235,1,Battery,True,C012
P030,C115,1,Connector,False,
P030,C293,2,Processor,False,
P030,C298,2,Camera,True,C008
P030,C128,1,Memory,True,C022
P030,C421,1,Processor,False,C001
P030,C352,1,Processor,False,C005
P030,C387,2,PCB,True,
P030,C232,4,Sensor,True,C015
P030,C347,4,Battery,True,C012
P030,C212,2,Display,False,C045
P030,C493,1,Processor,True,C005
P030,C295,1,Display,True,
P030,C068,4,Processor,True,C001
P030,C460,2,Processor,True,
P030,C346,1,Memory,False,C022
P030,C041,2,Connectivity,False,C009
P030,C491,2,Chassis,True,C017
P030,C312,4,Connector,False,C030
P030,C292,4,Battery,True,C012
P030,C435,4,Processor,False,C001
P030,C045,2,Display,True,C058
P030,C402,1,Processor,True,C001
P030,C199,2,Connector,False,C004
P030,C022,1,Memory,True,
P030,C486,2,Camera,True,C037
P030,C276,1,Connectivity,True,C007
P030,C444,1,Display,True,
P030,C200,4,Processor,True,
P030,C091,2,Connector,True,
P030,C337,1,Camera,True,
P030,C143,1,Connector,False,C030
P030,C225,2,Connectivity,False,C007
P030,C307,1,Battery,False,C010
P030,C446,2,Camera,True,C037
P030,C030,1,Connector,False,C029
P030,C250,2,Camera,True,
P030,C152,2,Camera,False,C008
P030,C097,4,Sensor,True,C015
P030,C153,2,Chassis,True,C017
P030,C395,1,PCB,False,C049
P030,C385,1,PCB,True,C076
P030,C094,2,Connectivity,False,C007
P030,C251,4,Display,True,
P030,C176,1,Connector,False,
P030,C287,4,Display,True,
P030,C359,1,Processor,True,
P030,C007,2,Connectivity,True,C009
P030,C406,1,PCB,True,C024
P030,C473,2,Display,False,
P030,C294,2,PCB,True,C049
P031,C364,1,Processor,True,C005
P031,C043,2,Battery,False,
P031,C453,1,Chassis,True,
P031,C414,4,Camera,False,
P031,C150,1,Display,False,C013
P031,C173,4,Camera,False,C006
P031,C051,1,Connectivity,False,
P031,C330,1,Display,False,C033
P031,C159,1,PCB,False,
P031,C213,4,Connectivity,False,
P031,C421,2,Processor,False,C023
P031,C430,2,PCB,True,C049
P031,C113,1,Connector,True,C030
P031,C123,1,Sensor,False,
P031,C149,2,Processor,True,C023
P031,C015,1,Sensor,True,C003
P031,C099,2,Camera,False,
P031,C282,2,Connectivity,False,
P031,C437,2,Display,True,
P031,C412,4,Memory,True,C022
P031,C296,2,Connector,True,C029
P031,C164,1,Memory,False,
P031,C292,1,Battery,True,
P031,C191,1,Connectivity,True,
P031,C146,4,Sensor,False,C015
P031,C287,1,Display,True,
P031,C388,1,Battery,False,C016
P031,C389,2,Chassis,False,C011
P031,C190,1,Connectivity,True,
P031,C237,4,PCB,False,C024
P031,C068,4,Processor,True,C023
P031,C162,2,Chassis,True,
P031,C269,2,Memory,False,C020
P031,C019,1,Sensor,True,C003
P031,C362,1,Connector,True,
P031,C055,2,Processor,True,
P031,C463,1,Connectivity,True,C009
P031,C257,1,Processor,False,C005
P031,C395,1,PCB,False,C049
P031,C020,1,Memory,True,
P031,C122,1,Memory,True,
P031,C010,1,Battery,True,C026
P031,C377,2,Camera,True,C008
P031,C249,4,Battery,False,
P031,C415,1,Display,True,C045
P031,C271,1,Camera,True,C006
P031,C030,1,Connector,False,
P031,C307,1,Battery,False,C016
P031,C042,1,Sensor,False,C014
P031,C344,2,Camera,True,
P032,C228,2,Battery,False,C010
P032,C011,1,Chassis,True,
P032,C019,2,Sensor,True,
P032,C347,2,Battery,True,C012
P032,C485,1,Connectivity,False,C002
P032,C050,1,Processor,False,
P032,C197,4,Processor,False,C023
P032,C496,2,Display,True,
P032,C175,2,Camera,True,
P032,C076,2,PCB,False,C049
P032,C002,4,Connectivity,False,C027
P032,C281,1,Connector,True,C030
P032,C309,1,Connectivity,False,
P032,C408,2,Connector,False,C030
P032,C154,4,Camera,True,C006
P032,C345,2,PCB,False,C076
P032,C476,1,Battery,True,C016
P032,C028,1,Memory,False,C018
P032,C422,1,Connector,True,C004
P032,C195,2,Chassis,True,C011
P032,C437,2,Display,True,
P032,C208,2,PCB,False,
P032,C273,4,Battery,True,C016
P032,C481,2,Processor,False,C001
P032,C275,1,Battery,True,C012
P032,C071,1,Camera,True,C037
P032,C443,1,Connectivity,True,C007
P032,C075,4,Connector,False,C029
P032,C182,1,Connectivity,True,C009
P032,C119,2,Chassis,False,C021
P032,C199,2,Connector,False,
P032,C027,2,Connectivity,False,C007
P032,C409,1,Connectivity,False,C027
P032,C490,2,Connectivity,False,
P032,C025,2,Sensor,False,C003
P032,C148,2,Chassis,False,C011
P032,C478,1,Connectivity,False,C007
P032,C074,1,Memory,True,
P032,C453,2,Chassis,True,C017
P032,C470,2,Sensor,False,C014
P032,C105,2,PCB,True,C049
P032,C207,1,Processor,True,C023
P032,C090,1,Chassis,False,
P032,C420,1,Chassis,False,
P032,C006,2,Camera,False,
P032,C213,1,Connectivity,False,C009
P032,C445,4,Memory,False,C022
P032,C164,1,Memory,False,
P032,C017,1,Chassis,True,C011
P032,C471,1,Memory,True,
P033,C146,1,Sensor,False,
P033,C150,2,Display,False,C045
P033,C377,2,Camera,True,C008
P033,C437,1,Display,True,C013
P033,C362,4,Connector,True,C029
P033,C331,4,Chassis,False,C011
P033,C401,1,Chassis,True,C021
P033,C488,2,Connector,False,C004
P033,C324,4,Connectivity,True,C002
P033,C290,2,PCB,False,
P033,C329,4,Memory,False,
P033,C212,4,Display,False,
P033,C061,1,Processor,True,
P033,C063,2,Battery,False,C012
P033,C469,2,Memory,False,C020
P033,C204,1,Battery,True,C016
P033,C467,2,Processor,False,
P033,C284,4,Connector,False,C029
P033,C140,2,Camera,True,C037
P033,C007,1,Connectivity,True,C002
P033,C064,2,Chassis,False,
P033,C415,1,Display,True,
P033,C439,1,Memory,True,C022
P033,C172,4,PCB,False,
P033,C475,2,Chassis,False,C021
P033,C144,1,Battery,True,
P033,C396,1,Sensor,False,C003
P033,C231,1,Processor,True,C001
P033,C155,4,Camera,False,C008
P033,C430,2,PCB,True,C049
P033,C353,4,Chassis,True,
P033,C414,4,Camera,False,
P033,C287,1,Display,True,
P033,C498,1,Display,False,C013
P033,C034,1,Connectivity,False,C009
P033,C027,4,Connectivity,False,
P033,C412,1,Memory,True,
P033,C076,1,PCB,False,C105
P033,C286,4,Connector,True,
P033,C354,2,Connector,True,
P033,C280,2,Connectivity,False,
P033,C067,1,Processor,False,
P033,C456,4,Camera,False,
P033,C046,2,Connector,True,C004
P033,C045,1,Display,True,C013
P033,C326,1,Processor,False,C005
P033,C319,1,Connectivity,True,
P033,C133,2,Chassis,False,C011
P033,C292,2,Battery,True,
P033,C262,4,PCB,True,C076
P034,C355,1,Chassis,True,
P034,C456,1,Camera,False,C006
P034,C018,4,Memory,False,
P034,C388,1,Battery,False,
P034,C096,1,Chassis,False,
P034,C082,4,Battery,True,C010
P034,C358,1,Memory,False,
P034,C004,1,Connector,False,
P034,C300,2,Display,False,C045
P034,C074,2,Memory,True,C020
P034,C336,2,Chassis,True,
P034,C441,1,Camera,True,C008
P034,C045,1,Display,True,
P034,C126,1,Connector,True,
P034,C252,1,Connectivity,True,
P034,C495,2,Connectivity,True,C009
P034,C497,1,PCB,False,
P034,C124,1,Battery,True,C012
P034,C010,1,Battery,True,
P034,C353,2,Chassis,True,
P034,C186,1,Processor,False,
P034,C260,2,Processor,True,C005
P034,C005,1,Processor,False,
P034,C131,2,Sensor,False,C015
P034,C493,1,Processor,True,
P034,C127,1,Display,True,
P034,C274,1,Battery,True,C010
P034,C421,1,Processor,False,
P034,C038,1,Chassis,True,C021
P034,C277,1,Display,True,
P034,C357,1,Connectivity,False,
P034,C140,4,Camera,True,
P034,C238,2,Display,False,C033
P034,C351,1,Camera,False,C006
P034,C458,2,Sensor,False,
P034,C414,2,Camera,False,
P034,C022,2,Memory,True,C028
P034,C400,1,Camera,True,C008
P034,C313,1,Camera,True,C008
P034,C325,1,Connector,True,C029
P034,C384,1,Display,False,
P034,C192,2,PCB,False,
P034,C294,1,PCB,True,
P034,C006,1,Camera,False,C008
P034,C144,1,Battery,True,C012
P034,C233,1,Processor,True,
P034,C308,1,Battery,True,
P034,C028,1,Memory,False,C018
P034,C107,1,Connector,False,C029
P034,C055,4,Processor,True,
P035,C353,1,Chassis,True,
P035,C244,4,Camera,False,
P035,C336,2,Chassis,True,C011
P035,C198,1,Connector,False,
P035,C200,1,Processor,True,C005
P035,C473,1,Display,False,
P035,C208,1,PCB,False,
P035,C173,1,Camera,False,C037
P035,C058,2,Display,True,
P035,C406,1,PCB,True,C024
P035,C035,1,Connector,False,C029
P035,C047,1,Connector,True,
P035,C010,4,Battery,True,
P035,C182,2,Connectivity,True,C007
P035,C264,1,Memory,True,
P035,C170,1,Sensor,True,
P035,C296,2,Connector,True,C004
P035,C229,4,PCB,True,
P035,C041,1,Connectivity,False,C002
P035,C055,1,Processor,True,C001
P035,C249,1,Battery,False,C010
P035,C192,2,PCB,False,C024
P035,C251,1,Display,True,C033
P035,C439,1,Memory,True,C018
P035,C437,1,Display,True,
P035,C031,2,Battery,True,
P035,C073,2,Display,False,C033
P035,C399,1,Battery,True,C012
P035,C081,1,Display,False,
P035,C013,4,Display,True,C033
P035,C250,1,Camera,True,
P035,C312,1,Connector,False,C029
P035,C153,1,Chassis,True,
P035,C260,1,Processor,True,C005
P035,C131,1,Sensor,False,C003
P035,C491,4,Chassis,True,C011
P035,C478,1,Connectivity,False,
P035,C054,2,Sensor,False,C003
P035,C489,2,Processor,False,C023
P035,C196,1,Sensor,False,C003
P035,C075,1,Connector,False,C004
P035,C417,1,Memory,True,
P035,C203,1,PCB,False,C024
P035,C158,2,Memory,True,C018
P035,C206,1,Sensor,False,C015
P035,C306,1,Battery,False,C016
P035,C186,2,Processor,False,C005
P035,C191,4,Connectivity,True,C009
P035,C226,1,Camera,False,
P035,C210,1,Connector,False,C030
P036,C354,2,Connector,True,C004
P036,C058,2,Display,True,C013
P036,C008,4,Camera,False,
P036,C046,2,Connector,True,C029
P036,C027,2,Connectivity,False,
P036,C459,1,Processor,True,
P036,C246,4,Connectivity,True,C002
P036,C217,2,Camera,False,
P036,C111,2,PCB,True,C076
P036,C372,1,Connectivity,True,C002
P036,C287,4,Display,True,C013
P036,C056,1,Sensor,True,C014
P036,C474,2,Connectivity,True,C007
P036,C262,1,PCB,True,C076
P036,C344,1,Camera,True,C008
P036,C379,2,Processor,True,C023
P036,C102,4,Connectivity,True,C007
P036,C047,1,Connector,True,C029
P036,C108,1,Display,False,C033
P036,C208,2,PCB,False,
P036,C163,4,Sensor,True,C003
P036,C197,1,Processor,False,
P036,C401,2,Chassis,True,C011
P036,C082,2,Battery,True,
P036,C228,1,Battery,False,C010
P036,C185,1,PCB,False,
P036,C028,4,Memory,False,
P036,C293,1,Processor,False,C005
P036,C129,1,Battery,True,C016
P036,C409,1,Connectivity,False,
P036,C226,1,Camera,False,C006
P036,C432,1,PCB,True,C049
P036,C404,1,Connector,False,
P036,C196,1,Sensor,False,
P036,C173,4,Camera,False,C006
P036,C360,1,Connector,True,C004
P036,C232,2,Sensor,True,C014
P036,C242,4,Chassis,False,C021
P036,C460,1,Processor,True,C001
P036,C289,2,Display,False,
P036,C439,1,Memory,True,C020
P036,C337,4,Camera,True,
P036,C265,2,Connector,True,C030
P036,C382,4,Camera,True,
P036,C276,2,Connectivity,True,C009
P036,C326,2,Processor,False,
P036,C452,1,Sensor,False,
P036,C236,1,Sensor,True,
P036,C421,1,Processor,False,
P036,C373,1,Chassis,False,C017
P037,C065,2,Display,False,
P037,C409,2,Connectivity,False,
P037,C428,4,Chassis,False,C011
P037,C410,2,Battery,True,C016
P037,C187,2,Sensor,True,C003
P037,C279,1,Battery,False,
P037,C121,1,Sensor,False,C014
P037,C123,1,Sensor,False,
P037,C149,1,Processor,True,
P037,C056,2,Sensor,True,
P037,C029,1,Connector,True,C004
P037,C275,2,Battery,True,C010
P037,C026,1,Battery,False,C012
P037,C066,1,Camera,False,C037
P037,C180,1,Processor,False,
P037,C345,1,PCB,False,
P037,C308,2,Battery,True,C010
P037,C496,2,Display,True,C045
P037,C447,1,Processor,False,C023
P037,C233,1,Processor,True,
P037,C255,4,Memory,True,C020
P037,C102,1,Connectivity,True,
P037,C179,1,Connectivity,False,C007
P037,C365,4,Memory,True,C018
P037,C354,4,Connector,True,C030
P037,C063,2,Battery,False,C012
P037,C296,2,Connector,True,
P037,C237,2,PCB,False,C024
P037,C192,1,PCB,False,
P037,C050,1,Processor,False,C023
P037,C480,1,Camera,True,C006
P037,C368,4,Processor,False,C023
P037,C001,1,Processor,True,
P037,C411,1,Memory,False,
P037,C378,1,Processor,False,
P037,C185,1,PCB,False,
P037,C376,2,Display,True,C013
P037,C324,1,Connectivity,True,
P037,C115,1,Connector,False,C029
P037,C044,1,Camera,False,C006
P037,C271,2,Camera,True,
P037,C046,2,Connector,True,C004
P037,C280,1,Connectivity,False,
P037,C097,1,Sensor,True,
P037,C338,4,Chassis,False,
P037,C020,1,Memory,True,C018
P037,C274,1,Battery,True,C016
P037,C080,1,Connector,True,C004
P037,C381,1,Sensor,False,C015
P037,C128,4,Memory,True,C020
P038,C343,4,Display,False,C045
P038,C485,2,Connectivity,False,
P038,C152,2,Camera,False,C037
P038,C497,1,PCB,False,C024
P038,C139,1,Connectivity,True,C007
P038,C447,2,Processor,False,
P038,C397,1,Memory,False,
P038,C176,4,Connector,False,
P038,C013,2,Display,True,C058
P038,C103,2,Display,False,
P038,C324,4,Connectivity,True,C009
P038,C129,1,Battery,True,
P038,C468,2,Connector,True,C004
P038,C277,1,Display,True,C045
P038,C077,1,Sensor,True,
P038,C258,1,Processor,False,
P038,C021,1,Chassis,False,
P038,C063,1,Battery,False,
P038,C047,1,Connector,True,C004
P038,C390,1,Battery,False,
P038,C197,4,Processor,False,
P038,C233,1,Processor,True,
P038,C423,4,Battery,False,
P038,C007,4,Connectivity,True,C027
P038,C426,1,Memory,True,
P038,C249,1,Battery,False,
P038,C064,2,Chassis,False,C011
P038,C403,1,Display,False,C013
P038,C317,2,Battery,True,C012
P038,C015,1,Sensor,True,C003
P038,C004,2,Connector,False,
P038,C026,1,Battery,False,C012
P038,C323,1,Camera,True,C008
P038,C243,2,Camera,True,C037
P038,C462,1,Battery,False,C010
P038,C041,2,Connectivity,False,C009
P038,C010,1,Battery,True,
P038,C057,2,Chassis,False,C011
P038,C379,1,Processor,True,
P038,C471,2,Memory,True,
P038,C344,1,Camera,True,C008
P038,C382,2,Camera,True,
P038,C166,2,Camera,True,
P038,C067,2,Processor,False,C023
P038,C032,2,Sensor,True,C003
P038,C499,2,Memory,True,
P038,C147,4,Display,False,C033
P038,C020,2,Memory,True,C028
P038,C124,1,Battery,True,C010
P038,C315,2,Processor,False,
P039,C364,2,Processor,True,C001
P039,C098,1,Battery,True,
P039,C234,1,Processor,False,C023
P039,C153,4,Chassis,True,C011
P039,C076,4,PCB,False,C049
P039,C314,2,Battery,True,C010
P039,C499,2,Memory,True,C018
P039,C114,2,Sensor,True,C015
P039,C123,2,Sensor,False,C014
P039,C352,1,Processor,False,C001
P039,C090,1,Chassis,False,C017
P039,C299,1,Processor,True,C005
P039,C148,2,Chassis,False,
P039,C445,1,Memory,False,C022
P039,C316,1,Processor,False,C001
P039,C146,1,Sensor,False,C015
P039,C208,1,PCB,False,C049
P039,C180,1,Processor,False,C005
P039,C391,1,Processor,True,C023
P039,C246,2,Connectivity,True,C009
P039,C477,1,Battery,True,C016
P039,C132,2,Processor,False,C023
P039,C212,4,Display,False,C033
P039,C151,4,Memory,False,C022
P039,C005,1,Processor,False,
P039,C357,1,Connectivity,False,
P039,C177,4,Processor,True,
P039,C229,4,PCB,True,C024
P039,C058,2,Display,True,C045
P039,C003,4,Sensor,True,
P039,C137,2,Connector,False,
P039,C226,2,Camera,False,C006
P039,C396,2,Sensor,False,C003
P039,C198,1,Connector,False,C030
P039,C247,1,Battery,False,C012
P039,C087,2,Memory,False,
P039,C169,4,PCB,True,C076
P039,C241,1,Memory,False,
P039,C312,1,Connector,False,
P039,C487,1,Processor,True,
P039,C083,1,Processor,True,C001
P039,C059,2,Chassis,False,
P039,C295,1,Display,True,C013
P039,C067,1,Processor,False,C005
P039,C427,2,Connectivity,True,C009
P039,C267,2,Memory,True,
P039,C490,1,Connectivity,False,C009
P039,C084,2,Display,False,
P039,C134,1,Battery,True,C012
P039,C041,1,Connectivity,False,
P040,C461,2,Battery,True,C012
P040,C081,1,Display,False,
P040,C003,1,Sensor,True,C015
P040,C310,4,Connector,True,C030
P040,C129,2,Battery,True,C010
P040,C390,2,Battery,False,C012
P040,C021,2,Chassis,False,
P040,C173,2,Camera,False,C037
P040,C477,1,Battery,True,C010
P040,C437,1,Display,True,
P040,C438,1,Processor,False,C001
P040,C095,2,Processor,True,C005
P040,C280,1,Connectivity,False,C009
P040,C421,1,Processor,False,C023
P040,C230,1,Memory,True,
P040,C321,2,PCB,False,C076
P040,C386,1,Connector,True,
P040,C345,2,PCB,False,C076
P040,C307,2,Battery,False,C016
P040,C394,1,Battery,False,C012
P040,C352,4,Processor,False,C005
P040,C163,1,Sensor,True,
P040,C027,2,Connectivity,False,C009
P040,C289,2,Display,False,
P040,C177,4,Processor,True,
P040,C141,1,Battery,True,C012
P040,C041,1,Connectivity,False,C009
P040,C398,4,Battery,False,C012
P040,C079,1,Connectivity,False,C009
P040,C092,2,Processor,False,C005
P040,C492,1,Chassis,True,C017
P040,C145,1,Camera,True,
P040,C165,2,Camera,True,
P040,C341,2,Chassis,False,
P040,C219,1,Battery,True,C012
P040,C463,2,Connectivity,True,C009
P040,C375,1,Processor,True,C023
P040,C192,1,PCB,False,C024
P040,C098,1,Battery,True,
P040,C202,1,Camera,True,C006
P040,C153,2,Chassis,True,C017
P040,C436,1,Battery,False,
P040,C195,1,Chassis,True,C011
P040,C268,1,Memory,True,C018
P040,C198,1,Connector,False,C004
P040,C223,1,Connectivity,False,C007
P040,C476,1,Battery,True,C012
P040,C454,1,Connectivity,False,C007
P040,C417,1,Memory,True,C020
P040,C133,2,Chassis,False,C011
P041,C089,2,Display,False,
P041,C445,1,Memory,False,
P041,C455,1,Chassis,True,C017
P041,C411,2,Memory,False,C022
P041,C390,2,Battery,False,
P041,C207,1,Processor,True,C001
P041,C213,4,Connectivity,False,C007
P041,C454,2,Connectivity,False,
P041,C123,2,Sensor,False,
P041,C035,1,Connector,False,C004
P041,C330,4,Display,False,
P041,C087,4,Memory,False,C018
P041,C112,2,Connectivity,False,
P041,C027,2,Connectivity,False,
P041,C331,2,Chassis,False,
P041,C499,1,Memory,True,
P041,C247,1,Battery,False,C016
P041,C489,2,Processor,False,
P041,C286,1,Connector,True,C004
P041,C475,2,Chassis,False,C017
P041,C059,1,Chassis,False,
P041,C044,1,Camera,False,
P041,C064,2,Chassis,False,
P041,C232,1,Sensor,True,C015
P041,C047,1,Connector,True,C030
P041,C139,1,Connectivity,True,C009
P041,C184,2,Display,True,
P041,C221,2,Processor,False,C001
P041,C277,1,Display,True,
P041,C178,4,Connectivity,False,
P041,C020,4,Memory,True,C022
P041,C216,2,Processor,False,C001
P041,C018,1,Memory,False,C020
P041,C238,4,Display,False,C013
P041,C104,2,Chassis,False,C021
P041,C111,2,PCB,True,
P041,C268,4,Memory,True,C018
P041,C500,2,Display,True,
P041,C253,1,Memory,True,
P041,C107,1,Connector,False,C029
P041,C458,1,Sensor,False,C014
P041,C214,2,PCB,False,C049
P041,C289,1,Display,False,C013
P041,C467,1,Processor,False,
P041,C174,1,Camera,True,
P041,C437,4,Display,True,C033
P041,C301,2,PCB,True,C076
P041,C210,1,Connector,False,C029
P041,C399,1,Battery,True,
P041,C175,1,Camera,True,C037
P042,C162,1,Chassis,True,C021
P042,C471,2,Memory,True,
P042,C012,1,Battery,True,C026
P042,C390,4,Battery,False,
P042,C076,2,PCB,False,C024
P042,C456,1,Camera,False,C037
P042,C211,1,Battery,True,C012
P042,C301,2,PCB,True,
P042,C430,1,PCB,True,C049
P042,C127,1,Display,True,C045
P042,C297,2,Connectivity,True,C002
P042,C227,1,PCB,True,
P042,C412,2,Memory,True,
P042,C181,2,Processor,True,
P042,C080,1,Connector,True,C029
P042,C320,1,Connector,True,C004
P042,C387,2,PCB,True,
P042,C151,4,Memory,False,C022
P042,C477,2,Battery,True,C016
P042,C047,1,Connector,True,
P042,C460,1,Processor,True,C023
P042,C135,4,Chassis,True,C011
P042,C260,2,Processor,True,C005
P042,C191,1,Connectivity,True,C007
P042,C196,1,Sensor,False,C014
P042,C453,1,Chassis,True,
P042,C045,1,Display,True,
P042,C344,2,Camera,True,
P042,C086,2,Memory,False,C020
P042,C142,4,Camera,False,C006
P042,C210,1,Connector,False,C004
P042,C448,1,Battery,False,
P042,C376,4,Display,True,
P042,C027,2,Connectivity,False,C009
P042,C099,2,Camera,False,C006
P042,C068,4,Processor,True,C005
P042,C255,1,Memory,True,C020
P042,C174,4,Camera,True,
P042,C420,1,Chassis,False,
P042,C014,2,Sensor,False,C019
P042,C410,1,Battery,True,C012
P042,C064,1,Chassis,False,C017
P042,C029,2,Connector,True,C030
P042,C055,1,Processor,True,
P042,C290,2,PCB,False,
P042,C475,4,Chassis,False,
P042,C459,1,Processor,True,C023
P042,C002,2,Connectivity,False,
P042,C406,1,PCB,True,C024
P042,C277,2,Display,True,C045
P043,C082,2,Battery,True,C012
P043,C431,2,Sensor,True,
P043,C038,2,Chassis,True,C017
P043,C098,2,Battery,True,
P043,C408,4,Connector,False,C029
P043,C179,2,Connectivity,False,C009
P043,C341,4,Chassis,False,C021
P043,C031,2,Battery,True,C012
P043,C484,2,Connectivity,False,
P043,C039,1,Sensor,False,C015
P043,C296,2,Connector,True,C030
P043,C468,1,Connector,True,C030
P043,C462,2,Battery,False,C016
P043,C203,2,PCB,False,C076
P043,C084,2,Display,False,
P043,C301,2,PCB,True,C049
P043,C373,1,Chassis,False,C011
P043,C330,1,Display,False,
P043,C472,1,Memory,False,
P043,C372,1,Connectivity,True,C002
P043,C294,1,PCB,True,
P043,C397,2,Memory,False,
P043,C140,2,Camera,True,C006
P043,C128,1,Memory,True,C022
P043,C496,2,Display,True,C033
P043,C162,4,Chassis,True,C011
P043,C027,1,Connectivity,False,C009
P043,C163,2,Sensor,True,
P043,C136,4,Sensor,True,C014
P043,C446,1,Camera,True,C006
P043,C080,1,Connector,True,
P043,C067,4,Processor,False,
P043,C479,2,Connectivity,True,
P043,C347,1,Battery,True,C012
P043,C104,2,Chassis,False,
P043,C421,2,Processor,False,
P043,C167,1,Sensor,True,C014
P043,C171,1,PCB,False,
P043,C214,2,PCB,False,C024
P043,C192,2,PCB,False,
P043,C020,2,Memory,True,C018
P043,C231,1,Processor,True,C001
P043,C475,1,Chassis,False,
P043,C225,2,Connectivity,False,C007
P043,C124,2,Battery,True,C010
P043,C088,2,Battery,True,C012
P043,C474,1,Connectivity,True,C002
P043,C044,4,Camera,False,C008
P043,C346,2,Memory,False,C022
P043,C353,4,Chassis,True,
P044,C008,2,Camera,False,C044
P044,C207,1,Processor,True,
P044,C323,4,Camera,True,C006
P044,C116,1,Battery,True,
P044,C251,1,Display,True,
P044,C096,1,Chassis,False,C021
P044,C311,2,Connectivity,False,C009
P044,C264,1,Memory,True,C022
P044,C398,1,Battery,False,C010
P044,C443,2,Connectivity,True,C002
P044,C313,2,Camera,True,
P044,C331,2,Chassis,False,C021
P044,C273,2,Battery,True,C016
P044,C144,1,Battery,True,
P044,C003,2,Sensor,True,
P044,C472,2,Memory,False,C020
P044,C212,2,Display,False,C033
P044,C326,1,Processor,False,C023
P044,C128,1,Memory,True,C022
P044,C284,1,Connector,False,
P044,C141,1,Battery,True,C012
P044,C187,2,Sensor,True,C003
P044,C249,2,Battery,False,C010
P044,C202,4,Camera,True,C006
P044,C160,1,Sensor,True,
P044,C368,1,Processor,False,C023
P044,C434,2,Sensor,True,C014
P044,C399,1,Battery,True,C010
P044,C055,1,Processor,True,C005
P044,C166,1,Camera,True,
P044,C383,4,Camera,False,
P044,C110,1,Connector,True,
P044,C491,1,Chassis,True,
P044,C045,1,Display,True,
P044,C007,2,Connectivity,True,
P044,C057,4,Chassis,False,C011
P044,C079,1,Connectivity,False,
P044,C330,2,Display,False,
P044,C266,1,Memory,False,C020
P044,C032,2,Sensor,True,C015
P044,C005,1,Processor,False,C050
P044,C255,1,Memory,True,
P044,C292,1,Battery,True,C010
P044,C134,1,Battery,True,C010
P044,C018,2,Memory,False,C022
P044,C028,2,Memory,False,C020
P044,C477,1,Battery,True,
P044,C036,2,Connectivity,True,C002
P044,C373,1,Chassis,False,C021
P044,C147,1,Display,False,
P045,C293,4,Processor,False,
P045,C355,1,Chassis,True,C011
P045,C325,2,Connector,True,
P045,C357,4,Connectivity,False,
P045,C071,1,Camera,True,C008
P045,C154,2,Camera,True,
P045,C433,1,Connector,True,
P045,C249,2,Battery,False,C016
P045,C072,2,Processor,False,C023
P045,C207,2,Processor,True,C005
P045,C086,2,Memory,False,C022
P045,C144,2,Battery,True,C010
P045,C313,4,Camera,True,C008
P045,C241,1,Memory,False,
P045,C344,2,Camera,True,C006
P045,C247,2,Battery,False,C010
P045,C306,2,Battery,False,C016
P045,C273,1,Battery,True,
P045,C428,2,Chassis,False,C021
P045,C172,1,PCB,False,C049
P045,C006,1,Camera,False,C037
P045,C039,2,Sensor,False,
P045,C100,1,Connectivity,True,
P045,C457,1,Camera,True,C037
P045,C353,2,Chassis,True,
P045,C243,1,Camera,True,
P045,C415,2,Display,True,
P045,C151,1,Memory,False,C018
P045,C477,1,Battery,True,
P045,C301,4,PCB,True,
P045,C307,1,Battery,False,
P045,C185,1,PCB,False,
P045,C328,1,Processor,True,C023
P045,C485,2,Connectivity,False,
P045,C397,1,Memory,False,C018
P045,C042,1,Sensor,False,C003
P045,C309,2,Connectivity,False,
P045,C390,1,Battery,False,
P045,C198,2,Connector,False,
P045,C318,1,Sensor,True,
P045,C289,2,Display,False,
P045,C468,4,Connector,True,C004
P045,C077,4,Sensor,True,C003
P045,C009,1,Connectivity,True,C002
P045,C193,4,Battery,False,
P045,C204,2,Battery,True,
P045,C133,2,Chassis,False,
P045,C498,1,Display,False,
P045,C073,1,Display,False,C045
P045,C347,1,Battery,True,C016
P046,C267,2,Memory,True,C022
P046,C163,2,Sensor,True,C015
P046,C357,2,Connectivity,False,
P046,C186,1,Processor,False,C023
P046,C449,2,Camera,False,C008
P046,C396,1,Sensor,False,
P046,C444,2,Display,True,C033
P046,C443,1,Connectivity,True,
P046,C018,4,Memory,False,
P046,C331,2,Chassis,False,
P046,C271,1,Camera,True,C006
P046,C106,1,Connectivity,True,C009
P046,C162,2,Chassis,True,
P046,C041,2,Connectivity,False,C007
P046,C344,1,Camera,True,
P046,C244,1,Camera,False,
P046,C329,4,Memory,False,C020
P046,C456,2,Camera,False,C006
P046,C010,1,Battery,True,C016
P046,C075,2,Connector,False,
P046,C047,2,Connector,True,C029
P046,C471,2,Memory,True,C018
P046,C039,1,Sensor,False,C003
P046,C009,2,Connectivity,True,C007
P046,C294,2,PCB,True,C076
P046,C364,4,Processor,True,
P046,C228,1,Battery,False,C016
P046,C141,4,Battery,True,C010
P046,C051,2,Connectivity,False,C009
P046,C036,1,Connectivity,True,
P046,C316,1,Processor,False,
P046,C138,1,Display,False,
P046,C159,4,PCB,False,
P046,C114,1,Sensor,True,C015
P046,C313,2,Camera,True,C006
P046,C088,1,Battery,True,
P046,C432,2,PCB,True,
P046,C013,2,Display,True,C033
P046,C254,1,Processor,True,C001
P046,C012,2,Battery,True,C026
P046,C420,2,Chassis,False,
P046,C336,1,Chassis,True,C021
P046,C249,4,Battery,False,
P046,C490,1,Connectivity,False,
P046,C398,2,Battery,False,C010
P046,C440,4,Camera,False,C006
P046,C358,2,Memory,False,C022
P046,C328,1,Processor,True,C001
P046,C172,2,PCB,False,C024
P046,C390,2,Battery,False,
P047,C073,1,Display,False,C045
P047,C290,1,PCB,False,
P047,C352,1,Processor,False,
P047,C108,1,Display,False,
P047,C160,1,Sensor,True,
P047,C420,2,Chassis,False,C021
P047,C377,1,Camera,True,
P047,C019,4,Sensor,True,
P047,C237,2,PCB,False,
P047,C135,1,Chassis,True,C017
P047,C223,1,Connectivity,False,C009
P047,C235,1,Battery,True,
P047,C288,1,Chassis,True,C021
P047,C263,2,Memory,True,C020
P047,C350,4,Memory,True,C020
P047,C202,1,Camera,True,
P047,C246,2,Connectivity,True,C002
P047,C481,1,Processor,False,C001
P047,C444,1,Display,True,C013
P047,C251,1,Display,True,C033
P047,C266,1,Memory,False,
P047,C254,2,Processor,True,C023
P047,C470,2,Sensor,False,C003
P047,C427,4,Connectivity,True,C009
P047,C193,1,Battery,False,C010
P047,C497,4,PCB,False,C049
P047,C215,2,PCB,False,C076
P047,C078,2,Connector,True,
P047,C033,2,Display,True,
P047,C100,2,Connectivity,True,C002
P047,C346,1,Memory,False,C018
P047,C112,2,Connectivity,False,
P047,C331,2,Chassis,False,C021
P047,C311,1,Connectivity,False,
P047,C435,2,Processor,False,
P047,C453,4,Chassis,True,
P047,C163,1,Sensor,True,
P047,C294,1,PCB,True,C076
P047,C097,2,Sensor,True,
P047,C367,1,Connector,False,C004
P047,C397,2,Memory,False,C018
P047,C201,1,Connector,True,C030
P047,C384,1,Display,False,C013
P047,C194,2,Connectivity,False,C009
P047,C269,1,Memory,False,
P047,C309,2,Connectivity,False,C027
P047,C023,2,Processor,False,
P047,C308,1,Battery,True,C016
P047,C238,4,Display,False,C033
P047,C383,2,Camera,False,
P048,C180,4,Processor,False,
P048,C183,2,Memory,True,C020
P048,C212,4,Display,False,C045
P048,C020,2,Memory,True,C028
P048,C240,2,Display,False,
P048,C155,1,Camera,False,C008
P048,C052,2,Memory,False,
P048,C438,4,Processor,False,C023
P048,C296,1,Connector,True,
P048,C152,1,Camera,False,
P048,C400,1,Camera,True,C037
P048,C278,1,Display,True,C033
P048,C033,2,Display,True,C058
P048,C267,1,Memory,True,C018
P048,C158,1,Memory,True,
P048,C381,2,Sensor,False,
P048,C452,1,Sensor,False,C015
P048,C345,1,PCB,False,
P048,C095,4,Processor,True,
P048,C459,1,Processor,True,C005
P048,C153,2,Chassis,True,C021
P048,C439,4,Memory,True,
P048,C030,4,Connector,False,C035
P048,C341,4,Chassis,False,
P048,C283,1,Connectivity,True,C009
P048,C328,4,Processor,True,
P048,C360,1,Connector,True,
P048,C136,1,Sensor,True,
P048,C282,1,Connectivity,False,
P048,C039,1,Sensor,False,
P048,C446,4,Camera,True,
P048,C485,1,Connectivity,False,
P048,C168,2,Connector,True,C004
P048,C469,2,Memory,False,
P048,C051,1,Connectivity,False,
P048,C475,2,Chassis,False,C021
P048,C395,4,PCB,False,C049
P048,C069,1,Chassis,True,C011
P048,C026,2,Battery,False,C012
P048,C331,1,Chassis,False,C017
P048,C324,4,Connectivity,True,C009
P048,C460,2,Processor,True,C005
P048,C200,2,Processor,True,C005
P048,C027,2,Connectivity,False,
P048,C287,1,Display,True,C033
P048,C352,1,Processor,False,C001
P048,C025,2,Sensor,False,
P048,C130,2,Display,False,C033
P048,C215,1,PCB,False,C076
P048,C221,4,Processor,False,C005
P049,C251,1,Display,True,C033
P049,C287,1,Display,True,C045
P049,C210,2,Connector,False,
P049,C352,2,Processor,False,
P049,C231,2,Processor,True,C005
P049,C400,1,Camera,True,C037
P049,C067,2,Processor,False,
P049,C369,4,Memory,False,C018
P049,C278,1,Display,True,
P049,C457,1,Camera,True,
P049,C356,2,Memory,True,
P049,C286,1,Connector,True,
P049,C104,1,Chassis,False,C011
P049,C293,1,Processor,False,C005
P049,C169,1,PCB,True,
P049,C116,1,Battery,True,C010
P049,C342,1,Display,False,
P049,C455,1,Chassis,True,
P049,C416,1,Connectivity,True,C002
P049,C076,1,PCB,False,C049
P049,C480,2,Camera,True,
P049,C203,2,PCB,False,C049
P049,C029,1,Connector,True,C004
P049,C014,2,Sensor,False,
P049,C393,1,Connector,False,C030
P049,C165,2,Camera,True,C008
P049,C139,1,Connectivity,True,C007
P049,C419,2,Sensor,False,C015
P049,C332,1,Camera,True,
P049,C405,1,Connector,False,C029
P049,C061,1,Processor,True,
P049,C318,1,Sensor,True,
P049,C202,2,Camera,True,
P049,C391,1,Processor,True,
P049,C437,1,Display,True,C033
P049,C367,4,Connector,False,C004
P049,C481,1,Processor,False,C005
P049,C033,2,Display,True,
P049,C138,2,Display,False,
P049,C113,2,Connector,True,C004
P049,C388,1,Battery,False,C010
P049,C301,1,PCB,True,C024
P049,C227,2,PCB,True,C076
P049,C073,1,Display,False,
P049,C102,1,Connectivity,True,C009
P049,C460,2,Processor,True,C023
P049,C385,1,PCB,True,
P049,C381,1,Sensor,False,C015
P049,C290,1,PCB,False,
P049,C282,2,Connectivity,False,C007
P050,C216,1,Processor,False,C001
P050,C118,2,Battery,True,
P050,C349,4,Chassis,True,C017
P050,C230,2,Memory,True,
P050,C156,1,Sensor,True,C015
P050,C401,1,Chassis,True,C021
P050,C130,1,Display,False,
P050,C384,2,Display,False,
P050,C112,4,Connectivity,False,C009
P050,C259,2,Memory,True,
P050,C107,1,Connector,False,C030
P050,C213,1,Connectivity,False,C007
P050,C262,1,PCB,True,C076
P050,C299,2,Processor,True,C005
P050,C065,2,Display,False,C033
P050,C153,2,Chassis,True,C017
P050,C399,1,Battery,True,
P050,C162,4,Chassis,True,C017
P050,C393,4,Connector,False,
P050,C321,1,PCB,False,C076
P050,C271,2,Camera,True,
P050,C254,2,Processor,True,C001
P050,C374,2,Connectivity,False,C009
P050,C362,4,Connector,True,
P050,C248,4,Connector,True,C030
P050,C131,1,Sensor,False,C015
P050,C221,1,Processor,False,C005
P050,C210,2,Connector,False,C004
P050,C357,1,Connectivity,False,
P050,C451,1,Connectivity,True,C002
P050,C009,1,Connectivity,True,
P050,C170,4,Sensor,True,
P050,C437,1,Display,True,C045
P050,C177,2,Processor,True,
P050,C062,2,Battery,False,C010
P050,C482,2,Connectivity,False,
P050,C263,2,Memory,True,C018
P050,C406,2,PCB,True,
P050,C122,1,Memory,True,
P050,C493,1,Processor,True,
P050,C433,4,Connector,True,
P050,C158,2,Memory,True,C020
P050,C339,4,Memory,True,C018
P050,C238,1,Display,False,
P050,C381,1,Sensor,False,
P050,C148,2,Chassis,False,
P050,C085,1,Camera,True,C037
P050,C347,2,Battery,True,C016
P050,C005,1,Processor,False,C023
P050,C467,4,Processor,False,C023
P051,C075,4,Connector,False,
P051,C353,4,Chassis,True,
P051,C108,2,Display,False,
P051,C146,1,Sensor,False,
P051,C143,1,Connector,False,
P051,C028,4,Memory,False,C020
P051,C147,1,Display,False,
P051,C287,1,Display,True,C045
P051,C033,2,Display,True,C045
P051,C331,1,Chassis,False,
P051,C204,1,Battery,True,
P051,C226,1,Camera,False,
P051,C233,1,Processor,True,C023
P051,C031,2,Battery,True,
P051,C260,1,Processor,True,C023
P051,C373,1,Chassis,False,C017
P051,C499,2,Memory,True,
P051,C423,2,Battery,False,
P051,C084,1,Display,False,C013
P051,C397,1,Memory,False,C020
P051,C262,2,PCB,True,C024
P051,C023,2,Processor,False,
P051,C345,2,PCB,False,C049
P051,C237,1,PCB,False,
P051,C285,1,Memory,True,C020
P051,C379,4,Processor,True,C005
P051,C107,1,Connector,False,
P051,C114,1,Sensor,True,
P051,C034,2,Connectivity,False,C009
P051,C305,1,Chassis,True,
P051,C376,1,Display,True,C013
P051,C044,2,Camera,False,C006
P051,C361,4,Connectivity,True,C009
P051,C184,1,Display,True,C013
P051,C130,2,Display,False,C045
P051,C463,1,Connectivity,True,C002
P051,C090,1,Chassis,False,C017
P051,C281,2,Connector,True,C004
P051,C387,4,PCB,True,C076
P051,C065,1,Display,False,
P051,C241,1,Memory,False,
P051,C446,2,Camera,True,C037
P051,C326,1,Processor,False,
P051,C416,1,Connectivity,True,C007
P051,C384,2,Display,False,C013
P051,C264,1,Memory,True,C018
P051,C042,2,Sensor,False,C015
P051,C451,1,Connectivity,True,C007
P051,C247,2,Battery,False,
P051,C014,1,Sensor,False,C019
P052,C201,1,Connector,True,C030
P052,C346,1,Memory,False,C020
P052,C239,1,PCB,False,C076
P052,C087,2,Memory,False,
P052,C374,4,Connectivity,False,C002
P052,C134,1,Battery,True,C016
P052,C380,1,Memory,False,
P052,C190,1,Connectivity,True,C002
P052,C331,1,Chassis,False,
P052,C356,1,Memory,True,C018
P052,C102,1,Connectivity,True,C027
P052,C348,2,Chassis,False,C011
P052,C042,1,Sensor,False,
P052,C261,1,Display,False,
P052,C290,1,PCB,False,C049
P052,C159,1,PCB,False,C049
P052,C129,2,Battery,True,
P052,C357,1,Connectivity,False,C007
P052,C406,1,PCB,True,
P052,C303,4,Connector,False,C004
P052,C138,1,Display,False,C013
P052,C160,4,Sensor,True,C003
P052,C259,2,Memory,True,
P052,C431,1,Sensor,True,
P052,C181,2,Processor,True,
P052,C127,1,Display,True,
P052,C450,2,Connectivity,False,
P052,C076,1,PCB,False,C105
P052,C002,1,Connectivity,False,C027
P052,C388,4,Battery,False,C012
P052,C284,2,Connector,False,C030
P052,C047,1,Connector,True,
P052,C352,4,Processor,False,C023
P052,C123,2,Sensor,False,C014
P052,C263,2,Memory,True,C018
P052,C349,1,Chassis,True,
P052,C206,4,Sensor,False,
P052,C393,1,Connector,False,C004
P052,C220,4,Chassis,True,C011
P052,C432,1,PCB,True,C049
P052,C478,1,Connectivity,False,C002
P052,C427,1,Connectivity,True,
P052,C023,1,Processor,False,
P052,C491,4,Chassis,True,C021
P052,C395,2,PCB,False,
P052,C092,1,Processor,False,C001
P052,C300,1,Display,False,
P052,C146,4,Sensor,False,C014
P052,C439,1,Memory,True,C022
P052,C443,2,Connectivity,True,C009
P053,C014,1,Sensor,False,C003
P053,C442,1,Camera,False,
P053,C497,4,PCB,False,C024
P053,C085,2,Camera,True,C006
P053,C058,1,Display,True,
P053,C211,4,Battery,True,C010
P053,C223,2,Connectivity,False,C009
P053,C205,4,Battery,False,
P053,C050,1,Processor,False,C001
P053,C119,1,Chassis,False,C021
P053,C441,4,Camera,True,
P053,C153,2,Chassis,True,
P053,C027,1,Connectivity,False,C002
P053,C139,2,Connectivity,True,C002
P053,C002,2,Connectivity,False,C009
P053,C413,1,Connectivity,True,
P053,C068,2,Processor,True,
P053,C122,1,Memory,True,
P053,C202,2,Camera,True,C037
P053,C190,1,Connectivity,True,C002
P053,C439,4,Memory,True,
P053,C484,4,Connectivity,False,
P053,C036,2,Connectivity,True,
P053,C432,2,PCB,True,
P053,C017,1,Chassis,True,
P053,C009,4,Connectivity,True,C002
P053,C186,1,Processor,False,
P053,C318,4,Sensor,True,C003
P053,C490,1,Connectivity,False,C009
P053,C016,1,Battery,False,C026
P053,C246,4,Connectivity,True,
P053,C463,4,Connectivity,True,
P053,C417,1,Memory,True,C020
P053,C319,1,Connectivity,True,C002
P053,C178,1,Connectivity,False,C009
P053,C166,2,Camera,True,C037
P053,C458,1,Sensor,False,C003
P053,C026,1,Battery,False,C012
P053,C070,4,Memory,True,
P053,C317,1,Battery,True,C016
P053,C347,1,Battery,True,
P053,C159,4,PCB,False,C024
P053,C370,1,Memory,True,C020
P053,C041,1,Connectivity,False,C007
P053,C253,2,Memory,True,
P053,C424,1,Display,True,C033
P053,C101,2,Display,False,
P053,C218,1,Connectivity,False,C002
P053,C221,2,Processor,False,
P053,C125,4,Sensor,True,
P054,C330,1,Display,False,C013
P054,C463,1,Connectivity,True,
P054,C236,1,Sensor,True,
P054,C453,1,Chassis,True,
P054,C434,1,Sensor,True,C015
P054,C153,4,Chassis,True,C021
P054,C025,1,Sensor,False,C015
P054,C246,1,Connectivity,True,C002
P054,C047,1,Connector,True,C030
P054,C244,1,Camera,False,C006
P054,C050,4,Processor,False,C023
P054,C451,1,Connectivity,True,
P054,C015,2,Sensor,True,C003
P054,C224,1,PCB,False,C105
P054,C183,1,Memory,True,C018
P054,C261,2,Display,False,
P054,C081,1,Display,False,C013
P054,C310,2,Connector,True,
P054,C040,2,Connector,True,C004
P054,C222,1,Memory,False,
P054,C117,1,Sensor,False,C015
P054,C358,2,Memory,False,C020
P054,C091,2,Connector,True,C030
P054,C078,2,Connector,True,
P054,C493,2,Processor,True,
P054,C088,2,Battery,True,C010
P054,C211,2,Battery,True,C016
P054,C125,1,Sensor,True,C003
P054,C378,1,Processor,False,C001
P054,C468,1,Connector,True,C029
P054,C427,2,Connectivity,True,
P054,C464,2,Connector,True,C004
P054,C214,1,PCB,False,C024
P054,C423,4,Battery,False,
P054,C164,1,Memory,False,C018
P054,C052,4,Memory,False,
P054,C185,1,PCB,False,
P054,C470,2,Sensor,False,C015
P054,C023,4,Processor,False,C005
P054,C473,1,Display,False,
P054,C160,1,Sensor,True,
P054,C084,1,Display,False,
P054,C220,4,Chassis,True,
P054,C479,2,Connectivity,True,
P054,C312,2,Connector,False,
P054,C338,1,Chassis,False,
P054,C044,1,Camera,False,
P054,C480,2,Camera,True,
P054,C393,1,Connector,False,
P054,C180,1,Processor,False,
P055,C020,1,Memory,True,C028
P055,C053,2,Battery,True,
P055,C474,2,Connectivity,True,
P055,C250,4,Camera,True,C008
P055,C156,2,Sensor,True,C014
P055,C274,1,Battery,True,C010
P055,C473,2,Display,False,C033
P055,C371,4,Camera,False,
P055,C251,1,Display,True,C013
P055,C457,2,Camera,True,
P055,C344,1,Camera,True,C008
P055,C051,1,Connectivity,False,
P055,C124,2,Battery,True,
P055,C061,4,Processor,True,C023
P055,C413,4,Connectivity,True,C007
P055,C407,1,Sensor,True,C003
P055,C015,4,Sensor,True,C014
P055,C330,1,Display,False,C013
P055,C279,1,Battery,False,C016
P055,C486,1,Camera,True,C006
P055,C285,2,Memory,True,
P055,C009,2,Connectivity,True,C007
P055,C463,2,Connectivity,True,
P055,C435,2,Processor,False,C023
P055,C256,1,Connectivity,True,C002
P055,C345,1,PCB,False,C049
P055,C467,1,Processor,False,
P055,C264,1,Memory,True,C020
P055,C336,2,Chassis,True,C021
P055,C414,1,Camera,False,C037
P055,C046,4,Connector,True,C004
P055,C237,4,PCB,False,
P055,C383,1,Camera,False,C006
P055,C487,2,Processor,True,
P055,C019,1,Sensor,True,C015
P055,C182,1,Connectivity,True,
P055,C275,2,Battery,True,C012
P055,C395,4,PCB,False,
P055,C203,2,PCB,False,
P055,C401,4,Chassis,True,
P055,C278,2,Display,True,
P055,C496,1,Display,True,C013
P055,C453,2,Chassis,True,
P055,C004,2,Connector,False,C029
P055,C023,1,Processor,False,C001
P055,C247,1,Battery,False,C012
P055,C456,4,Camera,False,C037
P055,C324,4,Connectivity,True,C007
P055,C276,1,Connectivity,True,C002
P055,C139,1,Connectivity,True,C002
P056,C348,2,Chassis,False,C017
P056,C349,1,Chassis,True,
P056,C422,2,Connector,True,
P056,C049,4,PCB,True,C076
P056,C226,1,Camera,False,
P056,C167,2,Sensor,True,C015
P056,C104,2,Chassis,False,C011
P056,C419,1,Sensor,False,
P056,C179,2,Connectivity,False,
P056,C016,1,Battery,False,
P056,C218,2,Connectivity,False,
P056,C010,2,Battery,True,C026
P056,C413,1,Connectivity,True,C002
P056,C244,1,Camera,False,
P056,C270,2,Sensor,True,C014
P056,C070,4,Memory,True,C020
P056,C185,2,PCB,False,C049
P056,C014,4,Sensor,False,C019
P056,C160,1,Sensor,True,C015
P056,C286,2,Connector,True,
P056,C400,2,Camera,True,
P056,C170,1,Sensor,True,C003
P056,C335,4,Connector,False,
P056,C439,4,Memory,True,
P056,C046,4,Connector,True,C004
P056,C025,1,Sensor,False,C015
P056,C443,1,Connectivity,True,
P056,C304,4,PCB,True,C024
P056,C257,1,Processor,False,
P056,C343,2,Display,False,
P056,C044,2,Camera,False,
P056,C086,2,Memory,False,C022
P056,C138,1,Display,False,C013
P056,C183,2,Memory,True,
P056,C356,1,Memory,True,C018
P056,C246,2,Connectivity,True,C009
P056,C190,4,Connectivity,True,
P056,C079,2,Connectivity,False,
P056,C036,2,Connectivity,True,C007
P056,C494,2,Memory,False,C022
P056,C102,4,Connectivity,True,
P056,C472,2,Memory,False,C020
P056,C048,2,Memory,False,C022
P056,C238,4,Display,False,
P056,C448,1,Battery,False,C016
P056,C379,2,Processor,True,C023
P056,C212,4,Display,False,
P056,C274,1,Battery,True,C016
P056,C266,1,Memory,False,C018
P056,C040,1,Connector,True,
P057,C009,2,Connectivity,True,C002
P057,C338,4,Chassis,False,C021
P057,C467,4,Processor,False,C001
P057,C487,2,Processor,True,C005
P057,C114,1,Sensor,True,C003
P057,C076,4,PCB,False,
P057,C126,1,Connector,True,
P057,C060,4,Chassis,True,C017
P057,C307,4,Battery,False,C010
P057,C457,1,Camera,True,
P057,C057,4,Chassis,False,C011
P057,C158,2,Memory,True,C018
P057,C428,2,Chassis,False,
P057,C464,1,Connector,True,
P057,C431,1,Sensor,True,C015
P057,C199,1,Connector,False,
P057,C214,2,PCB,False,
P057,C261,1,Display,False,
P057,C091,2,Connector,True,C004
P057,C061,2,Processor,True,
P057,C272,4,Chassis,True,C021
P057,C099,1,Camera,False,C006
P057,C270,4,Sensor,True,
P057,C411,1,Memory,False,C022
P057,C219,2,Battery,True,C010
P057,C004,1,Connector,False,C029
P057,C131,1,Sensor,False,C003
P057,C244,1,Camera,False,C006
P057,C054,2,Sensor,False,
P057,C435,4,Processor,False,C023
P057,C437,2,Display,True,C033
P057,C368,2,Processor,False,
P057,C361,4,Connectivity,True,C009
P057,C165,4,Camera,True,C037
P057,C432,2,PCB,True,C049
P057,C020,1,Memory,True,C022
P057,C474,1,Connectivity,True,
P057,C121,1,Sensor,False,
P057,C144,2,Battery,True,
P057,C258,2,Processor,False,C023
P057,C106,1,Connectivity,True,C009
P057,C208,1,PCB,False,
P057,C268,1,Memory,True,C020
P057,C500,1,Display,True,C033
P057,C460,4,Processor,True,C005
P057,C031,1,Battery,True,C010
P057,C294,1,PCB,True,C076
P057,C296,2,Connector,True,
P057,C446,4,Camera,True,C006
P057,C210,2,Connector,False,C004
P058,C303,1,Connector,False,
P058,C065,2,Display,False,
P058,C009,4,Connectivity,True,C007
P058,C473,4,Display,False,C033
P058,C431,4,Sensor,True,
P058,C421,1,Processor,False,C005
P058,C447,1,Processor,False,C005
P058,C459,1,Processor,True,C001
P058,C046,2,Connector,True,
P058,C437,1,Display,True,
P058,C477,2,Battery,True,C016
P058,C308,2,Battery,True,
P058,C414,4,Camera,False,
P058,C101,1,Display,False,
P058,C069,1,Chassis,True,C011
P058,C148,4,Chassis,False,C017
P058,C330,1,Display,False,
P058,C428,4,Chassis,False,C011
P058,C097,1,Sensor,True,
P058,C293,1,Processor,False,
P058,C426,1,Memory,True,C020
P058,C309,4,Connectivity,False,C007
P058,C492,1,Chassis,True,C017
P058,C398,1,Battery,False,C012
P058,C017,2,Chassis,True,C021
P058,C254,1,Processor,True,
P058,C347,1,Battery,True,
P058,C433,2,Connector,True,C004
P058,C012,1,Battery,True,
P058,C138,1,Display,False,C045
P058,C486,4,Camera,True,
P058,C124,2,Battery,True,
P058,C007,2,Connectivity,True,
P058,C494,1,Memory,False,C020
P058,C076,2,PCB,False,C105
P058,C491,1,Chassis,True,C011
P058,C168,1,Connector,True,C004
P058,C122,1,Memory,True,C028
P058,C233,1,Processor,True,C001
P058,C206,1,Sensor,False,
P058,C015,2,Sensor,True,C014
P058,C106,2,Connectivity,True,
P058,C191,2,Connectivity,True,
P058,C121,4,Sensor,False,C015
P058,C320,4,Connector,True,C030
P058,C093,1,Display,False,C013
P058,C363,1,PCB,True,C076
P058,C457,4,Camera,True,C006
P058,C025,1,Sensor,False,
P058,C463,1,Connectivity,True,
P059,C114,4,Sensor,True,C019
P059,C243,4,Camera,True,C006
P059,C253,4,Memory,True,
P059,C025,2,Sensor,False,
P059,C280,1,Connectivity,False,C002
P059,C319,2,Connectivity,True,C002
P059,C339,1,Memory,True,
P059,C043,1,Battery,False,C012
P059,C354,2,Connector,True,C029
P059,C055,2,Processor,True,C005
P059,C042,1,Sensor,False,C014
P059,C125,1,Sensor,True,C003
P059,C028,1,Memory,False,C020
P059,C315,2,Processor,False,
P059,C183,1,Memory,True,C018
P059,C003,2,Sensor,True,C019
P059,C459,2,Processor,True,C001
P059,C304,2,PCB,True,
P059,C303,4,Connector,False,C004
P059,C137,2,Connector,False,
P059,C212,2,Display,False,
P059,C002,2,Connectivity,False,
P059,C160,1,Sensor,True,C015
P059,C409,1,Connectivity,False,C027
P059,C001,2,Processor,True,C050
P059,C328,1,Processor,True,C001
P059,C390,2,Battery,False,
P059,C061,4,Processor,True,C005
P059,C343,1,Display,False,C013
P059,C076,1,PCB,False,C105
P059,C205,4,Battery,False,
P059,C384,1,Display,False,C045
P059,C445,1,Memory,False,C018
P059,C267,1,Memory,True,
P059,C170,4,Sensor,True,C003
P059,C271,2,Camera,True,C008
P059,C166,2,Camera,True,
P059,C249,2,Battery,False,C010
P059,C153,1,Chassis,True,
P059,C105,1,PCB,True,C076
P059,C204,2,Battery,True,C016
P059,C482,2,Connectivity,False,
P059,C365,2,Memory,True,
P059,C470,1,Sensor,False,
P059,C294,2,PCB,True,C076
P059,C261,1,Display,False,
P059,C088,1,Battery,True,C012
P059,C376,4,Display,True,C045
P059,C176,1,Connector,False,C029
P059,C308,1,Battery,True,
P060,C030,1,Connector,False,C035
P060,C356,4,Memory,True,
P060,C082,1,Battery,True,C012
P060,C179,1,Connectivity,False,
P060,C466,1,Chassis,True,C011
P060,C246,1,Connectivity,True,C007
P060,C340,2,Sensor,True,C003
P060,C395,2,PCB,False,
P060,C279,4,Battery,False,C012
P060,C352,2,Processor,False,C001
P060,C286,4,Connector,True,C004
P060,C169,2,PCB,True,
P060,C439,2,Memory,True,C020
P060,C405,1,Connector,False,C029
P060,C187,1,Sensor,True,C003
P060,C212,1,Display,False,C033
P060,C301,1,PCB,True,C024
P060,C332,4,Camera,True,
P060,C015,1,Sensor,True,C014
P060,C357,1,Connectivity,False,C009
P060,C061,2,Processor,True,
P060,C329,1,Memory,False,
P060,C085,1,Camera,True,
P060,C019,1,Sensor,True,C015
P060,C326,1,Processor,False,C005
P060,C006,1,Camera,False,
P060,C041,1,Connectivity,False,C007
P060,C496,4,Display,True,C033
P060,C165,1,Camera,True,C008
P060,C150,1,Display,False,
P060,C155,4,Camera,False,C008
P060,C415,2,Display,True,C045
P060,C499,1,Memory,True,C018
P060,C256,2,Connectivity,True,
P060,C481,2,Processor,False,C001
P060,C364,2,Processor,True,
P060,C275,1,Battery,True,C016
P060,C242,1,Chassis,False,
P060,C477,2,Battery,True,C016
P060,C103,2,Display,False,
P060,C371,4,Camera,False,C006
P060,C060,2,Chassis,True,C021
P060,C173,2,Camera,False,C006
P060,C294,2,PCB,True,C076
P060,C043,4,Battery,False,C016
P060,C312,1,Connector,False,C004
P060,C287,2,Display,True,
P060,C154,1,Camera,True,
P060,C311,1,Connectivity,False,
P060,C488,1,Connector,False,C030
P061,C080,1,Connector,True,C004
P061,C363,2,PCB,True,
P061,C193,1,Battery,False,C012
P061,C429,2,PCB,True,C024
P061,C132,1,Processor,False,
P061,C312,1,Connector,False,
P061,C477,4,Battery,True,
P061,C460,4,Processor,True,C001
P061,C269,2,Memory,False,
P061,C370,1,Memory,True,C018
P061,C396,1,Sensor,False,
P061,C096,1,Chassis,False,C021
P061,C343,4,Display,False,
P061,C499,2,Memory,True,C018
P061,C334,4,Camera,False,
P061,C184,1,Display,True,
P061,C458,1,Sensor,False,
P061,C272,1,Chassis,True,C021
P061,C123,1,Sensor,False,
P061,C130,1,Display,False,C013
P061,C157,1,PCB,False,C049
P061,C068,2,Processor,True,C023
P061,C238,2,Display,False,
P061,C053,2,Battery,True,C012
P061,C030,4,Connector,False,C004
P061,C351,2,Camera,False,C008
P061,C091,2,Connector,True,C004
P061,C097,1,Sensor,True,C003
P061,C084,1,Display,False,C013
P061,C222,1,Memory,False,C028
P061,C079,4,Connectivity,False,
P061,C117,1,Sensor,False,C015
P061,C306,1,Battery,False,C010
P061,C265,1,Connector,True,
P061,C453,4,Chassis,True,C017
P061,C140,1,Camera,True,
P061,C279,1,Battery,False,C016
P061,C330,2,Display,False,
P061,C400,2,Camera,True,C006
P061,C112,1,Connectivity,False,
P061,C228,2,Battery,False,C016
P061,C437,2,Display,True,C013
P061,C486,4,Camera,True,
P061,C208,1,PCB,False,
P061,C415,2,Display,True,C013
P061,C087,2,Memory,False,C018
P061,C398,1,Battery,False,
P061,C046,2,Connector,True,C029
P061,C337,1,Camera,True,
P061,C498,1,Display,False,C013
P062,C263,2,Memory,True,C020
P062,C377,1,Camera,True,C008
P062,C244,4,Camera,False,C006
P062,C002,1,Connectivity,False,
P062,C136,1,Sensor,True,C014
P062,C339,2,Memory,True,
P062,C370,1,Memory,True,C018
P062,C423,1,Battery,False,C012
P062,C279,2,Battery,False,C016
P062,C069,2,Chassis,True,C021
P062,C005,1,Processor,False,C001
P062,C178,2,Connectivity,False,C007
P062,C194,2,Connectivity,False,C007
P062,C233,2,Processor,True,C001
P062,C210,2,Connector,False,C030
P062,C148,1,Chassis,False,C021
P062,C174,2,Camera,True,C037
P062,C117,1,Sensor,False,C003
P062,C342,2,Display,False,
P062,C242,1,Chassis,False,
P062,C161,2,Camera,True,C037
P062,C385,2,PCB,True,C076
P062,C382,2,Camera,True,
P062,C066,4,Camera,False,C008
P062,C260,1,Processor,True,C005
P062,C202,2,Camera,True,C008
P062,C145,2,Camera,True,
P062,C318,2,Sensor,True,C003
P062,C283,1,Connectivity,True,C009
P062,C334,1,Camera,False,C037
P062,C100,1,Connectivity,True,
P062,C360,4,Connector,True,C029
P062,C251,1,Display,True,C013
P062,C331,1,Chassis,False,C021
P062,C320,1,Connector,True,
P062,C399,1,Battery,True,C010
P062,C027,1,Connectivity,False,
P062,C435,2,Processor,False,
P062,C241,1,Memory,False,
P062,C014,1,Sensor,False,C019
P062,C500,4,Display,True,
P062,C177,4,Processor,True,C001
P062,C049,1,PCB,True,C076
P062,C356,2,Memory,True,C022
P062,C338,2,Chassis,False,C011
P062,C276,2,Connectivity,True,C007
P062,C181,2,Processor,True,
P062,C345,1,PCB,False,C024
P062,C481,1,Processor,False,
P062,C421,1,Processor,False,C023
P063,C034,1,Connectivity,False,
P063,C123,1,Sensor,False,
P063,C324,1,Connectivity,True,
P063,C280,2,Connectivity,False,C007
P063,C253,2,Memory,True,C018
P063,C094,1,Connectivity,False,
P063,C117,4,Sensor,False,C003
P063,C178,1,Connectivity,False,C002
P063,C020,4,Memory,True,C018
P063,C421,1,Processor,False,
P063,C330,4,Display,False,C013
P063,C054,2,Sensor,False,C015
P063,C028,1,Memory,False,
P063,C224,1,PCB,False,
P063,C475,4,Chassis,False,C011
P063,C247,2,Battery,False,C010
P063,C151,1,Memory,False,
P063,C316,1,Processor,False,
P063,C112,1,Connectivity,False,C002
P063,C403,1,Display,False,
P063,C410,4,Battery,True,C026
P063,C278,4,Display,True,C033
P063,C214,4,PCB,False,
P063,C251,1,Display,True,
P063,C037,1,Camera,False,C006
P063,C129,2,Battery,True,
P063,C071,1,Camera,True,
P063,C448,1,Battery,False,C012
P063,C261,2,Display,False,
P063,C429,4,PCB,True,
P063,C499,1,Memory,True,
P063,C234,1,Processor,False,C001
P063,C470,2,Sensor,False,
P063,C480,2,Camera,True,
P063,C255,4,Memory,True,C022
P063,C387,2,PCB,True,C049
P063,C490,1,Connectivity,False,
P063,C084,1,Display,False,C033
P063,C061,2,Processor,True,
P063,C360,1,Connector,True,
P063,C442,4,Camera,False,C008
P063,C003,1,Sensor,True,
P063,C333,1,Processor,True,C001
P063,C478,1,Connectivity,False,C007
P063,C399,1,Battery,True,
P063,C291,4,Connectivity,False,
P063,C242,1,Chassis,False,
P063,C089,1,Display,False,
P063,C285,1,Memory,True,C018
P063,C303,2,Connector,False,C004
P064,C450,2,Connectivity,False,
P064,C157,2,PCB,False,C076
P064,C379,1,Processor,True,C001
P064,C369,2,Memory,False,
P064,C340,2,Sensor,True,
P064,C264,4,Memory,True,C020
P064,C409,1,Connectivity,False,C027
P064,C191,2,Connectivity,True,C002
P064,C448,2,Battery,False,
P064,C002,1,Connectivity,False,
P064,C079,1,Connectivity,False,
P064,C058,1,Display,True,
P064,C060,1,Chassis,True,
P064,C158,2,Memory,True,C020
P064,C068,1,Processor,True,C023
P064,C009,2,Connectivity,True,C007
P064,C407,4,Sensor,True,C014
P064,C124,1,Battery,True,
P064,C497,1,PCB,False,C076
P064,C154,1,Camera,True,C008
P064,C238,2,Display,False,
P064,C306,1,Battery,False,C016
P064,C412,1,Memory,True,C020
P064,C156,2,Sensor,True,
P064,C133,4,Chassis,False,
P064,C468,1,Connector,True,C030
P064,C263,2,Memory,True,
P064,C111,4,PCB,True,
P064,C239,1,PCB,False,C024
P064,C159,2,PCB,False,C049
P064,C165,1,Camera,True,
P064,C147,2,Display,False,
P064,C205,2,Battery,False,
P064,C173,2,Camera,False,C037
P064,C267,2,Memory,True,
P064,C185,1,PCB,False,C049
P064,C261,1,Display,False,
P064,C142,1,Camera,False,
P064,C344,2,Camera,True,C008
P064,C168,1,Connector,True,
P064,C048,1,Memory,False,
P064,C102,1,Connectivity,True,C007
P064,C052,1,Memory,False,
P064,C430,1,PCB,True,
P064,C311,2,Connectivity,False,
P064,C055,1,Processor,True,C005
P064,C004,4,Connector,False,C029
P064,C473,1,Display,False,
P064,C082,1,Battery,True,C012
P064,C204,2,Battery,True,
P065,C145,1,Camera,True,
P065,C389,2,Chassis,False,
P065,C247,1,Battery,False,C012
P065,C218,2,Connectivity,False,C009
P065,C352,4,Processor,False,C023
P065,C155,1,Camera,False,
P065,C364,1,Processor,True,
P065,C283,1,Connectivity,True,
P065,C419,2,Sensor,False,C015
P065,C344,1,Camera,True,C008
P065,C261,1,Display,False,C045
P065,C302,4,PCB,False,
P065,C363,1,PCB,True,
P065,C014,2,Sensor,False,C019
P065,C095,1,Processor,True,C005
P065,C221,1,Processor,False,C005
P065,C053,1,Battery,True,C012
P065,C206,2,Sensor,False,
P065,C234,1,Processor,False,C005
P065,C135,2,Chassis,True,
P065,C150,1,Display,False,C013
P065,C262,1,PCB,True,C049
P065,C210,2,Connector,False,
P065,C176,4,Connector,False,
P065,C099,1,Camera,False,C008
P065,C298,1,Camera,True,C006
P065,C259,1,Memory,True,C022
P065,C339,2,Memory,True,C018
P065,C023,4,Processor,False,
P065,C219,1,Battery,True,C016
P065,C214,1,PCB,False,C024
P065,C274,4,Battery,True,
P065,C421,2,Processor,False,C023
P065,C432,1,PCB,True,C076
P065,C180,4,Processor,False,C001
P065,C256,1,Connectivity,True,
P065,C118,2,Battery,True,C010
P065,C164,2,Memory,False,
P065,C197,1,Processor,False,C001
P065,C482,2,Connectivity,False,
P065,C080,2,Connector,True,C004
P065,C061,2,Processor,True,
P065,C370,1,Memory,True,C020
P065,C193,1,Battery,False,C010
P065,C296,1,Connector,True,C030
P065,C476,1,Battery,True,C010
P065,C428,2,Chassis,False,
P065,C338,1,Chassis,False,C011
P065,C491,1,Chassis,True,C011
P065,C424,2,Display,True,C045
P066,C154,1,Camera,True,C006
P066,C001,1,Processor,True,C005
P066,C382,2,Camera,True,
P066,C170,1,Sensor,True,
P066,C194,1,Connectivity,False,
P066,C242,1,Chassis,False,C021
P066,C123,2,Sensor,False,C003
P066,C293,4,Processor,False,C001
P066,C445,4,Memory,False,
P066,C186,2,Processor,False,C005
P066,C143,1,Connector,False,C029
P066,C139,1,Connectivity,True,
P066,C029,1,Connector,True,C030
P066,C132,2,Processor,False,C023
P066,C081,2,Display,False,
P066,C263,4,Memory,True,
P066,C055,1,Processor,True,
P066,C243,2,Camera,True,
P066,C448,1,Battery,False,C012
P066,C459,1,Processor,True,
P066,C361,4,Connectivity,True,
P066,C161,4,Camera,True,C008
P066,C463,2,Connectivity,True,C007
P066,C304,1,PCB,True,
P066,C388,2,Battery,False,C010
P066,C291,1,Connectivity,False,C002
P066,C142,1,Camera,False,C008
P066,C240,1,Display,False,C045
P066,C149,1,Processor,True,C023
P066,C464,1,Connector,True,C004
P066,C457,1,Camera,True,
P066,C110,2,Connector,True,C004
P066,C100,2,Connectivity,True,C007
P066,C322,1,Sensor,False,C014
P066,C308,2,Battery,True,
P066,C468,2,Connector,True,
P066,C446,1,Camera,True,
P066,C348,4,Chassis,False,
P066,C083,1,Processor,True,C005
P066,C281,2,Connector,True,C029
P066,C456,1,Camera,False,C037
P066,C015,2,Sensor,True,C014
P066,C490,4,Connectivity,False,C002
P066,C019,1,Sensor,True,
P066,C489,1,Processor,False,C023
P066,C024,1,PCB,True,
P066,C346,2,Memory,False,C018
P066,C214,1,PCB,False,C024
P066,C159,1,PCB,False,C024
P066,C199,1,Connector,False,C030
P067,C346,1,Memory,False,C020
P067,C357,2,Connectivity,False,C007
P067,C355,1,Chassis,True,
P067,C136,1,Sensor,True,
P067,C381,1,Sensor,False,C014
P067,C419,2,Sensor,False,C015
P067,C099,2,Camera,False,C006
P067,C045,2,Display,True,C058
P067,C429,2,PCB,True,
P067,C191,1,Connectivity,True,C007
P067,C412,2,Memory,True,
P067,C122,4,Memory,True,C020
P067,C432,1,PCB,True,C024
P067,C053,1,Battery,True,
P067,C277,2,Display,True,C013
P067,C036,1,Connectivity,True,
P067,C472,4,Memory,False,C018
P067,C215,2,PCB,False,
P067,C496,2,Display,True,C013
P067,C039,1,Sensor,False,C003
P067,C095,2,Processor,True,C005
P067,C218,1,Connectivity,False,C002
P067,C097,4,Sensor,True,C015
P067,C035,4,Connector,False,
P067,C500,2,Display,True,C033
P067,C034,1,Connectivity,False,C002
P067,C313,1,Camera,True,C037
P067,C086,1,Memory,False,
P067,C385,2,PCB,True,C049
P067,C453,2,Chassis,True,C017
P067,C208,1,PCB,False,C049
P067,C065,2,Display,False,
P067,C270,2,Sensor,True,
P067,C231,1,Processor,True,C005
P067,C006,1,Camera,False,C044
P067,C367,2,Connector,False,C030
P067,C394,2,Battery,False,C016
P067,C123,1,Sensor,False,C014
P067,C091,2,Connector,True,
P067,C152,2,Camera,False,C037
P067,C151,1,Memory,False,C022
P067,C330,2,Display,False,C033
P067,C296,1,Connector,True,C029
P067,C061,4,Processor,True,
P067,C184,1,Display,True,C033
P067,C146,1,Sensor,False,C015
P067,C131,1,Sensor,False,C003
P067,C106,1,Connectivity,True,
P067,C172,2,PCB,False,
P067,C033,1,Display,True,
P068,C292,4,Battery,True,C010
P068,C264,2,Memory,True,C020
P068,C039,4,Sensor,False,C003
P068,C153,1,Chassis,True,C021
P068,C377,2,Camera,True,
P068,C257,1,Processor,False,
P068,C411,2,Memory,False,C020
P068,C364,1,Processor,True,
P068,C082,2,Battery,True,C012
P068,C184,2,Display,True,
P068,C203,2,PCB,False,C076
P068,C083,1,Processor,True,C023
P068,C456,4,Camera,False,C037
P068,C299,1,Processor,True,C001
P068,C301,1,PCB,True,
P068,C164,1,Memory,False,C018
P068,C357,1,Connectivity,False,C007
P068,C303,1,Connector,False,C004
P068,C310,1,Connector,True,C029
P068,C309,1,Connectivity,False,
P068,C029,2,Connector,True,
P068,C414,1,Camera,False,C037
P068,C473,4,Display,False,C045
P068,C024,1,PCB,True,C049
P068,C395,1,PCB,False,C024
P068,C019,1,Sensor,True,C014
P068,C051,2,Connectivity,False,C002
P068,C208,2,PCB,False,C076
P068,C060,1,Chassis,True,C011
P068,C067,4,Processor,False,
P068,C249,4,Battery,False,
P068,C273,4,Battery,True,C010
P068,C258,2,Processor,False,
P068,C391,4,Processor,True,C005
P068,C425,4,Connector,True,C004
P068,C489,1,Processor,False,C023
P068,C386,2,Connector,True,C004
P068,C490,1,Connectivity,False,
P068,C487,1,Processor,True,C005
P068,C102,4,Connectivity,True,C009
P068,C142,2,Camera,False,
P068,C192,2,PCB,False,
P068,C090,4,Chassis,False,C017
P068,C289,1,Display,False,C045
P068,C209,4,Camera,False,C008
P068,C066,2,Camera,False,C006
P068,C460,1,Processor,True,C005
P068,C214,1,PCB,False,
P068,C129,4,Battery,True,
P068,C182,2,Connectivity,True,
P069,C485,2,Connectivity,False,C002
P069,C314,1,Battery,True,C012
P069,C026,1,Battery,False,C016
P069,C050,2,Processor,False,
P069,C128,1,Memory,True,C018
P069,C384,1,Display,False,
P069,C189,2,PCB,True,
P069,C249,1,Battery,False,C010
P069,C132,4,Processor,False,C023
P069,C196,2,Sensor,False,
P069,C241,2,Memory,False,C020
P069,C482,1,Connectivity,False,
P069,C123,1,Sensor,False,C015
P069,C162,4,Chassis,True,
P069,C470,4,Sensor,False,C014
P069,C103,4,Display,False,
P069,C461,1,Battery,True,
P069,C089,1,Display,False,C033
P069,C390,1,Battery,False,
P069,C137,4,Connector,False,
P069,C301,1,PCB,True,
P069,C059,4,Chassis,False,
P069,C013,1,Display,True,C045
P069,C405,1,Connector,False,
P069,C389,1,Chassis,False,C017
P069,C441,2,Camera,True,
P069,C465,4,Display,False,
P069,C469,1,Memory,False,C020
P069,C203,1,PCB,False,C049
P069,C264,2,Memory,True,C020
P069,C316,1,Processor,False,
P069,C038,1,Chassis,True,
P069,C138,1,Display,False,C033
P069,C007,1,Connectivity,True,
P069,C291,1,Connectivity,False,C007
P069,C265,2,Connector,True,
P069,C207,2,Processor,True,C001
P069,C414,2,Camera,False,C037
P069,C429,2,PCB,True,
P069,C106,1,Connectivity,True,C007
P069,C444,1,Display,True,C013
P069,C046,1,Connector,True,
P069,C218,2,Connectivity,False,
P069,C261,4,Display,False,C045
P069,C227,2,PCB,True,C076
P069,C021,2,Chassis,False,
P069,C213,1,Connectivity,False,C007
P069,C353,2,Chassis,True,C021
P069,C276,1,Connectivity,True,
P069,C365,1,Memory,True,
P070,C408,1,Connector,False,C030
P070,C208,1,PCB,False,
P070,C472,4,Memory,False,C020
P070,C303,4,Connector,False,
P070,C215,1,PCB,False,
P070,C253,2,Memory,True,
P070,C118,4,Battery,True,C016
P070,C371,4,Camera,False,
P070,C259,4,Memory,True,C018
P070,C296,2,Connector,True,C029
P070,C323,1,Camera,True,C008
P070,C304,1,PCB,True,
P070,C319,1,Connectivity,True,C002
P070,C014,4,Sensor,False,
P070,C229,2,PCB,True,
P070,C133,2,Chassis,False,C017
P070,C240,1,Display,False,C045
P070,C365,1,Memory,True,
P070,C492,1,Chassis,True,
P070,C053,1,Battery,True,
P070,C078,2,Connector,True,
P070,C087,4,Memory,False,C018
P070,C313,4,Camera,True,C006
P070,C441,2,Camera,True,
P070,C324,1,Connectivity,True,C009
P070,C104,1,Chassis,False,C011
P070,C162,4,Chassis,True,C017
P070,C469,2,Memory,False,
P070,C355,1,Chassis,True,C021
P070,C500,4,Display,True,C045
P070,C027,1,Connectivity,False,C002
P070,C048,1,Memory,False,C018
P070,C389,1,Chassis,False,C011
P070,C297,4,Connectivity,True,
P070,C171,1,PCB,False,C024
P070,C135,2,Chassis,True,C011
P070,C105,1,PCB,True,
P070,C420,1,Chassis,False,C011
P070,C391,1,Processor,True,C005
P070,C417,1,Memory,True,C022
P070,C221,2,Processor,False,C001
P070,C439,1,Memory,True,C018
P070,C372,1,Connectivity,True,C002
P070,C414,4,Camera,False,
P070,C254,1,Processor,True,C001
P070,C479,2,Connectivity,True,C007
P070,C216,2,Processor,False,C001
P070,C437,1,Display,True,C033
P070,C123,2,Sensor,False,C003
P070,C279,1,Battery,False,
P071,C308,1,Battery,True,
P071,C250,2,Camera,True,
P071,C352,4,Processor,False,C005
P071,C236,4,Sensor,True,C015
P071,C338,1,Chassis,False,C021
P071,C445,2,Memory,False,C020
P071,C137,1,Connector,False,
P071,C390,1,Battery,False,C016
P071,C313,2,Camera,True,
P071,C436,1,Battery,False,C012
P071,C345,2,PCB,False,
P071,C080,2,Connector,True,
P071,C464,1,Connector,True,
P071,C479,2,Connectivity,True,C009
P071,C465,1,Display,False,C033
P071,C205,2,Battery,False,
P071,C333,1,Processor,True,C001
P071,C061,1,Processor,True,C001
P071,C377,1,Camera,True,C037
P071,C194,1,Connectivity,False,C002
P071,C452,1,Sensor,False,C003
P071,C163,1,Sensor,True,C015
P071,C392,1,PCB,False,C049
P071,C252,2,Connectivity,True,C002
P071,C381,4,Sensor,False,C003
P071,C289,1,Display,False,C033
P071,C031,1,Battery,True,
P071,C418,1,PCB,True,
P071,C402,1,Processor,True,C001
P071,C384,2,Display,False,
P071,C417,2,Memory,True,
P071,C322,2,Sensor,False,C003
P071,C053,2,Battery,True,C016
P071,C005,2,Processor,False,
P071,C186,1,Processor,False,
P071,C233,4,Processor,True,C023
P071,C439,1,Memory,True,C020
P071,C208,4,PCB,False,
P071,C423,1,Battery,False,C012
P071,C475,1,Chassis,False,
P071,C203,1,PCB,False,
P071,C125,2,Sensor,True,
P071,C029,1,Connector,True,
P071,C113,1,Connector,True,
P071,C343,2,Display,False,C013
P071,C411,1,Memory,False,
P071,C471,1,Memory,True,C020
P071,C223,2,Connectivity,False,C002
P071,C332,1,Camera,True,C008
P071,C357,4,Connectivity,False,C002
P072,C265,2,Connector,True,C029
P072,C319,1,Connectivity,True,C009
P072,C298,2,Camera,True,
P072,C166,1,Camera,True,C006
P072,C160,2,Sensor,True,C014
P072,C048,2,Memory,False,C020
P072,C436,1,Battery,False,C012
P072,C189,1,PCB,True,C024
P072,C428,2,Chassis,False,
P072,C271,1,Camera,True,C037
P072,C090,2,Chassis,False,C021
P072,C139,1,Connectivity,True,
P072,C043,2,Battery,False,
P072,C239,1,PCB,False,
P072,C020,1,Memory,True,C022
P072,C273,4,Battery,True,C010
P072,C402,1,Processor,True,
P072,C083,1,Processor,True,C001
P072,C036,1,Connectivity,True,
P072,C248,1,Connector,True,C029
P072,C290,1,PCB,False,
P072,C347,2,Battery,True,C012
P072,C318,1,Sensor,True,
P072,C010,1,Battery,True,
P072,C174,2,Camera,True,C008
P072,C188,2,Processor,True,
P072,C167,2,Sensor,True,C014
P072,C447,2,Processor,False,C023
P072,C457,1,Camera,True,
P072,C483,2,Memory,True,
P072,C334,2,Camera,False,C006
P072,C418,2,PCB,True,
P072,C199,2,Connector,False,C029
P072,C341,1,Chassis,False,
P072,C237,2,PCB,False,
P072,C060,2,Chassis,True,C021
P072,C049,2,PCB,True,C105
P072,C289,2,Display,False,C013
P072,C152,1,Camera,False,C037
P072,C103,1,Display,False,C045
P072,C386,4,Connector,True,C030
P072,C243,2,Camera,True,
P072,C154,4,Camera,True,C008
P072,C230,1,Memory,True,
P072,C033,2,Display,True,
P072,C395,2,PCB,False,C049
P072,C017,1,Chassis,True,
P072,C093,2,Display,False,C045
P072,C396,1,Sensor,False,C003
P072,C495,2,Connectivity,True,
P073,C229,4,PCB,True,C024
P073,C464,2,Connector,True,C030
P073,C059,1,Chassis,False,
P073,C469,2,Memory,False,
P073,C299,1,Processor,True,C023
P073,C472,2,Memory,False,
P073,C144,1,Battery,True,
P073,C429,4,PCB,True,C076
P073,C058,2,Display,True,C033
P073,C173,2,Camera,False,C008
P073,C284,1,Connector,False,C030
P073,C187,4,Sensor,True,
P073,C354,1,Connector,True,C030
P073,C318,1,Sensor,True,
P073,C095,1,Processor,True,C005
P073,C451,4,Connectivity,True,C009
P073,C241,1,Memory,False,
P073,C192,1,PCB,False,
P073,C199,1,Connector,False,C004
P073,C364,2,Processor,True,C005
P073,C018,4,Memory,False,
P073,C007,2,Connectivity,True,
P073,C338,1,Chassis,False,C021
P073,C248,2,Connector,True,
P073,C439,2,Memory,True,C020
P073,C184,4,Display,True,
P073,C414,2,Camera,False,
P073,C431,4,Sensor,True,C014
P073,C240,2,Display,False,C033
P073,C012,2,Battery,True,
P073,C123,2,Sensor,False,C015
P073,C401,1,Chassis,True,C021
P073,C293,4,Processor,False,
P073,C461,1,Battery,True,C016
P073,C121,4,Sensor,False,C003
P073,C309,2,Connectivity,False,C027
P073,C019,2,Sensor,True,C015
P073,C261,4,Display,False,C033
P073,C443,2,Connectivity,True,
P073,C264,1,Memory,True,C022
P073,C231,1,Processor,True,C001
P073,C067,1,Processor,False,C005
P073,C057,1,Chassis,False,C021
P073,C088,1,Battery,True,
P073,C105,1,PCB,True,C049
P073,C337,2,Camera,True,C006
P073,C208,2,PCB,False,
P073,C407,2,Sensor,True,
P073,C084,1,Display,False,
P073,C180,4,Processor,False,C023
P074,C211,2,Battery,True,C016
P074,C484,2,Connectivity,False,C009
P074,C387,2,PCB,True,C049
P074,C097,1,Sensor,True,
P074,C193,1,Battery,False,
P074,C050,1,Processor,False,C001
P074,C153,1,Chassis,True,C017
P074,C239,1,PCB,False,C024
P074,C227,1,PCB,True,C049
P074,C074,2,Memory,True,C018
P074,C039,1,Sensor,False,C015
P074,C416,1,Connectivity,True,
P074,C035,1,Connector,False,
P074,C478,1,Connectivity,False,
P074,C407,4,Sensor,True,C014
P074,C205,1,Battery,False,C012
P074,C159,2,PCB,False,
P074,C480,2,Camera,True,C008
P074,C203,1,PCB,False,
P074,C456,1,Camera,False,
P074,C270,2,Sensor,True,
P074,C187,4,Sensor,True,C003
P074,C129,1,Battery,True,C016
P074,C199,1,Connector,False,C004
P074,C189,1,PCB,True,C076
P074,C151,1,Memory,False,C018
P074,C461,4,Battery,True,C012
P074,C242,4,Chassis,False,
P074,C230,2,Memory,True,C020
P074,C383,1,Camera,False,C037
P074,C479,1,Connectivity,True,C002
P074,C443,1,Connectivity,True,
P074,C351,1,Camera,False,
P074,C346,4,Memory,False,C020
P074,C213,1,Connectivity,False,C002
P074,C254,2,Processor,True,C005
P074,C085,4,Camera,True,C037
P074,C022,2,Memory,True,
P074,C395,2,PCB,False,
P074,C147,1,Display,False,C013
P074,C399,4,Battery,True,C012
P074,C366,2,Connector,True,C029
P074,C482,4,Connectivity,False,
P074,C442,4,Camera,False,
P074,C500,1,Display,True,
P074,C042,2,Sensor,False,C003
P074,C181,1,Processor,True,
P074,C084,4,Display,False,C033
P074,C412,1,Memory,True,C022
P074,C350,4,Memory,True,C020
P075,C300,2,Display,False,C033
P075,C114,1,Sensor,True,C003
P075,C411,1,Memory,False,C020
P075,C136,2,Sensor,True,C003
P075,C105,2,PCB,True,C049
P075,C045,1,Display,True,
P075,C174,4,Camera,True,C037
P075,C366,2,Connector,True,C029
P075,C070,2,Memory,True,
P075,C012,1,Battery,True,C026
P075,C171,2,PCB,False,
P075,C022,4,Memory,True,C028
P075,C405,2,Connector,False,
P075,C362,1,Connector,True,C030
P075,C345,4,PCB,False,
P075,C481,4,Processor,False,C023
P075,C406,2,PCB,True,C076
P075,C388,1,Battery,False,
P075,C266,2,Memory,False,
P075,C491,1,Chassis,True,C011
P075,C123,2,Sensor,False,C003
P075,C013,4,Display,True,
P075,C071,1,Camera,True,C008
P075,C292,1,Battery,True,
P075,C284,1,Connector,False,C029
P075,C355,2,Chassis,True,C021
P075,C327,1,Display,False,
P075,C319,4,Connectivity,True,
P075,C295,1,Display,True,
P075,C087,2,Memory,False,
P075,C184,2,Display,True,
P075,C209,1,Camera,False,C008
P075,C122,1,Memory,True,
P075,C256,2,Connectivity,True,
P075,C057,1,Chassis,False,C021
P075,C488,2,Connector,False,C004
P075,C422,4,Connector,True,C004
P075,C019,1,Sensor,True,
P075,C006,2,Camera,False,C044
P075,C191,4,Connectivity,True,C009
P075,C499,1,Memory,True,
P075,C353,1,Chassis,True,C017
P075,C397,2,Memory,False,C018
P075,C344,2,Camera,True,C037
P075,C227,4,PCB,True,C024
P075,C086,2,Memory,False,C018
P075,C217,1,Camera,False,
P075,C042,1,Sensor,False,C014
P075,C083,1,Processor,True,C023
P075,C007,1,Connectivity,True,
P076,C352,4,Processor,False,C005
P076,C363,2,PCB,True,
P076,C470,2,Sensor,False,C003
P076,C306,2,Battery,False,C010
P076,C447,2,Processor,False,C005
P076,C077,1,Sensor,True,C015
P076,C322,1,Sensor,False,
P076,C351,1,Camera,False,C006
P076,C100,4,Connectivity,True,C009
P076,C136,2,Sensor,True,
P076,C005,4,Processor,False,C001
P076,C453,1,Chassis,True,
P076,C246,1,Connectivity,True,C007
P076,C168,2,Connector,True,
P076,C448,1,Battery,False,C010
P076,C394,1,Battery,False,C010
P076,C161,4,Camera,True,C037
P076,C051,2,Connectivity,False,C009
P076,C443,1,Connectivity,True,
P076,C292,2,Battery,True,C016
P076,C268,2,Memory,True,C018
P076,C279,1,Battery,False,
P076,C473,1,Display,False,C013
P076,C439,4,Memory,True,C022
P076,C342,2,Display,False,C045
P076,C402,1,Processor,True,C023
P076,C232,2,Sensor,True,C014
P076,C423,1,Battery,False,C016
P076,C409,1,Connectivity,False,C007
P076,C102,1,Connectivity,True,
P076,C010,2,Battery,True,C012
P076,C382,2,Camera,True,
P076,C458,1,Sensor,False,C003
P076,C480,1,Camera,True,C008
P076,C377,4,Camera,True,
P076,C047,1,Connector,True,
P076,C320,2,Connector,True,C029
P076,C001,2,Processor,True,
P076,C247,4,Battery,False,C016
P076,C172,1,PCB,False,C076
P076,C099,1,Camera,False,C006
P076,C460,1,Processor,True,
P076,C128,1,Memory,True,C020
P076,C200,1,Processor,True,
P076,C045,2,Display,True,C058
P076,C058,4,Display,True,C033
P076,C092,2,Processor,False,
P076,C016,2,Battery,False,
P076,C054,1,Sensor,False,C015
P076,C034,2,Connectivity,False,C009
P077,C279,1,Battery,False,C012
P077,C305,1,Chassis,True,C017
P077,C366,4,Connector,True,C030
P077,C327,1,Display,False,C033
P077,C445,2,Memory,False,C020
P077,C246,2,Connectivity,True,C002
P077,C131,4,Sensor,False,
P077,C500,1,Display,True,C033
P077,C093,2,Display,False,
P077,C474,4,Connectivity,True,
P077,C415,4,Display,True,C013
P077,C029,1,Connector,True,
P077,C354,2,Connector,True,C030
P077,C073,2,Display,False,C045
P077,C397,2,Memory,False,C020
P077,C455,2,Chassis,True,C017
P077,C133,1,Chassis,False,C017
P077,C188,4,Processor,True,C005
P077,C351,2,Camera,False,C037
P077,C025,1,Sensor,False,C015
P077,C233,1,Processor,True,
P077,C160,2,Sensor,True,
P077,C053,4,Battery,True,C010
P077,C084,1,Display,False,C033
P077,C058,2,Display,True,
P077,C401,2,Chassis,True,C011
P077,C283,2,Connectivity,True,
P077,C414,2,Camera,False,
P077,C245,2,Connectivity,True,C007
P077,C214,2,PCB,False,C076
P077,C326,1,Processor,False,
P077,C262,1,PCB,True,
P077,C002,1,Connectivity,False,
P077,C436,1,Battery,False,C010
P077,C314,4,Battery,True,C016
P077,C032,2,Sensor,True,C014
P077,C102,1,Connectivity,True,C027
P077,C433,1,Connector,True,
P077,C235,2,Battery,True,
P077,C335,1,Connector,False,C004
P077,C124,4,Battery,True,C012
P077,C350,1,Memory,True,C018
P077,C290,2,PCB,False,C024
P077,C021,4,Chassis,False,C038
P077,C296,4,Connector,True,
P077,C145,1,Camera,True,
P077,C399,2,Battery,True,C010
P077,C451,4,Connectivity,True,
P077,C213,1,Connectivity,False,
P077,C068,4,Processor,True,
P078,C271,2,Camera,True,C008
P078,C129,1,Battery,True,
P078,C063,1,Battery,False,C010
P078,C119,1,Chassis,False,
P078,C451,2,Connectivity,True,C007
P078,C357,2,Connectivity,False,
P078,C134,1,Battery,True,C016
P078,C441,4,Camera,True,C037
P078,C103,4,Display,False,C013
P078,C293,1,Processor,False,C023
P078,C003,1,Sensor,True,
P078,C239,1,PCB,False,
P078,C461,4,Battery,True,C012
P078,C436,2,Battery,False,C016
P078,C400,1,Camera,True,C006
P078,C133,2,Chassis,False,C011
P078,C380,1,Memory,False,C020
P078,C429,1,PCB,True,C076
P078,C414,4,Camera,False,
P078,C314,4,Battery,True,C012
P078,C065,2,Display,False,
P078,C459,2,Processor,True,C001
P078,C493,1,Processor,True,C001
P078,C262,1,PCB,True,C024
P078,C404,4,Connector,False,C030
P078,C388,1,Battery,False,
P078,C157,2,PCB,False,
P078,C308,1,Battery,True,C010
P078,C087,1,Memory,False,C022
P078,C105,2,PCB,True,
P078,C249,1,Battery,False,C010
P078,C456,2,Camera,False,
P078,C029,4,Connector,True,
P078,C440,1,Camera,False,C037
P078,C387,1,PCB,True,C049
P078,C432,1,PCB,True,C049
P078,C049,2,PCB,True,C105
P078,C269,1,Memory,False,C018
P078,C022,2,Memory,True,C028
P078,C419,2,Sensor,False,C014
P078,C104,1,Chassis,False,C011
P078,C026,1,Battery,False,C010
P078,C092,1,Processor,False,C023
P078,C277,1,Display,True,C045
P078,C391,1,Processor,True,C005
P078,C153,2,Chassis,True,
P078,C402,4,Processor,True,C005
P078,C142,2,Camera,False,
P078,C136,1,Sensor,True,C003
P078,C212,2,Display,False,
P079,C460,4,Processor,True,
P079,C296,1,Connector,True,
P079,C039,4,Sensor,False,
P079,C360,1,Connector,True,C029
P079,C468,2,Connector,True,
P079,C399,4,Battery,True,C012
P079,C286,1,Connector,True,C029
P079,C456,2,Camera,False,C006
P079,C081,4,Display,False,
P079,C282,2,Connectivity,False,C009
P079,C015,2,Sensor,True,
P079,C080,2,Connector,True,
P079,C112,1,Connectivity,False,
P079,C464,1,Connector,True,
P079,C047,1,Connector,True,
P079,C075,2,Connector,False,
P079,C029,2,Connector,True,C004
P079,C495,2,Connectivity,True,C007
P079,C072,1,Processor,False,C001
P079,C056,1,Sensor,True,
P079,C069,1,Chassis,True,
P079,C311,1,Connectivity,False,
P079,C397,1,Memory,False,
P079,C129,4,Battery,True,
P079,C292,2,Battery,True,
P079,C478,4,Connectivity,False,C002
P079,C099,1,Camera,False,
P079,C366,2,Connector,True,C030
P079,C198,1,Connector,False,
P079,C004,4,Connector,False,
P079,C465,2,Display,False,
P079,C125,4,Sensor,True,C015
P079,C439,4,Memory,True,C018
P079,C461,2,Battery,True,
P079,C455,1,Chassis,True,C021
P079,C202,1,Camera,True,C037
P079,C042,1,Sensor,False,
P079,C280,1,Connectivity,False,C002
P079,C351,1,Camera,False,
P079,C077,2,Sensor,True,C015
P079,C429,2,PCB,True,C024
P079,C342,2,Display,False,
P079,C064,4,Chassis,False,C017
P079,C281,1,Connector,True,
P079,C263,2,Memory,True,C020
P079,C497,2,PCB,False,
P079,C289,1,Display,False,
P079,C438,1,Processor,False,C005
P079,C146,2,Sensor,False,
P079,C340,2,Sensor,True,
P080,C383,2,Camera,False,C006
P080,C055,1,Processor,True,C023
P080,C248,1,Connector,True,C030
P080,C068,1,Processor,True,
P080,C330,4,Display,False,
P080,C250,4,Camera,True,C008
P080,C483,2,Memory,True,C020
P080,C288,1,Chassis,True,C017
P080,C113,1,Connector,True,
P080,C007,2,Connectivity,True,
P080,C115,1,Connector,False,C004
P080,C140,2,Camera,True,C008
P080,C401,2,Chassis,True,C011
P080,C064,2,Chassis,False,C021
P080,C363,1,PCB,True,C024
P080,C361,1,Connectivity,True,C007
P080,C101,1,Display,False,C013
P080,C464,1,Connector,True,
P080,C160,1,Sensor,True,C014
P080,C381,4,Sensor,False,C003
P080,C011,4,Chassis,True,C017
P080,C146,1,Sensor,False,
P080,C276,4,Connectivity,True,C002
P080,C247,1,Battery,False,
P080,C312,1,Connector,False,C030
P080,C469,2,Memory,False,C022
P080,C208,2,PCB,False,C076
P080,C317,2,Battery,True,C012
P080,C212,1,Display,False,C045
P080,C348,1,Chassis,False,C021
P080,C290,4,PCB,False,C049
P080,C468,1,Connector,True,C004
P080,C052,2,Memory,False,C022
P080,C304,1,PCB,True,C049
P080,C096,2,Chassis,False,
P080,C319,1,Connectivity,True,C007
P080,C021,1,Chassis,False,C011
P080,C079,1,Connectivity,False,C009
P080,C069,2,Chassis,True,
P080,C473,2,Display,False,
P080,C235,2,Battery,True,C016
P080,C236,4,Sensor,True,C014
P080,C441,2,Camera,True,C037
P080,C184,1,Display,True,
P080,C117,4,Sensor,False,C003
P080,C037,1,Camera,False,C044
P080,C487,1,Processor,True,C001
P080,C192,2,PCB,False,C049
P080,C188,1,Processor,True,
P080,C273,1,Battery,True,C016
P081,C170,2,Sensor,True,C003
P081,C480,2,Camera,True,
P081,C056,4,Sensor,True,
P081,C483,1,Memory,True,C020
P081,C407,2,Sensor,True,
P081,C122,2,Memory,True,C028
P081,C314,4,Battery,True,C010
P081,C440,4,Camera,False,C006
P081,C394,4,Battery,False,C012
P081,C120,2,Camera,False,C008
P081,C236,1,Sensor,True,
P081,C231,2,Processor,True,C005
P081,C209,2,Camera,False,C037
P081,C274,4,Battery,True,C016
P081,C052,4,Memory,False,C018
P081,C254,2,Processor,True,
P081,C234,1,Processor,False,C005
P081,C322,2,Sensor,False,
P081,C397,2,Memory,False,C018
P081,C174,4,Camera,True,
P081,C082,1,Battery,True,C016
P081,C442,1,Camera,False,C006
P081,C240,1,Display,False,C045
P081,C439,1,Memory,True,C020
P081,C388,1,Battery,False,C012
P081,C162,2,Chassis,True,C017
P081,C429,1,PCB,True,C076
P081,C073,4,Display,False,
P081,C143,1,Connector,False,C030
P081,C283,2,Connectivity,True,C002
P081,C187,1,Sensor,True,
P081,C034,2,Connectivity,False,
P081,C068,1,Processor,True,C023
P081,C194,1,Connectivity,False,C009
P081,C428,1,Chassis,False,
P081,C224,4,PCB,False,C105
P081,C269,1,Memory,False,
P081,C386,4,Connector,True,
P081,C279,2,Battery,False,
P081,C488,1,Connector,False,C030
P081,C390,1,Battery,False,
P081,C199,2,Connector,False,C030
P081,C203,2,PCB,False,
P081,C481,2,Processor,False,
P081,C256,2,Connectivity,True,
P081,C421,4,Processor,False,
P081,C049,4,PCB,True,C105
P081,C063,4,Battery,False,C010
P081,C064,1,Chassis,False,C021
P081,C382,1,Camera,True,
P082,C470,1,Sensor,False,
P082,C130,1,Display,False,C045
P082,C230,1,Memory,True,
P082,C191,2,Connectivity,True,C002
P082,C273,1,Battery,True,C010
P082,C420,4,Chassis,False,C017
P082,C455,4,Chassis,True,C017
P082,C225,2,Connectivity,False,C007
P082,C389,1,Chassis,False,
P082,C046,4,Connector,True,C029
P082,C351,2,Camera,False,C006
P082,C372,1,Connectivity,True,
P082,C294,1,PCB,True,
P082,C381,4,Sensor,False,
P082,C395,2,PCB,False,C049
P082,C338,4,Chassis,False,C021
P082,C199,1,Connector,False,
P082,C356,1,Memory,True,C022
P082,C318,1,Sensor,True,
P082,C309,4,Connectivity,False,C007
P082,C358,2,Memory,False,
P082,C500,1,Display,True,
P082,C077,1,Sensor,True,
P082,C333,1,Processor,True,C001
P082,C418,1,PCB,True,C049
P082,C264,1,Memory,True,C020
P082,C041,4,Connectivity,False,
P082,C034,2,Connectivity,False,
P082,C474,1,Connectivity,True,C002
P082,C161,2,Camera,True,
P082,C249,1,Battery,False,C010
P082,C394,1,Battery,False,C010
P082,C180,2,Processor,False,C023
P082,C118,4,Battery,True,C012
P082,C109,1,Chassis,False,C017
P082,C101,2,Display,False,
P082,C281,1,Connector,True,C029
P082,C380,1,Memory,False,C018
P082,C270,1,Sensor,True,
P082,C469,2,Memory,False,C018
P082,C057,4,Chassis,False,C011
P082,C154,4,Camera,True,C006
P082,C487,4,Processor,True,C001
P082,C413,1,Connectivity,True,C009
P082,C288,1,Chassis,True,C011
P082,C354,1,Connector,True,C030
P082,C071,2,Camera,True,C006
P082,C369,1,Memory,False,
P082,C086,1,Memory,False,C022
P082,C024,1,PCB,True,
P083,C274,2,Battery,True,C010
P083,C188,1,Processor,True,
P083,C021,1,Chassis,False,C017
P083,C292,1,Battery,True,C012
P083,C359,2,Processor,True,C005
P083,C435,2,Processor,False,C001
P083,C105,1,PCB,True,C076
P083,C141,1,Battery,True,C012
P083,C357,4,Connectivity,False,
P083,C448,1,Battery,False,
P083,C003,4,Sensor,True,C015
P083,C458,1,Sensor,False,C003
P083,C369,2,Memory,False,
P083,C175,1,Camera,True,
P083,C156,4,Sensor,True,
P083,C150,1,Display,False,
P083,C121,1,Sensor,False,C003
P083,C281,2,Connector,True,
P083,C024,2,PCB,True,C105
P083,C174,1,Camera,True,C006
P083,C154,1,Camera,True,
P083,C219,1,Battery,True,
P083,C300,2,Display,False,
P083,C005,1,Processor,False,C050
P083,C366,1,Connector,True,C004
P083,C194,1,Connectivity,False,C007
P083,C444,1,Display,True,
P083,C374,1,Connectivity,False,C002
P083,C218,2,Connectivity,False,C009
P083,C482,1,Connectivity,False,
P083,C051,4,Connectivity,False,C009
P083,C387,2,PCB,True,C076
P083,C067,2,Processor,False,
P083,C074,1,Memory,True,C020
P083,C475,2,Chassis,False,
P083,C157,4,PCB,False,C024
P083,C344,1,Camera,True,C037
P083,C356,1,Memory,True,
P083,C401,1,Chassis,True,C021
P083,C176,2,Connector,False,C004
P083,C136,4,Sensor,True,C015
P083,C271,1,Camera,True,C008
P083,C134,1,Battery,True,C010
P083,C294,1,PCB,True,
P083,C006,4,Camera,False,C037
P083,C198,1,Connector,False,
P083,C455,1,Chassis,True,C017
P083,C036,4,Connectivity,True,
P083,C417,2,Memory,True,C020
P083,C013,2,Display,True,
P084,C468,1,Connector,True,
P084,C377,2,Camera,True,C006
P084,C306,2,Battery,False,C010
P084,C307,2,Battery,False,
P084,C122,1,Memory,True,C018
P084,C350,1,Memory,True,
P084,C109,1,Chassis,False,
P084,C154,2,Camera,True,C008
P084,C012,4,Battery,True,
P084,C047,2,Connector,True,
P084,C182,1,Connectivity,True,
P084,C202,1,Camera,True,
P084,C361,4,Connectivity,True,C007
P084,C007,2,Connectivity,True,C027
P084,C027,1,Connectivity,False,
P084,C103,4,Display,False,C013
P084,C277,1,Display,True,C033
P084,C304,2,PCB,True,C024
P084,C381,1,Sensor,False,C015
P084,C375,1,Processor,True,C001
P084,C065,1,Display,False,
P084,C150,1,Display,False,
P084,C220,2,Chassis,True,
P084,C059,4,Chassis,False,C021
P084,C386,2,Connector,True,
P084,C239,2,PCB,False,
P084,C196,1,Sensor,False,
P084,C188,1,Processor,True,
P084,C281,2,Connector,True,
P084,C463,4,Connectivity,True,C009
P084,C146,1,Sensor,False,C003
P084,C274,2,Battery,True,C016
P084,C169,2,PCB,True,C024
P084,C133,4,Chassis,False,C021
P084,C308,1,Battery,True,C012
P084,C190,2,Connectivity,True,C002
P084,C403,2,Display,False,C033
P084,C192,1,PCB,False,C024
P084,C096,1,Chassis,False,
P084,C253,2,Memory,True,
P084,C015,4,Sensor,True,C019
P084,C161,4,Camera,True,C006
P084,C217,1,Camera,False,C006
P084,C032,1,Sensor,True,C014
P084,C413,2,Connectivity,True,C009
P084,C398,2,Battery,False,C016
P084,C384,1,Display,False,
P084,C316,4,Processor,False,
P084,C167,1,Sensor,True,
P084,C199,1,Connector,False,C030
P085,C457,4,Camera,True,
P085,C438,1,Processor,False,C001
P085,C270,1,Sensor,True,C015
P085,C383,2,Camera,False,C008
P085,C012,2,Battery,True,
P085,C254,1,Processor,True,C005
P085,C464,2,Connector,True,C029
P085,C264,2,Memory,True,C022
P085,C176,2,Connector,False,C004
P085,C399,4,Battery,True,C016
P085,C244,2,Camera,False,C037
P085,C122,2,Memory,True,
P085,C041,2,Connectivity,False,
P085,C280,1,Connectivity,False,C009
P085,C068,1,Processor,True,
P085,C037,1,Camera,False,
P085,C064,2,Chassis,False,
P085,C444,2,Display,True,
P085,C350,2,Memory,True,
P085,C413,4,Connectivity,True,
P085,C201,1,Connector,True,C030
P085,C349,1,Chassis,True,C017
P085,C365,2,Memory,True,C020
P085,C200,2,Processor,True,C001
P085,C414,2,Camera,False,C037
P085,C403,2,Display,False,C045
P085,C284,1,Connector,False,C004
P085,C494,1,Memory,False,C020
P085,C482,1,Connectivity,False,
P085,C145,1,Camera,True,C037
P085,C440,1,Camera,False,C037
P085,C098,1,Battery,True,
P085,C387,1,PCB,True,C024
P085,C381,1,Sensor,False,C003
P085,C353,1,Chassis,True,C021
P085,C163,1,Sensor,True,
P085,C137,2,Connector,False,
P085,C425,1,Connector,True,C030
P085,C393,4,Connector,False,C029
P085,C391,1,Processor,True,C023
P085,C040,2,Connector,True,
P085,C382,4,Camera,True,
P085,C160,4,Sensor,True,
P085,C074,1,Memory,True,
P085,C329,4,Memory,False,C022
P085,C300,2,Display,False,C013
P085,C086,2,Memory,False,
P085,C186,2,Processor,False,C023
P085,C439,1,Memory,True,C020
P085,C008,2,Camera,False,C044
P086,C092,1,Processor,False,
P086,C051,1,Connectivity,False,C002
P086,C044,1,Camera,False,C037
P086,C040,1,Connector,True,
P086,C077,1,Sensor,True,C003
P086,C325,1,Connector,True,C030
P086,C078,1,Connector,True,
P086,C174,1,Camera,True,C006
P086,C405,1,Connector,False,C004
P086,C296,1,Connector,True,C030
P086,C441,2,Camera,True,
P086,C037,1,Camera,False,C044
P086,C357,1,Connectivity,False,
P086,C347,1,Battery,True,
P086,C346,4,Memory,False,C022
P086,C090,1,Chassis,False,
P086,C130,2,Display,False,
P086,C009,1,Connectivity,True,C002
P086,C080,1,Connector,True,C030
P086,C362,2,Connector,True,C029
P086,C302,1,PCB,False,C076
P086,C445,4,Memory,False,C020
P086,C178,2,Connectivity,False,C007
P086,C341,1,Chassis,False,
P086,C097,1,Sensor,True,
P086,C237,1,PCB,False,C049
P086,C404,1,Connector,False,
P086,C022,1,Memory,True,C028
P086,C488,2,Connector,False,C004
P086,C472,2,Memory,False,C020
P086,C413,2,Connectivity,True,C002
P086,C375,1,Processor,True,
P086,C259,1,Memory,True,C020
P086,C175,2,Camera,True,
P086,C474,1,Connectivity,True,C009
P086,C150,2,Display,False,C045
P086,C266,2,Memory,False,C020
P086,C205,2,Battery,False,C016
P086,C372,1,Connectivity,True,
P086,C456,1,Camera,False,C008
P086,C195,2,Chassis,True,
P086,C280,2,Connectivity,False,C002
P086,C338,2,Chassis,False,C017
P086,C434,1,Sensor,True,
P086,C451,1,Connectivity,True,C009
P086,C377,4,Camera,True,C037
P086,C486,2,Camera,True,C037
P086,C448,4,Battery,False,
P086,C158,1,Memory,True,
P086,C062,4,Battery,False,C010
P087,C014,1,Sensor,False,C019
P087,C064,2,Chassis,False,
P087,C007,1,Connectivity,True,C002
P087,C359,1,Processor,True,C005
P087,C121,4,Sensor,False,
P087,C039,1,Sensor,False,C014
P087,C001,2,Processor,True,
P087,C459,2,Processor,True,
P087,C336,1,Chassis,True,C011
P087,C484,1,Connectivity,False,
P087,C138,1,Display,False,
P087,C177,1,Processor,True,C001
P087,C282,2,Connectivity,False,
P087,C313,2,Camera,True,
P087,C153,1,Chassis,True,
P087,C224,4,PCB,False,
P087,C271,1,Camera,True,
P087,C101,1,Display,False,C033
P087,C472,4,Memory,False,
P087,C099,2,Camera,False,C006
P087,C483,1,Memory,True,
P087,C124,1,Battery,True,C010
P087,C338,2,Chassis,False,C011
P087,C422,4,Connector,True,C004
P087,C396,4,Sensor,False,C015
P087,C301,1,PCB,True,C076
P087,C032,1,Sensor,True,C015
P087,C456,1,Camera,False,C006
P087,C355,1,Chassis,True,
P087,C390,2,Battery,False,C012
P087,C137,4,Connector,False,
P087,C116,1,Battery,True,C012
P087,C081,2,Display,False,
P087,C395,4,PCB,False,
P087,C142,2,Camera,False,
P087,C145,1,Camera,True,C037
P087,C412,4,Memory,True,
P087,C035,1,Connector,False,C029
P087,C141,1,Battery,True,C012
P087,C004,2,Connector,False,C030
P087,C148,1,Chassis,False,
P087,C073,1,Display,False,
P087,C074,1,Memory,True,
P087,C492,1,Chassis,True,C011
P087,C102,4,Connectivity,True,C027
P087,C397,4,Memory,False,C018
P087,C378,1,Processor,False,
P087,C159,1,PCB,False,C076
P087,C070,2,Memory,True,C018
P087,C304,1,PCB,True,
P088,C247,2,Battery,False,
P088,C255,1,Memory,True,
P088,C427,1,Connectivity,True,C009
P088,C097,2,Sensor,True,
P088,C201,1,Connector,True,C004
P088,C385,4,PCB,True,C024
P088,C030,2,Connector,False,
P088,C118,1,Battery,True,C010
P088,C372,2,Connectivity,True,C007
P088,C129,2,Battery,True,C012
P088,C333,1,Processor,True,C023
P088,C108,2,Display,False,C013
P088,C155,4,Camera,False,
P088,C318,2,Sensor,True,C003
P088,C278,2,Display,True,
P088,C454,4,Connectivity,False,
P088,C379,1,Processor,True,
P088,C214,4,PCB,False,C076
P088,C279,1,Battery,False,
P088,C338,1,Chassis,False,C017
P088,C047,1,Connector,True,
P088,C065,1,Display,False,
P088,C093,2,Display,False,
P088,C111,1,PCB,True,C049
P088,C053,1,Battery,True,C012
P088,C124,1,Battery,True,C016
P088,C404,4,Connector,False,C029
P088,C166,1,Camera,True,C008
P088,C355,2,Chassis,True,C011
P088,C217,1,Camera,False,C037
P088,C105,4,PCB,True,
P088,C458,1,Sensor,False,C003
P088,C181,1,Processor,True,C023
P088,C109,1,Chassis,False,
P088,C349,1,Chassis,True,C017
P088,C081,1,Display,False,C045
P088,C261,1,Display,False,C033
P088,C197,4,Processor,False,C023
P088,C452,1,Sensor,False,
P088,C493,2,Processor,True,
P088,C442,2,Camera,False,
P088,C023,1,Processor,False,
P088,C244,1,Camera,False,C037
P088,C148,1,Chassis,False,C017
P088,C476,4,Battery,True,
P088,C177,1,Processor,True,
P088,C016,1,Battery,False,
P088,C149,4,Processor,True,C001
P088,C017,2,Chassis,True,C011
P088,C290,1,PCB,False,
P089,C342,1,Display,False,C013
P089,C013,1,Display,True,C058
P089,C023,4,Processor,False,C005
P089,C395,2,PCB,False,
P089,C304,4,PCB,True,C024
P089,C349,2,Chassis,True,C017
P089,C219,1,Battery,True,C012
P089,C346,4,Memory,False,C022
P089,C267,1,Memory,True,
P089,C146,2,Sensor,False,C015
P089,C269,1,Memory,False,C020
P089,C196,2,Sensor,False,C015
P089,C109,1,Chassis,False,
P089,C031,2,Battery,True,
P089,C002,4,Connectivity,False,
P089,C245,2,Connectivity,True,
P089,C295,4,Display,True,C013
P089,C044,1,Camera,False,
P089,C164,1,Memory,False,C022
P089,C140,4,Camera,True,C037
P089,C163,1,Sensor,True,C014
P089,C026,1,Battery,False,C010
P089,C125,1,Sensor,True,
P089,C128,1,Memory,True,
P089,C463,1,Connectivity,True,
P089,C383,1,Camera,False,C006
P089,C217,2,Camera,False,C037
P089,C014,1,Sensor,False,C003
P089,C308,4,Battery,True,
P089,C285,1,Memory,True,C018
P089,C435,1,Processor,False,C001
P089,C086,4,Memory,False,C018
P089,C228,1,Battery,False,C010
P089,C064,1,Chassis,False,C011
P089,C356,1,Memory,True,
P089,C150,4,Display,False,C013
P089,C166,1,Camera,True,
P089,C022,2,Memory,True,C018
P089,C333,1,Processor,True,C001
P089,C329,2,Memory,False,
P089,C457,1,Camera,True,C006
P089,C170,1,Sensor,True,C003
P089,C129,1,Battery,True,C016
P089,C053,2,Battery,True,C016
P089,C072,2,Processor,False,
P089,C277,4,Display,True,
P089,C370,1,Memory,True,
P089,C185,1,PCB,False,C049
P089,C380,2,Memory,False,C018
P089,C218,1,Connectivity,False,
P090,C432,2,PCB,True,
P090,C058,2,Display,True,
P090,C424,1,Display,True,
P090,C237,2,PCB,False,C049
P090,C337,4,Camera,True,
P090,C082,1,Battery,True,
P090,C145,2,Camera,True,C006
P090,C161,2,Camera,True,C006
P090,C040,2,Connector,True,
P090,C390,2,Battery,False,C012
P090,C157,2,PCB,False,
P090,C053,4,Battery,True,C012
P090,C401,1,Chassis,True,C021
P090,C493,1,Processor,True,C005
P090,C050,4,Processor,False,C005
P090,C500,2,Display,True,C013
P090,C461,1,Battery,True,
P090,C081,1,Display,False,C045
P090,C398,4,Battery,False,C012
P090,C177,1,Processor,True,C023
P090,C073,4,Display,False,C045
P090,C097,1,Sensor,True,
P090,C203,1,PCB,False,C049
P090,C043,1,Battery,False,
P090,C400,2,Camera,True,C037
P090,C301,2,PCB,True,C049
P090,C128,4,Memory,True,C022
P090,C158,1,Memory,True,C018
P090,C250,1,Camera,True,C037
P090,C208,1,PCB,False,
P090,C353,2,Chassis,True,C011
P090,C495,1,Connectivity,True,C007
P090,C496,4,Display,True,
P090,C071,4,Camera,True,
P090,C062,4,Battery,False,
P090,C481,1,Processor,False,C001
P090,C361,2,Connectivity,True,C009
P090,C457,4,Camera,True,
P090,C320,1,Connector,True,C030
P090,C219,1,Battery,True,
P090,C264,4,Memory,True,C020
P090,C395,1,PCB,False,C024
P090,C185,4,PCB,False,C076
P090,C475,2,Chassis,False,
P090,C013,1,Display,True,
P090,C084,2,Display,False,C033
P090,C106,2,Connectivity,True,C002
P090,C451,1,Connectivity,True,C007
P090,C195,1,Chassis,True,
P090,C148,1,Chassis,False,
P091,C056,1,Sensor,True,
P091,C137,1,Connector,False,
P091,C011,1,Chassis,True,C021
P091,C102,1,Connectivity,True,C027
P091,C147,1,Display,False,C033
P091,C391,2,Processor,True,C005
P091,C094,1,Connectivity,False,
P091,C210,2,Connector,False,
P091,C349,1,Chassis,True,C021
P091,C337,4,Camera,True,C006
P091,C472,1,Memory,False,C020
P091,C271,1,Camera,True,C037
P091,C133,1,Chassis,False,
P091,C267,2,Memory,True,C020
P091,C382,1,Camera,True,
P091,C150,2,Display,False,
P091,C048,4,Memory,False,C020
P091,C018,1,Memory,False,C022
P091,C032,1,Sensor,True,
P091,C008,2,Camera,False,C037
P091,C459,1,Processor,True,C023
P091,C043,1,Battery,False,C010
P091,C398,1,Battery,False,C010
P091,C109,1,Chassis,False,C017
P091,C399,2,Battery,True,
P091,C303,1,Connector,False,
P091,C475,2,Chassis,False,C021
P091,C059,4,Chassis,False,C021
P091,C037,1,Camera,False,
P091,C198,1,Connector,False,
P091,C040,2,Connector,True,C004
P091,C317,1,Battery,True,C012
P091,C083,1,Processor,True,
P091,C437,1,Display,True,C045
P091,C494,1,Memory,False,C018
P091,C228,1,Battery,False,
P091,C453,2,Chassis,True,C017
P091,C394,1,Battery,False,C012
P091,C404,4,Connector,False,C035
P091,C209,1,Camera,False,C037
P091,C410,1,Battery,True,
P091,C264,1,Memory,True,C020
P091,C232,1,Sensor,True,
P091,C055,1,Processor,True,
P091,C457,1,Camera,True,C006
P091,C285,2,Memory,True,C018
P091,C344,2,Camera,True,C008
P091,C128,4,Memory,True,
P091,C263,2,Memory,True,C022
P091,C418,2,PCB,True,
P092,C409,2,Connectivity,False,
P092,C380,2,Memory,False,
P092,C056,2,Sensor,True,C003
P092,C366,1,Connector,True,C030
P092,C045,2,Display,True,C058
P092,C382,2,Camera,True,
P092,C343,4,Display,False,C013
P092,C319,2,Connectivity,True,
P092,C169,1,PCB,True,C024
P092,C470,2,Sensor,False,C003
P092,C370,1,Memory,True,
P092,C133,1,Chassis,False,
P092,C137,4,Connector,False,C004
P092,C013,4,Display,True,C033
P092,C211,1,Battery,True,
P092,C308,2,Battery,True,
P092,C139,1,Connectivity,True,
P092,C488,2,Connector,False,C029
P092,C067,2,Processor,False,
P092,C492,2,Chassis,True,C021
P092,C118,4,Battery,True,C010
P092,C304,1,PCB,True,
P092,C490,2,Connectivity,False,C002
P092,C062,1,Battery,False,C012
P092,C011,1,Chassis,True,C038
P092,C373,1,Chassis,False,C017
P092,C313,1,Camera,True,
P092,C452,1,Sensor,False,
P092,C123,1,Sensor,False,C015
P092,C456,4,Camera,False,C008
P092,C468,2,Connector,True,
P092,C493,2,Processor,True,C005
P092,C094,1,Connectivity,False,
P092,C444,1,Display,True,
P092,C280,2,Connectivity,False,
P092,C029,1,Connector,True,C030
P092,C473,1,Display,False,C033
P092,C177,2,Processor,True,C023
P092,C074,4,Memory,True,C018
P092,C043,2,Battery,False,C010
P092,C274,2,Battery,True,C016
P092,C039,1,Sensor,False,
P092,C017,2,Chassis,True,
P092,C467,2,Processor,False,
P092,C193,2,Battery,False,C010
P092,C141,2,Battery,True,
P092,C051,2,Connectivity,False,C002
P092,C390,2,Battery,False,C016
P092,C233,1,Processor,True,C023
P092,C010,1,Battery,True,C026
P093,C276,1,Connectivity,True,C007
P093,C135,4,Chassis,True,C017
P093,C114,1,Sensor,True,C015
P093,C260,2,Processor,True,C023
P093,C006,1,Camera,False,C044
P093,C274,1,Battery,True,C010
P093,C108,1,Display,False,
P093,C066,1,Camera,False,C006
P093,C490,2,Connectivity,False,C002
P093,C324,1,Connectivity,True,
P093,C075,1,Connector,False,
P093,C078,2,Connector,True,C030
P093,C240,1,Display,False,C045
P093,C151,1,Memory,False,
P093,C293,1,Processor,False,
P093,C194,2,Connectivity,False,C002
P093,C242,1,Chassis,False,
P093,C446,1,Camera,True,C006
P093,C092,4,Processor,False,C023
P093,C156,1,Sensor,True,
P093,C317,2,Battery,True,C012
P093,C083,2,Processor,True,C023
P093,C482,1,Connectivity,False,C007
P093,C121,2,Sensor,False,C003
P093,C476,1,Battery,True,C012
P093,C489,1,Processor,False,C023
P093,C187,2,Sensor,True,
P093,C096,1,Chassis,False,
P093,C039,1,Sensor,False,C014
P093,C495,1,Connectivity,True,
P093,C281,2,Connector,True,C029
P093,C442,2,Camera,False,C008
P093,C282,1,Connectivity,False,
P093,C221,1,Processor,False,
P093,C166,2,Camera,True,C006
P093,C443,2,Connectivity,True,C007
P093,C424,4,Display,True,C045
P093,C181,4,Processor,True,C001
P093,C417,4,Memory,True,C020
P093,C458,4,Sensor,False,C014
P093,C005,1,Processor,False,C050
P093,C305,1,Chassis,True,C017
P093,C345,4,PCB,False,C076
P093,C408,1,Connector,False,
P093,C361,2,Connectivity,True,C002
P093,C120,4,Camera,False,C008
P093,C371,4,Camera,False,
P093,C188,1,Processor,True,
P093,C307,4,Battery,False,C010
P093,C444,1,Display,True,
P094,C002,4,Connectivity,False,C027
P094,C447,1,Processor,False,
P094,C196,2,Sensor,False,C015
P094,C328,2,Processor,True,C023
P094,C215,4,PCB,False,C049
P094,C297,2,Connectivity,True,C007
P094,C118,1,Battery,True,C016
P094,C128,1,Memory,True,C022
P094,C276,1,Connectivity,True,
P094,C260,1,Processor,True,C023
P094,C242,1,Chassis,False,C021
P094,C282,2,Connectivity,False,C009
P094,C127,2,Display,True,
P094,C358,1,Memory,False,C018
P094,C038,2,Chassis,True,
P094,C055,1,Processor,True,
P094,C406,1,PCB,True,C076
P094,C378,1,Processor,False,C001
P094,C312,4,Connector,False,C004
P094,C264,1,Memory,True,C018
P094,C157,2,PCB,False,C024
P094,C440,1,Camera,False,C006
P094,C424,1,Display,True,C045
P094,C170,2,Sensor,True,
P094,C346,4,Memory,False,
P094,C489,4,Processor,False,C005
P094,C142,4,Camera,False,
P094,C227,4,PCB,True,C049
P094,C240,4,Display,False,
P094,C302,2,PCB,False,C049
P094,C366,4,Connector,True,
P094,C487,1,Processor,True,C005
P094,C329,1,Memory,False,C018
P094,C324,2,Connectivity,True,
P094,C371,1,Camera,False,C006
P094,C035,1,Connector,False,
P094,C482,4,Connectivity,False,C002
P094,C177,1,Processor,True,
P094,C402,4,Processor,True,
P094,C304,4,PCB,True,C076
P094,C047,1,Connector,True,C030
P094,C077,2,Sensor,True,C014
P094,C109,2,Chassis,False,C011
P094,C356,1,Memory,True,C018
P094,C347,1,Battery,True,C016
P094,C023,1,Processor,False,
P094,C096,1,Chassis,False,
P094,C340,1,Sensor,True,
P094,C289,1,Display,False,
P094,C104,2,Chassis,False,
P095,C121,1,Sensor,False,C003
P095,C297,2,Connectivity,True,
P095,C405,2,Connector,False,
P095,C115,4,Connector,False,C030
P095,C175,1,Camera,True,
P095,C408,1,Connector,False,C030
P095,C004,1,Connector,False,
P095,C182,1,Connectivity,True,
P095,C045,4,Display,True,C058
P095,C311,4,Connectivity,False,
P095,C402,4,Processor,True,C005
P095,C243,2,Camera,True,C008
P095,C336,1,Chassis,True,
P095,C038,2,Chassis,True,C021
P095,C480,4,Camera,True,
P095,C361,2,Connectivity,True,
P095,C389,1,Chassis,False,C017
P095,C308,2,Battery,True,
P095,C327,1,Display,False,
P095,C051,4,Connectivity,False,C002
P095,C250,4,Camera,True,
P095,C031,2,Battery,True,C010
P095,C328,1,Processor,True,C023
P095,C313,1,Camera,True,C037
P095,C252,1,Connectivity,True,C002
P095,C282,1,Connectivity,False,C002
P095,C135,1,Chassis,True,
P095,C366,2,Connector,True,
P095,C194,1,Connectivity,False,C002
P095,C246,4,Connectivity,True,C007
P095,C225,1,Connectivity,False,
P095,C488,1,Connector,False,C030
P095,C231,1,Processor,True,
P095,C360,1,Connector,True,
P095,C284,4,Connector,False,C004
P095,C201,1,Connector,True,C029
P095,C208,1,PCB,False,C024
P095,C056,1,Sensor,True,C003
P095,C139,1,Connectivity,True,C009
P095,C322,1,Sensor,False,C014
P095,C011,1,Chassis,True,C017
P095,C276,1,Connectivity,True,C007
P095,C390,4,Battery,False,
P095,C212,2,Display,False,
P095,C164,1,Memory,False,C020
P095,C241,1,Memory,False,C022
P095,C433,2,Connector,True,
P095,C363,1,PCB,True,C024
P095,C163,2,Sensor,True,C015
P095,C014,1,Sensor,False,C019
P096,C363,4,PCB,True,
P096,C346,2,Memory,False,
P096,C156,1,Sensor,True,
P096,C409,1,Connectivity,False,
P096,C336,2,Chassis,True,C017
P096,C177,2,Processor,True,
P096,C378,1,Processor,False,C001
P096,C357,2,Connectivity,False,C009
P096,C308,2,Battery,True,C010
P096,C089,1,Display,False,C033
P096,C052,2,Memory,False,C018
P096,C376,2,Display,True,
P096,C003,1,Sensor,True,C019
P096,C232,4,Sensor,True,
P096,C053,1,Battery,True,C012
P096,C181,4,Processor,True,C005
P096,C133,4,Chassis,False,
P096,C433,2,Connector,True,C030
P096,C056,2,Sensor,True,
P096,C443,2,Connectivity,True,
P096,C446,2,Camera,True,
P096,C131,4,Sensor,False,C014
P096,C323,2,Camera,True,C008
P096,C121,4,Sensor,False,C003
P096,C091,4,Connector,True,C004
P096,C007,1,Connectivity,True,C002
P096,C343,1,Display,False,
P096,C282,2,Connectivity,False,C009
P096,C247,4,Battery,False,
P096,C080,1,Connector,True,C030
P096,C489,1,Processor,False,
P096,C312,2,Connector,False,C004
P096,C407,1,Sensor,True,C014
P096,C355,1,Chassis,True,C011
P096,C359,1,Processor,True,
P096,C410,1,Battery,True,C026
P096,C071,1,Camera,True,C037
P096,C365,4,Memory,True,C018
P096,C330,1,Display,False,C013
P096,C204,4,Battery,True,C016
P096,C009,1,Connectivity,True,C002
P096,C123,1,Sensor,False,C015
P096,C217,4,Camera,False,
P096,C310,1,Connector,True,
P096,C438,1,Processor,False,C001
P096,C043,2,Battery,False,C010
P096,C075,4,Connector,False,
P096,C439,2,Memory,True,C018
P096,C042,1,Sensor,False,
P096,C394,4,Battery,False,
P097,C458,1,Sensor,False,C015
P097,C171,1,PCB,False,
P097,C424,4,Display,True,C033
P097,C229,2,PCB,True,C076
P097,C286,1,Connector,True,C030
P097,C402,2,Processor,True,C001
P097,C242,1,Chassis,False,
P097,C075,2,Connector,False,
P097,C257,1,Processor,False,C023
P097,C452,2,Sensor,False,C015
P097,C213,1,Connectivity,False,C009
P097,C179,1,Connectivity,False,C009
P097,C425,1,Connector,True,
P097,C383,2,Camera,False,C008
P097,C138,2,Display,False,C013
P097,C169,1,PCB,True,C049
P097,C251,2,Display,True,C033
P097,C050,2,Processor,False,
P097,C153,1,Chassis,True,C021
P097,C407,1,Sensor,True,
P097,C150,2,Display,False,C045
P097,C203,2,PCB,False,
P097,C018,1,Memory,False,C028
P097,C143,4,Connector,False,C004
P097,C237,1,PCB,False,
P097,C084,1,Display,False,C033
P097,C464,4,Connector,True,C030
P097,C282,1,Connectivity,False,C007
P097,C130,2,Display,False,C033
P097,C353,1,Chassis,True,C017
P097,C426,2,Memory,True,C018
P097,C342,1,Display,False,
P097,C037,2,Camera,False,
P097,C166,4,Camera,True,C008
P097,C157,1,PCB,False,C049
P097,C176,1,Connector,False,C030
P097,C291,2,Connectivity,False,
P097,C295,1,Display,True,C033
P097,C032,2,Sensor,True,
P097,C125,2,Sensor,True,
P097,C469,2,Memory,False,C022
P097,C300,2,Display,False,C045
P097,C183,1,Memory,True,C022
P097,C241,4,Memory,False,C022
P097,C289,4,Display,False,
P097,C354,1,Connector,True,C004
P097,C419,1,Sensor,False,C003
P097,C082,1,Battery,True,
P097,C080,1,Connector,True,C030
P097,C219,1,Battery,True,C016
P098,C313,1,Camera,True,C008
P098,C194,1,Connectivity,False,C002
P098,C182,1,Connectivity,True,
P098,C198,1,Connector,False,C030
P098,C293,2,Processor,False,C005
P098,C017,1,Chassis,True,C021
P098,C030,1,Connector,False,
P098,C352,1,Processor,False,
P098,C486,1,Camera,True,
P098,C434,4,Sensor,True,
P098,C258,4,Processor,False,C005
P098,C053,1,Battery,True,C012
P098,C056,4,Sensor,True,
P098,C154,1,Camera,True,
P098,C350,2,Memory,True,C022
P098,C438,1,Processor,False,C023
P098,C416,2,Connectivity,True,
P098,C032,1,Sensor,True,C003
P098,C417,1,Memory,True,C020
P098,C298,4,Camera,True,
P098,C446,1,Camera,True,C037
P098,C215,1,PCB,False,C024
P098,C451,1,Connectivity,True,
P098,C076,2,PCB,False,C024
P098,C463,4,Connectivity,True,C007
P098,C361,2,Connectivity,True,C007
P098,C085,1,Camera,True,
P098,C296,4,Connector,True,
P098,C020,4,Memory,True,C022
P098,C202,2,Camera,True,
P098,C115,2,Connector,False,
P098,C360,1,Connector,True,C030
P098,C003,1,Sensor,True,
P098,C243,1,Camera,True,C008
P098,C061,2,Processor,True,
P098,C369,2,Memory,False,C020
P098,C186,1,Processor,False,
P098,C163,2,Sensor,True,
P098,C436,1,Battery,False,
P098,C242,2,Chassis,False,C011
P098,C091,1,Connector,True,C030
P098,C259,1,Memory,True,
P098,C323,4,Camera,True,
P098,C065,4,Display,False,
P098,C132,2,Processor,False,
P098,C231,1,Processor,True,
P098,C174,1,Camera,True,
P098,C363,2,PCB,True,
P098,C423,1,Battery,False,
P098,C148,1,Chassis,False,
P099,C166,2,Camera,True,
P099,C180,2,Processor,False,C023
P099,C382,1,Camera,True,C037
P099,C028,2,Memory,False,C018
P099,C140,4,Camera,True,C006
P099,C426,2,Memory,True,C020
P099,C228,4,Battery,False,
P099,C017,4,Chassis,True,
P099,C070,2,Memory,True,C022
P099,C297,1,Connectivity,True,
P099,C392,2,PCB,False,
P099,C129,2,Battery,True,
P099,C022,1,Memory,True,C028
P099,C282,1,Connectivity,False,C002
P099,C175,2,Camera,True,
P099,C146,1,Sensor,False,C015
P099,C183,2,Memory,True,C022
P099,C264,1,Memory,True,
P099,C220,1,Chassis,True,C021
P099,C063,1,Battery,False,
P099,C015,4,Sensor,True,
P099,C385,4,PCB,True,
P099,C154,2,Camera,True,C006
P099,C120,1,Camera,False,
P099,C107,4,Connector,False,C030
P099,C097,1,Sensor,True,
P099,C143,2,Connector,False,C029
P099,C036,4,Connectivity,True,
P099,C445,1,Memory,False,C022
P099,C118,1,Battery,True,C010
P099,C110,4,Connector,True,
P099,C068,1,Processor,True,C023
P099,C378,4,Processor,False,
P099,C362,1,Connector,True,C029
P099,C307,2,Battery,False,C010
P099,C049,1,PCB,True,C076
P099,C037,1,Camera,False,C006
P099,C176,2,Connector,False,C029
P099,C122,4,Memory,True,
P099,C050,1,Processor,False,
P099,C163,2,Sensor,True,
P099,C311,4,Connectivity,False,C007
P099,C010,2,Battery,True,C016
P099,C357,2,Connectivity,False,C002
P099,C057,2,Chassis,False,C011
P099,C167,1,Sensor,True,C014
P099,C412,1,Memory,True,C020
P099,C370,4,Memory,True,C020
P099,C373,1,Chassis,False,C017
P099,C111,2,PCB,True,C024
P100,C495,4,Connectivity,True,
P100,C272,2,Chassis,True,
P100,C121,1,Sensor,False,C003
P100,C156,2,Sensor,True,
P100,C274,4,Battery,True,
P100,C147,2,Display,False,C033
P100,C405,2,Connector,False,C004
P100,C137,1,Connector,False,C004
P100,C228,4,Battery,False,C010
P100,C397,1,Memory,False,
P100,C395,1,PCB,False,C049
P100,C237,1,PCB,False,C076
P100,C331,1,Chassis,False,
P100,C161,2,Camera,True,
P100,C110,1,Connector,True,C030
P100,C243,1,Camera,True,C008
P100,C264,1,Memory,True,C018
P100,C425,2,Connector,True,C030
P100,C116,2,Battery,True,
P100,C386,2,Connector,True,
P100,C250,4,Camera,True,C037
P100,C351,1,Camera,False,C008
P100,C469,2,Memory,False,C020
P100,C248,4,Connector,True,C029
P100,C477,1,Battery,True,
P100,C063,1,Battery,False,
P100,C270,1,Sensor,True,C003
P100,C157,2,PCB,False,
P100,C151,1,Memory,False,
P100,C497,1,PCB,False,C024
P100,C118,1,Battery,True,C012
P100,C328,1,Processor,True,C001
P100,C114,2,Sensor,True,
P100,C374,2,Connectivity,False,C009
P100,C123,2,Sensor,False,
P100,C441,2,Camera,True,C037
P100,C423,1,Battery,False,C012
P100,C269,4,Memory,False,
P100,C068,1,Processor,True,
P100,C169,4,PCB,True,C049
P100,C092,1,Processor,False,C005
P100,C098,1,Battery,True,
P100,C164,2,Memory,False,C020
P100,C204,2,Battery,True,C012
P100,C017,1,Chassis,True,
P100,C173,1,Camera,False,C037
P100,C122,1,Memory,True,C018
P100,C012,1,Battery,True,C016
P100,C075,2,Connector,False,C029
P100,C025,2,Sensor,False,C015
