inventory_id,warehouse_id,component_id,product_id,quantity_on_hand,reserved_quantity,available_quantity,safety_stock,reorder_point,maximum_stock,holding_cost_per_unit,stockout_cost_per_unit,inventory_age_days,last_updated_date
I000001,W001,C001,,31070,3107,27963,7600,15200,62140,0.0002,0.05,101,2027-01-01
I000002,W002,C001,,30904,3090,27814,7600,15200,61808,0.0002,0.05,7,2027-01-01
I000003,W003,C001,,31032,3103,27929,7600,15200,62064,0.0002,0.05,11,2027-01-01
I000004,W004,C001,,30670,3067,27603,7600,15200,61340,0.0002,0.05,54,2027-01-01
I000005,W005,C001,,31282,3128,28154,7600,15200,62564,0.0002,0.05,32,2027-01-01
I000006,W006,C001,,31301,3130,28171,7600,15200,62602,0.0002,0.05,60,2027-01-01
I000007,W007,C001,,30608,3060,27548,7600,15200,61216,0.0002,0.05,31,2027-01-01
I000008,W008,C001,,31209,3120,28089,7600,15200,62418,0.0002,0.05,81,2027-01-01
I000009,W009,C001,,30548,3054,27494,7600,15200,61096,0.0002,0.05,101,2027-01-01
I000010,W002,C002,,11613,1161,10452,2700,5400,23226,0.0003,0.07,69,2027-01-01
I000011,W003,C002,,11157,1115,10042,2700,5400,22314,0.0003,0.07,38,2027-01-01
I000012,W004,C002,,11158,1115,10043,2700,5400,22316,0.0003,0.07,51,2027-01-01
I000013,W005,C002,,11592,1159,10433,2700,5400,23184,0.0003,0.07,57,2027-01-01
I000014,W006,C002,,11003,1100,9903,2700,5400,22006,0.0003,0.07,16,2027-01-01
I000015,W007,C002,,11694,1169,10525,2700,5400,23388,0.0003,0.07,67,2027-01-01
I000016,W008,C002,,11177,1117,10060,2700,5400,22354,0.0003,0.07,111,2027-01-01
I000017,W009,C002,,11078,1107,9971,2700,5400,22156,0.0003,0.07,23,2027-01-01
I000018,W010,C002,,10940,1094,9846,2700,5400,21880,0.0003,0.07,87,2027-01-01
I000019,W003,C003,,12180,1218,10962,2900,5800,24360,0.0004,0.1,67,2027-01-01
I000020,W004,C003,,11854,1185,10669,2900,5800,23708,0.0004,0.1,101,2027-01-01
I000021,W005,C003,,12180,1218,10962,2900,5800,24360,0.0004,0.1,86,2027-01-01
I000022,W006,C003,,12076,1207,10869,2900,5800,24152,0.0004,0.1,80,2027-01-01
I000023,W007,C003,,12400,1240,11160,2900,5800,24800,0.0004,0.1,90,2027-01-01
I000024,W008,C003,,11892,1189,10703,2900,5800,23784,0.0004,0.1,101,2027-01-01
I000025,W009,C003,,12070,1207,10863,2900,5800,24140,0.0004,0.1,34,2027-01-01
I000026,W010,C003,,12108,1210,10898,2900,5800,24216,0.0004,0.1,90,2027-01-01
I000027,W011,C003,,12349,1234,11115,2900,5800,24698,0.0004,0.1,12,2027-01-01
I000028,W004,C004,,16945,1694,15251,4000,8000,33890,0.0005,0.12,59,2027-01-01
I000029,W005,C004,,16485,1648,14837,4000,8000,32970,0.0005,0.12,88,2027-01-01
I000030,W006,C004,,16231,1623,14608,4000,8000,32462,0.0005,0.12,56,2027-01-01
I000031,W007,C004,,16385,1638,14747,4000,8000,32770,0.0005,0.12,5,2027-01-01
I000032,W008,C004,,16565,1656,14909,4000,8000,33130,0.0005,0.12,36,2027-01-01
I000033,W009,C004,,16892,1689,15203,4000,8000,33784,0.0005,0.12,81,2027-01-01
I000034,W010,C004,,16350,1635,14715,4000,8000,32700,0.0005,0.12,58,2027-01-01
I000035,W011,C004,,16645,1664,14981,4000,8000,33290,0.0005,0.12,24,2027-01-01
I000036,W012,C004,,16949,1694,15255,4000,8000,33898,0.0005,0.12,1,2027-01-01
I000037,W005,C005,,18169,1816,16353,4300,8600,36338,0.0006,0.14,32,2027-01-01
I000038,W006,C005,,18074,1807,16267,4300,8600,36148,0.0006,0.14,107,2027-01-01
I000039,W007,C005,,17516,1751,15765,4300,8600,35032,0.0006,0.14,118,2027-01-01
I000040,W008,C005,,18058,1805,16253,4300,8600,36116,0.0006,0.14,107,2027-01-01
I000041,W009,C005,,17846,1784,16062,4300,8600,35692,0.0006,0.14,113,2027-01-01
I000042,W010,C005,,17505,1750,15755,4300,8600,35010,0.0006,0.14,118,2027-01-01
I000043,W011,C005,,18103,1810,16293,4300,8600,36206,0.0006,0.14,34,2027-01-01
I000044,W012,C005,,17772,1777,15995,4300,8600,35544,0.0006,0.14,4,2027-01-01
I000045,W013,C005,,18079,1807,16272,4300,8600,36158,0.0006,0.14,54,2027-01-01
I000046,W006,C006,,30615,3061,27554,7500,15000,61230,0.0007,0.16,45,2027-01-01
I000047,W007,C006,,30217,3021,27196,7500,15000,60434,0.0007,0.16,111,2027-01-01
I000048,W008,C006,,30106,3010,27096,7500,15000,60212,0.0007,0.16,80,2027-01-01
I000049,W009,C006,,30497,3049,27448,7500,15000,60994,0.0007,0.16,36,2027-01-01
I000050,W010,C006,,30100,3010,27090,7500,15000,60200,0.0007,0.16,112,2027-01-01
I000051,W011,C006,,30753,3075,27678,7500,15000,61506,0.0007,0.16,57,2027-01-01
I000052,W012,C006,,30340,3034,27306,7500,15000,60680,0.0007,0.16,41,2027-01-01
I000053,W013,C006,,30691,3069,27622,7500,15000,61382,0.0007,0.16,18,2027-01-01
I000054,W014,C006,,30193,3019,27174,7500,15000,60386,0.0007,0.16,42,2027-01-01
I000055,W007,C007,,8408,840,7568,1900,3800,16816,0.0007,0.19,98,2027-01-01
I000056,W008,C007,,8315,831,7484,1900,3800,16630,0.0007,0.19,55,2027-01-01
I000057,W009,C007,,8587,858,7729,1900,3800,17174,0.0007,0.19,86,2027-01-01
I000058,W010,C007,,7875,787,7088,1900,3800,15750,0.0007,0.19,9,2027-01-01
I000059,W011,C007,,8210,821,7389,1900,3800,16420,0.0007,0.19,101,2027-01-01
I000060,W012,C007,,8062,806,7256,1900,3800,16124,0.0007,0.19,64,2027-01-01
I000061,W013,C007,,8508,850,7658,1900,3800,17016,0.0007,0.19,118,2027-01-01
I000062,W014,C007,,8451,845,7606,1900,3800,16902,0.0007,0.19,17,2027-01-01
I000063,W015,C007,,8125,812,7313,1900,3800,16250,0.0007,0.19,119,2027-01-01
I000064,W008,C008,,10427,1042,9385,2500,5000,20854,0.0008,0.21,2,2027-01-01
I000065,W009,C008,,10430,1043,9387,2500,5000,20860,0.0008,0.21,61,2027-01-01
I000066,W010,C008,,10669,1066,9603,2500,5000,21338,0.0008,0.21,112,2027-01-01
I000067,W011,C008,,10842,1084,9758,2500,5000,21684,0.0008,0.21,111,2027-01-01
I000068,W012,C008,,10979,1097,9882,2500,5000,21958,0.0008,0.21,33,2027-01-01
I000069,W013,C008,,10777,1077,9700,2500,5000,21554,0.0008,0.21,72,2027-01-01
I000070,W014,C008,,10831,1083,9748,2500,5000,21662,0.0008,0.21,48,2027-01-01
I000071,W015,C008,,10388,1038,9350,2500,5000,20776,0.0008,0.21,31,2027-01-01
I000072,W016,C008,,10919,1091,9828,2500,5000,21838,0.0008,0.21,25,2027-01-01
I000073,W009,C009,,31170,3117,28053,7700,15400,62340,0.0009,0.23,105,2027-01-01
I000074,W010,C009,,31047,3104,27943,7700,15400,62094,0.0009,0.23,22,2027-01-01
I000075,W011,C009,,31231,3123,28108,7700,15400,62462,0.0009,0.23,76,2027-01-01
I000076,W012,C009,,31796,3179,28617,7700,15400,63592,0.0009,0.23,63,2027-01-01
I000077,W013,C009,,31308,3130,28178,7700,15400,62616,0.0009,0.23,8,2027-01-01
I000078,W014,C009,,30965,3096,27869,7700,15400,61930,0.0009,0.23,59,2027-01-01
I000079,W015,C009,,31301,3130,28171,7700,15400,62602,0.0009,0.23,20,2027-01-01
I000080,W016,C009,,31640,3164,28476,7700,15400,63280,0.0009,0.23,23,2027-01-01
I000081,W017,C009,,31028,3102,27926,7700,15400,62056,0.0009,0.23,101,2027-01-01
I000082,W010,C010,,12552,1255,11297,3000,6000,25104,0.001,0.25,81,2027-01-01
I000083,W011,C010,,12578,1257,11321,3000,6000,25156,0.001,0.25,78,2027-01-01
I000084,W012,C010,,12770,1277,11493,3000,6000,25540,0.001,0.25,90,2027-01-01
I000085,W013,C010,,12973,1297,11676,3000,6000,25946,0.001,0.25,7,2027-01-01
I000086,W014,C010,,12818,1281,11537,3000,6000,25636,0.001,0.25,76,2027-01-01
I000087,W015,C010,,12614,1261,11353,3000,6000,25228,0.001,0.25,37,2027-01-01
I000088,W016,C010,,12759,1275,11484,3000,6000,25518,0.001,0.25,81,2027-01-01
I000089,W017,C010,,12978,1297,11681,3000,6000,25956,0.001,0.25,21,2027-01-01
I000090,W018,C010,,12970,1297,11673,3000,6000,25940,0.001,0.25,6,2027-01-01
I000091,W011,C011,,30286,3028,27258,7500,15000,60572,0.0011,0.28,62,2027-01-01
I000092,W012,C011,,30340,3034,27306,7500,15000,60680,0.0011,0.28,5,2027-01-01
I000093,W013,C011,,30498,3049,27449,7500,15000,60996,0.0011,0.28,29,2027-01-01
I000094,W014,C011,,30385,3038,27347,7500,15000,60770,0.0011,0.28,25,2027-01-01
I000095,W015,C011,,30300,3030,27270,7500,15000,60600,0.0011,0.28,59,2027-01-01
I000096,W016,C011,,30504,3050,27454,7500,15000,61008,0.0011,0.28,90,2027-01-01
I000097,W017,C011,,30492,3049,27443,7500,15000,60984,0.0011,0.28,56,2027-01-01
I000098,W018,C011,,30108,3010,27098,7500,15000,60216,0.0011,0.28,84,2027-01-01
I000099,W019,C011,,30844,3084,27760,7500,15000,61688,0.0011,0.28,48,2027-01-01
I000100,W012,C012,,24506,2450,22056,6100,12200,49012,0.0012,0.3,47,2027-01-01
I000101,W013,C012,,24501,2450,22051,6100,12200,49002,0.0012,0.3,39,2027-01-01
I000102,W014,C012,,24952,2495,22457,6100,12200,49904,0.0012,0.3,112,2027-01-01
I000103,W015,C012,,24978,2497,22481,6100,12200,49956,0.0012,0.3,94,2027-01-01
I000104,W016,C012,,25147,2514,22633,6100,12200,50294,0.0012,0.3,117,2027-01-01
I000105,W017,C012,,24571,2457,22114,6100,12200,49142,0.0012,0.3,88,2027-01-01
I000106,W018,C012,,24735,2473,22262,6100,12200,49470,0.0012,0.3,104,2027-01-01
I000107,W019,C012,,25383,2538,22845,6100,12200,50766,0.0012,0.3,8,2027-01-01
I000108,W020,C012,,24663,2466,22197,6100,12200,49326,0.0012,0.3,58,2027-01-01
I000109,W013,C013,,14584,1458,13126,3500,7000,29168,0.0013,0.32,51,2027-01-01
I000110,W014,C013,,14621,1462,13159,3500,7000,29242,0.0013,0.32,8,2027-01-01
I000111,W015,C013,,14481,1448,13033,3500,7000,28962,0.0013,0.32,97,2027-01-01
I000112,W016,C013,,14554,1455,13099,3500,7000,29108,0.0013,0.32,53,2027-01-01
I000113,W017,C013,,14978,1497,13481,3500,7000,29956,0.0013,0.32,35,2027-01-01
I000114,W018,C013,,14839,1483,13356,3500,7000,29678,0.0013,0.32,39,2027-01-01
I000115,W019,C013,,14894,1489,13405,3500,7000,29788,0.0013,0.32,67,2027-01-01
I000116,W020,C013,,14728,1472,13256,3500,7000,29456,0.0013,0.32,65,2027-01-01
I000117,W021,C013,,14758,1475,13283,3500,7000,29516,0.0013,0.32,79,2027-01-01
I000118,W014,C014,,5722,572,5150,1400,2800,11444,0.0014,0.34,21,2027-01-01
I000119,W015,C014,,6531,653,5878,1400,2800,13062,0.0014,0.34,79,2027-01-01
I000120,W016,C014,,5995,599,5396,1400,2800,11990,0.0014,0.34,43,2027-01-01
I000121,W017,C014,,6313,631,5682,1400,2800,12626,0.0014,0.34,120,2027-01-01
I000122,W018,C014,,6035,603,5432,1400,2800,12070,0.0014,0.34,24,2027-01-01
I000123,W019,C014,,6008,600,5408,1400,2800,12016,0.0014,0.34,73,2027-01-01
I000124,W020,C014,,6511,651,5860,1400,2800,13022,0.0014,0.34,86,2027-01-01
I000125,W021,C014,,5858,585,5273,1400,2800,11716,0.0014,0.34,115,2027-01-01
I000126,W022,C014,,5750,575,5175,1400,2800,11500,0.0014,0.34,115,2027-01-01
I000127,W015,C015,,7707,770,6937,1900,3800,15414,0.0015,0.37,48,2027-01-01
I000128,W016,C015,,8285,828,7457,1900,3800,16570,0.0015,0.37,1,2027-01-01
I000129,W017,C015,,8106,810,7296,1900,3800,16212,0.0015,0.37,26,2027-01-01
I000130,W018,C015,,8534,853,7681,1900,3800,17068,0.0015,0.37,66,2027-01-01
I000131,W019,C015,,7806,780,7026,1900,3800,15612,0.0015,0.37,82,2027-01-01
I000132,W020,C015,,8434,843,7591,1900,3800,16868,0.0015,0.37,47,2027-01-01
I000133,W021,C015,,8136,813,7323,1900,3800,16272,0.0015,0.37,90,2027-01-01
I000134,W022,C015,,7885,788,7097,1900,3800,15770,0.0015,0.37,30,2027-01-01
I000135,W023,C015,,8560,856,7704,1900,3800,17120,0.0015,0.37,100,2027-01-01
I000136,W016,C016,,20597,2059,18538,5100,10200,41194,0.0016,0.39,109,2027-01-01
I000137,W017,C016,,20965,2096,18869,5100,10200,41930,0.0016,0.39,9,2027-01-01
I000138,W018,C016,,20880,2088,18792,5100,10200,41760,0.0016,0.39,58,2027-01-01
I000139,W019,C016,,21220,2122,19098,5100,10200,42440,0.0016,0.39,22,2027-01-01
I000140,W020,C016,,20689,2068,18621,5100,10200,41378,0.0016,0.39,29,2027-01-01
I000141,W021,C016,,20563,2056,18507,5100,10200,41126,0.0016,0.39,44,2027-01-01
I000142,W022,C016,,21194,2119,19075,5100,10200,42388,0.0016,0.39,86,2027-01-01
I000143,W023,C016,,20836,2083,18753,5100,10200,41672,0.0016,0.39,62,2027-01-01
I000144,W024,C016,,20955,2095,18860,5100,10200,41910,0.0016,0.39,91,2027-01-01
I000145,W017,C017,,11318,1131,10187,2800,5600,22636,0.0016,0.41,76,2027-01-01
I000146,W018,C017,,11566,1156,10410,2800,5600,23132,0.0016,0.41,26,2027-01-01
I000147,W019,C017,,12157,1215,10942,2800,5600,24314,0.0016,0.41,51,2027-01-01
I000148,W020,C017,,11727,1172,10555,2800,5600,23454,0.0016,0.41,61,2027-01-01
I000149,W021,C017,,11308,1130,10178,2800,5600,22616,0.0016,0.41,76,2027-01-01
I000150,W022,C017,,12111,1211,10900,2800,5600,24222,0.0016,0.41,103,2027-01-01
I000151,W023,C017,,12079,1207,10872,2800,5600,24158,0.0016,0.41,44,2027-01-01
I000152,W024,C017,,11842,1184,10658,2800,5600,23684,0.0016,0.41,44,2027-01-01
I000153,W025,C017,,11373,1137,10236,2800,5600,22746,0.0016,0.41,28,2027-01-01
I000154,W018,C018,,9995,999,8996,2400,4800,19990,0.0017,0.43,70,2027-01-01
I000155,W019,C018,,10227,1022,9205,2400,4800,20454,0.0017,0.43,98,2027-01-01
I000156,W020,C018,,10337,1033,9304,2400,4800,20674,0.0017,0.43,22,2027-01-01
I000157,W021,C018,,10140,1014,9126,2400,4800,20280,0.0017,0.43,81,2027-01-01
I000158,W022,C018,,10045,1004,9041,2400,4800,20090,0.0017,0.43,113,2027-01-01
I000159,W023,C018,,10250,1025,9225,2400,4800,20500,0.0017,0.43,98,2027-01-01
I000160,W024,C018,,9833,983,8850,2400,4800,19666,0.0017,0.43,35,2027-01-01
I000161,W025,C018,,9885,988,8897,2400,4800,19770,0.0017,0.43,83,2027-01-01
I000162,W026,C018,,9930,993,8937,2400,4800,19860,0.0017,0.43,99,2027-01-01
I000163,W019,C019,,4187,418,3769,800,1600,8374,0.0018,0.46,5,2027-01-01
I000164,W020,C019,,3532,353,3179,800,1600,7064,0.0018,0.46,30,2027-01-01
I000165,W021,C019,,3503,350,3153,800,1600,7006,0.0018,0.46,65,2027-01-01
I000166,W022,C019,,3643,364,3279,800,1600,7286,0.0018,0.46,52,2027-01-01
I000167,W023,C019,,4098,409,3689,800,1600,8196,0.0018,0.46,107,2027-01-01
I000168,W024,C019,,3917,391,3526,800,1600,7834,0.0018,0.46,47,2027-01-01
I000169,W025,C019,,3759,375,3384,800,1600,7518,0.0018,0.46,1,2027-01-01
I000170,W026,C019,,3778,377,3401,800,1600,7556,0.0018,0.46,58,2027-01-01
I000171,W027,C019,,4048,404,3644,800,1600,8096,0.0018,0.46,48,2027-01-01
I000172,W020,C020,,8037,803,7234,1900,3800,16074,0.0019,0.48,37,2027-01-01
I000173,W021,C020,,7810,781,7029,1900,3800,15620,0.0019,0.48,115,2027-01-01
I000174,W022,C020,,8295,829,7466,1900,3800,16590,0.0019,0.48,109,2027-01-01
I000175,W023,C020,,8419,841,7578,1900,3800,16838,0.0019,0.48,111,2027-01-01
I000176,W024,C020,,7797,779,7018,1900,3800,15594,0.0019,0.48,88,2027-01-01
I000177,W025,C020,,8575,857,7718,1900,3800,17150,0.0019,0.48,69,2027-01-01
I000178,W026,C020,,7842,784,7058,1900,3800,15684,0.0019,0.48,76,2027-01-01
I000179,W027,C020,,8465,846,7619,1900,3800,16930,0.0019,0.48,112,2027-01-01
I000180,W028,C020,,7962,796,7166,1900,3800,15924,0.0019,0.48,85,2027-01-01
I000181,W021,C021,,14681,1468,13213,3500,7000,29362,0.002,0.5,65,2027-01-01
I000182,W022,C021,,14248,1424,12824,3500,7000,28496,0.002,0.5,7,2027-01-01
I000183,W023,C021,,14479,1447,13032,3500,7000,28958,0.002,0.5,33,2027-01-01
I000184,W024,C021,,14304,1430,12874,3500,7000,28608,0.002,0.5,74,2027-01-01
I000185,W025,C021,,14152,1415,12737,3500,7000,28304,0.002,0.5,82,2027-01-01
I000186,W026,C021,,14908,1490,13418,3500,7000,29816,0.002,0.5,33,2027-01-01
I000187,W027,C021,,14198,1419,12779,3500,7000,28396,0.002,0.5,64,2027-01-01
I000188,W028,C021,,14236,1423,12813,3500,7000,28472,0.002,0.5,42,2027-01-01
I000189,W029,C021,,14531,1453,13078,3500,7000,29062,0.002,0.5,16,2027-01-01
I000190,W022,C022,,30457,3045,27412,7500,15000,60914,0.0021,0.52,66,2027-01-01
I000191,W023,C022,,30166,3016,27150,7500,15000,60332,0.0021,0.52,1,2027-01-01
I000192,W024,C022,,30930,3093,27837,7500,15000,61860,0.0021,0.52,67,2027-01-01
I000193,W025,C022,,30982,3098,27884,7500,15000,61964,0.0021,0.52,104,2027-01-01
I000194,W026,C022,,30492,3049,27443,7500,15000,60984,0.0021,0.52,36,2027-01-01
I000195,W027,C022,,30523,3052,27471,7500,15000,61046,0.0021,0.52,110,2027-01-01
I000196,W028,C022,,30347,3034,27313,7500,15000,60694,0.0021,0.52,64,2027-01-01
I000197,W029,C022,,30476,3047,27429,7500,15000,60952,0.0021,0.52,5,2027-01-01
I000198,W030,C022,,30135,3013,27122,7500,15000,60270,0.0021,0.52,104,2027-01-01
I000199,W023,C023,,4703,470,4233,1100,2200,9406,0.0022,0.55,47,2027-01-01
I000200,W024,C023,,4793,479,4314,1100,2200,9586,0.0022,0.55,5,2027-01-01
I000201,W025,C023,,5127,512,4615,1100,2200,10254,0.0022,0.55,70,2027-01-01
I000202,W026,C023,,4760,476,4284,1100,2200,9520,0.0022,0.55,57,2027-01-01
I000203,W027,C023,,4995,499,4496,1100,2200,9990,0.0022,0.55,60,2027-01-01
I000204,W028,C023,,4740,474,4266,1100,2200,9480,0.0022,0.55,84,2027-01-01
I000205,W029,C023,,4840,484,4356,1100,2200,9680,0.0022,0.55,1,2027-01-01
I000206,W030,C023,,4794,479,4315,1100,2200,9588,0.0022,0.55,28,2027-01-01
I000207,W001,C023,,4593,459,4134,1100,2200,9186,0.0022,0.55,118,2027-01-01
I000208,W024,C024,,7840,784,7056,1900,3800,15680,0.0023,0.57,85,2027-01-01
I000209,W025,C024,,8539,853,7686,1900,3800,17078,0.0023,0.57,64,2027-01-01
I000210,W026,C024,,7773,777,6996,1900,3800,15546,0.0023,0.57,100,2027-01-01
I000211,W027,C024,,7982,798,7184,1900,3800,15964,0.0023,0.57,92,2027-01-01
I000212,W028,C024,,8016,801,7215,1900,3800,16032,0.0023,0.57,6,2027-01-01
I000213,W029,C024,,8120,812,7308,1900,3800,16240,0.0023,0.57,5,2027-01-01
I000214,W030,C024,,7765,776,6989,1900,3800,15530,0.0023,0.57,26,2027-01-01
I000215,W001,C024,,8173,817,7356,1900,3800,16346,0.0023,0.57,114,2027-01-01
I000216,W002,C024,,8209,820,7389,1900,3800,16418,0.0023,0.57,81,2027-01-01
I000217,W025,C025,,13736,1373,12363,3400,6800,27472,0.0024,0.59,31,2027-01-01
I000218,W026,C025,,13708,1370,12338,3400,6800,27416,0.0024,0.59,112,2027-01-01
I000219,W027,C025,,13773,1377,12396,3400,6800,27546,0.0024,0.59,80,2027-01-01
I000220,W028,C025,,13897,1389,12508,3400,6800,27794,0.0024,0.59,52,2027-01-01
I000221,W029,C025,,13700,1370,12330,3400,6800,27400,0.0024,0.59,78,2027-01-01
I000222,W030,C025,,13941,1394,12547,3400,6800,27882,0.0024,0.59,105,2027-01-01
I000223,W001,C025,,14324,1432,12892,3400,6800,28648,0.0024,0.59,24,2027-01-01
I000224,W002,C025,,14058,1405,12653,3400,6800,28116,0.0024,0.59,108,2027-01-01
I000225,W003,C025,,13835,1383,12452,3400,6800,27670,0.0024,0.59,43,2027-01-01
I000226,W026,C026,,29740,2974,26766,7400,14800,59480,0.0024,0.61,5,2027-01-01
I000227,W027,C026,,29772,2977,26795,7400,14800,59544,0.0024,0.61,17,2027-01-01
I000228,W028,C026,,30122,3012,27110,7400,14800,60244,0.0024,0.61,46,2027-01-01
I000229,W029,C026,,30430,3043,27387,7400,14800,60860,0.0024,0.61,34,2027-01-01
I000230,W030,C026,,30545,3054,27491,7400,14800,61090,0.0024,0.61,120,2027-01-01
I000231,W001,C026,,30057,3005,27052,7400,14800,60114,0.0024,0.61,112,2027-01-01
I000232,W002,C026,,29888,2988,26900,7400,14800,59776,0.0024,0.61,7,2027-01-01
I000233,W003,C026,,29893,2989,26904,7400,14800,59786,0.0024,0.61,36,2027-01-01
I000234,W004,C026,,29711,2971,26740,7400,14800,59422,0.0024,0.61,21,2027-01-01
I000235,W027,C027,,25543,2554,22989,6200,12400,51086,0.0025,0.64,118,2027-01-01
I000236,W028,C027,,25212,2521,22691,6200,12400,50424,0.0025,0.64,74,2027-01-01
I000237,W029,C027,,25566,2556,23010,6200,12400,51132,0.0025,0.64,1,2027-01-01
I000238,W030,C027,,25025,2502,22523,6200,12400,50050,0.0025,0.64,8,2027-01-01
I000239,W001,C027,,25541,2554,22987,6200,12400,51082,0.0025,0.64,67,2027-01-01
I000240,W002,C027,,25341,2534,22807,6200,12400,50682,0.0025,0.64,105,2027-01-01
I000241,W003,C027,,24933,2493,22440,6200,12400,49866,0.0025,0.64,21,2027-01-01
I000242,W004,C027,,25070,2507,22563,6200,12400,50140,0.0025,0.64,44,2027-01-01
I000243,W005,C027,,25090,2509,22581,6200,12400,50180,0.0025,0.64,119,2027-01-01
I000244,W028,C028,,25996,2599,23397,6400,12800,51992,0.0026,0.66,60,2027-01-01
I000245,W029,C028,,25887,2588,23299,6400,12800,51774,0.0026,0.66,13,2027-01-01
I000246,W030,C028,,26258,2625,23633,6400,12800,52516,0.0026,0.66,26,2027-01-01
I000247,W001,C028,,25872,2587,23285,6400,12800,51744,0.0026,0.66,63,2027-01-01
I000248,W002,C028,,26415,2641,23774,6400,12800,52830,0.0026,0.66,99,2027-01-01
I000249,W003,C028,,25760,2576,23184,6400,12800,51520,0.0026,0.66,120,2027-01-01
I000250,W004,C028,,25733,2573,23160,6400,12800,51466,0.0026,0.66,47,2027-01-01
I000251,W005,C028,,25730,2573,23157,6400,12800,51460,0.0026,0.66,42,2027-01-01
I000252,W006,C028,,26582,2658,23924,6400,12800,53164,0.0026,0.66,39,2027-01-01
I000253,W029,C029,,16524,1652,14872,4100,8200,33048,0.0027,0.68,61,2027-01-01
I000254,W030,C029,,16839,1683,15156,4100,8200,33678,0.0027,0.68,54,2027-01-01
I000255,W001,C029,,16550,1655,14895,4100,8200,33100,0.0027,0.68,9,2027-01-01
I000256,W002,C029,,16876,1687,15189,4100,8200,33752,0.0027,0.68,80,2027-01-01
I000257,W003,C029,,16504,1650,14854,4100,8200,33008,0.0027,0.68,60,2027-01-01
I000258,W004,C029,,16940,1694,15246,4100,8200,33880,0.0027,0.68,40,2027-01-01
I000259,W005,C029,,16810,1681,15129,4100,8200,33620,0.0027,0.68,74,2027-01-01
I000260,W006,C029,,16506,1650,14856,4100,8200,33012,0.0027,0.68,13,2027-01-01
I000261,W007,C029,,16876,1687,15189,4100,8200,33752,0.0027,0.68,31,2027-01-01
I000262,W030,C030,,4710,471,4239,1100,2200,9420,0.0028,0.7,2,2027-01-01
I000263,W001,C030,,5223,522,4701,1100,2200,10446,0.0028,0.7,102,2027-01-01
I000264,W002,C030,,4679,467,4212,1100,2200,9358,0.0028,0.7,95,2027-01-01
I000265,W003,C030,,5393,539,4854,1100,2200,10786,0.0028,0.7,48,2027-01-01
I000266,W004,C030,,5384,538,4846,1100,2200,10768,0.0028,0.7,18,2027-01-01
I000267,W005,C030,,5045,504,4541,1100,2200,10090,0.0028,0.7,88,2027-01-01
I000268,W006,C030,,5345,534,4811,1100,2200,10690,0.0028,0.7,96,2027-01-01
I000269,W007,C030,,5155,515,4640,1100,2200,10310,0.0028,0.7,119,2027-01-01
I000270,W008,C030,,5075,507,4568,1100,2200,10150,0.0028,0.7,107,2027-01-01
I000271,W001,C031,,15711,1571,14140,3800,7600,31422,0.0029,0.73,53,2027-01-01
I000272,W002,C031,,15902,1590,14312,3800,7600,31804,0.0029,0.73,107,2027-01-01
I000273,W003,C031,,15983,1598,14385,3800,7600,31966,0.0029,0.73,42,2027-01-01
I000274,W004,C031,,15610,1561,14049,3800,7600,31220,0.0029,0.73,108,2027-01-01
I000275,W005,C031,,15589,1558,14031,3800,7600,31178,0.0029,0.73,115,2027-01-01
I000276,W006,C031,,15619,1561,14058,3800,7600,31238,0.0029,0.73,59,2027-01-01
I000277,W007,C031,,15417,1541,13876,3800,7600,30834,0.0029,0.73,61,2027-01-01
I000278,W008,C031,,15551,1555,13996,3800,7600,31102,0.0029,0.73,81,2027-01-01
I000279,W009,C031,,15851,1585,14266,3800,7600,31702,0.0029,0.73,43,2027-01-01
I000280,W002,C032,,6576,657,5919,1600,3200,13152,0.003,0.75,6,2027-01-01
I000281,W003,C032,,6907,690,6217,1600,3200,13814,0.003,0.75,120,2027-01-01
I000282,W004,C032,,7063,706,6357,1600,3200,14126,0.003,0.75,94,2027-01-01
I000283,W005,C032,,6744,674,6070,1600,3200,13488,0.003,0.75,68,2027-01-01
I000284,W006,C032,,6753,675,6078,1600,3200,13506,0.003,0.75,19,2027-01-01
I000285,W007,C032,,6908,690,6218,1600,3200,13816,0.003,0.75,114,2027-01-01
I000286,W008,C032,,6541,654,5887,1600,3200,13082,0.003,0.75,27,2027-01-01
I000287,W009,C032,,6844,684,6160,1600,3200,13688,0.003,0.75,107,2027-01-01
I000288,W010,C032,,7241,724,6517,1600,3200,14482,0.003,0.75,82,2027-01-01
I000289,W003,C033,,17759,1775,15984,4400,8800,35518,0.0031,0.77,81,2027-01-01
I000290,W004,C033,,17810,1781,16029,4400,8800,35620,0.0031,0.77,39,2027-01-01
I000291,W005,C033,,18525,1852,16673,4400,8800,37050,0.0031,0.77,84,2027-01-01
I000292,W006,C033,,18201,1820,16381,4400,8800,36402,0.0031,0.77,77,2027-01-01
I000293,W007,C033,,18176,1817,16359,4400,8800,36352,0.0031,0.77,4,2027-01-01
I000294,W008,C033,,18038,1803,16235,4400,8800,36076,0.0031,0.77,75,2027-01-01
I000295,W009,C033,,18558,1855,16703,4400,8800,37116,0.0031,0.77,83,2027-01-01
I000296,W010,C033,,18258,1825,16433,4400,8800,36516,0.0031,0.77,28,2027-01-01
I000297,W011,C033,,18087,1808,16279,4400,8800,36174,0.0031,0.77,106,2027-01-01
I000298,W004,C034,,25512,2551,22961,6200,12400,51024,0.0032,0.79,95,2027-01-01
I000299,W005,C034,,25060,2506,22554,6200,12400,50120,0.0032,0.79,13,2027-01-01
I000300,W006,C034,,25713,2571,23142,6200,12400,51426,0.0032,0.79,19,2027-01-01
I000301,W007,C034,,25390,2539,22851,6200,12400,50780,0.0032,0.79,28,2027-01-01
I000302,W008,C034,,25708,2570,23138,6200,12400,51416,0.0032,0.79,119,2027-01-01
I000303,W009,C034,,25709,2570,23139,6200,12400,51418,0.0032,0.79,17,2027-01-01
I000304,W010,C034,,25090,2509,22581,6200,12400,50180,0.0032,0.79,92,2027-01-01
I000305,W011,C034,,25347,2534,22813,6200,12400,50694,0.0032,0.79,57,2027-01-01
I000306,W012,C034,,25162,2516,22646,6200,12400,50324,0.0032,0.79,54,2027-01-01
I000307,W005,C035,,10309,1030,9279,2400,4800,20618,0.0033,0.82,87,2027-01-01
I000308,W006,C035,,10012,1001,9011,2400,4800,20024,0.0033,0.82,70,2027-01-01
I000309,W007,C035,,10037,1003,9034,2400,4800,20074,0.0033,0.82,4,2027-01-01
I000310,W008,C035,,10508,1050,9458,2400,4800,21016,0.0033,0.82,43,2027-01-01
I000311,W009,C035,,9909,990,8919,2400,4800,19818,0.0033,0.82,2,2027-01-01
I000312,W010,C035,,10502,1050,9452,2400,4800,21004,0.0033,0.82,53,2027-01-01
I000313,W011,C035,,9969,996,8973,2400,4800,19938,0.0033,0.82,54,2027-01-01
I000314,W012,C035,,10282,1028,9254,2400,4800,20564,0.0033,0.82,81,2027-01-01
I000315,W013,C035,,10359,1035,9324,2400,4800,20718,0.0033,0.82,87,2027-01-01
I000316,W006,C036,,22798,2279,20519,5500,11000,45596,0.0034,0.84,110,2027-01-01
I000317,W007,C036,,22543,2254,20289,5500,11000,45086,0.0034,0.84,87,2027-01-01
I000318,W008,C036,,22484,2248,20236,5500,11000,44968,0.0034,0.84,10,2027-01-01
I000319,W009,C036,,22230,2223,20007,5500,11000,44460,0.0034,0.84,21,2027-01-01
I000320,W010,C036,,22627,2262,20365,5500,11000,45254,0.0034,0.84,85,2027-01-01
I000321,W011,C036,,22251,2225,20026,5500,11000,44502,0.0034,0.84,104,2027-01-01
I000322,W012,C036,,22607,2260,20347,5500,11000,45214,0.0034,0.84,41,2027-01-01
I000323,W013,C036,,22607,2260,20347,5500,11000,45214,0.0034,0.84,90,2027-01-01
I000324,W014,C036,,22767,2276,20491,5500,11000,45534,0.0034,0.84,119,2027-01-01
I000325,W007,C037,,16525,1652,14873,4000,8000,33050,0.0034,0.86,115,2027-01-01
I000326,W008,C037,,16114,1611,14503,4000,8000,32228,0.0034,0.86,51,2027-01-01
I000327,W009,C037,,16764,1676,15088,4000,8000,33528,0.0034,0.86,44,2027-01-01
I000328,W010,C037,,16400,1640,14760,4000,8000,32800,0.0034,0.86,56,2027-01-01
I000329,W011,C037,,16293,1629,14664,4000,8000,32586,0.0034,0.86,41,2027-01-01
I000330,W012,C037,,16749,1674,15075,4000,8000,33498,0.0034,0.86,87,2027-01-01
I000331,W013,C037,,16285,1628,14657,4000,8000,32570,0.0034,0.86,37,2027-01-01
I000332,W014,C037,,16523,1652,14871,4000,8000,33046,0.0034,0.86,34,2027-01-01
I000333,W015,C037,,16558,1655,14903,4000,8000,33116,0.0034,0.86,85,2027-01-01
I000334,W008,C038,,10225,1022,9203,2500,5000,20450,0.0035,0.88,108,2027-01-01
I000335,W009,C038,,10358,1035,9323,2500,5000,20716,0.0035,0.88,58,2027-01-01
I000336,W010,C038,,10518,1051,9467,2500,5000,21036,0.0035,0.88,60,2027-01-01
I000337,W011,C038,,10823,1082,9741,2500,5000,21646,0.0035,0.88,85,2027-01-01
I000338,W012,C038,,10577,1057,9520,2500,5000,21154,0.0035,0.88,35,2027-01-01
I000339,W013,C038,,10440,1044,9396,2500,5000,20880,0.0035,0.88,32,2027-01-01
I000340,W014,C038,,10493,1049,9444,2500,5000,20986,0.0035,0.88,104,2027-01-01
I000341,W015,C038,,10590,1059,9531,2500,5000,21180,0.0035,0.88,16,2027-01-01
I000342,W016,C038,,10238,1023,9215,2500,5000,20476,0.0035,0.88,88,2027-01-01
I000343,W009,C039,,28313,2831,25482,6900,13800,56626,0.0036,0.91,89,2027-01-01
I000344,W010,C039,,28585,2858,25727,6900,13800,57170,0.0036,0.91,2,2027-01-01
I000345,W011,C039,,28373,2837,25536,6900,13800,56746,0.0036,0.91,21,2027-01-01
I000346,W012,C039,,27749,2774,24975,6900,13800,55498,0.0036,0.91,8,2027-01-01
I000347,W013,C039,,28247,2824,25423,6900,13800,56494,0.0036,0.91,78,2027-01-01
I000348,W014,C039,,27778,2777,25001,6900,13800,55556,0.0036,0.91,5,2027-01-01
I000349,W015,C039,,28004,2800,25204,6900,13800,56008,0.0036,0.91,20,2027-01-01
I000350,W016,C039,,28438,2843,25595,6900,13800,56876,0.0036,0.91,85,2027-01-01
I000351,W017,C039,,28125,2812,25313,6900,13800,56250,0.0036,0.91,105,2027-01-01
I000352,W010,C040,,27279,2727,24552,6600,13200,54558,0.0037,0.93,66,2027-01-01
I000353,W011,C040,,26952,2695,24257,6600,13200,53904,0.0037,0.93,47,2027-01-01
I000354,W012,C040,,26602,2660,23942,6600,13200,53204,0.0037,0.93,29,2027-01-01
I000355,W013,C040,,26949,2694,24255,6600,13200,53898,0.0037,0.93,43,2027-01-01
I000356,W014,C040,,26620,2662,23958,6600,13200,53240,0.0037,0.93,59,2027-01-01
I000357,W015,C040,,26602,2660,23942,6600,13200,53204,0.0037,0.93,107,2027-01-01
I000358,W016,C040,,26525,2652,23873,6600,13200,53050,0.0037,0.93,105,2027-01-01
I000359,W017,C040,,27384,2738,24646,6600,13200,54768,0.0037,0.93,65,2027-01-01
I000360,W018,C040,,27319,2731,24588,6600,13200,54638,0.0037,0.93,94,2027-01-01
I000361,W011,C041,,22940,2294,20646,5600,11200,45880,0.0038,0.95,28,2027-01-01
I000362,W012,C041,,23205,2320,20885,5600,11200,46410,0.0038,0.95,28,2027-01-01
I000363,W013,C041,,22825,2282,20543,5600,11200,45650,0.0038,0.95,55,2027-01-01
I000364,W014,C041,,22515,2251,20264,5600,11200,45030,0.0038,0.95,35,2027-01-01
I000365,W015,C041,,23135,2313,20822,5600,11200,46270,0.0038,0.95,34,2027-01-01
I000366,W016,C041,,23122,2312,20810,5600,11200,46244,0.0038,0.95,37,2027-01-01
I000367,W017,C041,,22880,2288,20592,5600,11200,45760,0.0038,0.95,89,2027-01-01
I000368,W018,C041,,23040,2304,20736,5600,11200,46080,0.0038,0.95,49,2027-01-01
I000369,W019,C041,,23047,2304,20743,5600,11200,46094,0.0038,0.95,25,2027-01-01
I000370,W012,C042,,7781,778,7003,1900,3800,15562,0.0039,0.97,120,2027-01-01
I000371,W013,C042,,8426,842,7584,1900,3800,16852,0.0039,0.97,94,2027-01-01
I000372,W014,C042,,8387,838,7549,1900,3800,16774,0.0039,0.97,52,2027-01-01
I000373,W015,C042,,8087,808,7279,1900,3800,16174,0.0039,0.97,14,2027-01-01
I000374,W016,C042,,8010,801,7209,1900,3800,16020,0.0039,0.97,70,2027-01-01
I000375,W017,C042,,7848,784,7064,1900,3800,15696,0.0039,0.97,3,2027-01-01
I000376,W018,C042,,8269,826,7443,1900,3800,16538,0.0039,0.97,96,2027-01-01
I000377,W019,C042,,8521,852,7669,1900,3800,17042,0.0039,0.97,5,2027-01-01
I000378,W020,C042,,7891,789,7102,1900,3800,15782,0.0039,0.97,46,2027-01-01
I000379,W013,C043,,18208,1820,16388,4500,9000,36416,0.004,1.0,76,2027-01-01
I000380,W014,C043,,18933,1893,17040,4500,9000,37866,0.004,1.0,83,2027-01-01
I000381,W015,C043,,18794,1879,16915,4500,9000,37588,0.004,1.0,50,2027-01-01
I000382,W016,C043,,18452,1845,16607,4500,9000,36904,0.004,1.0,2,2027-01-01
I000383,W017,C043,,18671,1867,16804,4500,9000,37342,0.004,1.0,34,2027-01-01
I000384,W018,C043,,18902,1890,17012,4500,9000,37804,0.004,1.0,6,2027-01-01
I000385,W019,C043,,18177,1817,16360,4500,9000,36354,0.004,1.0,78,2027-01-01
I000386,W020,C043,,18641,1864,16777,4500,9000,37282,0.004,1.0,13,2027-01-01
I000387,W021,C043,,18808,1880,16928,4500,9000,37616,0.004,1.0,34,2027-01-01
I000388,W014,C044,,11061,1106,9955,2600,5200,22122,0.0041,1.02,89,2027-01-01
I000389,W015,C044,,11354,1135,10219,2600,5200,22708,0.0041,1.02,117,2027-01-01
I000390,W016,C044,,11374,1137,10237,2600,5200,22748,0.0041,1.02,46,2027-01-01
I000391,W017,C044,,10686,1068,9618,2600,5200,21372,0.0041,1.02,36,2027-01-01
I000392,W018,C044,,11244,1124,10120,2600,5200,22488,0.0041,1.02,72,2027-01-01
I000393,W019,C044,,11118,1111,10007,2600,5200,22236,0.0041,1.02,16,2027-01-01
I000394,W020,C044,,11055,1105,9950,2600,5200,22110,0.0041,1.02,101,2027-01-01
I000395,W021,C044,,11009,1100,9909,2600,5200,22018,0.0041,1.02,76,2027-01-01
I000396,W022,C044,,10575,1057,9518,2600,5200,21150,0.0041,1.02,91,2027-01-01
I000397,W015,C045,,12954,1295,11659,3200,6400,25908,0.0042,1.04,87,2027-01-01
I000398,W016,C045,,13278,1327,11951,3200,6400,26556,0.0042,1.04,71,2027-01-01
I000399,W017,C045,,13415,1341,12074,3200,6400,26830,0.0042,1.04,105,2027-01-01
I000400,W018,C045,,13510,1351,12159,3200,6400,27020,0.0042,1.04,114,2027-01-01
I000401,W019,C045,,13728,1372,12356,3200,6400,27456,0.0042,1.04,67,2027-01-01
I000402,W020,C045,,13539,1353,12186,3200,6400,27078,0.0042,1.04,117,2027-01-01
I000403,W021,C045,,13220,1322,11898,3200,6400,26440,0.0042,1.04,88,2027-01-01
I000404,W022,C045,,12903,1290,11613,3200,6400,25806,0.0042,1.04,12,2027-01-01
I000405,W023,C045,,13692,1369,12323,3200,6400,27384,0.0042,1.04,115,2027-01-01
I000406,W016,C046,,5166,516,4650,1100,2200,10332,0.0043,1.06,105,2027-01-01
I000407,W017,C046,,4603,460,4143,1100,2200,9206,0.0043,1.06,82,2027-01-01
I000408,W018,C046,,4758,475,4283,1100,2200,9516,0.0043,1.06,1,2027-01-01
I000409,W019,C046,,4617,461,4156,1100,2200,9234,0.0043,1.06,81,2027-01-01
I000410,W020,C046,,5117,511,4606,1100,2200,10234,0.0043,1.06,40,2027-01-01
I000411,W021,C046,,4515,451,4064,1100,2200,9030,0.0043,1.06,87,2027-01-01
I000412,W022,C046,,5063,506,4557,1100,2200,10126,0.0043,1.06,86,2027-01-01
I000413,W023,C046,,4514,451,4063,1100,2200,9028,0.0043,1.06,105,2027-01-01
I000414,W024,C046,,5058,505,4553,1100,2200,10116,0.0043,1.06,9,2027-01-01
I000415,W017,C047,,15645,1564,14081,3700,7400,31290,0.0043,1.09,107,2027-01-01
I000416,W018,C047,,15455,1545,13910,3700,7400,30910,0.0043,1.09,69,2027-01-01
I000417,W019,C047,,15723,1572,14151,3700,7400,31446,0.0043,1.09,101,2027-01-01
I000418,W020,C047,,15257,1525,13732,3700,7400,30514,0.0043,1.09,14,2027-01-01
I000419,W021,C047,,15394,1539,13855,3700,7400,30788,0.0043,1.09,85,2027-01-01
I000420,W022,C047,,15008,1500,13508,3700,7400,30016,0.0043,1.09,9,2027-01-01
I000421,W023,C047,,15311,1531,13780,3700,7400,30622,0.0043,1.09,24,2027-01-01
I000422,W024,C047,,15235,1523,13712,3700,7400,30470,0.0043,1.09,36,2027-01-01
I000423,W025,C047,,15502,1550,13952,3700,7400,31004,0.0043,1.09,28,2027-01-01
I000424,W018,C048,,20111,2011,18100,4900,9800,40222,0.0044,1.11,96,2027-01-01
I000425,W019,C048,,19705,1970,17735,4900,9800,39410,0.0044,1.11,5,2027-01-01
I000426,W020,C048,,19986,1998,17988,4900,9800,39972,0.0044,1.11,6,2027-01-01
I000427,W021,C048,,19776,1977,17799,4900,9800,39552,0.0044,1.11,109,2027-01-01
I000428,W022,C048,,20178,2017,18161,4900,9800,40356,0.0044,1.11,82,2027-01-01
I000429,W023,C048,,19748,1974,17774,4900,9800,39496,0.0044,1.11,97,2027-01-01
I000430,W024,C048,,19758,1975,17783,4900,9800,39516,0.0044,1.11,1,2027-01-01
I000431,W025,C048,,20370,2037,18333,4900,9800,40740,0.0044,1.11,104,2027-01-01
I000432,W026,C048,,20485,2048,18437,4900,9800,40970,0.0044,1.11,84,2027-01-01
I000433,W019,C049,,16459,1645,14814,4000,8000,32918,0.0045,1.13,96,2027-01-01
I000434,W020,C049,,16742,1674,15068,4000,8000,33484,0.0045,1.13,115,2027-01-01
I000435,W021,C049,,16454,1645,14809,4000,8000,32908,0.0045,1.13,19,2027-01-01
I000436,W022,C049,,16378,1637,14741,4000,8000,32756,0.0045,1.13,64,2027-01-01
I000437,W023,C049,,16712,1671,15041,4000,8000,33424,0.0045,1.13,36,2027-01-01
I000438,W024,C049,,16661,1666,14995,4000,8000,33322,0.0045,1.13,44,2027-01-01
I000439,W025,C049,,16689,1668,15021,4000,8000,33378,0.0045,1.13,105,2027-01-01
I000440,W026,C049,,16521,1652,14869,4000,8000,33042,0.0045,1.13,41,2027-01-01
I000441,W027,C049,,16394,1639,14755,4000,8000,32788,0.0045,1.13,47,2027-01-01
I000442,W020,C050,,3452,345,3107,800,1600,6904,0.0046,1.15,88,2027-01-01
I000443,W021,C050,,4174,417,3757,800,1600,8348,0.0046,1.15,13,2027-01-01
I000444,W022,C050,,3457,345,3112,800,1600,6914,0.0046,1.15,36,2027-01-01
I000445,W023,C050,,3730,373,3357,800,1600,7460,0.0046,1.15,1,2027-01-01
I000446,W024,C050,,3638,363,3275,800,1600,7276,0.0046,1.15,48,2027-01-01
I000447,W025,C050,,3673,367,3306,800,1600,7346,0.0046,1.15,117,2027-01-01
I000448,W026,C050,,3681,368,3313,800,1600,7362,0.0046,1.15,64,2027-01-01
I000449,W027,C050,,3660,366,3294,800,1600,7320,0.0046,1.15,86,2027-01-01
I000450,W028,C050,,3476,347,3129,800,1600,6952,0.0046,1.15,63,2027-01-01
I000451,W021,C051,,28364,2836,25528,6900,13800,56728,0.0002,0.05,52,2027-01-01
I000452,W022,C051,,28123,2812,25311,6900,13800,56246,0.0002,0.05,12,2027-01-01
I000453,W023,C051,,27989,2798,25191,6900,13800,55978,0.0002,0.05,18,2027-01-01
I000454,W024,C051,,28544,2854,25690,6900,13800,57088,0.0002,0.05,108,2027-01-01
I000455,W025,C051,,28315,2831,25484,6900,13800,56630,0.0002,0.05,7,2027-01-01
I000456,W026,C051,,28271,2827,25444,6900,13800,56542,0.0002,0.05,109,2027-01-01
I000457,W027,C051,,28231,2823,25408,6900,13800,56462,0.0002,0.05,82,2027-01-01
I000458,W028,C051,,27833,2783,25050,6900,13800,55666,0.0002,0.05,90,2027-01-01
I000459,W029,C051,,28195,2819,25376,6900,13800,56390,0.0002,0.05,46,2027-01-01
I000460,W022,C052,,19720,1972,17748,4900,9800,39440,0.0003,0.07,30,2027-01-01
I000461,W023,C052,,19891,1989,17902,4900,9800,39782,0.0003,0.07,26,2027-01-01
I000462,W024,C052,,19947,1994,17953,4900,9800,39894,0.0003,0.07,58,2027-01-01
I000463,W025,C052,,20535,2053,18482,4900,9800,41070,0.0003,0.07,112,2027-01-01
I000464,W026,C052,,20244,2024,18220,4900,9800,40488,0.0003,0.07,113,2027-01-01
I000465,W027,C052,,19909,1990,17919,4900,9800,39818,0.0003,0.07,104,2027-01-01
I000466,W028,C052,,19913,1991,17922,4900,9800,39826,0.0003,0.07,92,2027-01-01
I000467,W029,C052,,19771,1977,17794,4900,9800,39542,0.0003,0.07,18,2027-01-01
I000468,W030,C052,,19720,1972,17748,4900,9800,39440,0.0003,0.07,31,2027-01-01
I000469,W023,C053,,25227,2522,22705,6100,12200,50454,0.0004,0.1,38,2027-01-01
I000470,W024,C053,,25366,2536,22830,6100,12200,50732,0.0004,0.1,54,2027-01-01
I000471,W025,C053,,25348,2534,22814,6100,12200,50696,0.0004,0.1,43,2027-01-01
I000472,W026,C053,,24771,2477,22294,6100,12200,49542,0.0004,0.1,19,2027-01-01
I000473,W027,C053,,24636,2463,22173,6100,12200,49272,0.0004,0.1,108,2027-01-01
I000474,W028,C053,,25158,2515,22643,6100,12200,50316,0.0004,0.1,61,2027-01-01
I000475,W029,C053,,24758,2475,22283,6100,12200,49516,0.0004,0.1,93,2027-01-01
I000476,W030,C053,,25243,2524,22719,6100,12200,50486,0.0004,0.1,93,2027-01-01
I000477,W001,C053,,24919,2491,22428,6100,12200,49838,0.0004,0.1,100,2027-01-01
I000478,W024,C054,,5788,578,5210,1300,2600,11576,0.0005,0.12,35,2027-01-01
I000479,W025,C054,,5437,543,4894,1300,2600,10874,0.0005,0.12,20,2027-01-01
I000480,W026,C054,,6075,607,5468,1300,2600,12150,0.0005,0.12,49,2027-01-01
I000481,W027,C054,,5989,598,5391,1300,2600,11978,0.0005,0.12,40,2027-01-01
I000482,W028,C054,,5679,567,5112,1300,2600,11358,0.0005,0.12,107,2027-01-01
I000483,W029,C054,,5829,582,5247,1300,2600,11658,0.0005,0.12,79,2027-01-01
I000484,W030,C054,,5575,557,5018,1300,2600,11150,0.0005,0.12,58,2027-01-01
I000485,W001,C054,,5473,547,4926,1300,2600,10946,0.0005,0.12,104,2027-01-01
I000486,W002,C054,,5436,543,4893,1300,2600,10872,0.0005,0.12,12,2027-01-01
I000487,W025,C055,,23600,2360,21240,5700,11400,47200,0.0006,0.14,39,2027-01-01
I000488,W026,C055,,23369,2336,21033,5700,11400,46738,0.0006,0.14,78,2027-01-01
I000489,W027,C055,,22996,2299,20697,5700,11400,45992,0.0006,0.14,23,2027-01-01
I000490,W028,C055,,23650,2365,21285,5700,11400,47300,0.0006,0.14,96,2027-01-01
I000491,W029,C055,,23418,2341,21077,5700,11400,46836,0.0006,0.14,43,2027-01-01
I000492,W030,C055,,23589,2358,21231,5700,11400,47178,0.0006,0.14,105,2027-01-01
I000493,W001,C055,,23074,2307,20767,5700,11400,46148,0.0006,0.14,94,2027-01-01
I000494,W002,C055,,23741,2374,21367,5700,11400,47482,0.0006,0.14,41,2027-01-01
I000495,W003,C055,,23798,2379,21419,5700,11400,47596,0.0006,0.14,120,2027-01-01
I000496,W026,C056,,25215,2521,22694,6100,12200,50430,0.0007,0.16,39,2027-01-01
I000497,W027,C056,,24925,2492,22433,6100,12200,49850,0.0007,0.16,27,2027-01-01
I000498,W028,C056,,25280,2528,22752,6100,12200,50560,0.0007,0.16,42,2027-01-01
I000499,W029,C056,,24739,2473,22266,6100,12200,49478,0.0007,0.16,23,2027-01-01
I000500,W030,C056,,25149,2514,22635,6100,12200,50298,0.0007,0.16,112,2027-01-01
I000501,W001,C056,,25251,2525,22726,6100,12200,50502,0.0007,0.16,31,2027-01-01
I000502,W002,C056,,24611,2461,22150,6100,12200,49222,0.0007,0.16,27,2027-01-01
I000503,W003,C056,,24840,2484,22356,6100,12200,49680,0.0007,0.16,99,2027-01-01
I000504,W004,C056,,24796,2479,22317,6100,12200,49592,0.0007,0.16,82,2027-01-01
I000505,W027,C057,,13646,1364,12282,3300,6600,27292,0.0007,0.19,1,2027-01-01
I000506,W028,C057,,13746,1374,12372,3300,6600,27492,0.0007,0.19,79,2027-01-01
I000507,W029,C057,,13620,1362,12258,3300,6600,27240,0.0007,0.19,93,2027-01-01
I000508,W030,C057,,13693,1369,12324,3300,6600,27386,0.0007,0.19,19,2027-01-01
I000509,W001,C057,,14129,1412,12717,3300,6600,28258,0.0007,0.19,86,2027-01-01
I000510,W002,C057,,13633,1363,12270,3300,6600,27266,0.0007,0.19,45,2027-01-01
I000511,W003,C057,,13670,1367,12303,3300,6600,27340,0.0007,0.19,45,2027-01-01
I000512,W004,C057,,13456,1345,12111,3300,6600,26912,0.0007,0.19,71,2027-01-01
I000513,W005,C057,,13374,1337,12037,3300,6600,26748,0.0007,0.19,31,2027-01-01
I000514,W028,C058,,8968,896,8072,2100,4200,17936,0.0008,0.21,81,2027-01-01
I000515,W029,C058,,8548,854,7694,2100,4200,17096,0.0008,0.21,103,2027-01-01
I000516,W030,C058,,9106,910,8196,2100,4200,18212,0.0008,0.21,100,2027-01-01
I000517,W001,C058,,8545,854,7691,2100,4200,17090,0.0008,0.21,83,2027-01-01
I000518,W002,C058,,9013,901,8112,2100,4200,18026,0.0008,0.21,102,2027-01-01
I000519,W003,C058,,9282,928,8354,2100,4200,18564,0.0008,0.21,27,2027-01-01
I000520,W004,C058,,9239,923,8316,2100,4200,18478,0.0008,0.21,63,2027-01-01
I000521,W005,C058,,9134,913,8221,2100,4200,18268,0.0008,0.21,9,2027-01-01
I000522,W006,C058,,9157,915,8242,2100,4200,18314,0.0008,0.21,2,2027-01-01
I000523,W029,C059,,18481,1848,16633,4400,8800,36962,0.0009,0.23,110,2027-01-01
I000524,W030,C059,,18014,1801,16213,4400,8800,36028,0.0009,0.23,35,2027-01-01
I000525,W001,C059,,18010,1801,16209,4400,8800,36020,0.0009,0.23,72,2027-01-01
I000526,W002,C059,,18093,1809,16284,4400,8800,36186,0.0009,0.23,117,2027-01-01
I000527,W003,C059,,18416,1841,16575,4400,8800,36832,0.0009,0.23,21,2027-01-01
I000528,W004,C059,,18429,1842,16587,4400,8800,36858,0.0009,0.23,32,2027-01-01
I000529,W005,C059,,18522,1852,16670,4400,8800,37044,0.0009,0.23,17,2027-01-01
I000530,W006,C059,,17706,1770,15936,4400,8800,35412,0.0009,0.23,73,2027-01-01
I000531,W007,C059,,17785,1778,16007,4400,8800,35570,0.0009,0.23,19,2027-01-01
I000532,W030,C060,,29630,2963,26667,7200,14400,59260,0.001,0.25,32,2027-01-01
I000533,W001,C060,,29628,2962,26666,7200,14400,59256,0.001,0.25,93,2027-01-01
I000534,W002,C060,,29470,2947,26523,7200,14400,58940,0.001,0.25,116,2027-01-01
I000535,W003,C060,,29266,2926,26340,7200,14400,58532,0.001,0.25,108,2027-01-01
I000536,W004,C060,,29055,2905,26150,7200,14400,58110,0.001,0.25,14,2027-01-01
I000537,W005,C060,,29193,2919,26274,7200,14400,58386,0.001,0.25,51,2027-01-01
I000538,W006,C060,,29591,2959,26632,7200,14400,59182,0.001,0.25,72,2027-01-01
I000539,W007,C060,,29725,2972,26753,7200,14400,59450,0.001,0.25,110,2027-01-01
I000540,W008,C060,,29394,2939,26455,7200,14400,58788,0.001,0.25,4,2027-01-01
I000541,W001,C061,,27955,2795,25160,6800,13600,55910,0.0011,0.28,13,2027-01-01
I000542,W002,C061,,27519,2751,24768,6800,13600,55038,0.0011,0.28,119,2027-01-01
I000543,W003,C061,,27354,2735,24619,6800,13600,54708,0.0011,0.28,35,2027-01-01
I000544,W004,C061,,28052,2805,25247,6800,13600,56104,0.0011,0.28,58,2027-01-01
I000545,W005,C061,,27378,2737,24641,6800,13600,54756,0.0011,0.28,94,2027-01-01
I000546,W006,C061,,28013,2801,25212,6800,13600,56026,0.0011,0.28,96,2027-01-01
I000547,W007,C061,,27639,2763,24876,6800,13600,55278,0.0011,0.28,120,2027-01-01
I000548,W008,C061,,27703,2770,24933,6800,13600,55406,0.0011,0.28,111,2027-01-01
I000549,W009,C061,,27930,2793,25137,6800,13600,55860,0.0011,0.28,43,2027-01-01
I000550,W002,C062,,14286,1428,12858,3500,7000,28572,0.0012,0.3,116,2027-01-01
I000551,W003,C062,,14782,1478,13304,3500,7000,29564,0.0012,0.3,79,2027-01-01
I000552,W004,C062,,14881,1488,13393,3500,7000,29762,0.0012,0.3,19,2027-01-01
I000553,W005,C062,,14567,1456,13111,3500,7000,29134,0.0012,0.3,62,2027-01-01
I000554,W006,C062,,14306,1430,12876,3500,7000,28612,0.0012,0.3,93,2027-01-01
I000555,W007,C062,,14336,1433,12903,3500,7000,28672,0.0012,0.3,119,2027-01-01
I000556,W008,C062,,14139,1413,12726,3500,7000,28278,0.0012,0.3,31,2027-01-01
I000557,W009,C062,,14150,1415,12735,3500,7000,28300,0.0012,0.3,51,2027-01-01
I000558,W010,C062,,14902,1490,13412,3500,7000,29804,0.0012,0.3,82,2027-01-01
I000559,W003,C063,,11091,1109,9982,2600,5200,22182,0.0013,0.32,106,2027-01-01
I000560,W004,C063,,11078,1107,9971,2600,5200,22156,0.0013,0.32,37,2027-01-01
I000561,W005,C063,,11311,1131,10180,2600,5200,22622,0.0013,0.32,40,2027-01-01
I000562,W006,C063,,10541,1054,9487,2600,5200,21082,0.0013,0.32,73,2027-01-01
I000563,W007,C063,,11182,1118,10064,2600,5200,22364,0.0013,0.32,69,2027-01-01
I000564,W008,C063,,11202,1120,10082,2600,5200,22404,0.0013,0.32,14,2027-01-01
I000565,W009,C063,,11171,1117,10054,2600,5200,22342,0.0013,0.32,69,2027-01-01
I000566,W010,C063,,11023,1102,9921,2600,5200,22046,0.0013,0.32,61,2027-01-01
I000567,W011,C063,,10572,1057,9515,2600,5200,21144,0.0013,0.32,100,2027-01-01
I000568,W004,C064,,10286,1028,9258,2500,5000,20572,0.0014,0.34,93,2027-01-01
I000569,W005,C064,,10478,1047,9431,2500,5000,20956,0.0014,0.34,113,2027-01-01
I000570,W006,C064,,10150,1015,9135,2500,5000,20300,0.0014,0.34,30,2027-01-01
I000571,W007,C064,,10537,1053,9484,2500,5000,21074,0.0014,0.34,119,2027-01-01
I000572,W008,C064,,10176,1017,9159,2500,5000,20352,0.0014,0.34,111,2027-01-01
I000573,W009,C064,,10399,1039,9360,2500,5000,20798,0.0014,0.34,26,2027-01-01
I000574,W010,C064,,10845,1084,9761,2500,5000,21690,0.0014,0.34,14,2027-01-01
I000575,W011,C064,,10735,1073,9662,2500,5000,21470,0.0014,0.34,113,2027-01-01
I000576,W012,C064,,10305,1030,9275,2500,5000,20610,0.0014,0.34,54,2027-01-01
I000577,W005,C065,,24656,2465,22191,6100,12200,49312,0.0015,0.37,87,2027-01-01
I000578,W006,C065,,24737,2473,22264,6100,12200,49474,0.0015,0.37,9,2027-01-01
I000579,W007,C065,,24691,2469,22222,6100,12200,49382,0.0015,0.37,9,2027-01-01
I000580,W008,C065,,24616,2461,22155,6100,12200,49232,0.0015,0.37,51,2027-01-01
I000581,W009,C065,,24943,2494,22449,6100,12200,49886,0.0015,0.37,119,2027-01-01
I000582,W010,C065,,24634,2463,22171,6100,12200,49268,0.0015,0.37,69,2027-01-01
I000583,W011,C065,,24987,2498,22489,6100,12200,49974,0.0015,0.37,65,2027-01-01
I000584,W012,C065,,24721,2472,22249,6100,12200,49442,0.0015,0.37,107,2027-01-01
I000585,W013,C065,,24541,2454,22087,6100,12200,49082,0.0015,0.37,65,2027-01-01
I000586,W006,C066,,15202,1520,13682,3700,7400,30404,0.0016,0.39,15,2027-01-01
I000587,W007,C066,,15381,1538,13843,3700,7400,30762,0.0016,0.39,33,2027-01-01
I000588,W008,C066,,15211,1521,13690,3700,7400,30422,0.0016,0.39,55,2027-01-01
I000589,W009,C066,,15669,1566,14103,3700,7400,31338,0.0016,0.39,73,2027-01-01
I000590,W010,C066,,15113,1511,13602,3700,7400,30226,0.0016,0.39,91,2027-01-01
I000591,W011,C066,,15419,1541,13878,3700,7400,30838,0.0016,0.39,34,2027-01-01
I000592,W012,C066,,15015,1501,13514,3700,7400,30030,0.0016,0.39,116,2027-01-01
I000593,W013,C066,,15252,1525,13727,3700,7400,30504,0.0016,0.39,81,2027-01-01
I000594,W014,C066,,15559,1555,14004,3700,7400,31118,0.0016,0.39,108,2027-01-01
I000595,W007,C067,,15405,1540,13865,3700,7400,30810,0.0016,0.41,102,2027-01-01
I000596,W008,C067,,15534,1553,13981,3700,7400,31068,0.0016,0.41,56,2027-01-01
I000597,W009,C067,,15059,1505,13554,3700,7400,30118,0.0016,0.41,118,2027-01-01
I000598,W010,C067,,14915,1491,13424,3700,7400,29830,0.0016,0.41,52,2027-01-01
I000599,W011,C067,,15742,1574,14168,3700,7400,31484,0.0016,0.41,91,2027-01-01
I000600,W012,C067,,15252,1525,13727,3700,7400,30504,0.0016,0.41,19,2027-01-01
I000601,W013,C067,,15095,1509,13586,3700,7400,30190,0.0016,0.41,7,2027-01-01
I000602,W014,C067,,15688,1568,14120,3700,7400,31376,0.0016,0.41,33,2027-01-01
I000603,W015,C067,,15537,1553,13984,3700,7400,31074,0.0016,0.41,117,2027-01-01
I000604,W008,C068,,18006,1800,16206,4400,8800,36012,0.0017,0.43,44,2027-01-01
I000605,W009,C068,,18230,1823,16407,4400,8800,36460,0.0017,0.43,64,2027-01-01
I000606,W010,C068,,18328,1832,16496,4400,8800,36656,0.0017,0.43,116,2027-01-01
I000607,W011,C068,,18484,1848,16636,4400,8800,36968,0.0017,0.43,12,2027-01-01
I000608,W012,C068,,18267,1826,16441,4400,8800,36534,0.0017,0.43,78,2027-01-01
I000609,W013,C068,,18172,1817,16355,4400,8800,36344,0.0017,0.43,78,2027-01-01
I000610,W014,C068,,18419,1841,16578,4400,8800,36838,0.0017,0.43,73,2027-01-01
I000611,W015,C068,,17838,1783,16055,4400,8800,35676,0.0017,0.43,120,2027-01-01
I000612,W016,C068,,17923,1792,16131,4400,8800,35846,0.0017,0.43,14,2027-01-01
I000613,W009,C069,,14654,1465,13189,3500,7000,29308,0.0018,0.46,79,2027-01-01
I000614,W010,C069,,14693,1469,13224,3500,7000,29386,0.0018,0.46,15,2027-01-01
I000615,W011,C069,,14424,1442,12982,3500,7000,28848,0.0018,0.46,24,2027-01-01
I000616,W012,C069,,14835,1483,13352,3500,7000,29670,0.0018,0.46,46,2027-01-01
I000617,W013,C069,,14445,1444,13001,3500,7000,28890,0.0018,0.46,79,2027-01-01
I000618,W014,C069,,14502,1450,13052,3500,7000,29004,0.0018,0.46,55,2027-01-01
I000619,W015,C069,,14105,1410,12695,3500,7000,28210,0.0018,0.46,104,2027-01-01
I000620,W016,C069,,14547,1454,13093,3500,7000,29094,0.0018,0.46,23,2027-01-01
I000621,W017,C069,,14798,1479,13319,3500,7000,29596,0.0018,0.46,35,2027-01-01
I000622,W010,C070,,10882,1088,9794,2600,5200,21764,0.0019,0.48,117,2027-01-01
I000623,W011,C070,,11253,1125,10128,2600,5200,22506,0.0019,0.48,119,2027-01-01
I000624,W012,C070,,11124,1112,10012,2600,5200,22248,0.0019,0.48,82,2027-01-01
I000625,W013,C070,,10533,1053,9480,2600,5200,21066,0.0019,0.48,53,2027-01-01
I000626,W014,C070,,10724,1072,9652,2600,5200,21448,0.0019,0.48,94,2027-01-01
I000627,W015,C070,,10778,1077,9701,2600,5200,21556,0.0019,0.48,32,2027-01-01
I000628,W016,C070,,11304,1130,10174,2600,5200,22608,0.0019,0.48,99,2027-01-01
I000629,W017,C070,,10559,1055,9504,2600,5200,21118,0.0019,0.48,58,2027-01-01
I000630,W018,C070,,10780,1078,9702,2600,5200,21560,0.0019,0.48,83,2027-01-01
I000631,W011,C071,,29321,2932,26389,7200,14400,58642,0.002,0.5,64,2027-01-01
I000632,W012,C071,,29068,2906,26162,7200,14400,58136,0.002,0.5,83,2027-01-01
I000633,W013,C071,,29566,2956,26610,7200,14400,59132,0.002,0.5,89,2027-01-01
I000634,W014,C071,,29085,2908,26177,7200,14400,58170,0.002,0.5,103,2027-01-01
I000635,W015,C071,,28927,2892,26035,7200,14400,57854,0.002,0.5,20,2027-01-01
I000636,W016,C071,,29309,2930,26379,7200,14400,58618,0.002,0.5,56,2027-01-01
I000637,W017,C071,,29040,2904,26136,7200,14400,58080,0.002,0.5,36,2027-01-01
I000638,W018,C071,,29094,2909,26185,7200,14400,58188,0.002,0.5,6,2027-01-01
I000639,W019,C071,,29321,2932,26389,7200,14400,58642,0.002,0.5,80,2027-01-01
I000640,W012,C072,,29548,2954,26594,7300,14600,59096,0.0021,0.52,54,2027-01-01
I000641,W013,C072,,29429,2942,26487,7300,14600,58858,0.0021,0.52,61,2027-01-01
I000642,W014,C072,,29960,2996,26964,7300,14600,59920,0.0021,0.52,2,2027-01-01
I000643,W015,C072,,29303,2930,26373,7300,14600,58606,0.0021,0.52,10,2027-01-01
I000644,W016,C072,,29325,2932,26393,7300,14600,58650,0.0021,0.52,57,2027-01-01
I000645,W017,C072,,30193,3019,27174,7300,14600,60386,0.0021,0.52,86,2027-01-01
I000646,W018,C072,,29433,2943,26490,7300,14600,58866,0.0021,0.52,68,2027-01-01
I000647,W019,C072,,29403,2940,26463,7300,14600,58806,0.0021,0.52,71,2027-01-01
I000648,W020,C072,,30130,3013,27117,7300,14600,60260,0.0021,0.52,43,2027-01-01
I000649,W013,C073,,28791,2879,25912,7100,14200,57582,0.0022,0.55,88,2027-01-01
I000650,W014,C073,,29218,2921,26297,7100,14200,58436,0.0022,0.55,76,2027-01-01
I000651,W015,C073,,28954,2895,26059,7100,14200,57908,0.0022,0.55,26,2027-01-01
I000652,W016,C073,,29336,2933,26403,7100,14200,58672,0.0022,0.55,57,2027-01-01
I000653,W017,C073,,28696,2869,25827,7100,14200,57392,0.0022,0.55,51,2027-01-01
I000654,W018,C073,,28894,2889,26005,7100,14200,57788,0.0022,0.55,78,2027-01-01
I000655,W019,C073,,29301,2930,26371,7100,14200,58602,0.0022,0.55,11,2027-01-01
I000656,W020,C073,,29095,2909,26186,7100,14200,58190,0.0022,0.55,47,2027-01-01
I000657,W021,C073,,28564,2856,25708,7100,14200,57128,0.0022,0.55,54,2027-01-01
I000658,W014,C074,,9667,966,8701,2200,4400,19334,0.0023,0.57,51,2027-01-01
I000659,W015,C074,,9785,978,8807,2200,4400,19570,0.0023,0.57,120,2027-01-01
I000660,W016,C074,,9330,933,8397,2200,4400,18660,0.0023,0.57,29,2027-01-01
I000661,W017,C074,,8992,899,8093,2200,4400,17984,0.0023,0.57,56,2027-01-01
I000662,W018,C074,,9546,954,8592,2200,4400,19092,0.0023,0.57,89,2027-01-01
I000663,W019,C074,,9635,963,8672,2200,4400,19270,0.0023,0.57,101,2027-01-01
I000664,W020,C074,,9578,957,8621,2200,4400,19156,0.0023,0.57,14,2027-01-01
I000665,W021,C074,,9749,974,8775,2200,4400,19498,0.0023,0.57,80,2027-01-01
I000666,W022,C074,,9311,931,8380,2200,4400,18622,0.0023,0.57,57,2027-01-01
I000667,W015,C075,,7917,791,7126,1800,3600,15834,0.0024,0.59,29,2027-01-01
I000668,W016,C075,,7484,748,6736,1800,3600,14968,0.0024,0.59,91,2027-01-01
I000669,W017,C075,,7320,732,6588,1800,3600,14640,0.0024,0.59,29,2027-01-01
I000670,W018,C075,,7918,791,7127,1800,3600,15836,0.0024,0.59,36,2027-01-01
I000671,W019,C075,,7310,731,6579,1800,3600,14620,0.0024,0.59,110,2027-01-01
I000672,W020,C075,,7897,789,7108,1800,3600,15794,0.0024,0.59,73,2027-01-01
I000673,W021,C075,,7856,785,7071,1800,3600,15712,0.0024,0.59,114,2027-01-01
I000674,W022,C075,,7710,771,6939,1800,3600,15420,0.0024,0.59,64,2027-01-01
I000675,W023,C075,,8096,809,7287,1800,3600,16192,0.0024,0.59,96,2027-01-01
I000676,W016,C076,,16283,1628,14655,3900,7800,32566,0.0024,0.61,55,2027-01-01
I000677,W017,C076,,15948,1594,14354,3900,7800,31896,0.0024,0.61,82,2027-01-01
I000678,W018,C076,,16182,1618,14564,3900,7800,32364,0.0024,0.61,91,2027-01-01
I000679,W019,C076,,15967,1596,14371,3900,7800,31934,0.0024,0.61,25,2027-01-01
I000680,W020,C076,,16064,1606,14458,3900,7800,32128,0.0024,0.61,80,2027-01-01
I000681,W021,C076,,16417,1641,14776,3900,7800,32834,0.0024,0.61,58,2027-01-01
I000682,W022,C076,,15722,1572,14150,3900,7800,31444,0.0024,0.61,2,2027-01-01
I000683,W023,C076,,16040,1604,14436,3900,7800,32080,0.0024,0.61,42,2027-01-01
I000684,W024,C076,,16155,1615,14540,3900,7800,32310,0.0024,0.61,31,2027-01-01
I000685,W017,C077,,10268,1026,9242,2500,5000,20536,0.0025,0.64,19,2027-01-01
I000686,W018,C077,,10373,1037,9336,2500,5000,20746,0.0025,0.64,60,2027-01-01
I000687,W019,C077,,10890,1089,9801,2500,5000,21780,0.0025,0.64,37,2027-01-01
I000688,W020,C077,,10394,1039,9355,2500,5000,20788,0.0025,0.64,24,2027-01-01
I000689,W021,C077,,10853,1085,9768,2500,5000,21706,0.0025,0.64,43,2027-01-01
I000690,W022,C077,,10773,1077,9696,2500,5000,21546,0.0025,0.64,119,2027-01-01
I000691,W023,C077,,10489,1048,9441,2500,5000,20978,0.0025,0.64,104,2027-01-01
I000692,W024,C077,,10346,1034,9312,2500,5000,20692,0.0025,0.64,93,2027-01-01
I000693,W025,C077,,10424,1042,9382,2500,5000,20848,0.0025,0.64,106,2027-01-01
I000694,W018,C078,,19352,1935,17417,4700,9400,38704,0.0026,0.66,118,2027-01-01
I000695,W019,C078,,19267,1926,17341,4700,9400,38534,0.0026,0.66,106,2027-01-01
I000696,W020,C078,,19639,1963,17676,4700,9400,39278,0.0026,0.66,93,2027-01-01
I000697,W021,C078,,19675,1967,17708,4700,9400,39350,0.0026,0.66,53,2027-01-01
I000698,W022,C078,,19016,1901,17115,4700,9400,38032,0.0026,0.66,107,2027-01-01
I000699,W023,C078,,19789,1978,17811,4700,9400,39578,0.0026,0.66,92,2027-01-01
I000700,W024,C078,,19741,1974,17767,4700,9400,39482,0.0026,0.66,25,2027-01-01
I000701,W025,C078,,19683,1968,17715,4700,9400,39366,0.0026,0.66,44,2027-01-01
I000702,W026,C078,,19247,1924,17323,4700,9400,38494,0.0026,0.66,82,2027-01-01
I000703,W019,C079,,30704,3070,27634,7500,15000,61408,0.0027,0.68,53,2027-01-01
I000704,W020,C079,,30118,3011,27107,7500,15000,60236,0.0027,0.68,96,2027-01-01
I000705,W021,C079,,30477,3047,27430,7500,15000,60954,0.0027,0.68,29,2027-01-01
I000706,W022,C079,,30273,3027,27246,7500,15000,60546,0.0027,0.68,44,2027-01-01
I000707,W023,C079,,30340,3034,27306,7500,15000,60680,0.0027,0.68,44,2027-01-01
I000708,W024,C079,,30433,3043,27390,7500,15000,60866,0.0027,0.68,107,2027-01-01
I000709,W025,C079,,30991,3099,27892,7500,15000,61982,0.0027,0.68,105,2027-01-01
I000710,W026,C079,,30843,3084,27759,7500,15000,61686,0.0027,0.68,49,2027-01-01
I000711,W027,C079,,30606,3060,27546,7500,15000,61212,0.0027,0.68,47,2027-01-01
I000712,W020,C080,,29381,2938,26443,7100,14200,58762,0.0028,0.7,66,2027-01-01
I000713,W021,C080,,29108,2910,26198,7100,14200,58216,0.0028,0.7,26,2027-01-01
I000714,W022,C080,,28777,2877,25900,7100,14200,57554,0.0028,0.7,43,2027-01-01
I000715,W023,C080,,28760,2876,25884,7100,14200,57520,0.0028,0.7,27,2027-01-01
I000716,W024,C080,,29140,2914,26226,7100,14200,58280,0.0028,0.7,71,2027-01-01
I000717,W025,C080,,29189,2918,26271,7100,14200,58378,0.0028,0.7,17,2027-01-01
I000718,W026,C080,,29105,2910,26195,7100,14200,58210,0.0028,0.7,86,2027-01-01
I000719,W027,C080,,29017,2901,26116,7100,14200,58034,0.0028,0.7,60,2027-01-01
I000720,W028,C080,,28647,2864,25783,7100,14200,57294,0.0028,0.7,78,2027-01-01
I000721,W021,C081,,5332,533,4799,1200,2400,10664,0.0029,0.73,19,2027-01-01
I000722,W022,C081,,4904,490,4414,1200,2400,9808,0.0029,0.73,78,2027-01-01
I000723,W023,C081,,5578,557,5021,1200,2400,11156,0.0029,0.73,109,2027-01-01
I000724,W024,C081,,4993,499,4494,1200,2400,9986,0.0029,0.73,77,2027-01-01
I000725,W025,C081,,5130,513,4617,1200,2400,10260,0.0029,0.73,57,2027-01-01
I000726,W026,C081,,5004,500,4504,1200,2400,10008,0.0029,0.73,108,2027-01-01
I000727,W027,C081,,5480,548,4932,1200,2400,10960,0.0029,0.73,116,2027-01-01
I000728,W028,C081,,5320,532,4788,1200,2400,10640,0.0029,0.73,68,2027-01-01
I000729,W029,C081,,5790,579,5211,1200,2400,11580,0.0029,0.73,19,2027-01-01
I000730,W022,C082,,16282,1628,14654,3900,7800,32564,0.003,0.75,111,2027-01-01
I000731,W023,C082,,16447,1644,14803,3900,7800,32894,0.003,0.75,95,2027-01-01
I000732,W024,C082,,16241,1624,14617,3900,7800,32482,0.003,0.75,92,2027-01-01
I000733,W025,C082,,16038,1603,14435,3900,7800,32076,0.003,0.75,41,2027-01-01
I000734,W026,C082,,15934,1593,14341,3900,7800,31868,0.003,0.75,7,2027-01-01
I000735,W027,C082,,16464,1646,14818,3900,7800,32928,0.003,0.75,27,2027-01-01
I000736,W028,C082,,15702,1570,14132,3900,7800,31404,0.003,0.75,83,2027-01-01
I000737,W029,C082,,16337,1633,14704,3900,7800,32674,0.003,0.75,39,2027-01-01
I000738,W030,C082,,16466,1646,14820,3900,7800,32932,0.003,0.75,104,2027-01-01
I000739,W023,C083,,7254,725,6529,1600,3200,14508,0.0031,0.77,33,2027-01-01
I000740,W024,C083,,6997,699,6298,1600,3200,13994,0.0031,0.77,61,2027-01-01
I000741,W025,C083,,6883,688,6195,1600,3200,13766,0.0031,0.77,7,2027-01-01
I000742,W026,C083,,6843,684,6159,1600,3200,13686,0.0031,0.77,72,2027-01-01
I000743,W027,C083,,6962,696,6266,1600,3200,13924,0.0031,0.77,87,2027-01-01
I000744,W028,C083,,7092,709,6383,1600,3200,14184,0.0031,0.77,81,2027-01-01
I000745,W029,C083,,7175,717,6458,1600,3200,14350,0.0031,0.77,40,2027-01-01
I000746,W030,C083,,7057,705,6352,1600,3200,14114,0.0031,0.77,54,2027-01-01
I000747,W001,C083,,6941,694,6247,1600,3200,13882,0.0031,0.77,85,2027-01-01
I000748,W024,C084,,8613,861,7752,2000,4000,17226,0.0032,0.79,23,2027-01-01
I000749,W025,C084,,8350,835,7515,2000,4000,16700,0.0032,0.79,17,2027-01-01
I000750,W026,C084,,8797,879,7918,2000,4000,17594,0.0032,0.79,111,2027-01-01
I000751,W027,C084,,8165,816,7349,2000,4000,16330,0.0032,0.79,110,2027-01-01
I000752,W028,C084,,8834,883,7951,2000,4000,17668,0.0032,0.79,21,2027-01-01
I000753,W029,C084,,8894,889,8005,2000,4000,17788,0.0032,0.79,118,2027-01-01
I000754,W030,C084,,8609,860,7749,2000,4000,17218,0.0032,0.79,14,2027-01-01
I000755,W001,C084,,8864,886,7978,2000,4000,17728,0.0032,0.79,16,2027-01-01
I000756,W002,C084,,8410,841,7569,2000,4000,16820,0.0032,0.79,11,2027-01-01
I000757,W025,C085,,23882,2388,21494,5900,11800,47764,0.0033,0.82,59,2027-01-01
I000758,W026,C085,,24371,2437,21934,5900,11800,48742,0.0033,0.82,25,2027-01-01
I000759,W027,C085,,24323,2432,21891,5900,11800,48646,0.0033,0.82,27,2027-01-01
I000760,W028,C085,,24342,2434,21908,5900,11800,48684,0.0033,0.82,114,2027-01-01
I000761,W029,C085,,24331,2433,21898,5900,11800,48662,0.0033,0.82,62,2027-01-01
I000762,W030,C085,,23744,2374,21370,5900,11800,47488,0.0033,0.82,28,2027-01-01
I000763,W001,C085,,24059,2405,21654,5900,11800,48118,0.0033,0.82,24,2027-01-01
I000764,W002,C085,,24478,2447,22031,5900,11800,48956,0.0033,0.82,43,2027-01-01
I000765,W003,C085,,23729,2372,21357,5900,11800,47458,0.0033,0.82,102,2027-01-01
I000766,W026,C086,,19120,1912,17208,4700,9400,38240,0.0034,0.84,8,2027-01-01
I000767,W027,C086,,19513,1951,17562,4700,9400,39026,0.0034,0.84,24,2027-01-01
I000768,W028,C086,,19325,1932,17393,4700,9400,38650,0.0034,0.84,59,2027-01-01
I000769,W029,C086,,18916,1891,17025,4700,9400,37832,0.0034,0.84,84,2027-01-01
I000770,W030,C086,,19259,1925,17334,4700,9400,38518,0.0034,0.84,85,2027-01-01
I000771,W001,C086,,19517,1951,17566,4700,9400,39034,0.0034,0.84,42,2027-01-01
I000772,W002,C086,,19006,1900,17106,4700,9400,38012,0.0034,0.84,84,2027-01-01
I000773,W003,C086,,19235,1923,17312,4700,9400,38470,0.0034,0.84,39,2027-01-01
I000774,W004,C086,,19424,1942,17482,4700,9400,38848,0.0034,0.84,53,2027-01-01
I000775,W027,C087,,9254,925,8329,2200,4400,18508,0.0034,0.86,111,2027-01-01
I000776,W028,C087,,9191,919,8272,2200,4400,18382,0.0034,0.86,59,2027-01-01
I000777,W029,C087,,8918,891,8027,2200,4400,17836,0.0034,0.86,14,2027-01-01
I000778,W030,C087,,9380,938,8442,2200,4400,18760,0.0034,0.86,45,2027-01-01
I000779,W001,C087,,9600,960,8640,2200,4400,19200,0.0034,0.86,46,2027-01-01
I000780,W002,C087,,9586,958,8628,2200,4400,19172,0.0034,0.86,50,2027-01-01
I000781,W003,C087,,9490,949,8541,2200,4400,18980,0.0034,0.86,80,2027-01-01
I000782,W004,C087,,9380,938,8442,2200,4400,18760,0.0034,0.86,45,2027-01-01
I000783,W005,C087,,8924,892,8032,2200,4400,17848,0.0034,0.86,111,2027-01-01
I000784,W028,C088,,21247,2124,19123,5200,10400,42494,0.0035,0.88,118,2027-01-01
I000785,W029,C088,,21343,2134,19209,5200,10400,42686,0.0035,0.88,23,2027-01-01
I000786,W030,C088,,21677,2167,19510,5200,10400,43354,0.0035,0.88,7,2027-01-01
I000787,W001,C088,,21302,2130,19172,5200,10400,42604,0.0035,0.88,82,2027-01-01
I000788,W002,C088,,21571,2157,19414,5200,10400,43142,0.0035,0.88,81,2027-01-01
I000789,W003,C088,,21068,2106,18962,5200,10400,42136,0.0035,0.88,55,2027-01-01
I000790,W004,C088,,21278,2127,19151,5200,10400,42556,0.0035,0.88,62,2027-01-01
I000791,W005,C088,,21388,2138,19250,5200,10400,42776,0.0035,0.88,120,2027-01-01
I000792,W006,C088,,20959,2095,18864,5200,10400,41918,0.0035,0.88,100,2027-01-01
I000793,W029,C089,,29151,2915,26236,7100,14200,58302,0.0036,0.91,37,2027-01-01
I000794,W030,C089,,29196,2919,26277,7100,14200,58392,0.0036,0.91,101,2027-01-01
I000795,W001,C089,,29383,2938,26445,7100,14200,58766,0.0036,0.91,66,2027-01-01
I000796,W002,C089,,29205,2920,26285,7100,14200,58410,0.0036,0.91,119,2027-01-01
I000797,W003,C089,,28658,2865,25793,7100,14200,57316,0.0036,0.91,111,2027-01-01
I000798,W004,C089,,28568,2856,25712,7100,14200,57136,0.0036,0.91,99,2027-01-01
I000799,W005,C089,,29074,2907,26167,7100,14200,58148,0.0036,0.91,1,2027-01-01
I000800,W006,C089,,28958,2895,26063,7100,14200,57916,0.0036,0.91,112,2027-01-01
I000801,W007,C089,,28852,2885,25967,7100,14200,57704,0.0036,0.91,92,2027-01-01
I000802,W030,C090,,24668,2466,22202,6100,12200,49336,0.0037,0.93,106,2027-01-01
I000803,W001,C090,,24682,2468,22214,6100,12200,49364,0.0037,0.93,108,2027-01-01
I000804,W002,C090,,25256,2525,22731,6100,12200,50512,0.0037,0.93,7,2027-01-01
I000805,W003,C090,,24856,2485,22371,6100,12200,49712,0.0037,0.93,97,2027-01-01
I000806,W004,C090,,25383,2538,22845,6100,12200,50766,0.0037,0.93,117,2027-01-01
I000807,W005,C090,,25085,2508,22577,6100,12200,50170,0.0037,0.93,36,2027-01-01
I000808,W006,C090,,24556,2455,22101,6100,12200,49112,0.0037,0.93,10,2027-01-01
I000809,W007,C090,,25163,2516,22647,6100,12200,50326,0.0037,0.93,95,2027-01-01
I000810,W008,C090,,24902,2490,22412,6100,12200,49804,0.0037,0.93,73,2027-01-01
I000811,W001,C091,,30306,3030,27276,7500,15000,60612,0.0038,0.95,69,2027-01-01
I000812,W002,C091,,30596,3059,27537,7500,15000,61192,0.0038,0.95,103,2027-01-01
I000813,W003,C091,,30766,3076,27690,7500,15000,61532,0.0038,0.95,110,2027-01-01
I000814,W004,C091,,30938,3093,27845,7500,15000,61876,0.0038,0.95,96,2027-01-01
I000815,W005,C091,,30322,3032,27290,7500,15000,60644,0.0038,0.95,43,2027-01-01
I000816,W006,C091,,30653,3065,27588,7500,15000,61306,0.0038,0.95,115,2027-01-01
I000817,W007,C091,,30642,3064,27578,7500,15000,61284,0.0038,0.95,27,2027-01-01
I000818,W008,C091,,30134,3013,27121,7500,15000,60268,0.0038,0.95,48,2027-01-01
I000819,W009,C091,,30134,3013,27121,7500,15000,60268,0.0038,0.95,114,2027-01-01
I000820,W002,C092,,6555,655,5900,1600,3200,13110,0.0039,0.97,20,2027-01-01
I000821,W003,C092,,7003,700,6303,1600,3200,14006,0.0039,0.97,50,2027-01-01
I000822,W004,C092,,7397,739,6658,1600,3200,14794,0.0039,0.97,5,2027-01-01
I000823,W005,C092,,7145,714,6431,1600,3200,14290,0.0039,0.97,96,2027-01-01
I000824,W006,C092,,6770,677,6093,1600,3200,13540,0.0039,0.97,104,2027-01-01
I000825,W007,C092,,7100,710,6390,1600,3200,14200,0.0039,0.97,29,2027-01-01
I000826,W008,C092,,7321,732,6589,1600,3200,14642,0.0039,0.97,94,2027-01-01
I000827,W009,C092,,6945,694,6251,1600,3200,13890,0.0039,0.97,115,2027-01-01
I000828,W010,C092,,7030,703,6327,1600,3200,14060,0.0039,0.97,26,2027-01-01
I000829,W003,C093,,18130,1813,16317,4500,9000,36260,0.004,1.0,111,2027-01-01
I000830,W004,C093,,18163,1816,16347,4500,9000,36326,0.004,1.0,64,2027-01-01
I000831,W005,C093,,18111,1811,16300,4500,9000,36222,0.004,1.0,40,2027-01-01
I000832,W006,C093,,18729,1872,16857,4500,9000,37458,0.004,1.0,99,2027-01-01
I000833,W007,C093,,18872,1887,16985,4500,9000,37744,0.004,1.0,119,2027-01-01
I000834,W008,C093,,18865,1886,16979,4500,9000,37730,0.004,1.0,58,2027-01-01
I000835,W009,C093,,18112,1811,16301,4500,9000,36224,0.004,1.0,68,2027-01-01
I000836,W010,C093,,18165,1816,16349,4500,9000,36330,0.004,1.0,23,2027-01-01
I000837,W011,C093,,18320,1832,16488,4500,9000,36640,0.004,1.0,37,2027-01-01
I000838,W004,C094,,24887,2488,22399,6100,12200,49774,0.0041,1.02,20,2027-01-01
I000839,W005,C094,,25364,2536,22828,6100,12200,50728,0.0041,1.02,115,2027-01-01
I000840,W006,C094,,24842,2484,22358,6100,12200,49684,0.0041,1.02,97,2027-01-01
I000841,W007,C094,,24699,2469,22230,6100,12200,49398,0.0041,1.02,120,2027-01-01
I000842,W008,C094,,25058,2505,22553,6100,12200,50116,0.0041,1.02,4,2027-01-01
I000843,W009,C094,,25262,2526,22736,6100,12200,50524,0.0041,1.02,3,2027-01-01
I000844,W010,C094,,25321,2532,22789,6100,12200,50642,0.0041,1.02,12,2027-01-01
I000845,W011,C094,,24649,2464,22185,6100,12200,49298,0.0041,1.02,104,2027-01-01
I000846,W012,C094,,24563,2456,22107,6100,12200,49126,0.0041,1.02,21,2027-01-01
I000847,W005,C095,,25209,2520,22689,6100,12200,50418,0.0042,1.04,77,2027-01-01
I000848,W006,C095,,25296,2529,22767,6100,12200,50592,0.0042,1.04,70,2027-01-01
I000849,W007,C095,,24652,2465,22187,6100,12200,49304,0.0042,1.04,70,2027-01-01
I000850,W008,C095,,24527,2452,22075,6100,12200,49054,0.0042,1.04,117,2027-01-01
I000851,W009,C095,,24821,2482,22339,6100,12200,49642,0.0042,1.04,66,2027-01-01
I000852,W010,C095,,25004,2500,22504,6100,12200,50008,0.0042,1.04,6,2027-01-01
I000853,W011,C095,,24531,2453,22078,6100,12200,49062,0.0042,1.04,39,2027-01-01
I000854,W012,C095,,24630,2463,22167,6100,12200,49260,0.0042,1.04,9,2027-01-01
I000855,W013,C095,,24676,2467,22209,6100,12200,49352,0.0042,1.04,2,2027-01-01
I000856,W006,C096,,21557,2155,19402,5300,10600,43114,0.0043,1.06,54,2027-01-01
I000857,W007,C096,,22136,2213,19923,5300,10600,44272,0.0043,1.06,116,2027-01-01
I000858,W008,C096,,22052,2205,19847,5300,10600,44104,0.0043,1.06,79,2027-01-01
I000859,W009,C096,,21368,2136,19232,5300,10600,42736,0.0043,1.06,28,2027-01-01
I000860,W010,C096,,21363,2136,19227,5300,10600,42726,0.0043,1.06,75,2027-01-01
I000861,W011,C096,,21891,2189,19702,5300,10600,43782,0.0043,1.06,119,2027-01-01
I000862,W012,C096,,22100,2210,19890,5300,10600,44200,0.0043,1.06,1,2027-01-01
I000863,W013,C096,,21387,2138,19249,5300,10600,42774,0.0043,1.06,90,2027-01-01
I000864,W014,C096,,22103,2210,19893,5300,10600,44206,0.0043,1.06,86,2027-01-01
I000865,W007,C097,,28604,2860,25744,7100,14200,57208,0.0043,1.09,25,2027-01-01
I000866,W008,C097,,28630,2863,25767,7100,14200,57260,0.0043,1.09,89,2027-01-01
I000867,W009,C097,,29046,2904,26142,7100,14200,58092,0.0043,1.09,71,2027-01-01
I000868,W010,C097,,29207,2920,26287,7100,14200,58414,0.0043,1.09,35,2027-01-01
I000869,W011,C097,,28889,2888,26001,7100,14200,57778,0.0043,1.09,72,2027-01-01
I000870,W012,C097,,29247,2924,26323,7100,14200,58494,0.0043,1.09,9,2027-01-01
I000871,W013,C097,,28515,2851,25664,7100,14200,57030,0.0043,1.09,104,2027-01-01
I000872,W014,C097,,28934,2893,26041,7100,14200,57868,0.0043,1.09,52,2027-01-01
I000873,W015,C097,,28517,2851,25666,7100,14200,57034,0.0043,1.09,95,2027-01-01
I000874,W008,C098,,17561,1756,15805,4200,8400,35122,0.0044,1.11,118,2027-01-01
I000875,W009,C098,,16980,1698,15282,4200,8400,33960,0.0044,1.11,44,2027-01-01
I000876,W010,C098,,17613,1761,15852,4200,8400,35226,0.0044,1.11,113,2027-01-01
I000877,W011,C098,,17500,1750,15750,4200,8400,35000,0.0044,1.11,22,2027-01-01
I000878,W012,C098,,17543,1754,15789,4200,8400,35086,0.0044,1.11,12,2027-01-01
I000879,W013,C098,,17447,1744,15703,4200,8400,34894,0.0044,1.11,103,2027-01-01
I000880,W014,C098,,17297,1729,15568,4200,8400,34594,0.0044,1.11,60,2027-01-01
I000881,W015,C098,,17416,1741,15675,4200,8400,34832,0.0044,1.11,117,2027-01-01
I000882,W016,C098,,17269,1726,15543,4200,8400,34538,0.0044,1.11,37,2027-01-01
I000883,W009,C099,,23854,2385,21469,5800,11600,47708,0.0045,1.13,17,2027-01-01
I000884,W010,C099,,23501,2350,21151,5800,11600,47002,0.0045,1.13,112,2027-01-01
I000885,W011,C099,,23340,2334,21006,5800,11600,46680,0.0045,1.13,114,2027-01-01
I000886,W012,C099,,23607,2360,21247,5800,11600,47214,0.0045,1.13,66,2027-01-01
I000887,W013,C099,,23825,2382,21443,5800,11600,47650,0.0045,1.13,27,2027-01-01
I000888,W014,C099,,23845,2384,21461,5800,11600,47690,0.0045,1.13,96,2027-01-01
I000889,W015,C099,,24145,2414,21731,5800,11600,48290,0.0045,1.13,75,2027-01-01
I000890,W016,C099,,23329,2332,20997,5800,11600,46658,0.0045,1.13,7,2027-01-01
I000891,W017,C099,,23374,2337,21037,5800,11600,46748,0.0045,1.13,37,2027-01-01
I000892,W010,C100,,30182,3018,27164,7500,15000,60364,0.0046,1.15,74,2027-01-01
I000893,W011,C100,,30283,3028,27255,7500,15000,60566,0.0046,1.15,38,2027-01-01
I000894,W012,C100,,30999,3099,27900,7500,15000,61998,0.0046,1.15,117,2027-01-01
I000895,W013,C100,,30658,3065,27593,7500,15000,61316,0.0046,1.15,9,2027-01-01
I000896,W014,C100,,30476,3047,27429,7500,15000,60952,0.0046,1.15,27,2027-01-01
I000897,W015,C100,,30974,3097,27877,7500,15000,61948,0.0046,1.15,4,2027-01-01
I000898,W016,C100,,30760,3076,27684,7500,15000,61520,0.0046,1.15,96,2027-01-01
I000899,W017,C100,,30464,3046,27418,7500,15000,60928,0.0046,1.15,54,2027-01-01
I000900,W018,C100,,30714,3071,27643,7500,15000,61428,0.0046,1.15,76,2027-01-01
I000901,W011,C101,,9503,950,8553,2300,4600,19006,0.0002,0.05,32,2027-01-01
I000902,W012,C101,,9317,931,8386,2300,4600,18634,0.0002,0.05,2,2027-01-01
I000903,W013,C101,,9325,932,8393,2300,4600,18650,0.0002,0.05,23,2027-01-01
I000904,W014,C101,,9756,975,8781,2300,4600,19512,0.0002,0.05,9,2027-01-01
I000905,W015,C101,,9825,982,8843,2300,4600,19650,0.0002,0.05,75,2027-01-01
I000906,W016,C101,,9757,975,8782,2300,4600,19514,0.0002,0.05,74,2027-01-01
I000907,W017,C101,,10013,1001,9012,2300,4600,20026,0.0002,0.05,26,2027-01-01
I000908,W018,C101,,10196,1019,9177,2300,4600,20392,0.0002,0.05,105,2027-01-01
I000909,W019,C101,,10136,1013,9123,2300,4600,20272,0.0002,0.05,78,2027-01-01
I000910,W012,C102,,28156,2815,25341,6800,13600,56312,0.0003,0.07,38,2027-01-01
I000911,W013,C102,,27863,2786,25077,6800,13600,55726,0.0003,0.07,71,2027-01-01
I000912,W014,C102,,28188,2818,25370,6800,13600,56376,0.0003,0.07,83,2027-01-01
I000913,W015,C102,,27629,2762,24867,6800,13600,55258,0.0003,0.07,62,2027-01-01
I000914,W016,C102,,28037,2803,25234,6800,13600,56074,0.0003,0.07,99,2027-01-01
I000915,W017,C102,,27639,2763,24876,6800,13600,55278,0.0003,0.07,21,2027-01-01
I000916,W018,C102,,27757,2775,24982,6800,13600,55514,0.0003,0.07,114,2027-01-01
I000917,W019,C102,,27631,2763,24868,6800,13600,55262,0.0003,0.07,72,2027-01-01
I000918,W020,C102,,27822,2782,25040,6800,13600,55644,0.0003,0.07,98,2027-01-01
I000919,W013,C103,,29092,2909,26183,7200,14400,58184,0.0004,0.1,10,2027-01-01
I000920,W014,C103,,29585,2958,26627,7200,14400,59170,0.0004,0.1,43,2027-01-01
I000921,W015,C103,,29414,2941,26473,7200,14400,58828,0.0004,0.1,51,2027-01-01
I000922,W016,C103,,29156,2915,26241,7200,14400,58312,0.0004,0.1,2,2027-01-01
I000923,W017,C103,,29328,2932,26396,7200,14400,58656,0.0004,0.1,110,2027-01-01
I000924,W018,C103,,29334,2933,26401,7200,14400,58668,0.0004,0.1,35,2027-01-01
I000925,W019,C103,,29340,2934,26406,7200,14400,58680,0.0004,0.1,79,2027-01-01
I000926,W020,C103,,29477,2947,26530,7200,14400,58954,0.0004,0.1,52,2027-01-01
I000927,W021,C103,,29076,2907,26169,7200,14400,58152,0.0004,0.1,31,2027-01-01
I000928,W014,C104,,19383,1938,17445,4700,9400,38766,0.0005,0.12,52,2027-01-01
I000929,W015,C104,,19009,1900,17109,4700,9400,38018,0.0005,0.12,72,2027-01-01
I000930,W016,C104,,19080,1908,17172,4700,9400,38160,0.0005,0.12,63,2027-01-01
I000931,W017,C104,,18983,1898,17085,4700,9400,37966,0.0005,0.12,78,2027-01-01
I000932,W018,C104,,19297,1929,17368,4700,9400,38594,0.0005,0.12,51,2027-01-01
I000933,W019,C104,,19651,1965,17686,4700,9400,39302,0.0005,0.12,107,2027-01-01
I000934,W020,C104,,19113,1911,17202,4700,9400,38226,0.0005,0.12,38,2027-01-01
I000935,W021,C104,,19480,1948,17532,4700,9400,38960,0.0005,0.12,24,2027-01-01
I000936,W022,C104,,19385,1938,17447,4700,9400,38770,0.0005,0.12,73,2027-01-01
I000937,W015,C105,,29259,2925,26334,7100,14200,58518,0.0006,0.14,10,2027-01-01
I000938,W016,C105,,29368,2936,26432,7100,14200,58736,0.0006,0.14,8,2027-01-01
I000939,W017,C105,,28723,2872,25851,7100,14200,57446,0.0006,0.14,19,2027-01-01
I000940,W018,C105,,28959,2895,26064,7100,14200,57918,0.0006,0.14,85,2027-01-01
I000941,W019,C105,,29148,2914,26234,7100,14200,58296,0.0006,0.14,103,2027-01-01
I000942,W020,C105,,28715,2871,25844,7100,14200,57430,0.0006,0.14,96,2027-01-01
I000943,W021,C105,,28805,2880,25925,7100,14200,57610,0.0006,0.14,24,2027-01-01
I000944,W022,C105,,28579,2857,25722,7100,14200,57158,0.0006,0.14,46,2027-01-01
I000945,W023,C105,,28655,2865,25790,7100,14200,57310,0.0006,0.14,60,2027-01-01
I000946,W016,C106,,5551,555,4996,1300,2600,11102,0.0007,0.16,70,2027-01-01
I000947,W017,C106,,6000,600,5400,1300,2600,12000,0.0007,0.16,89,2027-01-01
I000948,W018,C106,,5823,582,5241,1300,2600,11646,0.0007,0.16,86,2027-01-01
I000949,W019,C106,,5352,535,4817,1300,2600,10704,0.0007,0.16,47,2027-01-01
I000950,W020,C106,,5720,572,5148,1300,2600,11440,0.0007,0.16,26,2027-01-01
I000951,W021,C106,,5454,545,4909,1300,2600,10908,0.0007,0.16,92,2027-01-01
I000952,W022,C106,,5559,555,5004,1300,2600,11118,0.0007,0.16,79,2027-01-01
I000953,W023,C106,,5826,582,5244,1300,2600,11652,0.0007,0.16,97,2027-01-01
I000954,W024,C106,,5540,554,4986,1300,2600,11080,0.0007,0.16,106,2027-01-01
I000955,W017,C107,,21529,2152,19377,5200,10400,43058,0.0007,0.19,62,2027-01-01
I000956,W018,C107,,21007,2100,18907,5200,10400,42014,0.0007,0.19,14,2027-01-01
I000957,W019,C107,,21265,2126,19139,5200,10400,42530,0.0007,0.19,94,2027-01-01
I000958,W020,C107,,21489,2148,19341,5200,10400,42978,0.0007,0.19,58,2027-01-01
I000959,W021,C107,,21197,2119,19078,5200,10400,42394,0.0007,0.19,42,2027-01-01
I000960,W022,C107,,21487,2148,19339,5200,10400,42974,0.0007,0.19,61,2027-01-01
I000961,W023,C107,,20934,2093,18841,5200,10400,41868,0.0007,0.19,101,2027-01-01
I000962,W024,C107,,21540,2154,19386,5200,10400,43080,0.0007,0.19,6,2027-01-01
I000963,W025,C107,,21057,2105,18952,5200,10400,42114,0.0007,0.19,81,2027-01-01
I000964,W018,C108,,14379,1437,12942,3400,6800,28758,0.0008,0.21,4,2027-01-01
I000965,W019,C108,,14489,1448,13041,3400,6800,28978,0.0008,0.21,7,2027-01-01
I000966,W020,C108,,13783,1378,12405,3400,6800,27566,0.0008,0.21,1,2027-01-01
I000967,W021,C108,,14289,1428,12861,3400,6800,28578,0.0008,0.21,14,2027-01-01
I000968,W022,C108,,14308,1430,12878,3400,6800,28616,0.0008,0.21,90,2027-01-01
I000969,W023,C108,,14193,1419,12774,3400,6800,28386,0.0008,0.21,64,2027-01-01
I000970,W024,C108,,13713,1371,12342,3400,6800,27426,0.0008,0.21,91,2027-01-01
I000971,W025,C108,,14434,1443,12991,3400,6800,28868,0.0008,0.21,104,2027-01-01
I000972,W026,C108,,13949,1394,12555,3400,6800,27898,0.0008,0.21,75,2027-01-01
I000973,W019,C109,,32500,3250,29250,7900,15800,65000,0.0009,0.23,20,2027-01-01
I000974,W020,C109,,31950,3195,28755,7900,15800,63900,0.0009,0.23,86,2027-01-01
I000975,W021,C109,,32450,3245,29205,7900,15800,64900,0.0009,0.23,99,2027-01-01
I000976,W022,C109,,31903,3190,28713,7900,15800,63806,0.0009,0.23,79,2027-01-01
I000977,W023,C109,,31703,3170,28533,7900,15800,63406,0.0009,0.23,74,2027-01-01
I000978,W024,C109,,32298,3229,29069,7900,15800,64596,0.0009,0.23,35,2027-01-01
I000979,W025,C109,,32417,3241,29176,7900,15800,64834,0.0009,0.23,6,2027-01-01
I000980,W026,C109,,32523,3252,29271,7900,15800,65046,0.0009,0.23,50,2027-01-01
I000981,W027,C109,,31948,3194,28754,7900,15800,63896,0.0009,0.23,99,2027-01-01
I000982,W020,C110,,30911,3091,27820,7500,15000,61822,0.001,0.25,42,2027-01-01
I000983,W021,C110,,30599,3059,27540,7500,15000,61198,0.001,0.25,12,2027-01-01
I000984,W022,C110,,30867,3086,27781,7500,15000,61734,0.001,0.25,48,2027-01-01
I000985,W023,C110,,30893,3089,27804,7500,15000,61786,0.001,0.25,102,2027-01-01
I000986,W024,C110,,30454,3045,27409,7500,15000,60908,0.001,0.25,23,2027-01-01
I000987,W025,C110,,30885,3088,27797,7500,15000,61770,0.001,0.25,51,2027-01-01
I000988,W026,C110,,30705,3070,27635,7500,15000,61410,0.001,0.25,13,2027-01-01
I000989,W027,C110,,30279,3027,27252,7500,15000,60558,0.001,0.25,1,2027-01-01
I000990,W028,C110,,30656,3065,27591,7500,15000,61312,0.001,0.25,19,2027-01-01
I000991,W021,C111,,29790,2979,26811,7200,14400,59580,0.0011,0.28,108,2027-01-01
I000992,W022,C111,,29585,2958,26627,7200,14400,59170,0.0011,0.28,93,2027-01-01
I000993,W023,C111,,29005,2900,26105,7200,14400,58010,0.0011,0.28,96,2027-01-01
I000994,W024,C111,,29668,2966,26702,7200,14400,59336,0.0011,0.28,118,2027-01-01
I000995,W025,C111,,29567,2956,26611,7200,14400,59134,0.0011,0.28,98,2027-01-01
I000996,W026,C111,,29297,2929,26368,7200,14400,58594,0.0011,0.28,54,2027-01-01
I000997,W027,C111,,29492,2949,26543,7200,14400,58984,0.0011,0.28,95,2027-01-01
I000998,W028,C111,,29487,2948,26539,7200,14400,58974,0.0011,0.28,111,2027-01-01
I000999,W029,C111,,29158,2915,26243,7200,14400,58316,0.0011,0.28,1,2027-01-01
I001000,W022,C112,,29162,2916,26246,7200,14400,58324,0.0012,0.3,67,2027-01-01
I001001,W023,C112,,28996,2899,26097,7200,14400,57992,0.0012,0.3,102,2027-01-01
I001002,W024,C112,,28946,2894,26052,7200,14400,57892,0.0012,0.3,94,2027-01-01
I001003,W025,C112,,29366,2936,26430,7200,14400,58732,0.0012,0.3,108,2027-01-01
I001004,W026,C112,,29035,2903,26132,7200,14400,58070,0.0012,0.3,59,2027-01-01
I001005,W027,C112,,29735,2973,26762,7200,14400,59470,0.0012,0.3,89,2027-01-01
I001006,W028,C112,,29449,2944,26505,7200,14400,58898,0.0012,0.3,1,2027-01-01
I001007,W029,C112,,29658,2965,26693,7200,14400,59316,0.0012,0.3,117,2027-01-01
I001008,W030,C112,,28949,2894,26055,7200,14400,57898,0.0012,0.3,95,2027-01-01
I001009,W023,C113,,30362,3036,27326,7500,15000,60724,0.0013,0.32,105,2027-01-01
I001010,W024,C113,,30235,3023,27212,7500,15000,60470,0.0013,0.32,23,2027-01-01
I001011,W025,C113,,30900,3090,27810,7500,15000,61800,0.0013,0.32,96,2027-01-01
I001012,W026,C113,,30254,3025,27229,7500,15000,60508,0.0013,0.32,28,2027-01-01
I001013,W027,C113,,30585,3058,27527,7500,15000,61170,0.0013,0.32,43,2027-01-01
I001014,W028,C113,,30884,3088,27796,7500,15000,61768,0.0013,0.32,34,2027-01-01
I001015,W029,C113,,30145,3014,27131,7500,15000,60290,0.0013,0.32,116,2027-01-01
I001016,W030,C113,,30784,3078,27706,7500,15000,61568,0.0013,0.32,62,2027-01-01
I001017,W001,C113,,30237,3023,27214,7500,15000,60474,0.0013,0.32,66,2027-01-01
I001018,W024,C114,,28522,2852,25670,6900,13800,57044,0.0014,0.34,55,2027-01-01
I001019,W025,C114,,27846,2784,25062,6900,13800,55692,0.0014,0.34,20,2027-01-01
I001020,W026,C114,,28364,2836,25528,6900,13800,56728,0.0014,0.34,119,2027-01-01
I001021,W027,C114,,28075,2807,25268,6900,13800,56150,0.0014,0.34,113,2027-01-01
I001022,W028,C114,,28303,2830,25473,6900,13800,56606,0.0014,0.34,117,2027-01-01
I001023,W029,C114,,27964,2796,25168,6900,13800,55928,0.0014,0.34,36,2027-01-01
I001024,W030,C114,,28159,2815,25344,6900,13800,56318,0.0014,0.34,63,2027-01-01
I001025,W001,C114,,28250,2825,25425,6900,13800,56500,0.0014,0.34,6,2027-01-01
I001026,W002,C114,,28348,2834,25514,6900,13800,56696,0.0014,0.34,67,2027-01-01
I001027,W025,C115,,13207,1320,11887,3200,6400,26414,0.0015,0.37,75,2027-01-01
I001028,W026,C115,,13038,1303,11735,3200,6400,26076,0.0015,0.37,89,2027-01-01
I001029,W027,C115,,13649,1364,12285,3200,6400,27298,0.0015,0.37,29,2027-01-01
I001030,W028,C115,,13253,1325,11928,3200,6400,26506,0.0015,0.37,103,2027-01-01
I001031,W029,C115,,13175,1317,11858,3200,6400,26350,0.0015,0.37,15,2027-01-01
I001032,W030,C115,,13336,1333,12003,3200,6400,26672,0.0015,0.37,81,2027-01-01
I001033,W001,C115,,13352,1335,12017,3200,6400,26704,0.0015,0.37,57,2027-01-01
I001034,W002,C115,,13189,1318,11871,3200,6400,26378,0.0015,0.37,105,2027-01-01
I001035,W003,C115,,13141,1314,11827,3200,6400,26282,0.0015,0.37,54,2027-01-01
I001036,W026,C116,,27652,2765,24887,6800,13600,55304,0.0016,0.39,72,2027-01-01
I001037,W027,C116,,27543,2754,24789,6800,13600,55086,0.0016,0.39,11,2027-01-01
I001038,W028,C116,,27547,2754,24793,6800,13600,55094,0.0016,0.39,112,2027-01-01
I001039,W029,C116,,28083,2808,25275,6800,13600,56166,0.0016,0.39,80,2027-01-01
I001040,W030,C116,,27657,2765,24892,6800,13600,55314,0.0016,0.39,52,2027-01-01
I001041,W001,C116,,27759,2775,24984,6800,13600,55518,0.0016,0.39,44,2027-01-01
I001042,W002,C116,,27477,2747,24730,6800,13600,54954,0.0016,0.39,109,2027-01-01
I001043,W003,C116,,28028,2802,25226,6800,13600,56056,0.0016,0.39,111,2027-01-01
I001044,W004,C116,,27648,2764,24884,6800,13600,55296,0.0016,0.39,92,2027-01-01
I001045,W027,C117,,12550,1255,11295,2900,5800,25100,0.0016,0.41,20,2027-01-01
I001046,W028,C117,,11917,1191,10726,2900,5800,23834,0.0016,0.41,61,2027-01-01
I001047,W029,C117,,12551,1255,11296,2900,5800,25102,0.0016,0.41,86,2027-01-01
I001048,W030,C117,,12288,1228,11060,2900,5800,24576,0.0016,0.41,114,2027-01-01
I001049,W001,C117,,12012,1201,10811,2900,5800,24024,0.0016,0.41,27,2027-01-01
I001050,W002,C117,,12262,1226,11036,2900,5800,24524,0.0016,0.41,50,2027-01-01
I001051,W003,C117,,12579,1257,11322,2900,5800,25158,0.0016,0.41,57,2027-01-01
I001052,W004,C117,,12499,1249,11250,2900,5800,24998,0.0016,0.41,99,2027-01-01
I001053,W005,C117,,11868,1186,10682,2900,5800,23736,0.0016,0.41,70,2027-01-01
I001054,W028,C118,,22929,2292,20637,5700,11400,45858,0.0017,0.43,81,2027-01-01
I001055,W029,C118,,23240,2324,20916,5700,11400,46480,0.0017,0.43,20,2027-01-01
I001056,W030,C118,,23056,2305,20751,5700,11400,46112,0.0017,0.43,68,2027-01-01
I001057,W001,C118,,23223,2322,20901,5700,11400,46446,0.0017,0.43,20,2027-01-01
I001058,W002,C118,,23355,2335,21020,5700,11400,46710,0.0017,0.43,106,2027-01-01
I001059,W003,C118,,23255,2325,20930,5700,11400,46510,0.0017,0.43,86,2027-01-01
I001060,W004,C118,,23691,2369,21322,5700,11400,47382,0.0017,0.43,66,2027-01-01
I001061,W005,C118,,23561,2356,21205,5700,11400,47122,0.0017,0.43,37,2027-01-01
I001062,W006,C118,,23223,2322,20901,5700,11400,46446,0.0017,0.43,93,2027-01-01
I001063,W029,C119,,4391,439,3952,900,1800,8782,0.0018,0.46,100,2027-01-01
I001064,W030,C119,,3981,398,3583,900,1800,7962,0.0018,0.46,25,2027-01-01
I001065,W001,C119,,4427,442,3985,900,1800,8854,0.0018,0.46,116,2027-01-01
I001066,W002,C119,,4453,445,4008,900,1800,8906,0.0018,0.46,43,2027-01-01
I001067,W003,C119,,4168,416,3752,900,1800,8336,0.0018,0.46,15,2027-01-01
I001068,W004,C119,,4032,403,3629,900,1800,8064,0.0018,0.46,23,2027-01-01
I001069,W005,C119,,4493,449,4044,900,1800,8986,0.0018,0.46,92,2027-01-01
I001070,W006,C119,,3970,397,3573,900,1800,7940,0.0018,0.46,70,2027-01-01
I001071,W007,C119,,4036,403,3633,900,1800,8072,0.0018,0.46,14,2027-01-01
I001072,W030,C120,,21203,2120,19083,5200,10400,42406,0.0019,0.48,56,2027-01-01
I001073,W001,C120,,21001,2100,18901,5200,10400,42002,0.0019,0.48,22,2027-01-01
I001074,W002,C120,,21734,2173,19561,5200,10400,43468,0.0019,0.48,64,2027-01-01
I001075,W003,C120,,21297,2129,19168,5200,10400,42594,0.0019,0.48,96,2027-01-01
I001076,W004,C120,,21382,2138,19244,5200,10400,42764,0.0019,0.48,67,2027-01-01
I001077,W005,C120,,21221,2122,19099,5200,10400,42442,0.0019,0.48,118,2027-01-01
I001078,W006,C120,,21045,2104,18941,5200,10400,42090,0.0019,0.48,104,2027-01-01
I001079,W007,C120,,21361,2136,19225,5200,10400,42722,0.0019,0.48,69,2027-01-01
I001080,W008,C120,,21295,2129,19166,5200,10400,42590,0.0019,0.48,68,2027-01-01
I001081,W001,C121,,30994,3099,27895,7600,15200,61988,0.002,0.5,6,2027-01-01
I001082,W002,C121,,31320,3132,28188,7600,15200,62640,0.002,0.5,94,2027-01-01
I001083,W003,C121,,31059,3105,27954,7600,15200,62118,0.002,0.5,24,2027-01-01
I001084,W004,C121,,31140,3114,28026,7600,15200,62280,0.002,0.5,54,2027-01-01
I001085,W005,C121,,31127,3112,28015,7600,15200,62254,0.002,0.5,23,2027-01-01
I001086,W006,C121,,30800,3080,27720,7600,15200,61600,0.002,0.5,21,2027-01-01
I001087,W007,C121,,30797,3079,27718,7600,15200,61594,0.002,0.5,49,2027-01-01
I001088,W008,C121,,31223,3122,28101,7600,15200,62446,0.002,0.5,105,2027-01-01
I001089,W009,C121,,30731,3073,27658,7600,15200,61462,0.002,0.5,74,2027-01-01
I001090,W002,C122,,32650,3265,29385,8000,16000,65300,0.0021,0.52,7,2027-01-01
I001091,W003,C122,,32657,3265,29392,8000,16000,65314,0.0021,0.52,102,2027-01-01
I001092,W004,C122,,32258,3225,29033,8000,16000,64516,0.0021,0.52,71,2027-01-01
I001093,W005,C122,,32444,3244,29200,8000,16000,64888,0.0021,0.52,20,2027-01-01
I001094,W006,C122,,32409,3240,29169,8000,16000,64818,0.0021,0.52,35,2027-01-01
I001095,W007,C122,,32287,3228,29059,8000,16000,64574,0.0021,0.52,93,2027-01-01
I001096,W008,C122,,32361,3236,29125,8000,16000,64722,0.0021,0.52,26,2027-01-01
I001097,W009,C122,,32422,3242,29180,8000,16000,64844,0.0021,0.52,95,2027-01-01
I001098,W010,C122,,32883,3288,29595,8000,16000,65766,0.0021,0.52,33,2027-01-01
I001099,W003,C123,,10858,1085,9773,2500,5000,21716,0.0022,0.55,86,2027-01-01
I001100,W004,C123,,10959,1095,9864,2500,5000,21918,0.0022,0.55,46,2027-01-01
I001101,W005,C123,,10140,1014,9126,2500,5000,20280,0.0022,0.55,85,2027-01-01
I001102,W006,C123,,10471,1047,9424,2500,5000,20942,0.0022,0.55,113,2027-01-01
I001103,W007,C123,,10787,1078,9709,2500,5000,21574,0.0022,0.55,75,2027-01-01
I001104,W008,C123,,10436,1043,9393,2500,5000,20872,0.0022,0.55,39,2027-01-01
I001105,W009,C123,,10295,1029,9266,2500,5000,20590,0.0022,0.55,98,2027-01-01
I001106,W010,C123,,10600,1060,9540,2500,5000,21200,0.0022,0.55,2,2027-01-01
I001107,W011,C123,,10553,1055,9498,2500,5000,21106,0.0022,0.55,52,2027-01-01
I001108,W004,C124,,22608,2260,20348,5500,11000,45216,0.0023,0.57,93,2027-01-01
I001109,W005,C124,,22219,2221,19998,5500,11000,44438,0.0023,0.57,70,2027-01-01
I001110,W006,C124,,22132,2213,19919,5500,11000,44264,0.0023,0.57,30,2027-01-01
I001111,W007,C124,,22246,2224,20022,5500,11000,44492,0.0023,0.57,62,2027-01-01
I001112,W008,C124,,22967,2296,20671,5500,11000,45934,0.0023,0.57,59,2027-01-01
I001113,W009,C124,,22550,2255,20295,5500,11000,45100,0.0023,0.57,57,2027-01-01
I001114,W010,C124,,22729,2272,20457,5500,11000,45458,0.0023,0.57,14,2027-01-01
I001115,W011,C124,,22153,2215,19938,5500,11000,44306,0.0023,0.57,17,2027-01-01
I001116,W012,C124,,22279,2227,20052,5500,11000,44558,0.0023,0.57,117,2027-01-01
I001117,W005,C125,,20123,2012,18111,4800,9600,40246,0.0024,0.59,1,2027-01-01
I001118,W006,C125,,19708,1970,17738,4800,9600,39416,0.0024,0.59,91,2027-01-01
I001119,W007,C125,,19932,1993,17939,4800,9600,39864,0.0024,0.59,98,2027-01-01
I001120,W008,C125,,20084,2008,18076,4800,9600,40168,0.0024,0.59,36,2027-01-01
I001121,W009,C125,,19653,1965,17688,4800,9600,39306,0.0024,0.59,61,2027-01-01
I001122,W010,C125,,19424,1942,17482,4800,9600,38848,0.0024,0.59,97,2027-01-01
I001123,W011,C125,,19314,1931,17383,4800,9600,38628,0.0024,0.59,66,2027-01-01
I001124,W012,C125,,19884,1988,17896,4800,9600,39768,0.0024,0.59,93,2027-01-01
I001125,W013,C125,,19714,1971,17743,4800,9600,39428,0.0024,0.59,10,2027-01-01
I001126,W006,C126,,26526,2652,23874,6500,13000,53052,0.0024,0.61,56,2027-01-01
I001127,W007,C126,,26933,2693,24240,6500,13000,53866,0.0024,0.61,5,2027-01-01
I001128,W008,C126,,26382,2638,23744,6500,13000,52764,0.0024,0.61,76,2027-01-01
I001129,W009,C126,,26826,2682,24144,6500,13000,53652,0.0024,0.61,46,2027-01-01
I001130,W010,C126,,26357,2635,23722,6500,13000,52714,0.0024,0.61,37,2027-01-01
I001131,W011,C126,,26483,2648,23835,6500,13000,52966,0.0024,0.61,26,2027-01-01
I001132,W012,C126,,26564,2656,23908,6500,13000,53128,0.0024,0.61,80,2027-01-01
I001133,W013,C126,,26971,2697,24274,6500,13000,53942,0.0024,0.61,109,2027-01-01
I001134,W014,C126,,26725,2672,24053,6500,13000,53450,0.0024,0.61,55,2027-01-01
I001135,W007,C127,,9651,965,8686,2200,4400,19302,0.0025,0.64,19,2027-01-01
I001136,W008,C127,,9272,927,8345,2200,4400,18544,0.0025,0.64,112,2027-01-01
I001137,W009,C127,,9304,930,8374,2200,4400,18608,0.0025,0.64,29,2027-01-01
I001138,W010,C127,,9388,938,8450,2200,4400,18776,0.0025,0.64,15,2027-01-01
I001139,W011,C127,,9448,944,8504,2200,4400,18896,0.0025,0.64,20,2027-01-01
I001140,W012,C127,,9362,936,8426,2200,4400,18724,0.0025,0.64,118,2027-01-01
I001141,W013,C127,,9545,954,8591,2200,4400,19090,0.0025,0.64,17,2027-01-01
I001142,W014,C127,,9252,925,8327,2200,4400,18504,0.0025,0.64,98,2027-01-01
I001143,W015,C127,,9355,935,8420,2200,4400,18710,0.0025,0.64,106,2027-01-01
I001144,W008,C128,,10558,1055,9503,2600,5200,21116,0.0026,0.66,12,2027-01-01
I001145,W009,C128,,11230,1123,10107,2600,5200,22460,0.0026,0.66,43,2027-01-01
I001146,W010,C128,,10652,1065,9587,2600,5200,21304,0.0026,0.66,45,2027-01-01
I001147,W011,C128,,11094,1109,9985,2600,5200,22188,0.0026,0.66,95,2027-01-01
I001148,W012,C128,,11346,1134,10212,2600,5200,22692,0.0026,0.66,27,2027-01-01
I001149,W013,C128,,10719,1071,9648,2600,5200,21438,0.0026,0.66,30,2027-01-01
I001150,W014,C128,,10773,1077,9696,2600,5200,21546,0.0026,0.66,73,2027-01-01
I001151,W015,C128,,10714,1071,9643,2600,5200,21428,0.0026,0.66,118,2027-01-01
I001152,W016,C128,,10873,1087,9786,2600,5200,21746,0.0026,0.66,70,2027-01-01
I001153,W009,C129,,11343,1134,10209,2700,5400,22686,0.0027,0.68,2,2027-01-01
I001154,W010,C129,,11481,1148,10333,2700,5400,22962,0.0027,0.68,30,2027-01-01
I001155,W011,C129,,10984,1098,9886,2700,5400,21968,0.0027,0.68,110,2027-01-01
I001156,W012,C129,,10992,1099,9893,2700,5400,21984,0.0027,0.68,78,2027-01-01
I001157,W013,C129,,11370,1137,10233,2700,5400,22740,0.0027,0.68,90,2027-01-01
I001158,W014,C129,,11065,1106,9959,2700,5400,22130,0.0027,0.68,66,2027-01-01
I001159,W015,C129,,11484,1148,10336,2700,5400,22968,0.0027,0.68,83,2027-01-01
I001160,W016,C129,,11537,1153,10384,2700,5400,23074,0.0027,0.68,20,2027-01-01
I001161,W017,C129,,11341,1134,10207,2700,5400,22682,0.0027,0.68,17,2027-01-01
I001162,W010,C130,,6788,678,6110,1500,3000,13576,0.0028,0.7,35,2027-01-01
I001163,W011,C130,,6327,632,5695,1500,3000,12654,0.0028,0.7,48,2027-01-01
I001164,W012,C130,,6865,686,6179,1500,3000,13730,0.0028,0.7,66,2027-01-01
I001165,W013,C130,,6836,683,6153,1500,3000,13672,0.0028,0.7,50,2027-01-01
I001166,W014,C130,,6615,661,5954,1500,3000,13230,0.0028,0.7,5,2027-01-01
I001167,W015,C130,,6892,689,6203,1500,3000,13784,0.0028,0.7,32,2027-01-01
I001168,W016,C130,,6808,680,6128,1500,3000,13616,0.0028,0.7,119,2027-01-01
I001169,W017,C130,,6907,690,6217,1500,3000,13814,0.0028,0.7,45,2027-01-01
I001170,W018,C130,,6212,621,5591,1500,3000,12424,0.0028,0.7,20,2027-01-01
I001171,W011,C131,,26022,2602,23420,6300,12600,52044,0.0029,0.73,118,2027-01-01
I001172,W012,C131,,25392,2539,22853,6300,12600,50784,0.0029,0.73,69,2027-01-01
I001173,W013,C131,,26075,2607,23468,6300,12600,52150,0.0029,0.73,78,2027-01-01
I001174,W014,C131,,25439,2543,22896,6300,12600,50878,0.0029,0.73,21,2027-01-01
I001175,W015,C131,,25819,2581,23238,6300,12600,51638,0.0029,0.73,36,2027-01-01
I001176,W016,C131,,25336,2533,22803,6300,12600,50672,0.0029,0.73,8,2027-01-01
I001177,W017,C131,,25877,2587,23290,6300,12600,51754,0.0029,0.73,44,2027-01-01
I001178,W018,C131,,25753,2575,23178,6300,12600,51506,0.0029,0.73,7,2027-01-01
I001179,W019,C131,,26101,2610,23491,6300,12600,52202,0.0029,0.73,107,2027-01-01
I001180,W012,C132,,27072,2707,24365,6600,13200,54144,0.003,0.75,75,2027-01-01
I001181,W013,C132,,26640,2664,23976,6600,13200,53280,0.003,0.75,17,2027-01-01
I001182,W014,C132,,27098,2709,24389,6600,13200,54196,0.003,0.75,38,2027-01-01
I001183,W015,C132,,27121,2712,24409,6600,13200,54242,0.003,0.75,36,2027-01-01
I001184,W016,C132,,26716,2671,24045,6600,13200,53432,0.003,0.75,60,2027-01-01
I001185,W017,C132,,27234,2723,24511,6600,13200,54468,0.003,0.75,66,2027-01-01
I001186,W018,C132,,26963,2696,24267,6600,13200,53926,0.003,0.75,26,2027-01-01
I001187,W019,C132,,27353,2735,24618,6600,13200,54706,0.003,0.75,117,2027-01-01
I001188,W020,C132,,26689,2668,24021,6600,13200,53378,0.003,0.75,40,2027-01-01
I001189,W013,C133,,7803,780,7023,1900,3800,15606,0.0031,0.77,53,2027-01-01
I001190,W014,C133,,8105,810,7295,1900,3800,16210,0.0031,0.77,100,2027-01-01
I001191,W015,C133,,8538,853,7685,1900,3800,17076,0.0031,0.77,33,2027-01-01
I001192,W016,C133,,8380,838,7542,1900,3800,16760,0.0031,0.77,105,2027-01-01
I001193,W017,C133,,8232,823,7409,1900,3800,16464,0.0031,0.77,101,2027-01-01
I001194,W018,C133,,8498,849,7649,1900,3800,16996,0.0031,0.77,70,2027-01-01
I001195,W019,C133,,8466,846,7620,1900,3800,16932,0.0031,0.77,101,2027-01-01
I001196,W020,C133,,8333,833,7500,1900,3800,16666,0.0031,0.77,33,2027-01-01
I001197,W021,C133,,7756,775,6981,1900,3800,15512,0.0031,0.77,116,2027-01-01
I001198,W014,C134,,24594,2459,22135,5900,11800,49188,0.0032,0.79,51,2027-01-01
I001199,W015,C134,,24480,2448,22032,5900,11800,48960,0.0032,0.79,105,2027-01-01
I001200,W016,C134,,24393,2439,21954,5900,11800,48786,0.0032,0.79,73,2027-01-01
I001201,W017,C134,,24045,2404,21641,5900,11800,48090,0.0032,0.79,35,2027-01-01
I001202,W018,C134,,24222,2422,21800,5900,11800,48444,0.0032,0.79,73,2027-01-01
I001203,W019,C134,,24432,2443,21989,5900,11800,48864,0.0032,0.79,20,2027-01-01
I001204,W020,C134,,23834,2383,21451,5900,11800,47668,0.0032,0.79,27,2027-01-01
I001205,W021,C134,,23818,2381,21437,5900,11800,47636,0.0032,0.79,94,2027-01-01
I001206,W022,C134,,24275,2427,21848,5900,11800,48550,0.0032,0.79,17,2027-01-01
I001207,W015,C135,,26785,2678,24107,6500,13000,53570,0.0033,0.82,110,2027-01-01
I001208,W016,C135,,26348,2634,23714,6500,13000,52696,0.0033,0.82,4,2027-01-01
I001209,W017,C135,,26117,2611,23506,6500,13000,52234,0.0033,0.82,18,2027-01-01
I001210,W018,C135,,26793,2679,24114,6500,13000,53586,0.0033,0.82,103,2027-01-01
I001211,W019,C135,,26764,2676,24088,6500,13000,53528,0.0033,0.82,91,2027-01-01
I001212,W020,C135,,26307,2630,23677,6500,13000,52614,0.0033,0.82,78,2027-01-01
I001213,W021,C135,,26123,2612,23511,6500,13000,52246,0.0033,0.82,7,2027-01-01
I001214,W022,C135,,26398,2639,23759,6500,13000,52796,0.0033,0.82,89,2027-01-01
I001215,W023,C135,,26833,2683,24150,6500,13000,53666,0.0033,0.82,52,2027-01-01
I001216,W016,C136,,9714,971,8743,2400,4800,19428,0.0034,0.84,78,2027-01-01
I001217,W017,C136,,9992,999,8993,2400,4800,19984,0.0034,0.84,13,2027-01-01
I001218,W018,C136,,9940,994,8946,2400,4800,19880,0.0034,0.84,1,2027-01-01
I001219,W019,C136,,10500,1050,9450,2400,4800,21000,0.0034,0.84,65,2027-01-01
I001220,W020,C136,,9938,993,8945,2400,4800,19876,0.0034,0.84,7,2027-01-01
I001221,W021,C136,,10343,1034,9309,2400,4800,20686,0.0034,0.84,112,2027-01-01
I001222,W022,C136,,10029,1002,9027,2400,4800,20058,0.0034,0.84,61,2027-01-01
I001223,W023,C136,,10436,1043,9393,2400,4800,20872,0.0034,0.84,94,2027-01-01
I001224,W024,C136,,9850,985,8865,2400,4800,19700,0.0034,0.84,33,2027-01-01
I001225,W017,C137,,24565,2456,22109,6100,12200,49130,0.0034,0.86,17,2027-01-01
I001226,W018,C137,,24791,2479,22312,6100,12200,49582,0.0034,0.86,6,2027-01-01
I001227,W019,C137,,25078,2507,22571,6100,12200,50156,0.0034,0.86,47,2027-01-01
I001228,W020,C137,,25261,2526,22735,6100,12200,50522,0.0034,0.86,103,2027-01-01
I001229,W021,C137,,24543,2454,22089,6100,12200,49086,0.0034,0.86,37,2027-01-01
I001230,W022,C137,,25005,2500,22505,6100,12200,50010,0.0034,0.86,58,2027-01-01
I001231,W023,C137,,24978,2497,22481,6100,12200,49956,0.0034,0.86,21,2027-01-01
I001232,W024,C137,,24565,2456,22109,6100,12200,49130,0.0034,0.86,66,2027-01-01
I001233,W025,C137,,24825,2482,22343,6100,12200,49650,0.0034,0.86,70,2027-01-01
I001234,W018,C138,,27598,2759,24839,6700,13400,55196,0.0035,0.88,62,2027-01-01
I001235,W019,C138,,27315,2731,24584,6700,13400,54630,0.0035,0.88,95,2027-01-01
I001236,W020,C138,,27071,2707,24364,6700,13400,54142,0.0035,0.88,47,2027-01-01
I001237,W021,C138,,27746,2774,24972,6700,13400,55492,0.0035,0.88,18,2027-01-01
I001238,W022,C138,,26958,2695,24263,6700,13400,53916,0.0035,0.88,115,2027-01-01
I001239,W023,C138,,27144,2714,24430,6700,13400,54288,0.0035,0.88,30,2027-01-01
I001240,W024,C138,,27163,2716,24447,6700,13400,54326,0.0035,0.88,6,2027-01-01
I001241,W025,C138,,27559,2755,24804,6700,13400,55118,0.0035,0.88,86,2027-01-01
I001242,W026,C138,,27019,2701,24318,6700,13400,54038,0.0035,0.88,102,2027-01-01
I001243,W019,C139,,12895,1289,11606,3100,6200,25790,0.0036,0.91,101,2027-01-01
I001244,W020,C139,,13320,1332,11988,3100,6200,26640,0.0036,0.91,47,2027-01-01
I001245,W021,C139,,12935,1293,11642,3100,6200,25870,0.0036,0.91,62,2027-01-01
I001246,W022,C139,,13249,1324,11925,3100,6200,26498,0.0036,0.91,8,2027-01-01
I001247,W023,C139,,13063,1306,11757,3100,6200,26126,0.0036,0.91,107,2027-01-01
I001248,W024,C139,,12857,1285,11572,3100,6200,25714,0.0036,0.91,35,2027-01-01
I001249,W025,C139,,12780,1278,11502,3100,6200,25560,0.0036,0.91,71,2027-01-01
I001250,W026,C139,,13275,1327,11948,3100,6200,26550,0.0036,0.91,44,2027-01-01
I001251,W027,C139,,12526,1252,11274,3100,6200,25052,0.0036,0.91,108,2027-01-01
I001252,W020,C140,,16962,1696,15266,4200,8400,33924,0.0037,0.93,62,2027-01-01
I001253,W021,C140,,17039,1703,15336,4200,8400,34078,0.0037,0.93,25,2027-01-01
I001254,W022,C140,,17258,1725,15533,4200,8400,34516,0.0037,0.93,34,2027-01-01
I001255,W023,C140,,16965,1696,15269,4200,8400,33930,0.0037,0.93,24,2027-01-01
I001256,W024,C140,,16978,1697,15281,4200,8400,33956,0.0037,0.93,83,2027-01-01
I001257,W025,C140,,17623,1762,15861,4200,8400,35246,0.0037,0.93,12,2027-01-01
I001258,W026,C140,,17298,1729,15569,4200,8400,34596,0.0037,0.93,24,2027-01-01
I001259,W027,C140,,17380,1738,15642,4200,8400,34760,0.0037,0.93,88,2027-01-01
I001260,W028,C140,,16902,1690,15212,4200,8400,33804,0.0037,0.93,89,2027-01-01
I001261,W021,C141,,10146,1014,9132,2300,4600,20292,0.0038,0.95,102,2027-01-01
I001262,W022,C141,,9955,995,8960,2300,4600,19910,0.0038,0.95,81,2027-01-01
I001263,W023,C141,,10181,1018,9163,2300,4600,20362,0.0038,0.95,82,2027-01-01
I001264,W024,C141,,10092,1009,9083,2300,4600,20184,0.0038,0.95,94,2027-01-01
I001265,W025,C141,,9714,971,8743,2300,4600,19428,0.0038,0.95,26,2027-01-01
I001266,W026,C141,,10102,1010,9092,2300,4600,20204,0.0038,0.95,37,2027-01-01
I001267,W027,C141,,10159,1015,9144,2300,4600,20318,0.0038,0.95,118,2027-01-01
I001268,W028,C141,,9368,936,8432,2300,4600,18736,0.0038,0.95,116,2027-01-01
I001269,W029,C141,,10078,1007,9071,2300,4600,20156,0.0038,0.95,4,2027-01-01
I001270,W022,C142,,26319,2631,23688,6500,13000,52638,0.0039,0.97,3,2027-01-01
I001271,W023,C142,,26234,2623,23611,6500,13000,52468,0.0039,0.97,112,2027-01-01
I001272,W024,C142,,26131,2613,23518,6500,13000,52262,0.0039,0.97,79,2027-01-01
I001273,W025,C142,,26789,2678,24111,6500,13000,53578,0.0039,0.97,109,2027-01-01
I001274,W026,C142,,26668,2666,24002,6500,13000,53336,0.0039,0.97,112,2027-01-01
I001275,W027,C142,,26831,2683,24148,6500,13000,53662,0.0039,0.97,77,2027-01-01
I001276,W028,C142,,26431,2643,23788,6500,13000,52862,0.0039,0.97,73,2027-01-01
I001277,W029,C142,,26137,2613,23524,6500,13000,52274,0.0039,0.97,87,2027-01-01
I001278,W030,C142,,26564,2656,23908,6500,13000,53128,0.0039,0.97,27,2027-01-01
I001279,W023,C143,,30098,3009,27089,7300,14600,60196,0.004,1.0,6,2027-01-01
I001280,W024,C143,,29639,2963,26676,7300,14600,59278,0.004,1.0,77,2027-01-01
I001281,W025,C143,,29953,2995,26958,7300,14600,59906,0.004,1.0,86,2027-01-01
I001282,W026,C143,,29988,2998,26990,7300,14600,59976,0.004,1.0,14,2027-01-01
I001283,W027,C143,,29989,2998,26991,7300,14600,59978,0.004,1.0,12,2027-01-01
I001284,W028,C143,,29669,2966,26703,7300,14600,59338,0.004,1.0,62,2027-01-01
I001285,W029,C143,,29633,2963,26670,7300,14600,59266,0.004,1.0,44,2027-01-01
I001286,W030,C143,,30179,3017,27162,7300,14600,60358,0.004,1.0,53,2027-01-01
I001287,W001,C143,,29381,2938,26443,7300,14600,58762,0.004,1.0,50,2027-01-01
I001288,W024,C144,,32256,3225,29031,8000,16000,64512,0.0041,1.02,9,2027-01-01
I001289,W025,C144,,32894,3289,29605,8000,16000,65788,0.0041,1.02,120,2027-01-01
I001290,W026,C144,,32602,3260,29342,8000,16000,65204,0.0041,1.02,38,2027-01-01
I001291,W027,C144,,32716,3271,29445,8000,16000,65432,0.0041,1.02,9,2027-01-01
I001292,W028,C144,,32439,3243,29196,8000,16000,64878,0.0041,1.02,34,2027-01-01
I001293,W029,C144,,32130,3213,28917,8000,16000,64260,0.0041,1.02,98,2027-01-01
I001294,W030,C144,,32715,3271,29444,8000,16000,65430,0.0041,1.02,106,2027-01-01
I001295,W001,C144,,32452,3245,29207,8000,16000,64904,0.0041,1.02,77,2027-01-01
I001296,W002,C144,,32563,3256,29307,8000,16000,65126,0.0041,1.02,62,2027-01-01
I001297,W025,C145,,10251,1025,9226,2500,5000,20502,0.0042,1.04,34,2027-01-01
I001298,W026,C145,,10834,1083,9751,2500,5000,21668,0.0042,1.04,110,2027-01-01
I001299,W027,C145,,10434,1043,9391,2500,5000,20868,0.0042,1.04,117,2027-01-01
I001300,W028,C145,,10192,1019,9173,2500,5000,20384,0.0042,1.04,118,2027-01-01
I001301,W029,C145,,10892,1089,9803,2500,5000,21784,0.0042,1.04,1,2027-01-01
I001302,W030,C145,,10922,1092,9830,2500,5000,21844,0.0042,1.04,2,2027-01-01
I001303,W001,C145,,10520,1052,9468,2500,5000,21040,0.0042,1.04,22,2027-01-01
I001304,W002,C145,,10749,1074,9675,2500,5000,21498,0.0042,1.04,25,2027-01-01
I001305,W003,C145,,10447,1044,9403,2500,5000,20894,0.0042,1.04,1,2027-01-01
I001306,W026,C146,,21887,2188,19699,5400,10800,43774,0.0043,1.06,104,2027-01-01
I001307,W027,C146,,22165,2216,19949,5400,10800,44330,0.0043,1.06,13,2027-01-01
I001308,W028,C146,,21812,2181,19631,5400,10800,43624,0.0043,1.06,106,2027-01-01
I001309,W029,C146,,21819,2181,19638,5400,10800,43638,0.0043,1.06,24,2027-01-01
I001310,W030,C146,,22015,2201,19814,5400,10800,44030,0.0043,1.06,83,2027-01-01
I001311,W001,C146,,21901,2190,19711,5400,10800,43802,0.0043,1.06,108,2027-01-01
I001312,W002,C146,,21775,2177,19598,5400,10800,43550,0.0043,1.06,101,2027-01-01
I001313,W003,C146,,22026,2202,19824,5400,10800,44052,0.0043,1.06,30,2027-01-01
I001314,W004,C146,,22526,2252,20274,5400,10800,45052,0.0043,1.06,20,2027-01-01
I001315,W027,C147,,16227,1622,14605,3900,7800,32454,0.0043,1.09,78,2027-01-01
I001316,W028,C147,,16301,1630,14671,3900,7800,32602,0.0043,1.09,98,2027-01-01
I001317,W029,C147,,16192,1619,14573,3900,7800,32384,0.0043,1.09,7,2027-01-01
I001318,W030,C147,,15885,1588,14297,3900,7800,31770,0.0043,1.09,30,2027-01-01
I001319,W001,C147,,15709,1570,14139,3900,7800,31418,0.0043,1.09,60,2027-01-01
I001320,W002,C147,,16499,1649,14850,3900,7800,32998,0.0043,1.09,106,2027-01-01
I001321,W003,C147,,15772,1577,14195,3900,7800,31544,0.0043,1.09,22,2027-01-01
I001322,W004,C147,,16227,1622,14605,3900,7800,32454,0.0043,1.09,58,2027-01-01
I001323,W005,C147,,16295,1629,14666,3900,7800,32590,0.0043,1.09,25,2027-01-01
I001324,W028,C148,,6135,613,5522,1400,2800,12270,0.0044,1.11,79,2027-01-01
I001325,W029,C148,,6262,626,5636,1400,2800,12524,0.0044,1.11,23,2027-01-01
I001326,W030,C148,,6539,653,5886,1400,2800,13078,0.0044,1.11,18,2027-01-01
I001327,W001,C148,,5987,598,5389,1400,2800,11974,0.0044,1.11,117,2027-01-01
I001328,W002,C148,,6224,622,5602,1400,2800,12448,0.0044,1.11,4,2027-01-01
I001329,W003,C148,,5770,577,5193,1400,2800,11540,0.0044,1.11,28,2027-01-01
I001330,W004,C148,,6072,607,5465,1400,2800,12144,0.0044,1.11,23,2027-01-01
I001331,W005,C148,,6084,608,5476,1400,2800,12168,0.0044,1.11,2,2027-01-01
I001332,W006,C148,,6436,643,5793,1400,2800,12872,0.0044,1.11,100,2027-01-01
I001333,W029,C149,,23958,2395,21563,5800,11600,47916,0.0045,1.13,72,2027-01-01
I001334,W030,C149,,23494,2349,21145,5800,11600,46988,0.0045,1.13,60,2027-01-01
I001335,W001,C149,,23701,2370,21331,5800,11600,47402,0.0045,1.13,51,2027-01-01
I001336,W002,C149,,24111,2411,21700,5800,11600,48222,0.0045,1.13,54,2027-01-01
I001337,W003,C149,,24075,2407,21668,5800,11600,48150,0.0045,1.13,4,2027-01-01
I001338,W004,C149,,23799,2379,21420,5800,11600,47598,0.0045,1.13,81,2027-01-01
I001339,W005,C149,,23914,2391,21523,5800,11600,47828,0.0045,1.13,92,2027-01-01
I001340,W006,C149,,23338,2333,21005,5800,11600,46676,0.0045,1.13,118,2027-01-01
I001341,W007,C149,,23901,2390,21511,5800,11600,47802,0.0045,1.13,116,2027-01-01
I001342,W030,C150,,26888,2688,24200,6600,13200,53776,0.0046,1.15,49,2027-01-01
I001343,W001,C150,,27365,2736,24629,6600,13200,54730,0.0046,1.15,91,2027-01-01
I001344,W002,C150,,27338,2733,24605,6600,13200,54676,0.0046,1.15,84,2027-01-01
I001345,W003,C150,,26686,2668,24018,6600,13200,53372,0.0046,1.15,101,2027-01-01
I001346,W004,C150,,26827,2682,24145,6600,13200,53654,0.0046,1.15,103,2027-01-01
I001347,W005,C150,,27119,2711,24408,6600,13200,54238,0.0046,1.15,83,2027-01-01
I001348,W006,C150,,26659,2665,23994,6600,13200,53318,0.0046,1.15,32,2027-01-01
I001349,W007,C150,,26617,2661,23956,6600,13200,53234,0.0046,1.15,62,2027-01-01
I001350,W008,C150,,27181,2718,24463,6600,13200,54362,0.0046,1.15,110,2027-01-01
I001351,W001,C151,,13881,1388,12493,3300,6600,27762,0.0002,0.05,112,2027-01-01
I001352,W002,C151,,14041,1404,12637,3300,6600,28082,0.0002,0.05,95,2027-01-01
I001353,W003,C151,,14021,1402,12619,3300,6600,28042,0.0002,0.05,24,2027-01-01
I001354,W004,C151,,13433,1343,12090,3300,6600,26866,0.0002,0.05,14,2027-01-01
I001355,W005,C151,,13889,1388,12501,3300,6600,27778,0.0002,0.05,38,2027-01-01
I001356,W006,C151,,13338,1333,12005,3300,6600,26676,0.0002,0.05,37,2027-01-01
I001357,W007,C151,,13686,1368,12318,3300,6600,27372,0.0002,0.05,53,2027-01-01
I001358,W008,C151,,13304,1330,11974,3300,6600,26608,0.0002,0.05,117,2027-01-01
I001359,W009,C151,,13520,1352,12168,3300,6600,27040,0.0002,0.05,22,2027-01-01
I001360,W002,C152,,30761,3076,27685,7500,15000,61522,0.0003,0.07,33,2027-01-01
I001361,W003,C152,,30384,3038,27346,7500,15000,60768,0.0003,0.07,74,2027-01-01
I001362,W004,C152,,30270,3027,27243,7500,15000,60540,0.0003,0.07,81,2027-01-01
I001363,W005,C152,,30520,3052,27468,7500,15000,61040,0.0003,0.07,77,2027-01-01
I001364,W006,C152,,30624,3062,27562,7500,15000,61248,0.0003,0.07,117,2027-01-01
I001365,W007,C152,,30178,3017,27161,7500,15000,60356,0.0003,0.07,118,2027-01-01
I001366,W008,C152,,30761,3076,27685,7500,15000,61522,0.0003,0.07,1,2027-01-01
I001367,W009,C152,,30105,3010,27095,7500,15000,60210,0.0003,0.07,51,2027-01-01
I001368,W010,C152,,30571,3057,27514,7500,15000,61142,0.0003,0.07,55,2027-01-01
I001369,W003,C153,,3559,355,3204,800,1600,7118,0.0004,0.1,95,2027-01-01
I001370,W004,C153,,3333,333,3000,800,1600,6666,0.0004,0.1,110,2027-01-01
I001371,W005,C153,,4160,416,3744,800,1600,8320,0.0004,0.1,49,2027-01-01
I001372,W006,C153,,3673,367,3306,800,1600,7346,0.0004,0.1,82,2027-01-01
I001373,W007,C153,,3399,339,3060,800,1600,6798,0.0004,0.1,39,2027-01-01
I001374,W008,C153,,3782,378,3404,800,1600,7564,0.0004,0.1,108,2027-01-01
I001375,W009,C153,,3407,340,3067,800,1600,6814,0.0004,0.1,66,2027-01-01
I001376,W010,C153,,4186,418,3768,800,1600,8372,0.0004,0.1,82,2027-01-01
I001377,W011,C153,,3956,395,3561,800,1600,7912,0.0004,0.1,96,2027-01-01
I001378,W004,C154,,9199,919,8280,2100,4200,18398,0.0005,0.12,111,2027-01-01
I001379,W005,C154,,9394,939,8455,2100,4200,18788,0.0005,0.12,36,2027-01-01
I001380,W006,C154,,8822,882,7940,2100,4200,17644,0.0005,0.12,43,2027-01-01
I001381,W007,C154,,9072,907,8165,2100,4200,18144,0.0005,0.12,17,2027-01-01
I001382,W008,C154,,9302,930,8372,2100,4200,18604,0.0005,0.12,30,2027-01-01
I001383,W009,C154,,9359,935,8424,2100,4200,18718,0.0005,0.12,68,2027-01-01
I001384,W010,C154,,9154,915,8239,2100,4200,18308,0.0005,0.12,10,2027-01-01
I001385,W011,C154,,9396,939,8457,2100,4200,18792,0.0005,0.12,83,2027-01-01
I001386,W012,C154,,8794,879,7915,2100,4200,17588,0.0005,0.12,44,2027-01-01
I001387,W005,C155,,18657,1865,16792,4500,9000,37314,0.0006,0.14,52,2027-01-01
I001388,W006,C155,,18180,1818,16362,4500,9000,36360,0.0006,0.14,81,2027-01-01
I001389,W007,C155,,18664,1866,16798,4500,9000,37328,0.0006,0.14,50,2027-01-01
I001390,W008,C155,,18429,1842,16587,4500,9000,36858,0.0006,0.14,66,2027-01-01
I001391,W009,C155,,18799,1879,16920,4500,9000,37598,0.0006,0.14,113,2027-01-01
I001392,W010,C155,,18488,1848,16640,4500,9000,36976,0.0006,0.14,41,2027-01-01
I001393,W011,C155,,18193,1819,16374,4500,9000,36386,0.0006,0.14,27,2027-01-01
I001394,W012,C155,,18973,1897,17076,4500,9000,37946,0.0006,0.14,93,2027-01-01
I001395,W013,C155,,18334,1833,16501,4500,9000,36668,0.0006,0.14,112,2027-01-01
I001396,W006,C156,,15365,1536,13829,3800,7600,30730,0.0007,0.16,53,2027-01-01
I001397,W007,C156,,15856,1585,14271,3800,7600,31712,0.0007,0.16,19,2027-01-01
I001398,W008,C156,,16130,1613,14517,3800,7600,32260,0.0007,0.16,8,2027-01-01
I001399,W009,C156,,15488,1548,13940,3800,7600,30976,0.0007,0.16,97,2027-01-01
I001400,W010,C156,,15672,1567,14105,3800,7600,31344,0.0007,0.16,55,2027-01-01
I001401,W011,C156,,15673,1567,14106,3800,7600,31346,0.0007,0.16,118,2027-01-01
I001402,W012,C156,,15471,1547,13924,3800,7600,30942,0.0007,0.16,58,2027-01-01
I001403,W013,C156,,15581,1558,14023,3800,7600,31162,0.0007,0.16,14,2027-01-01
I001404,W014,C156,,15961,1596,14365,3800,7600,31922,0.0007,0.16,70,2027-01-01
I001405,W007,C157,,28480,2848,25632,7000,14000,56960,0.0007,0.19,117,2027-01-01
I001406,W008,C157,,28873,2887,25986,7000,14000,57746,0.0007,0.19,96,2027-01-01
I001407,W009,C157,,28999,2899,26100,7000,14000,57998,0.0007,0.19,105,2027-01-01
I001408,W010,C157,,28706,2870,25836,7000,14000,57412,0.0007,0.19,105,2027-01-01
I001409,W011,C157,,28913,2891,26022,7000,14000,57826,0.0007,0.19,115,2027-01-01
I001410,W012,C157,,28475,2847,25628,7000,14000,56950,0.0007,0.19,34,2027-01-01
I001411,W013,C157,,28256,2825,25431,7000,14000,56512,0.0007,0.19,45,2027-01-01
I001412,W014,C157,,28740,2874,25866,7000,14000,57480,0.0007,0.19,110,2027-01-01
I001413,W015,C157,,28996,2899,26097,7000,14000,57992,0.0007,0.19,73,2027-01-01
I001414,W008,C158,,31445,3144,28301,7800,15600,62890,0.0008,0.21,103,2027-01-01
I001415,W009,C158,,31530,3153,28377,7800,15600,63060,0.0008,0.21,35,2027-01-01
I001416,W010,C158,,31473,3147,28326,7800,15600,62946,0.0008,0.21,111,2027-01-01
I001417,W011,C158,,31731,3173,28558,7800,15600,63462,0.0008,0.21,74,2027-01-01
I001418,W012,C158,,31870,3187,28683,7800,15600,63740,0.0008,0.21,2,2027-01-01
I001419,W013,C158,,31708,3170,28538,7800,15600,63416,0.0008,0.21,105,2027-01-01
I001420,W014,C158,,31919,3191,28728,7800,15600,63838,0.0008,0.21,111,2027-01-01
I001421,W015,C158,,31421,3142,28279,7800,15600,62842,0.0008,0.21,54,2027-01-01
I001422,W016,C158,,31362,3136,28226,7800,15600,62724,0.0008,0.21,61,2027-01-01
I001423,W009,C159,,23111,2311,20800,5600,11200,46222,0.0009,0.23,97,2027-01-01
I001424,W010,C159,,22690,2269,20421,5600,11200,45380,0.0009,0.23,106,2027-01-01
I001425,W011,C159,,23171,2317,20854,5600,11200,46342,0.0009,0.23,79,2027-01-01
I001426,W012,C159,,22773,2277,20496,5600,11200,45546,0.0009,0.23,36,2027-01-01
I001427,W013,C159,,22772,2277,20495,5600,11200,45544,0.0009,0.23,65,2027-01-01
I001428,W014,C159,,22680,2268,20412,5600,11200,45360,0.0009,0.23,116,2027-01-01
I001429,W015,C159,,22532,2253,20279,5600,11200,45064,0.0009,0.23,2,2027-01-01
I001430,W016,C159,,23136,2313,20823,5600,11200,46272,0.0009,0.23,73,2027-01-01
I001431,W017,C159,,22789,2278,20511,5600,11200,45578,0.0009,0.23,118,2027-01-01
I001432,W010,C160,,7921,792,7129,1800,3600,15842,0.001,0.25,19,2027-01-01
I001433,W011,C160,,7545,754,6791,1800,3600,15090,0.001,0.25,69,2027-01-01
I001434,W012,C160,,7928,792,7136,1800,3600,15856,0.001,0.25,69,2027-01-01
I001435,W013,C160,,8109,810,7299,1800,3600,16218,0.001,0.25,40,2027-01-01
I001436,W014,C160,,7526,752,6774,1800,3600,15052,0.001,0.25,117,2027-01-01
I001437,W015,C160,,7505,750,6755,1800,3600,15010,0.001,0.25,17,2027-01-01
I001438,W016,C160,,7913,791,7122,1800,3600,15826,0.001,0.25,36,2027-01-01
I001439,W017,C160,,7844,784,7060,1800,3600,15688,0.001,0.25,104,2027-01-01
I001440,W018,C160,,7629,762,6867,1800,3600,15258,0.001,0.25,90,2027-01-01
I001441,W011,C161,,29238,2923,26315,7200,14400,58476,0.0011,0.28,36,2027-01-01
I001442,W012,C161,,28937,2893,26044,7200,14400,57874,0.0011,0.28,15,2027-01-01
I001443,W013,C161,,28912,2891,26021,7200,14400,57824,0.0011,0.28,7,2027-01-01
I001444,W014,C161,,28959,2895,26064,7200,14400,57918,0.0011,0.28,16,2027-01-01
I001445,W015,C161,,28979,2897,26082,7200,14400,57958,0.0011,0.28,80,2027-01-01
I001446,W016,C161,,29600,2960,26640,7200,14400,59200,0.0011,0.28,103,2027-01-01
I001447,W017,C161,,29779,2977,26802,7200,14400,59558,0.0011,0.28,38,2027-01-01
I001448,W018,C161,,29377,2937,26440,7200,14400,58754,0.0011,0.28,48,2027-01-01
I001449,W019,C161,,29114,2911,26203,7200,14400,58228,0.0011,0.28,38,2027-01-01
I001450,W012,C162,,21749,2174,19575,5400,10800,43498,0.0012,0.3,93,2027-01-01
I001451,W013,C162,,21929,2192,19737,5400,10800,43858,0.0012,0.3,33,2027-01-01
I001452,W014,C162,,21788,2178,19610,5400,10800,43576,0.0012,0.3,69,2027-01-01
I001453,W015,C162,,22109,2210,19899,5400,10800,44218,0.0012,0.3,90,2027-01-01
I001454,W016,C162,,21791,2179,19612,5400,10800,43582,0.0012,0.3,75,2027-01-01
I001455,W017,C162,,22309,2230,20079,5400,10800,44618,0.0012,0.3,118,2027-01-01
I001456,W018,C162,,21843,2184,19659,5400,10800,43686,0.0012,0.3,65,2027-01-01
I001457,W019,C162,,22141,2214,19927,5400,10800,44282,0.0012,0.3,75,2027-01-01
I001458,W020,C162,,22378,2237,20141,5400,10800,44756,0.0012,0.3,61,2027-01-01
I001459,W013,C163,,21662,2166,19496,5300,10600,43324,0.0013,0.32,46,2027-01-01
I001460,W014,C163,,21453,2145,19308,5300,10600,42906,0.0013,0.32,64,2027-01-01
I001461,W015,C163,,21996,2199,19797,5300,10600,43992,0.0013,0.32,73,2027-01-01
I001462,W016,C163,,21847,2184,19663,5300,10600,43694,0.0013,0.32,55,2027-01-01
I001463,W017,C163,,22197,2219,19978,5300,10600,44394,0.0013,0.32,47,2027-01-01
I001464,W018,C163,,21842,2184,19658,5300,10600,43684,0.0013,0.32,44,2027-01-01
I001465,W019,C163,,21772,2177,19595,5300,10600,43544,0.0013,0.32,10,2027-01-01
I001466,W020,C163,,21910,2191,19719,5300,10600,43820,0.0013,0.32,52,2027-01-01
I001467,W021,C163,,21968,2196,19772,5300,10600,43936,0.0013,0.32,10,2027-01-01
I001468,W014,C164,,10247,1024,9223,2500,5000,20494,0.0014,0.34,65,2027-01-01
I001469,W015,C164,,10125,1012,9113,2500,5000,20250,0.0014,0.34,91,2027-01-01
I001470,W016,C164,,10659,1065,9594,2500,5000,21318,0.0014,0.34,83,2027-01-01
I001471,W017,C164,,10825,1082,9743,2500,5000,21650,0.0014,0.34,53,2027-01-01
I001472,W018,C164,,10135,1013,9122,2500,5000,20270,0.0014,0.34,30,2027-01-01
I001473,W019,C164,,10451,1045,9406,2500,5000,20902,0.0014,0.34,65,2027-01-01
I001474,W020,C164,,10201,1020,9181,2500,5000,20402,0.0014,0.34,16,2027-01-01
I001475,W021,C164,,10297,1029,9268,2500,5000,20594,0.0014,0.34,25,2027-01-01
I001476,W022,C164,,10713,1071,9642,2500,5000,21426,0.0014,0.34,68,2027-01-01
I001477,W015,C165,,8292,829,7463,2000,4000,16584,0.0015,0.37,9,2027-01-01
I001478,W016,C165,,8170,817,7353,2000,4000,16340,0.0015,0.37,32,2027-01-01
I001479,W017,C165,,8955,895,8060,2000,4000,17910,0.0015,0.37,32,2027-01-01
I001480,W018,C165,,8849,884,7965,2000,4000,17698,0.0015,0.37,95,2027-01-01
I001481,W019,C165,,8954,895,8059,2000,4000,17908,0.0015,0.37,23,2027-01-01
I001482,W020,C165,,8944,894,8050,2000,4000,17888,0.0015,0.37,108,2027-01-01
I001483,W021,C165,,8582,858,7724,2000,4000,17164,0.0015,0.37,64,2027-01-01
I001484,W022,C165,,8143,814,7329,2000,4000,16286,0.0015,0.37,87,2027-01-01
I001485,W023,C165,,8605,860,7745,2000,4000,17210,0.0015,0.37,102,2027-01-01
I001486,W016,C166,,26356,2635,23721,6400,12800,52712,0.0016,0.39,57,2027-01-01
I001487,W017,C166,,26077,2607,23470,6400,12800,52154,0.0016,0.39,41,2027-01-01
I001488,W018,C166,,26194,2619,23575,6400,12800,52388,0.0016,0.39,5,2027-01-01
I001489,W019,C166,,26306,2630,23676,6400,12800,52612,0.0016,0.39,24,2027-01-01
I001490,W020,C166,,26127,2612,23515,6400,12800,52254,0.0016,0.39,59,2027-01-01
I001491,W021,C166,,25955,2595,23360,6400,12800,51910,0.0016,0.39,83,2027-01-01
I001492,W022,C166,,25710,2571,23139,6400,12800,51420,0.0016,0.39,40,2027-01-01
I001493,W023,C166,,25737,2573,23164,6400,12800,51474,0.0016,0.39,33,2027-01-01
I001494,W024,C166,,26119,2611,23508,6400,12800,52238,0.0016,0.39,4,2027-01-01
I001495,W017,C167,,19012,1901,17111,4700,9400,38024,0.0016,0.41,103,2027-01-01
I001496,W018,C167,,19339,1933,17406,4700,9400,38678,0.0016,0.41,28,2027-01-01
I001497,W019,C167,,19658,1965,17693,4700,9400,39316,0.0016,0.41,41,2027-01-01
I001498,W020,C167,,19030,1903,17127,4700,9400,38060,0.0016,0.41,25,2027-01-01
I001499,W021,C167,,19227,1922,17305,4700,9400,38454,0.0016,0.41,66,2027-01-01
I001500,W022,C167,,19758,1975,17783,4700,9400,39516,0.0016,0.41,52,2027-01-01
I001501,W023,C167,,19088,1908,17180,4700,9400,38176,0.0016,0.41,88,2027-01-01
I001502,W024,C167,,19339,1933,17406,4700,9400,38678,0.0016,0.41,98,2027-01-01
I001503,W025,C167,,18901,1890,17011,4700,9400,37802,0.0016,0.41,54,2027-01-01
I001504,W018,C168,,22040,2204,19836,5400,10800,44080,0.0017,0.43,70,2027-01-01
I001505,W019,C168,,22446,2244,20202,5400,10800,44892,0.0017,0.43,112,2027-01-01
I001506,W020,C168,,21920,2192,19728,5400,10800,43840,0.0017,0.43,71,2027-01-01
I001507,W021,C168,,21866,2186,19680,5400,10800,43732,0.0017,0.43,30,2027-01-01
I001508,W022,C168,,21956,2195,19761,5400,10800,43912,0.0017,0.43,12,2027-01-01
I001509,W023,C168,,22159,2215,19944,5400,10800,44318,0.0017,0.43,36,2027-01-01
I001510,W024,C168,,22144,2214,19930,5400,10800,44288,0.0017,0.43,66,2027-01-01
I001511,W025,C168,,22318,2231,20087,5400,10800,44636,0.0017,0.43,34,2027-01-01
I001512,W026,C168,,22217,2221,19996,5400,10800,44434,0.0017,0.43,84,2027-01-01
I001513,W019,C169,,26271,2627,23644,6500,13000,52542,0.0018,0.46,84,2027-01-01
I001514,W020,C169,,26352,2635,23717,6500,13000,52704,0.0018,0.46,54,2027-01-01
I001515,W021,C169,,26521,2652,23869,6500,13000,53042,0.0018,0.46,109,2027-01-01
I001516,W022,C169,,26403,2640,23763,6500,13000,52806,0.0018,0.46,22,2027-01-01
I001517,W023,C169,,26719,2671,24048,6500,13000,53438,0.0018,0.46,77,2027-01-01
I001518,W024,C169,,26175,2617,23558,6500,13000,52350,0.0018,0.46,48,2027-01-01
I001519,W025,C169,,26111,2611,23500,6500,13000,52222,0.0018,0.46,52,2027-01-01
I001520,W026,C169,,26929,2692,24237,6500,13000,53858,0.0018,0.46,31,2027-01-01
I001521,W027,C169,,26977,2697,24280,6500,13000,53954,0.0018,0.46,60,2027-01-01
I001522,W020,C170,,4997,499,4498,1000,2000,9994,0.0019,0.48,29,2027-01-01
I001523,W021,C170,,4244,424,3820,1000,2000,8488,0.0019,0.48,93,2027-01-01
I001524,W022,C170,,4495,449,4046,1000,2000,8990,0.0019,0.48,111,2027-01-01
I001525,W023,C170,,4115,411,3704,1000,2000,8230,0.0019,0.48,82,2027-01-01
I001526,W024,C170,,4149,414,3735,1000,2000,8298,0.0019,0.48,116,2027-01-01
I001527,W025,C170,,4265,426,3839,1000,2000,8530,0.0019,0.48,105,2027-01-01
I001528,W026,C170,,4217,421,3796,1000,2000,8434,0.0019,0.48,81,2027-01-01
I001529,W027,C170,,4561,456,4105,1000,2000,9122,0.0019,0.48,32,2027-01-01
I001530,W028,C170,,4361,436,3925,1000,2000,8722,0.0019,0.48,12,2027-01-01
I001531,W021,C171,,14996,1499,13497,3600,7200,29992,0.002,0.5,114,2027-01-01
I001532,W022,C171,,14687,1468,13219,3600,7200,29374,0.002,0.5,104,2027-01-01
I001533,W023,C171,,14800,1480,13320,3600,7200,29600,0.002,0.5,100,2027-01-01
I001534,W024,C171,,14820,1482,13338,3600,7200,29640,0.002,0.5,37,2027-01-01
I001535,W025,C171,,14907,1490,13417,3600,7200,29814,0.002,0.5,73,2027-01-01
I001536,W026,C171,,15101,1510,13591,3600,7200,30202,0.002,0.5,41,2027-01-01
I001537,W027,C171,,14842,1484,13358,3600,7200,29684,0.002,0.5,66,2027-01-01
I001538,W028,C171,,14947,1494,13453,3600,7200,29894,0.002,0.5,57,2027-01-01
I001539,W029,C171,,14562,1456,13106,3600,7200,29124,0.002,0.5,3,2027-01-01
I001540,W022,C172,,5725,572,5153,1300,2600,11450,0.0021,0.52,57,2027-01-01
I001541,W023,C172,,6195,619,5576,1300,2600,12390,0.0021,0.52,52,2027-01-01
I001542,W024,C172,,5677,567,5110,1300,2600,11354,0.0021,0.52,85,2027-01-01
I001543,W025,C172,,6061,606,5455,1300,2600,12122,0.0021,0.52,36,2027-01-01
I001544,W026,C172,,5776,577,5199,1300,2600,11552,0.0021,0.52,56,2027-01-01
I001545,W027,C172,,5393,539,4854,1300,2600,10786,0.0021,0.52,4,2027-01-01
I001546,W028,C172,,5962,596,5366,1300,2600,11924,0.0021,0.52,21,2027-01-01
I001547,W029,C172,,5706,570,5136,1300,2600,11412,0.0021,0.52,77,2027-01-01
I001548,W030,C172,,5512,551,4961,1300,2600,11024,0.0021,0.52,69,2027-01-01
I001549,W023,C173,,30567,3056,27511,7600,15200,61134,0.0022,0.55,61,2027-01-01
I001550,W024,C173,,31342,3134,28208,7600,15200,62684,0.0022,0.55,102,2027-01-01
I001551,W025,C173,,30532,3053,27479,7600,15200,61064,0.0022,0.55,1,2027-01-01
I001552,W026,C173,,31184,3118,28066,7600,15200,62368,0.0022,0.55,14,2027-01-01
I001553,W027,C173,,30787,3078,27709,7600,15200,61574,0.0022,0.55,59,2027-01-01
I001554,W028,C173,,30908,3090,27818,7600,15200,61816,0.0022,0.55,27,2027-01-01
I001555,W029,C173,,30709,3070,27639,7600,15200,61418,0.0022,0.55,67,2027-01-01
I001556,W030,C173,,30933,3093,27840,7600,15200,61866,0.0022,0.55,67,2027-01-01
I001557,W001,C173,,30726,3072,27654,7600,15200,61452,0.0022,0.55,38,2027-01-01
I001558,W024,C174,,12806,1280,11526,3000,6000,25612,0.0023,0.57,13,2027-01-01
I001559,W025,C174,,12947,1294,11653,3000,6000,25894,0.0023,0.57,103,2027-01-01
I001560,W026,C174,,12147,1214,10933,3000,6000,24294,0.0023,0.57,86,2027-01-01
I001561,W027,C174,,12473,1247,11226,3000,6000,24946,0.0023,0.57,13,2027-01-01
I001562,W028,C174,,12709,1270,11439,3000,6000,25418,0.0023,0.57,64,2027-01-01
I001563,W029,C174,,12486,1248,11238,3000,6000,24972,0.0023,0.57,66,2027-01-01
I001564,W030,C174,,12844,1284,11560,3000,6000,25688,0.0023,0.57,92,2027-01-01
I001565,W001,C174,,12430,1243,11187,3000,6000,24860,0.0023,0.57,102,2027-01-01
I001566,W002,C174,,12112,1211,10901,3000,6000,24224,0.0023,0.57,80,2027-01-01
I001567,W025,C175,,8893,889,8004,2100,4200,17786,0.0024,0.59,1,2027-01-01
I001568,W026,C175,,8971,897,8074,2100,4200,17942,0.0024,0.59,81,2027-01-01
I001569,W027,C175,,9055,905,8150,2100,4200,18110,0.0024,0.59,101,2027-01-01
I001570,W028,C175,,9212,921,8291,2100,4200,18424,0.0024,0.59,29,2027-01-01
I001571,W029,C175,,9170,917,8253,2100,4200,18340,0.0024,0.59,77,2027-01-01
I001572,W030,C175,,8880,888,7992,2100,4200,17760,0.0024,0.59,42,2027-01-01
I001573,W001,C175,,9012,901,8111,2100,4200,18024,0.0024,0.59,25,2027-01-01
I001574,W002,C175,,9305,930,8375,2100,4200,18610,0.0024,0.59,79,2027-01-01
I001575,W003,C175,,9322,932,8390,2100,4200,18644,0.0024,0.59,80,2027-01-01
I001576,W026,C176,,15982,1598,14384,3800,7600,31964,0.0024,0.61,15,2027-01-01
I001577,W027,C176,,15366,1536,13830,3800,7600,30732,0.0024,0.61,42,2027-01-01
I001578,W028,C176,,16076,1607,14469,3800,7600,32152,0.0024,0.61,42,2027-01-01
I001579,W029,C176,,15963,1596,14367,3800,7600,31926,0.0024,0.61,52,2027-01-01
I001580,W030,C176,,15829,1582,14247,3800,7600,31658,0.0024,0.61,64,2027-01-01
I001581,W001,C176,,16144,1614,14530,3800,7600,32288,0.0024,0.61,46,2027-01-01
I001582,W002,C176,,15837,1583,14254,3800,7600,31674,0.0024,0.61,58,2027-01-01
I001583,W003,C176,,15799,1579,14220,3800,7600,31598,0.0024,0.61,116,2027-01-01
I001584,W004,C176,,15698,1569,14129,3800,7600,31396,0.0024,0.61,88,2027-01-01
I001585,W027,C177,,14860,1486,13374,3600,7200,29720,0.0025,0.64,44,2027-01-01
I001586,W028,C177,,15121,1512,13609,3600,7200,30242,0.0025,0.64,33,2027-01-01
I001587,W029,C177,,15071,1507,13564,3600,7200,30142,0.0025,0.64,79,2027-01-01
I001588,W030,C177,,14576,1457,13119,3600,7200,29152,0.0025,0.64,34,2027-01-01
I001589,W001,C177,,14679,1467,13212,3600,7200,29358,0.0025,0.64,15,2027-01-01
I001590,W002,C177,,14697,1469,13228,3600,7200,29394,0.0025,0.64,19,2027-01-01
I001591,W003,C177,,15216,1521,13695,3600,7200,30432,0.0025,0.64,114,2027-01-01
I001592,W004,C177,,15252,1525,13727,3600,7200,30504,0.0025,0.64,51,2027-01-01
I001593,W005,C177,,14741,1474,13267,3600,7200,29482,0.0025,0.64,23,2027-01-01
I001594,W028,C178,,23521,2352,21169,5800,11600,47042,0.0026,0.66,48,2027-01-01
I001595,W029,C178,,23583,2358,21225,5800,11600,47166,0.0026,0.66,89,2027-01-01
I001596,W030,C178,,23597,2359,21238,5800,11600,47194,0.0026,0.66,106,2027-01-01
I001597,W001,C178,,23671,2367,21304,5800,11600,47342,0.0026,0.66,13,2027-01-01
I001598,W002,C178,,23708,2370,21338,5800,11600,47416,0.0026,0.66,104,2027-01-01
I001599,W003,C178,,23487,2348,21139,5800,11600,46974,0.0026,0.66,114,2027-01-01
I001600,W004,C178,,23526,2352,21174,5800,11600,47052,0.0026,0.66,76,2027-01-01
I001601,W005,C178,,23787,2378,21409,5800,11600,47574,0.0026,0.66,19,2027-01-01
I001602,W006,C178,,23327,2332,20995,5800,11600,46654,0.0026,0.66,43,2027-01-01
I001603,W029,C179,,13048,1304,11744,3100,6200,26096,0.0027,0.68,62,2027-01-01
I001604,W030,C179,,12813,1281,11532,3100,6200,25626,0.0027,0.68,51,2027-01-01
I001605,W001,C179,,13130,1313,11817,3100,6200,26260,0.0027,0.68,94,2027-01-01
I001606,W002,C179,,12835,1283,11552,3100,6200,25670,0.0027,0.68,35,2027-01-01
I001607,W003,C179,,13071,1307,11764,3100,6200,26142,0.0027,0.68,23,2027-01-01
I001608,W004,C179,,13220,1322,11898,3100,6200,26440,0.0027,0.68,75,2027-01-01
I001609,W005,C179,,13203,1320,11883,3100,6200,26406,0.0027,0.68,75,2027-01-01
I001610,W006,C179,,12622,1262,11360,3100,6200,25244,0.0027,0.68,21,2027-01-01
I001611,W007,C179,,12687,1268,11419,3100,6200,25374,0.0027,0.68,104,2027-01-01
I001612,W030,C180,,24971,2497,22474,6000,12000,49942,0.0028,0.7,93,2027-01-01
I001613,W001,C180,,24809,2480,22329,6000,12000,49618,0.0028,0.7,25,2027-01-01
I001614,W002,C180,,24233,2423,21810,6000,12000,48466,0.0028,0.7,32,2027-01-01
I001615,W003,C180,,24820,2482,22338,6000,12000,49640,0.0028,0.7,49,2027-01-01
I001616,W004,C180,,24412,2441,21971,6000,12000,48824,0.0028,0.7,79,2027-01-01
I001617,W005,C180,,24155,2415,21740,6000,12000,48310,0.0028,0.7,65,2027-01-01
I001618,W006,C180,,24180,2418,21762,6000,12000,48360,0.0028,0.7,26,2027-01-01
I001619,W007,C180,,24133,2413,21720,6000,12000,48266,0.0028,0.7,62,2027-01-01
I001620,W008,C180,,24551,2455,22096,6000,12000,49102,0.0028,0.7,117,2027-01-01
I001621,W001,C181,,28777,2877,25900,7000,14000,57554,0.0029,0.73,15,2027-01-01
I001622,W002,C181,,28727,2872,25855,7000,14000,57454,0.0029,0.73,34,2027-01-01
I001623,W003,C181,,28357,2835,25522,7000,14000,56714,0.0029,0.73,12,2027-01-01
I001624,W004,C181,,28771,2877,25894,7000,14000,57542,0.0029,0.73,4,2027-01-01
I001625,W005,C181,,28860,2886,25974,7000,14000,57720,0.0029,0.73,109,2027-01-01
I001626,W006,C181,,28937,2893,26044,7000,14000,57874,0.0029,0.73,80,2027-01-01
I001627,W007,C181,,28695,2869,25826,7000,14000,57390,0.0029,0.73,39,2027-01-01
I001628,W008,C181,,28347,2834,25513,7000,14000,56694,0.0029,0.73,71,2027-01-01
I001629,W009,C181,,28652,2865,25787,7000,14000,57304,0.0029,0.73,104,2027-01-01
I001630,W002,C182,,11021,1102,9919,2700,5400,22042,0.003,0.75,22,2027-01-01
I001631,W003,C182,,11394,1139,10255,2700,5400,22788,0.003,0.75,19,2027-01-01
I001632,W004,C182,,11335,1133,10202,2700,5400,22670,0.003,0.75,107,2027-01-01
I001633,W005,C182,,11685,1168,10517,2700,5400,23370,0.003,0.75,58,2027-01-01
I001634,W006,C182,,11041,1104,9937,2700,5400,22082,0.003,0.75,107,2027-01-01
I001635,W007,C182,,11312,1131,10181,2700,5400,22624,0.003,0.75,45,2027-01-01
I001636,W008,C182,,11662,1166,10496,2700,5400,23324,0.003,0.75,66,2027-01-01
I001637,W009,C182,,11744,1174,10570,2700,5400,23488,0.003,0.75,30,2027-01-01
I001638,W010,C182,,11551,1155,10396,2700,5400,23102,0.003,0.75,92,2027-01-01
I001639,W003,C183,,14406,1440,12966,3500,7000,28812,0.0031,0.77,102,2027-01-01
I001640,W004,C183,,14339,1433,12906,3500,7000,28678,0.0031,0.77,104,2027-01-01
I001641,W005,C183,,14187,1418,12769,3500,7000,28374,0.0031,0.77,50,2027-01-01
I001642,W006,C183,,14643,1464,13179,3500,7000,29286,0.0031,0.77,1,2027-01-01
I001643,W007,C183,,14982,1498,13484,3500,7000,29964,0.0031,0.77,46,2027-01-01
I001644,W008,C183,,14907,1490,13417,3500,7000,29814,0.0031,0.77,111,2027-01-01
I001645,W009,C183,,14332,1433,12899,3500,7000,28664,0.0031,0.77,90,2027-01-01
I001646,W010,C183,,14649,1464,13185,3500,7000,29298,0.0031,0.77,29,2027-01-01
I001647,W011,C183,,14897,1489,13408,3500,7000,29794,0.0031,0.77,3,2027-01-01
I001648,W004,C184,,29857,2985,26872,7400,14800,59714,0.0032,0.79,61,2027-01-01
I001649,W005,C184,,30108,3010,27098,7400,14800,60216,0.0032,0.79,50,2027-01-01
I001650,W006,C184,,30351,3035,27316,7400,14800,60702,0.0032,0.79,115,2027-01-01
I001651,W007,C184,,29792,2979,26813,7400,14800,59584,0.0032,0.79,99,2027-01-01
I001652,W008,C184,,30256,3025,27231,7400,14800,60512,0.0032,0.79,85,2027-01-01
I001653,W009,C184,,30593,3059,27534,7400,14800,61186,0.0032,0.79,44,2027-01-01
I001654,W010,C184,,30303,3030,27273,7400,14800,60606,0.0032,0.79,93,2027-01-01
I001655,W011,C184,,29718,2971,26747,7400,14800,59436,0.0032,0.79,56,2027-01-01
I001656,W012,C184,,29857,2985,26872,7400,14800,59714,0.0032,0.79,105,2027-01-01
I001657,W005,C185,,28953,2895,26058,7000,14000,57906,0.0033,0.82,113,2027-01-01
I001658,W006,C185,,28637,2863,25774,7000,14000,57274,0.0033,0.82,51,2027-01-01
I001659,W007,C185,,28766,2876,25890,7000,14000,57532,0.0033,0.82,88,2027-01-01
I001660,W008,C185,,28390,2839,25551,7000,14000,56780,0.0033,0.82,99,2027-01-01
I001661,W009,C185,,28759,2875,25884,7000,14000,57518,0.0033,0.82,88,2027-01-01
I001662,W010,C185,,28119,2811,25308,7000,14000,56238,0.0033,0.82,20,2027-01-01
I001663,W011,C185,,28842,2884,25958,7000,14000,57684,0.0033,0.82,89,2027-01-01
I001664,W012,C185,,28572,2857,25715,7000,14000,57144,0.0033,0.82,49,2027-01-01
I001665,W013,C185,,28527,2852,25675,7000,14000,57054,0.0033,0.82,6,2027-01-01
I001666,W006,C186,,7771,777,6994,1800,3600,15542,0.0034,0.84,17,2027-01-01
I001667,W007,C186,,7311,731,6580,1800,3600,14622,0.0034,0.84,59,2027-01-01
I001668,W008,C186,,7540,754,6786,1800,3600,15080,0.0034,0.84,70,2027-01-01
I001669,W009,C186,,7652,765,6887,1800,3600,15304,0.0034,0.84,107,2027-01-01
I001670,W010,C186,,8042,804,7238,1800,3600,16084,0.0034,0.84,67,2027-01-01
I001671,W011,C186,,8072,807,7265,1800,3600,16144,0.0034,0.84,51,2027-01-01
I001672,W012,C186,,8155,815,7340,1800,3600,16310,0.0034,0.84,54,2027-01-01
I001673,W013,C186,,8182,818,7364,1800,3600,16364,0.0034,0.84,1,2027-01-01
I001674,W014,C186,,7832,783,7049,1800,3600,15664,0.0034,0.84,115,2027-01-01
I001675,W007,C187,,10459,1045,9414,2500,5000,20918,0.0034,0.86,112,2027-01-01
I001676,W008,C187,,10981,1098,9883,2500,5000,21962,0.0034,0.86,68,2027-01-01
I001677,W009,C187,,10552,1055,9497,2500,5000,21104,0.0034,0.86,102,2027-01-01
I001678,W010,C187,,10675,1067,9608,2500,5000,21350,0.0034,0.86,105,2027-01-01
I001679,W011,C187,,10952,1095,9857,2500,5000,21904,0.0034,0.86,13,2027-01-01
I001680,W012,C187,,10352,1035,9317,2500,5000,20704,0.0034,0.86,108,2027-01-01
I001681,W013,C187,,10681,1068,9613,2500,5000,21362,0.0034,0.86,44,2027-01-01
I001682,W014,C187,,10766,1076,9690,2500,5000,21532,0.0034,0.86,60,2027-01-01
I001683,W015,C187,,10939,1093,9846,2500,5000,21878,0.0034,0.86,67,2027-01-01
I001684,W008,C188,,25574,2557,23017,6300,12600,51148,0.0035,0.88,51,2027-01-01
I001685,W009,C188,,26082,2608,23474,6300,12600,52164,0.0035,0.88,32,2027-01-01
I001686,W010,C188,,25320,2532,22788,6300,12600,50640,0.0035,0.88,8,2027-01-01
I001687,W011,C188,,25660,2566,23094,6300,12600,51320,0.0035,0.88,35,2027-01-01
I001688,W012,C188,,26003,2600,23403,6300,12600,52006,0.0035,0.88,36,2027-01-01
I001689,W013,C188,,25805,2580,23225,6300,12600,51610,0.0035,0.88,22,2027-01-01
I001690,W014,C188,,25846,2584,23262,6300,12600,51692,0.0035,0.88,55,2027-01-01
I001691,W015,C188,,25680,2568,23112,6300,12600,51360,0.0035,0.88,87,2027-01-01
I001692,W016,C188,,25883,2588,23295,6300,12600,51766,0.0035,0.88,67,2027-01-01
I001693,W009,C189,,8012,801,7211,1900,3800,16024,0.0036,0.91,80,2027-01-01
I001694,W010,C189,,8600,860,7740,1900,3800,17200,0.0036,0.91,15,2027-01-01
I001695,W011,C189,,8444,844,7600,1900,3800,16888,0.0036,0.91,13,2027-01-01
I001696,W012,C189,,8175,817,7358,1900,3800,16350,0.0036,0.91,57,2027-01-01
I001697,W013,C189,,8128,812,7316,1900,3800,16256,0.0036,0.91,47,2027-01-01
I001698,W014,C189,,8112,811,7301,1900,3800,16224,0.0036,0.91,16,2027-01-01
I001699,W015,C189,,8390,839,7551,1900,3800,16780,0.0036,0.91,61,2027-01-01
I001700,W016,C189,,8361,836,7525,1900,3800,16722,0.0036,0.91,66,2027-01-01
I001701,W017,C189,,8006,800,7206,1900,3800,16012,0.0036,0.91,112,2027-01-01
I001702,W010,C190,,7714,771,6943,1900,3800,15428,0.0037,0.93,61,2027-01-01
I001703,W011,C190,,8554,855,7699,1900,3800,17108,0.0037,0.93,54,2027-01-01
I001704,W012,C190,,8042,804,7238,1900,3800,16084,0.0037,0.93,86,2027-01-01
I001705,W013,C190,,7767,776,6991,1900,3800,15534,0.0037,0.93,48,2027-01-01
I001706,W014,C190,,7896,789,7107,1900,3800,15792,0.0037,0.93,57,2027-01-01
I001707,W015,C190,,7928,792,7136,1900,3800,15856,0.0037,0.93,25,2027-01-01
I001708,W016,C190,,8569,856,7713,1900,3800,17138,0.0037,0.93,94,2027-01-01
I001709,W017,C190,,8415,841,7574,1900,3800,16830,0.0037,0.93,26,2027-01-01
I001710,W018,C190,,7861,786,7075,1900,3800,15722,0.0037,0.93,73,2027-01-01
I001711,W011,C191,,29734,2973,26761,7400,14800,59468,0.0038,0.95,67,2027-01-01
I001712,W012,C191,,29820,2982,26838,7400,14800,59640,0.0038,0.95,7,2027-01-01
I001713,W013,C191,,30342,3034,27308,7400,14800,60684,0.0038,0.95,113,2027-01-01
I001714,W014,C191,,30225,3022,27203,7400,14800,60450,0.0038,0.95,3,2027-01-01
I001715,W015,C191,,30317,3031,27286,7400,14800,60634,0.0038,0.95,15,2027-01-01
I001716,W016,C191,,30136,3013,27123,7400,14800,60272,0.0038,0.95,74,2027-01-01
I001717,W017,C191,,30334,3033,27301,7400,14800,60668,0.0038,0.95,118,2027-01-01
I001718,W018,C191,,30179,3017,27162,7400,14800,60358,0.0038,0.95,73,2027-01-01
I001719,W019,C191,,30308,3030,27278,7400,14800,60616,0.0038,0.95,6,2027-01-01
I001720,W012,C192,,20466,2046,18420,5000,10000,40932,0.0039,0.97,75,2027-01-01
I001721,W013,C192,,20309,2030,18279,5000,10000,40618,0.0039,0.97,98,2027-01-01
I001722,W014,C192,,20122,2012,18110,5000,10000,40244,0.0039,0.97,100,2027-01-01
I001723,W015,C192,,20646,2064,18582,5000,10000,41292,0.0039,0.97,22,2027-01-01
I001724,W016,C192,,20943,2094,18849,5000,10000,41886,0.0039,0.97,112,2027-01-01
I001725,W017,C192,,20313,2031,18282,5000,10000,40626,0.0039,0.97,60,2027-01-01
I001726,W018,C192,,20995,2099,18896,5000,10000,41990,0.0039,0.97,1,2027-01-01
I001727,W019,C192,,20784,2078,18706,5000,10000,41568,0.0039,0.97,42,2027-01-01
I001728,W020,C192,,20375,2037,18338,5000,10000,40750,0.0039,0.97,113,2027-01-01
I001729,W013,C193,,22260,2226,20034,5500,11000,44520,0.004,1.0,24,2027-01-01
I001730,W014,C193,,22349,2234,20115,5500,11000,44698,0.004,1.0,31,2027-01-01
I001731,W015,C193,,22187,2218,19969,5500,11000,44374,0.004,1.0,113,2027-01-01
I001732,W016,C193,,22434,2243,20191,5500,11000,44868,0.004,1.0,49,2027-01-01
I001733,W017,C193,,22341,2234,20107,5500,11000,44682,0.004,1.0,66,2027-01-01
I001734,W018,C193,,22479,2247,20232,5500,11000,44958,0.004,1.0,20,2027-01-01
I001735,W019,C193,,22955,2295,20660,5500,11000,45910,0.004,1.0,72,2027-01-01
I001736,W020,C193,,22317,2231,20086,5500,11000,44634,0.004,1.0,70,2027-01-01
I001737,W021,C193,,22842,2284,20558,5500,11000,45684,0.004,1.0,62,2027-01-01
I001738,W014,C194,,11857,1185,10672,2800,5600,23714,0.0041,1.02,89,2027-01-01
I001739,W015,C194,,11493,1149,10344,2800,5600,22986,0.0041,1.02,60,2027-01-01
I001740,W016,C194,,11302,1130,10172,2800,5600,22604,0.0041,1.02,43,2027-01-01
I001741,W017,C194,,11645,1164,10481,2800,5600,23290,0.0041,1.02,115,2027-01-01
I001742,W018,C194,,12029,1202,10827,2800,5600,24058,0.0041,1.02,36,2027-01-01
I001743,W019,C194,,12128,1212,10916,2800,5600,24256,0.0041,1.02,49,2027-01-01
I001744,W020,C194,,11882,1188,10694,2800,5600,23764,0.0041,1.02,88,2027-01-01
I001745,W021,C194,,11586,1158,10428,2800,5600,23172,0.0041,1.02,81,2027-01-01
I001746,W022,C194,,12055,1205,10850,2800,5600,24110,0.0041,1.02,96,2027-01-01
I001747,W015,C195,,11793,1179,10614,2800,5600,23586,0.0042,1.04,42,2027-01-01
I001748,W016,C195,,11531,1153,10378,2800,5600,23062,0.0042,1.04,104,2027-01-01
I001749,W017,C195,,11597,1159,10438,2800,5600,23194,0.0042,1.04,48,2027-01-01
I001750,W018,C195,,11917,1191,10726,2800,5600,23834,0.0042,1.04,109,2027-01-01
I001751,W019,C195,,12154,1215,10939,2800,5600,24308,0.0042,1.04,46,2027-01-01
I001752,W020,C195,,11413,1141,10272,2800,5600,22826,0.0042,1.04,40,2027-01-01
I001753,W021,C195,,11762,1176,10586,2800,5600,23524,0.0042,1.04,95,2027-01-01
I001754,W022,C195,,11879,1187,10692,2800,5600,23758,0.0042,1.04,9,2027-01-01
I001755,W023,C195,,11495,1149,10346,2800,5600,22990,0.0042,1.04,89,2027-01-01
I001756,W016,C196,,23309,2330,20979,5700,11400,46618,0.0043,1.06,15,2027-01-01
I001757,W017,C196,,23782,2378,21404,5700,11400,47564,0.0043,1.06,16,2027-01-01
I001758,W018,C196,,23078,2307,20771,5700,11400,46156,0.0043,1.06,11,2027-01-01
I001759,W019,C196,,23646,2364,21282,5700,11400,47292,0.0043,1.06,15,2027-01-01
I001760,W020,C196,,23654,2365,21289,5700,11400,47308,0.0043,1.06,96,2027-01-01
I001761,W021,C196,,23563,2356,21207,5700,11400,47126,0.0043,1.06,69,2027-01-01
I001762,W022,C196,,23588,2358,21230,5700,11400,47176,0.0043,1.06,60,2027-01-01
I001763,W023,C196,,22947,2294,20653,5700,11400,45894,0.0043,1.06,59,2027-01-01
I001764,W024,C196,,23558,2355,21203,5700,11400,47116,0.0043,1.06,1,2027-01-01
I001765,W017,C197,,16578,1657,14921,4100,8200,33156,0.0043,1.09,11,2027-01-01
I001766,W018,C197,,16555,1655,14900,4100,8200,33110,0.0043,1.09,72,2027-01-01
I001767,W019,C197,,16713,1671,15042,4100,8200,33426,0.0043,1.09,74,2027-01-01
I001768,W020,C197,,16912,1691,15221,4100,8200,33824,0.0043,1.09,46,2027-01-01
I001769,W021,C197,,17342,1734,15608,4100,8200,34684,0.0043,1.09,33,2027-01-01
I001770,W022,C197,,16659,1665,14994,4100,8200,33318,0.0043,1.09,115,2027-01-01
I001771,W023,C197,,16994,1699,15295,4100,8200,33988,0.0043,1.09,83,2027-01-01
I001772,W024,C197,,17076,1707,15369,4100,8200,34152,0.0043,1.09,98,2027-01-01
I001773,W025,C197,,16854,1685,15169,4100,8200,33708,0.0043,1.09,48,2027-01-01
I001774,W018,C198,,31052,3105,27947,7700,15400,62104,0.0044,1.11,5,2027-01-01
I001775,W019,C198,,31793,3179,28614,7700,15400,63586,0.0044,1.11,80,2027-01-01
I001776,W020,C198,,31677,3167,28510,7700,15400,63354,0.0044,1.11,82,2027-01-01
I001777,W021,C198,,31266,3126,28140,7700,15400,62532,0.0044,1.11,101,2027-01-01
I001778,W022,C198,,31416,3141,28275,7700,15400,62832,0.0044,1.11,80,2027-01-01
I001779,W023,C198,,31359,3135,28224,7700,15400,62718,0.0044,1.11,29,2027-01-01
I001780,W024,C198,,31225,3122,28103,7700,15400,62450,0.0044,1.11,93,2027-01-01
I001781,W025,C198,,31632,3163,28469,7700,15400,63264,0.0044,1.11,71,2027-01-01
I001782,W026,C198,,31283,3128,28155,7700,15400,62566,0.0044,1.11,58,2027-01-01
I001783,W019,C199,,21248,2124,19124,5200,10400,42496,0.0045,1.13,24,2027-01-01
I001784,W020,C199,,21576,2157,19419,5200,10400,43152,0.0045,1.13,117,2027-01-01
I001785,W021,C199,,21314,2131,19183,5200,10400,42628,0.0045,1.13,57,2027-01-01
I001786,W022,C199,,21506,2150,19356,5200,10400,43012,0.0045,1.13,55,2027-01-01
I001787,W023,C199,,21701,2170,19531,5200,10400,43402,0.0045,1.13,42,2027-01-01
I001788,W024,C199,,21218,2121,19097,5200,10400,42436,0.0045,1.13,105,2027-01-01
I001789,W025,C199,,20996,2099,18897,5200,10400,41992,0.0045,1.13,2,2027-01-01
I001790,W026,C199,,21623,2162,19461,5200,10400,43246,0.0045,1.13,84,2027-01-01
I001791,W027,C199,,20997,2099,18898,5200,10400,41994,0.0045,1.13,89,2027-01-01
I001792,W020,C200,,10513,1051,9462,2500,5000,21026,0.0046,1.15,60,2027-01-01
I001793,W021,C200,,10286,1028,9258,2500,5000,20572,0.0046,1.15,118,2027-01-01
I001794,W022,C200,,10970,1097,9873,2500,5000,21940,0.0046,1.15,102,2027-01-01
I001795,W023,C200,,10947,1094,9853,2500,5000,21894,0.0046,1.15,61,2027-01-01
I001796,W024,C200,,10722,1072,9650,2500,5000,21444,0.0046,1.15,110,2027-01-01
I001797,W025,C200,,10336,1033,9303,2500,5000,20672,0.0046,1.15,74,2027-01-01
I001798,W026,C200,,10706,1070,9636,2500,5000,21412,0.0046,1.15,28,2027-01-01
I001799,W027,C200,,10748,1074,9674,2500,5000,21496,0.0046,1.15,118,2027-01-01
I001800,W028,C200,,10308,1030,9278,2500,5000,20616,0.0046,1.15,86,2027-01-01
I001801,W021,C201,,15825,1582,14243,3900,7800,31650,0.0002,0.05,36,2027-01-01
I001802,W022,C201,,16558,1655,14903,3900,7800,33116,0.0002,0.05,109,2027-01-01
I001803,W023,C201,,15850,1585,14265,3900,7800,31700,0.0002,0.05,115,2027-01-01
I001804,W024,C201,,15966,1596,14370,3900,7800,31932,0.0002,0.05,69,2027-01-01
I001805,W025,C201,,15967,1596,14371,3900,7800,31934,0.0002,0.05,120,2027-01-01
I001806,W026,C201,,16430,1643,14787,3900,7800,32860,0.0002,0.05,43,2027-01-01
I001807,W027,C201,,16509,1650,14859,3900,7800,33018,0.0002,0.05,41,2027-01-01
I001808,W028,C201,,15791,1579,14212,3900,7800,31582,0.0002,0.05,34,2027-01-01
I001809,W029,C201,,16464,1646,14818,3900,7800,32928,0.0002,0.05,52,2027-01-01
I001810,W022,C202,,6169,616,5553,1300,2600,12338,0.0003,0.07,17,2027-01-01
I001811,W023,C202,,5895,589,5306,1300,2600,11790,0.0003,0.07,28,2027-01-01
I001812,W024,C202,,6013,601,5412,1300,2600,12026,0.0003,0.07,37,2027-01-01
I001813,W025,C202,,6097,609,5488,1300,2600,12194,0.0003,0.07,74,2027-01-01
I001814,W026,C202,,5435,543,4892,1300,2600,10870,0.0003,0.07,15,2027-01-01
I001815,W027,C202,,5493,549,4944,1300,2600,10986,0.0003,0.07,113,2027-01-01
I001816,W028,C202,,5392,539,4853,1300,2600,10784,0.0003,0.07,41,2027-01-01
I001817,W029,C202,,6162,616,5546,1300,2600,12324,0.0003,0.07,20,2027-01-01
I001818,W030,C202,,6155,615,5540,1300,2600,12310,0.0003,0.07,41,2027-01-01
I001819,W023,C203,,22037,2203,19834,5400,10800,44074,0.0004,0.1,3,2027-01-01
I001820,W024,C203,,22166,2216,19950,5400,10800,44332,0.0004,0.1,55,2027-01-01
I001821,W025,C203,,21822,2182,19640,5400,10800,43644,0.0004,0.1,1,2027-01-01
I001822,W026,C203,,22344,2234,20110,5400,10800,44688,0.0004,0.1,60,2027-01-01
I001823,W027,C203,,22019,2201,19818,5400,10800,44038,0.0004,0.1,44,2027-01-01
I001824,W028,C203,,22576,2257,20319,5400,10800,45152,0.0004,0.1,21,2027-01-01
I001825,W029,C203,,21714,2171,19543,5400,10800,43428,0.0004,0.1,38,2027-01-01
I001826,W030,C203,,22446,2244,20202,5400,10800,44892,0.0004,0.1,33,2027-01-01
I001827,W001,C203,,22163,2216,19947,5400,10800,44326,0.0004,0.1,89,2027-01-01
I001828,W024,C204,,28506,2850,25656,6900,13800,57012,0.0005,0.12,11,2027-01-01
I001829,W025,C204,,27852,2785,25067,6900,13800,55704,0.0005,0.12,105,2027-01-01
I001830,W026,C204,,28537,2853,25684,6900,13800,57074,0.0005,0.12,21,2027-01-01
I001831,W027,C204,,27747,2774,24973,6900,13800,55494,0.0005,0.12,108,2027-01-01
I001832,W028,C204,,27905,2790,25115,6900,13800,55810,0.0005,0.12,33,2027-01-01
I001833,W029,C204,,28577,2857,25720,6900,13800,57154,0.0005,0.12,60,2027-01-01
I001834,W030,C204,,28533,2853,25680,6900,13800,57066,0.0005,0.12,98,2027-01-01
I001835,W001,C204,,28043,2804,25239,6900,13800,56086,0.0005,0.12,82,2027-01-01
I001836,W002,C204,,28530,2853,25677,6900,13800,57060,0.0005,0.12,23,2027-01-01
I001837,W025,C205,,26926,2692,24234,6600,13200,53852,0.0006,0.14,109,2027-01-01
I001838,W026,C205,,26651,2665,23986,6600,13200,53302,0.0006,0.14,45,2027-01-01
I001839,W027,C205,,26660,2666,23994,6600,13200,53320,0.0006,0.14,25,2027-01-01
I001840,W028,C205,,26533,2653,23880,6600,13200,53066,0.0006,0.14,40,2027-01-01
I001841,W029,C205,,27143,2714,24429,6600,13200,54286,0.0006,0.14,34,2027-01-01
I001842,W030,C205,,26793,2679,24114,6600,13200,53586,0.0006,0.14,11,2027-01-01
I001843,W001,C205,,27364,2736,24628,6600,13200,54728,0.0006,0.14,90,2027-01-01
I001844,W002,C205,,26713,2671,24042,6600,13200,53426,0.0006,0.14,73,2027-01-01
I001845,W003,C205,,26711,2671,24040,6600,13200,53422,0.0006,0.14,11,2027-01-01
I001846,W026,C206,,27319,2731,24588,6600,13200,54638,0.0007,0.16,105,2027-01-01
I001847,W027,C206,,26574,2657,23917,6600,13200,53148,0.0007,0.16,25,2027-01-01
I001848,W028,C206,,26577,2657,23920,6600,13200,53154,0.0007,0.16,42,2027-01-01
I001849,W029,C206,,26572,2657,23915,6600,13200,53144,0.0007,0.16,81,2027-01-01
I001850,W030,C206,,26942,2694,24248,6600,13200,53884,0.0007,0.16,5,2027-01-01
I001851,W001,C206,,27198,2719,24479,6600,13200,54396,0.0007,0.16,119,2027-01-01
I001852,W002,C206,,26942,2694,24248,6600,13200,53884,0.0007,0.16,58,2027-01-01
I001853,W003,C206,,27202,2720,24482,6600,13200,54404,0.0007,0.16,37,2027-01-01
I001854,W004,C206,,27220,2722,24498,6600,13200,54440,0.0007,0.16,66,2027-01-01
I001855,W027,C207,,27553,2755,24798,6800,13600,55106,0.0007,0.19,95,2027-01-01
I001856,W028,C207,,27622,2762,24860,6800,13600,55244,0.0007,0.19,94,2027-01-01
I001857,W029,C207,,27787,2778,25009,6800,13600,55574,0.0007,0.19,17,2027-01-01
I001858,W030,C207,,28135,2813,25322,6800,13600,56270,0.0007,0.19,58,2027-01-01
I001859,W001,C207,,27556,2755,24801,6800,13600,55112,0.0007,0.19,44,2027-01-01
I001860,W002,C207,,27581,2758,24823,6800,13600,55162,0.0007,0.19,71,2027-01-01
I001861,W003,C207,,27492,2749,24743,6800,13600,54984,0.0007,0.19,88,2027-01-01
I001862,W004,C207,,27751,2775,24976,6800,13600,55502,0.0007,0.19,110,2027-01-01
I001863,W005,C207,,27528,2752,24776,6800,13600,55056,0.0007,0.19,25,2027-01-01
I001864,W028,C208,,8941,894,8047,2100,4200,17882,0.0008,0.21,86,2027-01-01
I001865,W029,C208,,9130,913,8217,2100,4200,18260,0.0008,0.21,30,2027-01-01
I001866,W030,C208,,8716,871,7845,2100,4200,17432,0.0008,0.21,77,2027-01-01
I001867,W001,C208,,8514,851,7663,2100,4200,17028,0.0008,0.21,59,2027-01-01
I001868,W002,C208,,8694,869,7825,2100,4200,17388,0.0008,0.21,39,2027-01-01
I001869,W003,C208,,9315,931,8384,2100,4200,18630,0.0008,0.21,37,2027-01-01
I001870,W004,C208,,9360,936,8424,2100,4200,18720,0.0008,0.21,5,2027-01-01
I001871,W005,C208,,8969,896,8073,2100,4200,17938,0.0008,0.21,19,2027-01-01
I001872,W006,C208,,9273,927,8346,2100,4200,18546,0.0008,0.21,26,2027-01-01
I001873,W029,C209,,14545,1454,13091,3500,7000,29090,0.0009,0.23,51,2027-01-01
I001874,W030,C209,,14576,1457,13119,3500,7000,29152,0.0009,0.23,92,2027-01-01
I001875,W001,C209,,14877,1487,13390,3500,7000,29754,0.0009,0.23,112,2027-01-01
I001876,W002,C209,,14168,1416,12752,3500,7000,28336,0.0009,0.23,51,2027-01-01
I001877,W003,C209,,14154,1415,12739,3500,7000,28308,0.0009,0.23,112,2027-01-01
I001878,W004,C209,,14353,1435,12918,3500,7000,28706,0.0009,0.23,57,2027-01-01
I001879,W005,C209,,14734,1473,13261,3500,7000,29468,0.0009,0.23,6,2027-01-01
I001880,W006,C209,,14769,1476,13293,3500,7000,29538,0.0009,0.23,57,2027-01-01
I001881,W007,C209,,14143,1414,12729,3500,7000,28286,0.0009,0.23,75,2027-01-01
I001882,W030,C210,,20048,2004,18044,4900,9800,40096,0.001,0.25,6,2027-01-01
I001883,W001,C210,,20078,2007,18071,4900,9800,40156,0.001,0.25,95,2027-01-01
I001884,W002,C210,,20198,2019,18179,4900,9800,40396,0.001,0.25,11,2027-01-01
I001885,W003,C210,,19920,1992,17928,4900,9800,39840,0.001,0.25,37,2027-01-01
I001886,W004,C210,,20000,2000,18000,4900,9800,40000,0.001,0.25,105,2027-01-01
I001887,W005,C210,,19938,1993,17945,4900,9800,39876,0.001,0.25,29,2027-01-01
I001888,W006,C210,,20223,2022,18201,4900,9800,40446,0.001,0.25,1,2027-01-01
I001889,W007,C210,,20024,2002,18022,4900,9800,40048,0.001,0.25,46,2027-01-01
I001890,W008,C210,,20313,2031,18282,4900,9800,40626,0.001,0.25,105,2027-01-01
I001891,W001,C211,,3468,346,3122,800,1600,6936,0.0011,0.28,24,2027-01-01
I001892,W002,C211,,3812,381,3431,800,1600,7624,0.0011,0.28,16,2027-01-01
I001893,W003,C211,,3644,364,3280,800,1600,7288,0.0011,0.28,50,2027-01-01
I001894,W004,C211,,3923,392,3531,800,1600,7846,0.0011,0.28,18,2027-01-01
I001895,W005,C211,,3770,377,3393,800,1600,7540,0.0011,0.28,13,2027-01-01
I001896,W006,C211,,4104,410,3694,800,1600,8208,0.0011,0.28,64,2027-01-01
I001897,W007,C211,,3784,378,3406,800,1600,7568,0.0011,0.28,24,2027-01-01
I001898,W008,C211,,4176,417,3759,800,1600,8352,0.0011,0.28,12,2027-01-01
I001899,W009,C211,,4150,415,3735,800,1600,8300,0.0011,0.28,32,2027-01-01
I001900,W002,C212,,23736,2373,21363,5800,11600,47472,0.0012,0.3,32,2027-01-01
I001901,W003,C212,,23585,2358,21227,5800,11600,47170,0.0012,0.3,66,2027-01-01
I001902,W004,C212,,24050,2405,21645,5800,11600,48100,0.0012,0.3,26,2027-01-01
I001903,W005,C212,,24199,2419,21780,5800,11600,48398,0.0012,0.3,94,2027-01-01
I001904,W006,C212,,23458,2345,21113,5800,11600,46916,0.0012,0.3,42,2027-01-01
I001905,W007,C212,,23698,2369,21329,5800,11600,47396,0.0012,0.3,113,2027-01-01
I001906,W008,C212,,23417,2341,21076,5800,11600,46834,0.0012,0.3,104,2027-01-01
I001907,W009,C212,,23657,2365,21292,5800,11600,47314,0.0012,0.3,15,2027-01-01
I001908,W010,C212,,23519,2351,21168,5800,11600,47038,0.0012,0.3,28,2027-01-01
I001909,W003,C213,,26469,2646,23823,6500,13000,52938,0.0013,0.32,81,2027-01-01
I001910,W004,C213,,26113,2611,23502,6500,13000,52226,0.0013,0.32,32,2027-01-01
I001911,W005,C213,,26259,2625,23634,6500,13000,52518,0.0013,0.32,71,2027-01-01
I001912,W006,C213,,26279,2627,23652,6500,13000,52558,0.0013,0.32,38,2027-01-01
I001913,W007,C213,,26238,2623,23615,6500,13000,52476,0.0013,0.32,82,2027-01-01
I001914,W008,C213,,26681,2668,24013,6500,13000,53362,0.0013,0.32,13,2027-01-01
I001915,W009,C213,,26563,2656,23907,6500,13000,53126,0.0013,0.32,72,2027-01-01
I001916,W010,C213,,26928,2692,24236,6500,13000,53856,0.0013,0.32,61,2027-01-01
I001917,W011,C213,,26878,2687,24191,6500,13000,53756,0.0013,0.32,2,2027-01-01
I001918,W004,C214,,23636,2363,21273,5700,11400,47272,0.0014,0.34,104,2027-01-01
I001919,W005,C214,,23132,2313,20819,5700,11400,46264,0.0014,0.34,54,2027-01-01
I001920,W006,C214,,23606,2360,21246,5700,11400,47212,0.0014,0.34,19,2027-01-01
I001921,W007,C214,,23195,2319,20876,5700,11400,46390,0.0014,0.34,12,2027-01-01
I001922,W008,C214,,23580,2358,21222,5700,11400,47160,0.0014,0.34,70,2027-01-01
I001923,W009,C214,,23322,2332,20990,5700,11400,46644,0.0014,0.34,3,2027-01-01
I001924,W010,C214,,23727,2372,21355,5700,11400,47454,0.0014,0.34,34,2027-01-01
I001925,W011,C214,,23794,2379,21415,5700,11400,47588,0.0014,0.34,114,2027-01-01
I001926,W012,C214,,23440,2344,21096,5700,11400,46880,0.0014,0.34,41,2027-01-01
I001927,W005,C215,,21728,2172,19556,5200,10400,43456,0.0015,0.37,29,2027-01-01
I001928,W006,C215,,21721,2172,19549,5200,10400,43442,0.0015,0.37,75,2027-01-01
I001929,W007,C215,,20911,2091,18820,5200,10400,41822,0.0015,0.37,29,2027-01-01
I001930,W008,C215,,21797,2179,19618,5200,10400,43594,0.0015,0.37,94,2027-01-01
I001931,W009,C215,,21065,2106,18959,5200,10400,42130,0.0015,0.37,28,2027-01-01
I001932,W010,C215,,21709,2170,19539,5200,10400,43418,0.0015,0.37,69,2027-01-01
I001933,W011,C215,,21374,2137,19237,5200,10400,42748,0.0015,0.37,23,2027-01-01
I001934,W012,C215,,21363,2136,19227,5200,10400,42726,0.0015,0.37,24,2027-01-01
I001935,W013,C215,,20903,2090,18813,5200,10400,41806,0.0015,0.37,117,2027-01-01
I001936,W006,C216,,30862,3086,27776,7600,15200,61724,0.0016,0.39,49,2027-01-01
I001937,W007,C216,,31069,3106,27963,7600,15200,62138,0.0016,0.39,20,2027-01-01
I001938,W008,C216,,31333,3133,28200,7600,15200,62666,0.0016,0.39,66,2027-01-01
I001939,W009,C216,,30633,3063,27570,7600,15200,61266,0.0016,0.39,65,2027-01-01
I001940,W010,C216,,31232,3123,28109,7600,15200,62464,0.0016,0.39,84,2027-01-01
I001941,W011,C216,,30606,3060,27546,7600,15200,61212,0.0016,0.39,94,2027-01-01
I001942,W012,C216,,30934,3093,27841,7600,15200,61868,0.0016,0.39,106,2027-01-01
I001943,W013,C216,,30529,3052,27477,7600,15200,61058,0.0016,0.39,41,2027-01-01
I001944,W014,C216,,30798,3079,27719,7600,15200,61596,0.0016,0.39,114,2027-01-01
I001945,W007,C217,,12064,1206,10858,2800,5600,24128,0.0016,0.41,30,2027-01-01
I001946,W008,C217,,11866,1186,10680,2800,5600,23732,0.0016,0.41,111,2027-01-01
I001947,W009,C217,,11752,1175,10577,2800,5600,23504,0.0016,0.41,92,2027-01-01
I001948,W010,C217,,11939,1193,10746,2800,5600,23878,0.0016,0.41,17,2027-01-01
I001949,W011,C217,,11555,1155,10400,2800,5600,23110,0.0016,0.41,119,2027-01-01
I001950,W012,C217,,11470,1147,10323,2800,5600,22940,0.0016,0.41,47,2027-01-01
I001951,W013,C217,,12200,1220,10980,2800,5600,24400,0.0016,0.41,33,2027-01-01
I001952,W014,C217,,12111,1211,10900,2800,5600,24222,0.0016,0.41,61,2027-01-01
I001953,W015,C217,,12159,1215,10944,2800,5600,24318,0.0016,0.41,83,2027-01-01
I001954,W008,C218,,18489,1848,16641,4500,9000,36978,0.0017,0.43,67,2027-01-01
I001955,W009,C218,,18234,1823,16411,4500,9000,36468,0.0017,0.43,115,2027-01-01
I001956,W010,C218,,18384,1838,16546,4500,9000,36768,0.0017,0.43,98,2027-01-01
I001957,W011,C218,,18571,1857,16714,4500,9000,37142,0.0017,0.43,112,2027-01-01
I001958,W012,C218,,18201,1820,16381,4500,9000,36402,0.0017,0.43,34,2027-01-01
I001959,W013,C218,,18795,1879,16916,4500,9000,37590,0.0017,0.43,117,2027-01-01
I001960,W014,C218,,18866,1886,16980,4500,9000,37732,0.0017,0.43,55,2027-01-01
I001961,W015,C218,,18778,1877,16901,4500,9000,37556,0.0017,0.43,92,2027-01-01
I001962,W016,C218,,18657,1865,16792,4500,9000,37314,0.0017,0.43,41,2027-01-01
I001963,W009,C219,,5004,500,4504,1100,2200,10008,0.0018,0.46,17,2027-01-01
I001964,W010,C219,,5056,505,4551,1100,2200,10112,0.0018,0.46,22,2027-01-01
I001965,W011,C219,,4805,480,4325,1100,2200,9610,0.0018,0.46,4,2027-01-01
I001966,W012,C219,,4942,494,4448,1100,2200,9884,0.0018,0.46,41,2027-01-01
I001967,W013,C219,,5206,520,4686,1100,2200,10412,0.0018,0.46,88,2027-01-01
I001968,W014,C219,,4683,468,4215,1100,2200,9366,0.0018,0.46,87,2027-01-01
I001969,W015,C219,,4699,469,4230,1100,2200,9398,0.0018,0.46,66,2027-01-01
I001970,W016,C219,,4802,480,4322,1100,2200,9604,0.0018,0.46,34,2027-01-01
I001971,W017,C219,,4834,483,4351,1100,2200,9668,0.0018,0.46,118,2027-01-01
I001972,W010,C220,,12505,1250,11255,3100,6200,25010,0.0019,0.48,30,2027-01-01
I001973,W011,C220,,12702,1270,11432,3100,6200,25404,0.0019,0.48,87,2027-01-01
I001974,W012,C220,,13271,1327,11944,3100,6200,26542,0.0019,0.48,1,2027-01-01
I001975,W013,C220,,13301,1330,11971,3100,6200,26602,0.0019,0.48,51,2027-01-01
I001976,W014,C220,,13396,1339,12057,3100,6200,26792,0.0019,0.48,109,2027-01-01
I001977,W015,C220,,13326,1332,11994,3100,6200,26652,0.0019,0.48,38,2027-01-01
I001978,W016,C220,,12917,1291,11626,3100,6200,25834,0.0019,0.48,120,2027-01-01
I001979,W017,C220,,12981,1298,11683,3100,6200,25962,0.0019,0.48,60,2027-01-01
I001980,W018,C220,,13084,1308,11776,3100,6200,26168,0.0019,0.48,60,2027-01-01
I001981,W011,C221,,24432,2443,21989,5900,11800,48864,0.002,0.5,44,2027-01-01
I001982,W012,C221,,24513,2451,22062,5900,11800,49026,0.002,0.5,95,2027-01-01
I001983,W013,C221,,24491,2449,22042,5900,11800,48982,0.002,0.5,41,2027-01-01
I001984,W014,C221,,23874,2387,21487,5900,11800,47748,0.002,0.5,21,2027-01-01
I001985,W015,C221,,24580,2458,22122,5900,11800,49160,0.002,0.5,68,2027-01-01
I001986,W016,C221,,23881,2388,21493,5900,11800,47762,0.002,0.5,98,2027-01-01
I001987,W017,C221,,24490,2449,22041,5900,11800,48980,0.002,0.5,35,2027-01-01
I001988,W018,C221,,24535,2453,22082,5900,11800,49070,0.002,0.5,16,2027-01-01
I001989,W019,C221,,23966,2396,21570,5900,11800,47932,0.002,0.5,31,2027-01-01
I001990,W012,C222,,22339,2233,20106,5500,11000,44678,0.0021,0.52,9,2027-01-01
I001991,W013,C222,,22756,2275,20481,5500,11000,45512,0.0021,0.52,33,2027-01-01
I001992,W014,C222,,22194,2219,19975,5500,11000,44388,0.0021,0.52,39,2027-01-01
I001993,W015,C222,,22650,2265,20385,5500,11000,45300,0.0021,0.52,86,2027-01-01
I001994,W016,C222,,22893,2289,20604,5500,11000,45786,0.0021,0.52,74,2027-01-01
I001995,W017,C222,,22870,2287,20583,5500,11000,45740,0.0021,0.52,20,2027-01-01
I001996,W018,C222,,22399,2239,20160,5500,11000,44798,0.0021,0.52,36,2027-01-01
I001997,W019,C222,,22599,2259,20340,5500,11000,45198,0.0021,0.52,52,2027-01-01
I001998,W020,C222,,22885,2288,20597,5500,11000,45770,0.0021,0.52,65,2027-01-01
I001999,W013,C223,,24784,2478,22306,6000,12000,49568,0.0022,0.55,19,2027-01-01
I002000,W014,C223,,24665,2466,22199,6000,12000,49330,0.0022,0.55,120,2027-01-01
I002001,W015,C223,,24904,2490,22414,6000,12000,49808,0.0022,0.55,58,2027-01-01
I002002,W016,C223,,24536,2453,22083,6000,12000,49072,0.0022,0.55,103,2027-01-01
I002003,W017,C223,,24526,2452,22074,6000,12000,49052,0.0022,0.55,21,2027-01-01
I002004,W018,C223,,24220,2422,21798,6000,12000,48440,0.0022,0.55,111,2027-01-01
I002005,W019,C223,,24860,2486,22374,6000,12000,49720,0.0022,0.55,5,2027-01-01
I002006,W020,C223,,24491,2449,22042,6000,12000,48982,0.0022,0.55,64,2027-01-01
I002007,W021,C223,,24346,2434,21912,6000,12000,48692,0.0022,0.55,72,2027-01-01
I002008,W014,C224,,21186,2118,19068,5100,10200,42372,0.0023,0.57,97,2027-01-01
I002009,W015,C224,,21327,2132,19195,5100,10200,42654,0.0023,0.57,54,2027-01-01
I002010,W016,C224,,20972,2097,18875,5100,10200,41944,0.0023,0.57,86,2027-01-01
I002011,W017,C224,,21278,2127,19151,5100,10200,42556,0.0023,0.57,81,2027-01-01
I002012,W018,C224,,21116,2111,19005,5100,10200,42232,0.0023,0.57,63,2027-01-01
I002013,W019,C224,,20897,2089,18808,5100,10200,41794,0.0023,0.57,109,2027-01-01
I002014,W020,C224,,21290,2129,19161,5100,10200,42580,0.0023,0.57,60,2027-01-01
I002015,W021,C224,,21169,2116,19053,5100,10200,42338,0.0023,0.57,112,2027-01-01
I002016,W022,C224,,20550,2055,18495,5100,10200,41100,0.0023,0.57,16,2027-01-01
I002017,W015,C225,,7385,738,6647,1800,3600,14770,0.0024,0.59,110,2027-01-01
I002018,W016,C225,,7901,790,7111,1800,3600,15802,0.0024,0.59,39,2027-01-01
I002019,W017,C225,,7983,798,7185,1800,3600,15966,0.0024,0.59,95,2027-01-01
I002020,W018,C225,,7604,760,6844,1800,3600,15208,0.0024,0.59,58,2027-01-01
I002021,W019,C225,,7478,747,6731,1800,3600,14956,0.0024,0.59,103,2027-01-01
I002022,W020,C225,,7370,737,6633,1800,3600,14740,0.0024,0.59,97,2027-01-01
I002023,W021,C225,,7328,732,6596,1800,3600,14656,0.0024,0.59,28,2027-01-01
I002024,W022,C225,,8013,801,7212,1800,3600,16026,0.0024,0.59,77,2027-01-01
I002025,W023,C225,,7491,749,6742,1800,3600,14982,0.0024,0.59,81,2027-01-01
I002026,W016,C226,,5807,580,5227,1300,2600,11614,0.0024,0.61,35,2027-01-01
I002027,W017,C226,,5403,540,4863,1300,2600,10806,0.0024,0.61,16,2027-01-01
I002028,W018,C226,,6021,602,5419,1300,2600,12042,0.0024,0.61,77,2027-01-01
I002029,W019,C226,,6096,609,5487,1300,2600,12192,0.0024,0.61,98,2027-01-01
I002030,W020,C226,,5511,551,4960,1300,2600,11022,0.0024,0.61,86,2027-01-01
I002031,W021,C226,,5935,593,5342,1300,2600,11870,0.0024,0.61,114,2027-01-01
I002032,W022,C226,,6038,603,5435,1300,2600,12076,0.0024,0.61,53,2027-01-01
I002033,W023,C226,,5980,598,5382,1300,2600,11960,0.0024,0.61,94,2027-01-01
I002034,W024,C226,,5969,596,5373,1300,2600,11938,0.0024,0.61,2,2027-01-01
I002035,W017,C227,,21544,2154,19390,5200,10400,43088,0.0025,0.64,113,2027-01-01
I002036,W018,C227,,21544,2154,19390,5200,10400,43088,0.0025,0.64,65,2027-01-01
I002037,W019,C227,,21098,2109,18989,5200,10400,42196,0.0025,0.64,3,2027-01-01
I002038,W020,C227,,21151,2115,19036,5200,10400,42302,0.0025,0.64,48,2027-01-01
I002039,W021,C227,,21483,2148,19335,5200,10400,42966,0.0025,0.64,51,2027-01-01
I002040,W022,C227,,21210,2121,19089,5200,10400,42420,0.0025,0.64,89,2027-01-01
I002041,W023,C227,,21670,2167,19503,5200,10400,43340,0.0025,0.64,119,2027-01-01
I002042,W024,C227,,21517,2151,19366,5200,10400,43034,0.0025,0.64,99,2027-01-01
I002043,W025,C227,,20900,2090,18810,5200,10400,41800,0.0025,0.64,81,2027-01-01
I002044,W018,C228,,20566,2056,18510,5100,10200,41132,0.0026,0.66,54,2027-01-01
I002045,W019,C228,,21033,2103,18930,5100,10200,42066,0.0026,0.66,16,2027-01-01
I002046,W020,C228,,21013,2101,18912,5100,10200,42026,0.0026,0.66,92,2027-01-01
I002047,W021,C228,,21043,2104,18939,5100,10200,42086,0.0026,0.66,48,2027-01-01
I002048,W022,C228,,21209,2120,19089,5100,10200,42418,0.0026,0.66,7,2027-01-01
I002049,W023,C228,,20740,2074,18666,5100,10200,41480,0.0026,0.66,71,2027-01-01
I002050,W024,C228,,20669,2066,18603,5100,10200,41338,0.0026,0.66,56,2027-01-01
I002051,W025,C228,,20682,2068,18614,5100,10200,41364,0.0026,0.66,34,2027-01-01
I002052,W026,C228,,20994,2099,18895,5100,10200,41988,0.0026,0.66,117,2027-01-01
I002053,W019,C229,,13125,1312,11813,3200,6400,26250,0.0027,0.68,112,2027-01-01
I002054,W020,C229,,13291,1329,11962,3200,6400,26582,0.0027,0.68,66,2027-01-01
I002055,W021,C229,,13195,1319,11876,3200,6400,26390,0.0027,0.68,38,2027-01-01
I002056,W022,C229,,13060,1306,11754,3200,6400,26120,0.0027,0.68,98,2027-01-01
I002057,W023,C229,,13143,1314,11829,3200,6400,26286,0.0027,0.68,98,2027-01-01
I002058,W024,C229,,12995,1299,11696,3200,6400,25990,0.0027,0.68,79,2027-01-01
I002059,W025,C229,,13168,1316,11852,3200,6400,26336,0.0027,0.68,7,2027-01-01
I002060,W026,C229,,13070,1307,11763,3200,6400,26140,0.0027,0.68,16,2027-01-01
I002061,W027,C229,,13670,1367,12303,3200,6400,27340,0.0027,0.68,101,2027-01-01
I002062,W020,C230,,27370,2737,24633,6800,13600,54740,0.0028,0.7,17,2027-01-01
I002063,W021,C230,,27716,2771,24945,6800,13600,55432,0.0028,0.7,98,2027-01-01
I002064,W022,C230,,27959,2795,25164,6800,13600,55918,0.0028,0.7,46,2027-01-01
I002065,W023,C230,,27823,2782,25041,6800,13600,55646,0.0028,0.7,20,2027-01-01
I002066,W024,C230,,28024,2802,25222,6800,13600,56048,0.0028,0.7,112,2027-01-01
I002067,W025,C230,,27587,2758,24829,6800,13600,55174,0.0028,0.7,15,2027-01-01
I002068,W026,C230,,28134,2813,25321,6800,13600,56268,0.0028,0.7,108,2027-01-01
I002069,W027,C230,,27832,2783,25049,6800,13600,55664,0.0028,0.7,75,2027-01-01
I002070,W028,C230,,27321,2732,24589,6800,13600,54642,0.0028,0.7,118,2027-01-01
I002071,W021,C231,,12140,1214,10926,2900,5800,24280,0.0029,0.73,88,2027-01-01
I002072,W022,C231,,12343,1234,11109,2900,5800,24686,0.0029,0.73,50,2027-01-01
I002073,W023,C231,,11798,1179,10619,2900,5800,23596,0.0029,0.73,35,2027-01-01
I002074,W024,C231,,12408,1240,11168,2900,5800,24816,0.0029,0.73,92,2027-01-01
I002075,W025,C231,,11772,1177,10595,2900,5800,23544,0.0029,0.73,61,2027-01-01
I002076,W026,C231,,11728,1172,10556,2900,5800,23456,0.0029,0.73,43,2027-01-01
I002077,W027,C231,,12088,1208,10880,2900,5800,24176,0.0029,0.73,103,2027-01-01
I002078,W028,C231,,12215,1221,10994,2900,5800,24430,0.0029,0.73,7,2027-01-01
I002079,W029,C231,,12086,1208,10878,2900,5800,24172,0.0029,0.73,110,2027-01-01
I002080,W022,C232,,32531,3253,29278,8000,16000,65062,0.003,0.75,33,2027-01-01
I002081,W023,C232,,32563,3256,29307,8000,16000,65126,0.003,0.75,47,2027-01-01
I002082,W024,C232,,32269,3226,29043,8000,16000,64538,0.003,0.75,46,2027-01-01
I002083,W025,C232,,32979,3297,29682,8000,16000,65958,0.003,0.75,34,2027-01-01
I002084,W026,C232,,32932,3293,29639,8000,16000,65864,0.003,0.75,64,2027-01-01
I002085,W027,C232,,32713,3271,29442,8000,16000,65426,0.003,0.75,78,2027-01-01
I002086,W028,C232,,32499,3249,29250,8000,16000,64998,0.003,0.75,117,2027-01-01
I002087,W029,C232,,32505,3250,29255,8000,16000,65010,0.003,0.75,59,2027-01-01
I002088,W030,C232,,32237,3223,29014,8000,16000,64474,0.003,0.75,4,2027-01-01
I002089,W023,C233,,5786,578,5208,1300,2600,11572,0.0031,0.77,103,2027-01-01
I002090,W024,C233,,6081,608,5473,1300,2600,12162,0.0031,0.77,5,2027-01-01
I002091,W025,C233,,5761,576,5185,1300,2600,11522,0.0031,0.77,111,2027-01-01
I002092,W026,C233,,6168,616,5552,1300,2600,12336,0.0031,0.77,81,2027-01-01
I002093,W027,C233,,5927,592,5335,1300,2600,11854,0.0031,0.77,70,2027-01-01
I002094,W028,C233,,5737,573,5164,1300,2600,11474,0.0031,0.77,104,2027-01-01
I002095,W029,C233,,5415,541,4874,1300,2600,10830,0.0031,0.77,18,2027-01-01
I002096,W030,C233,,5377,537,4840,1300,2600,10754,0.0031,0.77,16,2027-01-01
I002097,W001,C233,,5745,574,5171,1300,2600,11490,0.0031,0.77,85,2027-01-01
I002098,W024,C234,,25746,2574,23172,6300,12600,51492,0.0032,0.79,61,2027-01-01
I002099,W025,C234,,26095,2609,23486,6300,12600,52190,0.0032,0.79,78,2027-01-01
I002100,W026,C234,,25559,2555,23004,6300,12600,51118,0.0032,0.79,14,2027-01-01
I002101,W027,C234,,25893,2589,23304,6300,12600,51786,0.0032,0.79,61,2027-01-01
I002102,W028,C234,,26012,2601,23411,6300,12600,52024,0.0032,0.79,114,2027-01-01
I002103,W029,C234,,25695,2569,23126,6300,12600,51390,0.0032,0.79,92,2027-01-01
I002104,W030,C234,,25737,2573,23164,6300,12600,51474,0.0032,0.79,83,2027-01-01
I002105,W001,C234,,25319,2531,22788,6300,12600,50638,0.0032,0.79,106,2027-01-01
I002106,W002,C234,,25330,2533,22797,6300,12600,50660,0.0032,0.79,94,2027-01-01
I002107,W025,C235,,14270,1427,12843,3500,7000,28540,0.0033,0.82,30,2027-01-01
I002108,W026,C235,,14827,1482,13345,3500,7000,29654,0.0033,0.82,2,2027-01-01
I002109,W027,C235,,14233,1423,12810,3500,7000,28466,0.0033,0.82,100,2027-01-01
I002110,W028,C235,,14191,1419,12772,3500,7000,28382,0.0033,0.82,43,2027-01-01
I002111,W029,C235,,14195,1419,12776,3500,7000,28390,0.0033,0.82,57,2027-01-01
I002112,W030,C235,,14295,1429,12866,3500,7000,28590,0.0033,0.82,81,2027-01-01
I002113,W001,C235,,14704,1470,13234,3500,7000,29408,0.0033,0.82,77,2027-01-01
I002114,W002,C235,,14674,1467,13207,3500,7000,29348,0.0033,0.82,32,2027-01-01
I002115,W003,C235,,14369,1436,12933,3500,7000,28738,0.0033,0.82,117,2027-01-01
I002116,W026,C236,,6576,657,5919,1500,3000,13152,0.0034,0.84,71,2027-01-01
I002117,W027,C236,,6527,652,5875,1500,3000,13054,0.0034,0.84,99,2027-01-01
I002118,W028,C236,,6858,685,6173,1500,3000,13716,0.0034,0.84,31,2027-01-01
I002119,W029,C236,,6986,698,6288,1500,3000,13972,0.0034,0.84,71,2027-01-01
I002120,W030,C236,,6740,674,6066,1500,3000,13480,0.0034,0.84,15,2027-01-01
I002121,W001,C236,,6494,649,5845,1500,3000,12988,0.0034,0.84,45,2027-01-01
I002122,W002,C236,,6228,622,5606,1500,3000,12456,0.0034,0.84,22,2027-01-01
I002123,W003,C236,,6369,636,5733,1500,3000,12738,0.0034,0.84,49,2027-01-01
I002124,W004,C236,,6784,678,6106,1500,3000,13568,0.0034,0.84,112,2027-01-01
I002125,W027,C237,,23107,2310,20797,5700,11400,46214,0.0034,0.86,38,2027-01-01
I002126,W028,C237,,23654,2365,21289,5700,11400,47308,0.0034,0.86,93,2027-01-01
I002127,W029,C237,,23007,2300,20707,5700,11400,46014,0.0034,0.86,28,2027-01-01
I002128,W030,C237,,23178,2317,20861,5700,11400,46356,0.0034,0.86,33,2027-01-01
I002129,W001,C237,,23033,2303,20730,5700,11400,46066,0.0034,0.86,5,2027-01-01
I002130,W002,C237,,23004,2300,20704,5700,11400,46008,0.0034,0.86,79,2027-01-01
I002131,W003,C237,,23082,2308,20774,5700,11400,46164,0.0034,0.86,4,2027-01-01
I002132,W004,C237,,23145,2314,20831,5700,11400,46290,0.0034,0.86,106,2027-01-01
I002133,W005,C237,,23526,2352,21174,5700,11400,47052,0.0034,0.86,35,2027-01-01
I002134,W028,C238,,31386,3138,28248,7800,15600,62772,0.0035,0.88,95,2027-01-01
I002135,W029,C238,,31536,3153,28383,7800,15600,63072,0.0035,0.88,54,2027-01-01
I002136,W030,C238,,31874,3187,28687,7800,15600,63748,0.0035,0.88,101,2027-01-01
I002137,W001,C238,,31898,3189,28709,7800,15600,63796,0.0035,0.88,40,2027-01-01
I002138,W002,C238,,31940,3194,28746,7800,15600,63880,0.0035,0.88,91,2027-01-01
I002139,W003,C238,,31671,3167,28504,7800,15600,63342,0.0035,0.88,87,2027-01-01
I002140,W004,C238,,31725,3172,28553,7800,15600,63450,0.0035,0.88,91,2027-01-01
I002141,W005,C238,,31520,3152,28368,7800,15600,63040,0.0035,0.88,17,2027-01-01
I002142,W006,C238,,32057,3205,28852,7800,15600,64114,0.0035,0.88,108,2027-01-01
I002143,W029,C239,,14341,1434,12907,3500,7000,28682,0.0036,0.91,60,2027-01-01
I002144,W030,C239,,14891,1489,13402,3500,7000,29782,0.0036,0.91,8,2027-01-01
I002145,W001,C239,,14199,1419,12780,3500,7000,28398,0.0036,0.91,104,2027-01-01
I002146,W002,C239,,14885,1488,13397,3500,7000,29770,0.0036,0.91,100,2027-01-01
I002147,W003,C239,,14631,1463,13168,3500,7000,29262,0.0036,0.91,35,2027-01-01
I002148,W004,C239,,14551,1455,13096,3500,7000,29102,0.0036,0.91,41,2027-01-01
I002149,W005,C239,,14363,1436,12927,3500,7000,28726,0.0036,0.91,34,2027-01-01
I002150,W006,C239,,14444,1444,13000,3500,7000,28888,0.0036,0.91,42,2027-01-01
I002151,W007,C239,,14966,1496,13470,3500,7000,29932,0.0036,0.91,105,2027-01-01
I002152,W030,C240,,4910,491,4419,1200,2400,9820,0.0037,0.93,95,2027-01-01
I002153,W001,C240,,5729,572,5157,1200,2400,11458,0.0037,0.93,105,2027-01-01
I002154,W002,C240,,5639,563,5076,1200,2400,11278,0.0037,0.93,67,2027-01-01
I002155,W003,C240,,5106,510,4596,1200,2400,10212,0.0037,0.93,57,2027-01-01
I002156,W004,C240,,5706,570,5136,1200,2400,11412,0.0037,0.93,74,2027-01-01
I002157,W005,C240,,5336,533,4803,1200,2400,10672,0.0037,0.93,1,2027-01-01
I002158,W006,C240,,4962,496,4466,1200,2400,9924,0.0037,0.93,8,2027-01-01
I002159,W007,C240,,5241,524,4717,1200,2400,10482,0.0037,0.93,7,2027-01-01
I002160,W008,C240,,5790,579,5211,1200,2400,11580,0.0037,0.93,50,2027-01-01
I002161,W001,C241,,9165,916,8249,2100,4200,18330,0.0038,0.95,114,2027-01-01
I002162,W002,C241,,9347,934,8413,2100,4200,18694,0.0038,0.95,59,2027-01-01
I002163,W003,C241,,8788,878,7910,2100,4200,17576,0.0038,0.95,57,2027-01-01
I002164,W004,C241,,9167,916,8251,2100,4200,18334,0.0038,0.95,109,2027-01-01
I002165,W005,C241,,8639,863,7776,2100,4200,17278,0.0038,0.95,26,2027-01-01
I002166,W006,C241,,8527,852,7675,2100,4200,17054,0.0038,0.95,16,2027-01-01
I002167,W007,C241,,8924,892,8032,2100,4200,17848,0.0038,0.95,54,2027-01-01
I002168,W008,C241,,9342,934,8408,2100,4200,18684,0.0038,0.95,16,2027-01-01
I002169,W009,C241,,9337,933,8404,2100,4200,18674,0.0038,0.95,1,2027-01-01
I002170,W002,C242,,11168,1116,10052,2600,5200,22336,0.0039,0.97,15,2027-01-01
I002171,W003,C242,,10988,1098,9890,2600,5200,21976,0.0039,0.97,41,2027-01-01
I002172,W004,C242,,10585,1058,9527,2600,5200,21170,0.0039,0.97,22,2027-01-01
I002173,W005,C242,,10996,1099,9897,2600,5200,21992,0.0039,0.97,84,2027-01-01
I002174,W006,C242,,10673,1067,9606,2600,5200,21346,0.0039,0.97,53,2027-01-01
I002175,W007,C242,,10887,1088,9799,2600,5200,21774,0.0039,0.97,40,2027-01-01
I002176,W008,C242,,10508,1050,9458,2600,5200,21016,0.0039,0.97,28,2027-01-01
I002177,W009,C242,,11127,1112,10015,2600,5200,22254,0.0039,0.97,64,2027-01-01
I002178,W010,C242,,10772,1077,9695,2600,5200,21544,0.0039,0.97,84,2027-01-01
I002179,W003,C243,,21157,2115,19042,5100,10200,42314,0.004,1.0,116,2027-01-01
I002180,W004,C243,,20567,2056,18511,5100,10200,41134,0.004,1.0,24,2027-01-01
I002181,W005,C243,,20987,2098,18889,5100,10200,41974,0.004,1.0,44,2027-01-01
I002182,W006,C243,,21053,2105,18948,5100,10200,42106,0.004,1.0,76,2027-01-01
I002183,W007,C243,,20634,2063,18571,5100,10200,41268,0.004,1.0,46,2027-01-01
I002184,W008,C243,,21158,2115,19043,5100,10200,42316,0.004,1.0,87,2027-01-01
I002185,W009,C243,,20947,2094,18853,5100,10200,41894,0.004,1.0,98,2027-01-01
I002186,W010,C243,,20562,2056,18506,5100,10200,41124,0.004,1.0,50,2027-01-01
I002187,W011,C243,,20891,2089,18802,5100,10200,41782,0.004,1.0,115,2027-01-01
I002188,W004,C244,,19762,1976,17786,4800,9600,39524,0.0041,1.02,12,2027-01-01
I002189,W005,C244,,20164,2016,18148,4800,9600,40328,0.0041,1.02,104,2027-01-01
I002190,W006,C244,,19928,1992,17936,4800,9600,39856,0.0041,1.02,46,2027-01-01
I002191,W007,C244,,19345,1934,17411,4800,9600,38690,0.0041,1.02,6,2027-01-01
I002192,W008,C244,,19427,1942,17485,4800,9600,38854,0.0041,1.02,46,2027-01-01
I002193,W009,C244,,19461,1946,17515,4800,9600,38922,0.0041,1.02,29,2027-01-01
I002194,W010,C244,,19533,1953,17580,4800,9600,39066,0.0041,1.02,12,2027-01-01
I002195,W011,C244,,19470,1947,17523,4800,9600,38940,0.0041,1.02,95,2027-01-01
I002196,W012,C244,,19830,1983,17847,4800,9600,39660,0.0041,1.02,44,2027-01-01
I002197,W005,C245,,26237,2623,23614,6400,12800,52474,0.0042,1.04,118,2027-01-01
I002198,W006,C245,,25850,2585,23265,6400,12800,51700,0.0042,1.04,8,2027-01-01
I002199,W007,C245,,25703,2570,23133,6400,12800,51406,0.0042,1.04,8,2027-01-01
I002200,W008,C245,,26105,2610,23495,6400,12800,52210,0.0042,1.04,74,2027-01-01
I002201,W009,C245,,26475,2647,23828,6400,12800,52950,0.0042,1.04,84,2027-01-01
I002202,W010,C245,,26493,2649,23844,6400,12800,52986,0.0042,1.04,20,2027-01-01
I002203,W011,C245,,26564,2656,23908,6400,12800,53128,0.0042,1.04,43,2027-01-01
I002204,W012,C245,,26229,2622,23607,6400,12800,52458,0.0042,1.04,26,2027-01-01
I002205,W013,C245,,26397,2639,23758,6400,12800,52794,0.0042,1.04,120,2027-01-01
I002206,W006,C246,,21491,2149,19342,5200,10400,42982,0.0043,1.06,38,2027-01-01
I002207,W007,C246,,21313,2131,19182,5200,10400,42626,0.0043,1.06,49,2027-01-01
I002208,W008,C246,,21168,2116,19052,5200,10400,42336,0.0043,1.06,41,2027-01-01
I002209,W009,C246,,21268,2126,19142,5200,10400,42536,0.0043,1.06,83,2027-01-01
I002210,W010,C246,,21324,2132,19192,5200,10400,42648,0.0043,1.06,60,2027-01-01
I002211,W011,C246,,21249,2124,19125,5200,10400,42498,0.0043,1.06,63,2027-01-01
I002212,W012,C246,,21024,2102,18922,5200,10400,42048,0.0043,1.06,91,2027-01-01
I002213,W013,C246,,21702,2170,19532,5200,10400,43404,0.0043,1.06,2,2027-01-01
I002214,W014,C246,,21244,2124,19120,5200,10400,42488,0.0043,1.06,51,2027-01-01
I002215,W007,C247,,9118,911,8207,2200,4400,18236,0.0043,1.09,2,2027-01-01
I002216,W008,C247,,9528,952,8576,2200,4400,19056,0.0043,1.09,81,2027-01-01
I002217,W009,C247,,9694,969,8725,2200,4400,19388,0.0043,1.09,106,2027-01-01
I002218,W010,C247,,9678,967,8711,2200,4400,19356,0.0043,1.09,111,2027-01-01
I002219,W011,C247,,9589,958,8631,2200,4400,19178,0.0043,1.09,26,2027-01-01
I002220,W012,C247,,9528,952,8576,2200,4400,19056,0.0043,1.09,1,2027-01-01
I002221,W013,C247,,9700,970,8730,2200,4400,19400,0.0043,1.09,7,2027-01-01
I002222,W014,C247,,9118,911,8207,2200,4400,18236,0.0043,1.09,48,2027-01-01
I002223,W015,C247,,9101,910,8191,2200,4400,18202,0.0043,1.09,83,2027-01-01
I002224,W008,C248,,6292,629,5663,1500,3000,12584,0.0044,1.11,110,2027-01-01
I002225,W009,C248,,6397,639,5758,1500,3000,12794,0.0044,1.11,85,2027-01-01
I002226,W010,C248,,6471,647,5824,1500,3000,12942,0.0044,1.11,3,2027-01-01
I002227,W011,C248,,6958,695,6263,1500,3000,13916,0.0044,1.11,66,2027-01-01
I002228,W012,C248,,6825,682,6143,1500,3000,13650,0.0044,1.11,9,2027-01-01
I002229,W013,C248,,6629,662,5967,1500,3000,13258,0.0044,1.11,111,2027-01-01
I002230,W014,C248,,6604,660,5944,1500,3000,13208,0.0044,1.11,80,2027-01-01
I002231,W015,C248,,6240,624,5616,1500,3000,12480,0.0044,1.11,61,2027-01-01
I002232,W016,C248,,6647,664,5983,1500,3000,13294,0.0044,1.11,101,2027-01-01
I002233,W009,C249,,24496,2449,22047,5900,11800,48992,0.0045,1.13,61,2027-01-01
I002234,W010,C249,,24088,2408,21680,5900,11800,48176,0.0045,1.13,89,2027-01-01
I002235,W011,C249,,24061,2406,21655,5900,11800,48122,0.0045,1.13,90,2027-01-01
I002236,W012,C249,,24449,2444,22005,5900,11800,48898,0.0045,1.13,44,2027-01-01
I002237,W013,C249,,24243,2424,21819,5900,11800,48486,0.0045,1.13,100,2027-01-01
I002238,W014,C249,,23721,2372,21349,5900,11800,47442,0.0045,1.13,45,2027-01-01
I002239,W015,C249,,24197,2419,21778,5900,11800,48394,0.0045,1.13,116,2027-01-01
I002240,W016,C249,,23887,2388,21499,5900,11800,47774,0.0045,1.13,38,2027-01-01
I002241,W017,C249,,23989,2398,21591,5900,11800,47978,0.0045,1.13,42,2027-01-01
I002242,W010,C250,,23734,2373,21361,5900,11800,47468,0.0046,1.15,120,2027-01-01
I002243,W011,C250,,23796,2379,21417,5900,11800,47592,0.0046,1.15,10,2027-01-01
I002244,W012,C250,,23797,2379,21418,5900,11800,47594,0.0046,1.15,100,2027-01-01
I002245,W013,C250,,23986,2398,21588,5900,11800,47972,0.0046,1.15,106,2027-01-01
I002246,W014,C250,,23926,2392,21534,5900,11800,47852,0.0046,1.15,120,2027-01-01
I002247,W015,C250,,24210,2421,21789,5900,11800,48420,0.0046,1.15,55,2027-01-01
I002248,W016,C250,,23710,2371,21339,5900,11800,47420,0.0046,1.15,61,2027-01-01
I002249,W017,C250,,24031,2403,21628,5900,11800,48062,0.0046,1.15,87,2027-01-01
I002250,W018,C250,,24159,2415,21744,5900,11800,48318,0.0046,1.15,44,2027-01-01
I002251,W011,C251,,20119,2011,18108,4900,9800,40238,0.0002,0.05,79,2027-01-01
I002252,W012,C251,,20442,2044,18398,4900,9800,40884,0.0002,0.05,50,2027-01-01
I002253,W013,C251,,20195,2019,18176,4900,9800,40390,0.0002,0.05,69,2027-01-01
I002254,W014,C251,,20120,2012,18108,4900,9800,40240,0.0002,0.05,12,2027-01-01
I002255,W015,C251,,20205,2020,18185,4900,9800,40410,0.0002,0.05,104,2027-01-01
I002256,W016,C251,,19804,1980,17824,4900,9800,39608,0.0002,0.05,15,2027-01-01
I002257,W017,C251,,19785,1978,17807,4900,9800,39570,0.0002,0.05,73,2027-01-01
I002258,W018,C251,,20319,2031,18288,4900,9800,40638,0.0002,0.05,83,2027-01-01
I002259,W019,C251,,20510,2051,18459,4900,9800,41020,0.0002,0.05,45,2027-01-01
I002260,W012,C252,,24945,2494,22451,6200,12400,49890,0.0003,0.07,29,2027-01-01
I002261,W013,C252,,24938,2493,22445,6200,12400,49876,0.0003,0.07,112,2027-01-01
I002262,W014,C252,,25007,2500,22507,6200,12400,50014,0.0003,0.07,106,2027-01-01
I002263,W015,C252,,25724,2572,23152,6200,12400,51448,0.0003,0.07,72,2027-01-01
I002264,W016,C252,,25555,2555,23000,6200,12400,51110,0.0003,0.07,21,2027-01-01
I002265,W017,C252,,25205,2520,22685,6200,12400,50410,0.0003,0.07,21,2027-01-01
I002266,W018,C252,,25465,2546,22919,6200,12400,50930,0.0003,0.07,35,2027-01-01
I002267,W019,C252,,25450,2545,22905,6200,12400,50900,0.0003,0.07,107,2027-01-01
I002268,W020,C252,,25017,2501,22516,6200,12400,50034,0.0003,0.07,46,2027-01-01
I002269,W013,C253,,10520,1052,9468,2400,4800,21040,0.0004,0.1,65,2027-01-01
I002270,W014,C253,,10079,1007,9072,2400,4800,20158,0.0004,0.1,43,2027-01-01
I002271,W015,C253,,10260,1026,9234,2400,4800,20520,0.0004,0.1,25,2027-01-01
I002272,W016,C253,,10107,1010,9097,2400,4800,20214,0.0004,0.1,114,2027-01-01
I002273,W017,C253,,9842,984,8858,2400,4800,19684,0.0004,0.1,92,2027-01-01
I002274,W018,C253,,10112,1011,9101,2400,4800,20224,0.0004,0.1,23,2027-01-01
I002275,W019,C253,,10243,1024,9219,2400,4800,20486,0.0004,0.1,107,2027-01-01
I002276,W020,C253,,9979,997,8982,2400,4800,19958,0.0004,0.1,34,2027-01-01
I002277,W021,C253,,10082,1008,9074,2400,4800,20164,0.0004,0.1,34,2027-01-01
I002278,W014,C254,,32381,3238,29143,7900,15800,64762,0.0005,0.12,53,2027-01-01
I002279,W015,C254,,32063,3206,28857,7900,15800,64126,0.0005,0.12,47,2027-01-01
I002280,W016,C254,,31897,3189,28708,7900,15800,63794,0.0005,0.12,3,2027-01-01
I002281,W017,C254,,32438,3243,29195,7900,15800,64876,0.0005,0.12,90,2027-01-01
I002282,W018,C254,,32008,3200,28808,7900,15800,64016,0.0005,0.12,67,2027-01-01
I002283,W019,C254,,31783,3178,28605,7900,15800,63566,0.0005,0.12,8,2027-01-01
I002284,W020,C254,,32142,3214,28928,7900,15800,64284,0.0005,0.12,102,2027-01-01
I002285,W021,C254,,31861,3186,28675,7900,15800,63722,0.0005,0.12,21,2027-01-01
I002286,W022,C254,,32353,3235,29118,7900,15800,64706,0.0005,0.12,5,2027-01-01
I002287,W015,C255,,10630,1063,9567,2600,5200,21260,0.0006,0.14,16,2027-01-01
I002288,W016,C255,,10929,1092,9837,2600,5200,21858,0.0006,0.14,42,2027-01-01
I002289,W017,C255,,11160,1116,10044,2600,5200,22320,0.0006,0.14,53,2027-01-01
I002290,W018,C255,,10962,1096,9866,2600,5200,21924,0.0006,0.14,22,2027-01-01
I002291,W019,C255,,11365,1136,10229,2600,5200,22730,0.0006,0.14,26,2027-01-01
I002292,W020,C255,,11251,1125,10126,2600,5200,22502,0.0006,0.14,104,2027-01-01
I002293,W021,C255,,11264,1126,10138,2600,5200,22528,0.0006,0.14,48,2027-01-01
I002294,W022,C255,,10940,1094,9846,2600,5200,21880,0.0006,0.14,23,2027-01-01
I002295,W023,C255,,11041,1104,9937,2600,5200,22082,0.0006,0.14,91,2027-01-01
I002296,W016,C256,,20626,2062,18564,5000,10000,41252,0.0007,0.16,73,2027-01-01
I002297,W017,C256,,20598,2059,18539,5000,10000,41196,0.0007,0.16,97,2027-01-01
I002298,W018,C256,,20991,2099,18892,5000,10000,41982,0.0007,0.16,112,2027-01-01
I002299,W019,C256,,20338,2033,18305,5000,10000,40676,0.0007,0.16,62,2027-01-01
I002300,W020,C256,,20270,2027,18243,5000,10000,40540,0.0007,0.16,7,2027-01-01
I002301,W021,C256,,20129,2012,18117,5000,10000,40258,0.0007,0.16,2,2027-01-01
I002302,W022,C256,,20494,2049,18445,5000,10000,40988,0.0007,0.16,46,2027-01-01
I002303,W023,C256,,20869,2086,18783,5000,10000,41738,0.0007,0.16,55,2027-01-01
I002304,W024,C256,,20674,2067,18607,5000,10000,41348,0.0007,0.16,39,2027-01-01
I002305,W017,C257,,10787,1078,9709,2600,5200,21574,0.0007,0.19,18,2027-01-01
I002306,W018,C257,,11268,1126,10142,2600,5200,22536,0.0007,0.19,49,2027-01-01
I002307,W019,C257,,10592,1059,9533,2600,5200,21184,0.0007,0.19,8,2027-01-01
I002308,W020,C257,,10544,1054,9490,2600,5200,21088,0.0007,0.19,119,2027-01-01
I002309,W021,C257,,11033,1103,9930,2600,5200,22066,0.0007,0.19,73,2027-01-01
I002310,W022,C257,,10855,1085,9770,2600,5200,21710,0.0007,0.19,91,2027-01-01
I002311,W023,C257,,10586,1058,9528,2600,5200,21172,0.0007,0.19,91,2027-01-01
I002312,W024,C257,,11225,1122,10103,2600,5200,22450,0.0007,0.19,24,2027-01-01
I002313,W025,C257,,10876,1087,9789,2600,5200,21752,0.0007,0.19,114,2027-01-01
I002314,W018,C258,,3819,381,3438,900,1800,7638,0.0008,0.21,60,2027-01-01
I002315,W019,C258,,3885,388,3497,900,1800,7770,0.0008,0.21,100,2027-01-01
I002316,W020,C258,,3722,372,3350,900,1800,7444,0.0008,0.21,25,2027-01-01
I002317,W021,C258,,4510,451,4059,900,1800,9020,0.0008,0.21,99,2027-01-01
I002318,W022,C258,,3887,388,3499,900,1800,7774,0.0008,0.21,72,2027-01-01
I002319,W023,C258,,4414,441,3973,900,1800,8828,0.0008,0.21,25,2027-01-01
I002320,W024,C258,,4124,412,3712,900,1800,8248,0.0008,0.21,7,2027-01-01
I002321,W025,C258,,4065,406,3659,900,1800,8130,0.0008,0.21,95,2027-01-01
I002322,W026,C258,,3833,383,3450,900,1800,7666,0.0008,0.21,100,2027-01-01
I002323,W019,C259,,4344,434,3910,900,1800,8688,0.0009,0.23,59,2027-01-01
I002324,W020,C259,,4482,448,4034,900,1800,8964,0.0009,0.23,31,2027-01-01
I002325,W021,C259,,4592,459,4133,900,1800,9184,0.0009,0.23,16,2027-01-01
I002326,W022,C259,,3841,384,3457,900,1800,7682,0.0009,0.23,55,2027-01-01
I002327,W023,C259,,4020,402,3618,900,1800,8040,0.0009,0.23,14,2027-01-01
I002328,W024,C259,,4180,418,3762,900,1800,8360,0.0009,0.23,65,2027-01-01
I002329,W025,C259,,3933,393,3540,900,1800,7866,0.0009,0.23,64,2027-01-01
I002330,W026,C259,,4033,403,3630,900,1800,8066,0.0009,0.23,70,2027-01-01
I002331,W027,C259,,4376,437,3939,900,1800,8752,0.0009,0.23,112,2027-01-01
I002332,W020,C260,,5523,552,4971,1200,2400,11046,0.001,0.25,109,2027-01-01
I002333,W021,C260,,5295,529,4766,1200,2400,10590,0.001,0.25,14,2027-01-01
I002334,W022,C260,,4951,495,4456,1200,2400,9902,0.001,0.25,28,2027-01-01
I002335,W023,C260,,5183,518,4665,1200,2400,10366,0.001,0.25,29,2027-01-01
I002336,W024,C260,,5440,544,4896,1200,2400,10880,0.001,0.25,62,2027-01-01
I002337,W025,C260,,5306,530,4776,1200,2400,10612,0.001,0.25,19,2027-01-01
I002338,W026,C260,,5687,568,5119,1200,2400,11374,0.001,0.25,74,2027-01-01
I002339,W027,C260,,5518,551,4967,1200,2400,11036,0.001,0.25,66,2027-01-01
I002340,W028,C260,,5136,513,4623,1200,2400,10272,0.001,0.25,39,2027-01-01
I002341,W021,C261,,30152,3015,27137,7500,15000,60304,0.0011,0.28,13,2027-01-01
I002342,W022,C261,,30286,3028,27258,7500,15000,60572,0.0011,0.28,80,2027-01-01
I002343,W023,C261,,30538,3053,27485,7500,15000,61076,0.0011,0.28,25,2027-01-01
I002344,W024,C261,,30430,3043,27387,7500,15000,60860,0.0011,0.28,72,2027-01-01
I002345,W025,C261,,30226,3022,27204,7500,15000,60452,0.0011,0.28,4,2027-01-01
I002346,W026,C261,,30182,3018,27164,7500,15000,60364,0.0011,0.28,116,2027-01-01
I002347,W027,C261,,30806,3080,27726,7500,15000,61612,0.0011,0.28,90,2027-01-01
I002348,W028,C261,,30961,3096,27865,7500,15000,61922,0.0011,0.28,10,2027-01-01
I002349,W029,C261,,30269,3026,27243,7500,15000,60538,0.0011,0.28,85,2027-01-01
I002350,W022,C262,,10422,1042,9380,2400,4800,20844,0.0012,0.3,88,2027-01-01
I002351,W023,C262,,10352,1035,9317,2400,4800,20704,0.0012,0.3,109,2027-01-01
I002352,W024,C262,,10232,1023,9209,2400,4800,20464,0.0012,0.3,93,2027-01-01
I002353,W025,C262,,9938,993,8945,2400,4800,19876,0.0012,0.3,8,2027-01-01
I002354,W026,C262,,10443,1044,9399,2400,4800,20886,0.0012,0.3,74,2027-01-01
I002355,W027,C262,,10330,1033,9297,2400,4800,20660,0.0012,0.3,83,2027-01-01
I002356,W028,C262,,10157,1015,9142,2400,4800,20314,0.0012,0.3,21,2027-01-01
I002357,W029,C262,,10172,1017,9155,2400,4800,20344,0.0012,0.3,98,2027-01-01
I002358,W030,C262,,10337,1033,9304,2400,4800,20674,0.0012,0.3,17,2027-01-01
I002359,W023,C263,,15485,1548,13937,3700,7400,30970,0.0013,0.32,14,2027-01-01
I002360,W024,C263,,15221,1522,13699,3700,7400,30442,0.0013,0.32,25,2027-01-01
I002361,W025,C263,,15777,1577,14200,3700,7400,31554,0.0013,0.32,4,2027-01-01
I002362,W026,C263,,15796,1579,14217,3700,7400,31592,0.0013,0.32,73,2027-01-01
I002363,W027,C263,,15777,1577,14200,3700,7400,31554,0.0013,0.32,58,2027-01-01
I002364,W028,C263,,15745,1574,14171,3700,7400,31490,0.0013,0.32,49,2027-01-01
I002365,W029,C263,,15481,1548,13933,3700,7400,30962,0.0013,0.32,33,2027-01-01
I002366,W030,C263,,15649,1564,14085,3700,7400,31298,0.0013,0.32,118,2027-01-01
I002367,W001,C263,,15110,1511,13599,3700,7400,30220,0.0013,0.32,78,2027-01-01
I002368,W024,C264,,30477,3047,27430,7400,14800,60954,0.0014,0.34,96,2027-01-01
I002369,W025,C264,,30135,3013,27122,7400,14800,60270,0.0014,0.34,30,2027-01-01
I002370,W026,C264,,30030,3003,27027,7400,14800,60060,0.0014,0.34,44,2027-01-01
I002371,W027,C264,,29888,2988,26900,7400,14800,59776,0.0014,0.34,19,2027-01-01
I002372,W028,C264,,29876,2987,26889,7400,14800,59752,0.0014,0.34,114,2027-01-01
I002373,W029,C264,,30140,3014,27126,7400,14800,60280,0.0014,0.34,61,2027-01-01
I002374,W030,C264,,30085,3008,27077,7400,14800,60170,0.0014,0.34,93,2027-01-01
I002375,W001,C264,,30381,3038,27343,7400,14800,60762,0.0014,0.34,112,2027-01-01
I002376,W002,C264,,29706,2970,26736,7400,14800,59412,0.0014,0.34,65,2027-01-01
I002377,W025,C265,,18860,1886,16974,4600,9200,37720,0.0015,0.37,14,2027-01-01
I002378,W026,C265,,18509,1850,16659,4600,9200,37018,0.0015,0.37,119,2027-01-01
I002379,W027,C265,,19013,1901,17112,4600,9200,38026,0.0015,0.37,48,2027-01-01
I002380,W028,C265,,18836,1883,16953,4600,9200,37672,0.0015,0.37,110,2027-01-01
I002381,W029,C265,,18860,1886,16974,4600,9200,37720,0.0015,0.37,45,2027-01-01
I002382,W030,C265,,19049,1904,17145,4600,9200,38098,0.0015,0.37,44,2027-01-01
I002383,W001,C265,,18704,1870,16834,4600,9200,37408,0.0015,0.37,58,2027-01-01
I002384,W002,C265,,19307,1930,17377,4600,9200,38614,0.0015,0.37,29,2027-01-01
I002385,W003,C265,,18786,1878,16908,4600,9200,37572,0.0015,0.37,69,2027-01-01
I002386,W026,C266,,17079,1707,15372,4200,8400,34158,0.0016,0.39,12,2027-01-01
I002387,W027,C266,,17362,1736,15626,4200,8400,34724,0.0016,0.39,57,2027-01-01
I002388,W028,C266,,16995,1699,15296,4200,8400,33990,0.0016,0.39,87,2027-01-01
I002389,W029,C266,,17604,1760,15844,4200,8400,35208,0.0016,0.39,91,2027-01-01
I002390,W030,C266,,16952,1695,15257,4200,8400,33904,0.0016,0.39,18,2027-01-01
I002391,W001,C266,,17343,1734,15609,4200,8400,34686,0.0016,0.39,99,2027-01-01
I002392,W002,C266,,17205,1720,15485,4200,8400,34410,0.0016,0.39,55,2027-01-01
I002393,W003,C266,,17438,1743,15695,4200,8400,34876,0.0016,0.39,40,2027-01-01
I002394,W004,C266,,17585,1758,15827,4200,8400,35170,0.0016,0.39,25,2027-01-01
I002395,W027,C267,,12113,1211,10902,3000,6000,24226,0.0016,0.41,2,2027-01-01
I002396,W028,C267,,12234,1223,11011,3000,6000,24468,0.0016,0.41,30,2027-01-01
I002397,W029,C267,,12338,1233,11105,3000,6000,24676,0.0016,0.41,104,2027-01-01
I002398,W030,C267,,12958,1295,11663,3000,6000,25916,0.0016,0.41,35,2027-01-01
I002399,W001,C267,,12469,1246,11223,3000,6000,24938,0.0016,0.41,81,2027-01-01
I002400,W002,C267,,12376,1237,11139,3000,6000,24752,0.0016,0.41,110,2027-01-01
I002401,W003,C267,,12405,1240,11165,3000,6000,24810,0.0016,0.41,98,2027-01-01
I002402,W004,C267,,12608,1260,11348,3000,6000,25216,0.0016,0.41,69,2027-01-01
I002403,W005,C267,,12932,1293,11639,3000,6000,25864,0.0016,0.41,25,2027-01-01
I002404,W028,C268,,24070,2407,21663,5900,11800,48140,0.0017,0.43,106,2027-01-01
I002405,W029,C268,,24508,2450,22058,5900,11800,49016,0.0017,0.43,18,2027-01-01
I002406,W030,C268,,24514,2451,22063,5900,11800,49028,0.0017,0.43,10,2027-01-01
I002407,W001,C268,,24484,2448,22036,5900,11800,48968,0.0017,0.43,115,2027-01-01
I002408,W002,C268,,24311,2431,21880,5900,11800,48622,0.0017,0.43,96,2027-01-01
I002409,W003,C268,,24165,2416,21749,5900,11800,48330,0.0017,0.43,22,2027-01-01
I002410,W004,C268,,24172,2417,21755,5900,11800,48344,0.0017,0.43,73,2027-01-01
I002411,W005,C268,,24472,2447,22025,5900,11800,48944,0.0017,0.43,27,2027-01-01
I002412,W006,C268,,23793,2379,21414,5900,11800,47586,0.0017,0.43,108,2027-01-01
I002413,W029,C269,,13252,1325,11927,3200,6400,26504,0.0018,0.46,8,2027-01-01
I002414,W030,C269,,13360,1336,12024,3200,6400,26720,0.0018,0.46,65,2027-01-01
I002415,W001,C269,,13715,1371,12344,3200,6400,27430,0.0018,0.46,112,2027-01-01
I002416,W002,C269,,13722,1372,12350,3200,6400,27444,0.0018,0.46,112,2027-01-01
I002417,W003,C269,,13798,1379,12419,3200,6400,27596,0.0018,0.46,115,2027-01-01
I002418,W004,C269,,13649,1364,12285,3200,6400,27298,0.0018,0.46,40,2027-01-01
I002419,W005,C269,,13393,1339,12054,3200,6400,26786,0.0018,0.46,68,2027-01-01
I002420,W006,C269,,13582,1358,12224,3200,6400,27164,0.0018,0.46,41,2027-01-01
I002421,W007,C269,,13443,1344,12099,3200,6400,26886,0.0018,0.46,71,2027-01-01
I002422,W030,C270,,11120,1112,10008,2600,5200,22240,0.0019,0.48,12,2027-01-01
I002423,W001,C270,,11124,1112,10012,2600,5200,22248,0.0019,0.48,18,2027-01-01
I002424,W002,C270,,10862,1086,9776,2600,5200,21724,0.0019,0.48,113,2027-01-01
I002425,W003,C270,,11312,1131,10181,2600,5200,22624,0.0019,0.48,82,2027-01-01
I002426,W004,C270,,11084,1108,9976,2600,5200,22168,0.0019,0.48,9,2027-01-01
I002427,W005,C270,,10647,1064,9583,2600,5200,21294,0.0019,0.48,33,2027-01-01
I002428,W006,C270,,11283,1128,10155,2600,5200,22566,0.0019,0.48,94,2027-01-01
I002429,W007,C270,,10862,1086,9776,2600,5200,21724,0.0019,0.48,44,2027-01-01
I002430,W008,C270,,11142,1114,10028,2600,5200,22284,0.0019,0.48,46,2027-01-01
I002431,W001,C271,,7304,730,6574,1600,3200,14608,0.002,0.5,10,2027-01-01
I002432,W002,C271,,6822,682,6140,1600,3200,13644,0.002,0.5,12,2027-01-01
I002433,W003,C271,,7004,700,6304,1600,3200,14008,0.002,0.5,106,2027-01-01
I002434,W004,C271,,6879,687,6192,1600,3200,13758,0.002,0.5,113,2027-01-01
I002435,W005,C271,,6517,651,5866,1600,3200,13034,0.002,0.5,33,2027-01-01
I002436,W006,C271,,7281,728,6553,1600,3200,14562,0.002,0.5,47,2027-01-01
I002437,W007,C271,,6726,672,6054,1600,3200,13452,0.002,0.5,65,2027-01-01
I002438,W008,C271,,6883,688,6195,1600,3200,13766,0.002,0.5,105,2027-01-01
I002439,W009,C271,,7336,733,6603,1600,3200,14672,0.002,0.5,65,2027-01-01
I002440,W002,C272,,24952,2495,22457,6200,12400,49904,0.0021,0.52,58,2027-01-01
I002441,W003,C272,,25076,2507,22569,6200,12400,50152,0.0021,0.52,107,2027-01-01
I002442,W004,C272,,25189,2518,22671,6200,12400,50378,0.0021,0.52,78,2027-01-01
I002443,W005,C272,,25431,2543,22888,6200,12400,50862,0.0021,0.52,71,2027-01-01
I002444,W006,C272,,25609,2560,23049,6200,12400,51218,0.0021,0.52,113,2027-01-01
I002445,W007,C272,,25370,2537,22833,6200,12400,50740,0.0021,0.52,39,2027-01-01
I002446,W008,C272,,25732,2573,23159,6200,12400,51464,0.0021,0.52,102,2027-01-01
I002447,W009,C272,,25182,2518,22664,6200,12400,50364,0.0021,0.52,36,2027-01-01
I002448,W010,C272,,25667,2566,23101,6200,12400,51334,0.0021,0.52,114,2027-01-01
I002449,W003,C273,,26620,2662,23958,6500,13000,53240,0.0022,0.55,45,2027-01-01
I002450,W004,C273,,26126,2612,23514,6500,13000,52252,0.0022,0.55,51,2027-01-01
I002451,W005,C273,,26240,2624,23616,6500,13000,52480,0.0022,0.55,12,2027-01-01
I002452,W006,C273,,26303,2630,23673,6500,13000,52606,0.0022,0.55,98,2027-01-01
I002453,W007,C273,,26490,2649,23841,6500,13000,52980,0.0022,0.55,79,2027-01-01
I002454,W008,C273,,26789,2678,24111,6500,13000,53578,0.0022,0.55,27,2027-01-01
I002455,W009,C273,,27000,2700,24300,6500,13000,54000,0.0022,0.55,108,2027-01-01
I002456,W010,C273,,26168,2616,23552,6500,13000,52336,0.0022,0.55,32,2027-01-01
I002457,W011,C273,,26267,2626,23641,6500,13000,52534,0.0022,0.55,90,2027-01-01
I002458,W004,C274,,31618,3161,28457,7700,15400,63236,0.0023,0.57,49,2027-01-01
I002459,W005,C274,,31720,3172,28548,7700,15400,63440,0.0023,0.57,52,2027-01-01
I002460,W006,C274,,31234,3123,28111,7700,15400,62468,0.0023,0.57,59,2027-01-01
I002461,W007,C274,,31536,3153,28383,7700,15400,63072,0.0023,0.57,24,2027-01-01
I002462,W008,C274,,31798,3179,28619,7700,15400,63596,0.0023,0.57,113,2027-01-01
I002463,W009,C274,,31176,3117,28059,7700,15400,62352,0.0023,0.57,37,2027-01-01
I002464,W010,C274,,31194,3119,28075,7700,15400,62388,0.0023,0.57,52,2027-01-01
I002465,W011,C274,,31419,3141,28278,7700,15400,62838,0.0023,0.57,70,2027-01-01
I002466,W012,C274,,31452,3145,28307,7700,15400,62904,0.0023,0.57,82,2027-01-01
I002467,W005,C275,,31524,3152,28372,7800,15600,63048,0.0024,0.59,28,2027-01-01
I002468,W006,C275,,31671,3167,28504,7800,15600,63342,0.0024,0.59,54,2027-01-01
I002469,W007,C275,,31852,3185,28667,7800,15600,63704,0.0024,0.59,63,2027-01-01
I002470,W008,C275,,31719,3171,28548,7800,15600,63438,0.0024,0.59,33,2027-01-01
I002471,W009,C275,,32050,3205,28845,7800,15600,64100,0.0024,0.59,58,2027-01-01
I002472,W010,C275,,31648,3164,28484,7800,15600,63296,0.0024,0.59,64,2027-01-01
I002473,W011,C275,,31521,3152,28369,7800,15600,63042,0.0024,0.59,44,2027-01-01
I002474,W012,C275,,31431,3143,28288,7800,15600,62862,0.0024,0.59,26,2027-01-01
I002475,W013,C275,,32114,3211,28903,7800,15600,64228,0.0024,0.59,114,2027-01-01
I002476,W006,C276,,29375,2937,26438,7100,14200,58750,0.0024,0.61,32,2027-01-01
I002477,W007,C276,,29328,2932,26396,7100,14200,58656,0.0024,0.61,59,2027-01-01
I002478,W008,C276,,29279,2927,26352,7100,14200,58558,0.0024,0.61,10,2027-01-01
I002479,W009,C276,,29016,2901,26115,7100,14200,58032,0.0024,0.61,27,2027-01-01
I002480,W010,C276,,28674,2867,25807,7100,14200,57348,0.0024,0.61,35,2027-01-01
I002481,W011,C276,,29126,2912,26214,7100,14200,58252,0.0024,0.61,63,2027-01-01
I002482,W012,C276,,28751,2875,25876,7100,14200,57502,0.0024,0.61,69,2027-01-01
I002483,W013,C276,,29235,2923,26312,7100,14200,58470,0.0024,0.61,36,2027-01-01
I002484,W014,C276,,28999,2899,26100,7100,14200,57998,0.0024,0.61,11,2027-01-01
I002485,W007,C277,,23216,2321,20895,5600,11200,46432,0.0025,0.64,37,2027-01-01
I002486,W008,C277,,23309,2330,20979,5600,11200,46618,0.0025,0.64,78,2027-01-01
I002487,W009,C277,,22672,2267,20405,5600,11200,45344,0.0025,0.64,43,2027-01-01
I002488,W010,C277,,23163,2316,20847,5600,11200,46326,0.0025,0.64,79,2027-01-01
I002489,W011,C277,,23341,2334,21007,5600,11200,46682,0.0025,0.64,61,2027-01-01
I002490,W012,C277,,23312,2331,20981,5600,11200,46624,0.0025,0.64,109,2027-01-01
I002491,W013,C277,,22659,2265,20394,5600,11200,45318,0.0025,0.64,68,2027-01-01
I002492,W014,C277,,22620,2262,20358,5600,11200,45240,0.0025,0.64,72,2027-01-01
I002493,W015,C277,,22983,2298,20685,5600,11200,45966,0.0025,0.64,109,2027-01-01
I002494,W008,C278,,12508,1250,11258,2900,5800,25016,0.0026,0.66,85,2027-01-01
I002495,W009,C278,,12465,1246,11219,2900,5800,24930,0.0026,0.66,80,2027-01-01
I002496,W010,C278,,11837,1183,10654,2900,5800,23674,0.0026,0.66,81,2027-01-01
I002497,W011,C278,,12064,1206,10858,2900,5800,24128,0.0026,0.66,40,2027-01-01
I002498,W012,C278,,12538,1253,11285,2900,5800,25076,0.0026,0.66,59,2027-01-01
I002499,W013,C278,,11970,1197,10773,2900,5800,23940,0.0026,0.66,13,2027-01-01
I002500,W014,C278,,12541,1254,11287,2900,5800,25082,0.0026,0.66,15,2027-01-01
I002501,W015,C278,,11726,1172,10554,2900,5800,23452,0.0026,0.66,68,2027-01-01
I002502,W016,C278,,12169,1216,10953,2900,5800,24338,0.0026,0.66,61,2027-01-01
I002503,W009,C279,,13624,1362,12262,3200,6400,27248,0.0027,0.68,76,2027-01-01
I002504,W010,C279,,13699,1369,12330,3200,6400,27398,0.0027,0.68,115,2027-01-01
I002505,W011,C279,,13705,1370,12335,3200,6400,27410,0.0027,0.68,61,2027-01-01
I002506,W012,C279,,13052,1305,11747,3200,6400,26104,0.0027,0.68,1,2027-01-01
I002507,W013,C279,,13170,1317,11853,3200,6400,26340,0.0027,0.68,24,2027-01-01
I002508,W014,C279,,13359,1335,12024,3200,6400,26718,0.0027,0.68,53,2027-01-01
I002509,W015,C279,,13045,1304,11741,3200,6400,26090,0.0027,0.68,16,2027-01-01
I002510,W016,C279,,13569,1356,12213,3200,6400,27138,0.0027,0.68,39,2027-01-01
I002511,W017,C279,,13065,1306,11759,3200,6400,26130,0.0027,0.68,107,2027-01-01
I002512,W010,C280,,16122,1612,14510,3800,7600,32244,0.0028,0.7,6,2027-01-01
I002513,W011,C280,,15960,1596,14364,3800,7600,31920,0.0028,0.7,79,2027-01-01
I002514,W012,C280,,15328,1532,13796,3800,7600,30656,0.0028,0.7,119,2027-01-01
I002515,W013,C280,,16144,1614,14530,3800,7600,32288,0.0028,0.7,38,2027-01-01
I002516,W014,C280,,16132,1613,14519,3800,7600,32264,0.0028,0.7,47,2027-01-01
I002517,W015,C280,,16120,1612,14508,3800,7600,32240,0.0028,0.7,16,2027-01-01
I002518,W016,C280,,15568,1556,14012,3800,7600,31136,0.0028,0.7,104,2027-01-01
I002519,W017,C280,,15561,1556,14005,3800,7600,31122,0.0028,0.7,63,2027-01-01
I002520,W018,C280,,15340,1534,13806,3800,7600,30680,0.0028,0.7,49,2027-01-01
I002521,W011,C281,,7497,749,6748,1800,3600,14994,0.0029,0.73,41,2027-01-01
I002522,W012,C281,,7309,730,6579,1800,3600,14618,0.0029,0.73,55,2027-01-01
I002523,W013,C281,,7985,798,7187,1800,3600,15970,0.0029,0.73,52,2027-01-01
I002524,W014,C281,,7335,733,6602,1800,3600,14670,0.0029,0.73,81,2027-01-01
I002525,W015,C281,,7866,786,7080,1800,3600,15732,0.0029,0.73,57,2027-01-01
I002526,W016,C281,,7564,756,6808,1800,3600,15128,0.0029,0.73,98,2027-01-01
I002527,W017,C281,,7533,753,6780,1800,3600,15066,0.0029,0.73,63,2027-01-01
I002528,W018,C281,,8138,813,7325,1800,3600,16276,0.0029,0.73,88,2027-01-01
I002529,W019,C281,,7574,757,6817,1800,3600,15148,0.0029,0.73,68,2027-01-01
I002530,W012,C282,,11748,1174,10574,2900,5800,23496,0.003,0.75,112,2027-01-01
I002531,W013,C282,,12212,1221,10991,2900,5800,24424,0.003,0.75,50,2027-01-01
I002532,W014,C282,,11993,1199,10794,2900,5800,23986,0.003,0.75,20,2027-01-01
I002533,W015,C282,,12325,1232,11093,2900,5800,24650,0.003,0.75,30,2027-01-01
I002534,W016,C282,,11936,1193,10743,2900,5800,23872,0.003,0.75,94,2027-01-01
I002535,W017,C282,,12531,1253,11278,2900,5800,25062,0.003,0.75,63,2027-01-01
I002536,W018,C282,,12296,1229,11067,2900,5800,24592,0.003,0.75,89,2027-01-01
I002537,W019,C282,,12339,1233,11106,2900,5800,24678,0.003,0.75,79,2027-01-01
I002538,W020,C282,,11901,1190,10711,2900,5800,23802,0.003,0.75,78,2027-01-01
I002539,W013,C283,,22520,2252,20268,5400,10800,45040,0.0031,0.77,15,2027-01-01
I002540,W014,C283,,22445,2244,20201,5400,10800,44890,0.0031,0.77,32,2027-01-01
I002541,W015,C283,,22044,2204,19840,5400,10800,44088,0.0031,0.77,67,2027-01-01
I002542,W016,C283,,22269,2226,20043,5400,10800,44538,0.0031,0.77,69,2027-01-01
I002543,W017,C283,,22317,2231,20086,5400,10800,44634,0.0031,0.77,34,2027-01-01
I002544,W018,C283,,22167,2216,19951,5400,10800,44334,0.0031,0.77,106,2027-01-01
I002545,W019,C283,,22143,2214,19929,5400,10800,44286,0.0031,0.77,76,2027-01-01
I002546,W020,C283,,22228,2222,20006,5400,10800,44456,0.0031,0.77,63,2027-01-01
I002547,W021,C283,,22481,2248,20233,5400,10800,44962,0.0031,0.77,61,2027-01-01
I002548,W014,C284,,7599,759,6840,1800,3600,15198,0.0032,0.79,32,2027-01-01
I002549,W015,C284,,8116,811,7305,1800,3600,16232,0.0032,0.79,60,2027-01-01
I002550,W016,C284,,7913,791,7122,1800,3600,15826,0.0032,0.79,3,2027-01-01
I002551,W017,C284,,7756,775,6981,1800,3600,15512,0.0032,0.79,23,2027-01-01
I002552,W018,C284,,8192,819,7373,1800,3600,16384,0.0032,0.79,36,2027-01-01
I002553,W019,C284,,7513,751,6762,1800,3600,15026,0.0032,0.79,6,2027-01-01
I002554,W020,C284,,7694,769,6925,1800,3600,15388,0.0032,0.79,39,2027-01-01
I002555,W021,C284,,7794,779,7015,1800,3600,15588,0.0032,0.79,40,2027-01-01
I002556,W022,C284,,7875,787,7088,1800,3600,15750,0.0032,0.79,65,2027-01-01
I002557,W015,C285,,26531,2653,23878,6500,13000,53062,0.0033,0.82,22,2027-01-01
I002558,W016,C285,,26892,2689,24203,6500,13000,53784,0.0033,0.82,44,2027-01-01
I002559,W017,C285,,26439,2643,23796,6500,13000,52878,0.0033,0.82,98,2027-01-01
I002560,W018,C285,,26260,2626,23634,6500,13000,52520,0.0033,0.82,74,2027-01-01
I002561,W019,C285,,26302,2630,23672,6500,13000,52604,0.0033,0.82,3,2027-01-01
I002562,W020,C285,,26403,2640,23763,6500,13000,52806,0.0033,0.82,23,2027-01-01
I002563,W021,C285,,26478,2647,23831,6500,13000,52956,0.0033,0.82,105,2027-01-01
I002564,W022,C285,,26864,2686,24178,6500,13000,53728,0.0033,0.82,68,2027-01-01
I002565,W023,C285,,26186,2618,23568,6500,13000,52372,0.0033,0.82,6,2027-01-01
I002566,W016,C286,,10593,1059,9534,2500,5000,21186,0.0034,0.84,23,2027-01-01
I002567,W017,C286,,10575,1057,9518,2500,5000,21150,0.0034,0.84,63,2027-01-01
I002568,W018,C286,,10493,1049,9444,2500,5000,20986,0.0034,0.84,91,2027-01-01
I002569,W019,C286,,10417,1041,9376,2500,5000,20834,0.0034,0.84,88,2027-01-01
I002570,W020,C286,,10735,1073,9662,2500,5000,21470,0.0034,0.84,80,2027-01-01
I002571,W021,C286,,10472,1047,9425,2500,5000,20944,0.0034,0.84,117,2027-01-01
I002572,W022,C286,,10567,1056,9511,2500,5000,21134,0.0034,0.84,7,2027-01-01
I002573,W023,C286,,10348,1034,9314,2500,5000,20696,0.0034,0.84,50,2027-01-01
I002574,W024,C286,,10903,1090,9813,2500,5000,21806,0.0034,0.84,103,2027-01-01
I002575,W017,C287,,26604,2660,23944,6500,13000,53208,0.0034,0.86,73,2027-01-01
I002576,W018,C287,,26458,2645,23813,6500,13000,52916,0.0034,0.86,100,2027-01-01
I002577,W019,C287,,26757,2675,24082,6500,13000,53514,0.0034,0.86,112,2027-01-01
I002578,W020,C287,,26202,2620,23582,6500,13000,52404,0.0034,0.86,7,2027-01-01
I002579,W021,C287,,26305,2630,23675,6500,13000,52610,0.0034,0.86,103,2027-01-01
I002580,W022,C287,,26182,2618,23564,6500,13000,52364,0.0034,0.86,53,2027-01-01
I002581,W023,C287,,26724,2672,24052,6500,13000,53448,0.0034,0.86,58,2027-01-01
I002582,W024,C287,,26814,2681,24133,6500,13000,53628,0.0034,0.86,83,2027-01-01
I002583,W025,C287,,26824,2682,24142,6500,13000,53648,0.0034,0.86,37,2027-01-01
I002584,W018,C288,,19209,1920,17289,4600,9200,38418,0.0035,0.88,47,2027-01-01
I002585,W019,C288,,19053,1905,17148,4600,9200,38106,0.0035,0.88,59,2027-01-01
I002586,W020,C288,,18513,1851,16662,4600,9200,37026,0.0035,0.88,86,2027-01-01
I002587,W021,C288,,18666,1866,16800,4600,9200,37332,0.0035,0.88,102,2027-01-01
I002588,W022,C288,,18744,1874,16870,4600,9200,37488,0.0035,0.88,81,2027-01-01
I002589,W023,C288,,18703,1870,16833,4600,9200,37406,0.0035,0.88,4,2027-01-01
I002590,W024,C288,,18758,1875,16883,4600,9200,37516,0.0035,0.88,113,2027-01-01
I002591,W025,C288,,18854,1885,16969,4600,9200,37708,0.0035,0.88,15,2027-01-01
I002592,W026,C288,,18836,1883,16953,4600,9200,37672,0.0035,0.88,27,2027-01-01
I002593,W019,C289,,22191,2219,19972,5300,10600,44382,0.0036,0.91,85,2027-01-01
I002594,W020,C289,,21543,2154,19389,5300,10600,43086,0.0036,0.91,103,2027-01-01
I002595,W021,C289,,21346,2134,19212,5300,10600,42692,0.0036,0.91,30,2027-01-01
I002596,W022,C289,,21501,2150,19351,5300,10600,43002,0.0036,0.91,56,2027-01-01
I002597,W023,C289,,21821,2182,19639,5300,10600,43642,0.0036,0.91,9,2027-01-01
I002598,W024,C289,,21869,2186,19683,5300,10600,43738,0.0036,0.91,1,2027-01-01
I002599,W025,C289,,21953,2195,19758,5300,10600,43906,0.0036,0.91,49,2027-01-01
I002600,W026,C289,,21783,2178,19605,5300,10600,43566,0.0036,0.91,104,2027-01-01
I002601,W027,C289,,21728,2172,19556,5300,10600,43456,0.0036,0.91,63,2027-01-01
I002602,W020,C290,,5088,508,4580,1100,2200,10176,0.0037,0.93,73,2027-01-01
I002603,W021,C290,,4515,451,4064,1100,2200,9030,0.0037,0.93,19,2027-01-01
I002604,W022,C290,,5392,539,4853,1100,2200,10784,0.0037,0.93,64,2027-01-01
I002605,W023,C290,,4547,454,4093,1100,2200,9094,0.0037,0.93,56,2027-01-01
I002606,W024,C290,,5168,516,4652,1100,2200,10336,0.0037,0.93,15,2027-01-01
I002607,W025,C290,,4677,467,4210,1100,2200,9354,0.0037,0.93,18,2027-01-01
I002608,W026,C290,,5101,510,4591,1100,2200,10202,0.0037,0.93,71,2027-01-01
I002609,W027,C290,,5156,515,4641,1100,2200,10312,0.0037,0.93,90,2027-01-01
I002610,W028,C290,,4667,466,4201,1100,2200,9334,0.0037,0.93,42,2027-01-01
I002611,W021,C291,,16457,1645,14812,3900,7800,32914,0.0038,0.95,97,2027-01-01
I002612,W022,C291,,16520,1652,14868,3900,7800,33040,0.0038,0.95,39,2027-01-01
I002613,W023,C291,,16031,1603,14428,3900,7800,32062,0.0038,0.95,63,2027-01-01
I002614,W024,C291,,16530,1653,14877,3900,7800,33060,0.0038,0.95,52,2027-01-01
I002615,W025,C291,,15942,1594,14348,3900,7800,31884,0.0038,0.95,23,2027-01-01
I002616,W026,C291,,16587,1658,14929,3900,7800,33174,0.0038,0.95,85,2027-01-01
I002617,W027,C291,,16596,1659,14937,3900,7800,33192,0.0038,0.95,101,2027-01-01
I002618,W028,C291,,16284,1628,14656,3900,7800,32568,0.0038,0.95,44,2027-01-01
I002619,W029,C291,,15804,1580,14224,3900,7800,31608,0.0038,0.95,30,2027-01-01
I002620,W022,C292,,5113,511,4602,1100,2200,10226,0.0039,0.97,74,2027-01-01
I002621,W023,C292,,5066,506,4560,1100,2200,10132,0.0039,0.97,33,2027-01-01
I002622,W024,C292,,4540,454,4086,1100,2200,9080,0.0039,0.97,116,2027-01-01
I002623,W025,C292,,4809,480,4329,1100,2200,9618,0.0039,0.97,88,2027-01-01
I002624,W026,C292,,4639,463,4176,1100,2200,9278,0.0039,0.97,2,2027-01-01
I002625,W027,C292,,5379,537,4842,1100,2200,10758,0.0039,0.97,96,2027-01-01
I002626,W028,C292,,4683,468,4215,1100,2200,9366,0.0039,0.97,87,2027-01-01
I002627,W029,C292,,5276,527,4749,1100,2200,10552,0.0039,0.97,32,2027-01-01
I002628,W030,C292,,4903,490,4413,1100,2200,9806,0.0039,0.97,47,2027-01-01
I002629,W023,C293,,12075,1207,10868,2800,5600,24150,0.004,1.0,28,2027-01-01
I002630,W024,C293,,11910,1191,10719,2800,5600,23820,0.004,1.0,114,2027-01-01
I002631,W025,C293,,11498,1149,10349,2800,5600,22996,0.004,1.0,111,2027-01-01
I002632,W026,C293,,11558,1155,10403,2800,5600,23116,0.004,1.0,30,2027-01-01
I002633,W027,C293,,11308,1130,10178,2800,5600,22616,0.004,1.0,26,2027-01-01
I002634,W028,C293,,11792,1179,10613,2800,5600,23584,0.004,1.0,100,2027-01-01
I002635,W029,C293,,11312,1131,10181,2800,5600,22624,0.004,1.0,39,2027-01-01
I002636,W030,C293,,11880,1188,10692,2800,5600,23760,0.004,1.0,28,2027-01-01
I002637,W001,C293,,11859,1185,10674,2800,5600,23718,0.004,1.0,44,2027-01-01
I002638,W024,C294,,31643,3164,28479,7700,15400,63286,0.0041,1.02,20,2027-01-01
I002639,W025,C294,,31189,3118,28071,7700,15400,62378,0.0041,1.02,42,2027-01-01
I002640,W026,C294,,31224,3122,28102,7700,15400,62448,0.0041,1.02,55,2027-01-01
I002641,W027,C294,,31153,3115,28038,7700,15400,62306,0.0041,1.02,7,2027-01-01
I002642,W028,C294,,31643,3164,28479,7700,15400,63286,0.0041,1.02,107,2027-01-01
I002643,W029,C294,,31561,3156,28405,7700,15400,63122,0.0041,1.02,25,2027-01-01
I002644,W030,C294,,31326,3132,28194,7700,15400,62652,0.0041,1.02,38,2027-01-01
I002645,W001,C294,,31745,3174,28571,7700,15400,63490,0.0041,1.02,52,2027-01-01
I002646,W002,C294,,31192,3119,28073,7700,15400,62384,0.0041,1.02,3,2027-01-01
I002647,W025,C295,,16041,1604,14437,3800,7600,32082,0.0042,1.04,15,2027-01-01
I002648,W026,C295,,15333,1533,13800,3800,7600,30666,0.0042,1.04,15,2027-01-01
I002649,W027,C295,,15699,1569,14130,3800,7600,31398,0.0042,1.04,24,2027-01-01
I002650,W028,C295,,15743,1574,14169,3800,7600,31486,0.0042,1.04,107,2027-01-01
I002651,W029,C295,,15508,1550,13958,3800,7600,31016,0.0042,1.04,84,2027-01-01
I002652,W030,C295,,15448,1544,13904,3800,7600,30896,0.0042,1.04,4,2027-01-01
I002653,W001,C295,,15321,1532,13789,3800,7600,30642,0.0042,1.04,36,2027-01-01
I002654,W002,C295,,15855,1585,14270,3800,7600,31710,0.0042,1.04,16,2027-01-01
I002655,W003,C295,,15339,1533,13806,3800,7600,30678,0.0042,1.04,86,2027-01-01
I002656,W026,C296,,17803,1780,16023,4400,8800,35606,0.0043,1.06,54,2027-01-01
I002657,W027,C296,,18144,1814,16330,4400,8800,36288,0.0043,1.06,25,2027-01-01
I002658,W028,C296,,17852,1785,16067,4400,8800,35704,0.0043,1.06,101,2027-01-01
I002659,W029,C296,,18202,1820,16382,4400,8800,36404,0.0043,1.06,32,2027-01-01
I002660,W030,C296,,17912,1791,16121,4400,8800,35824,0.0043,1.06,7,2027-01-01
I002661,W001,C296,,18114,1811,16303,4400,8800,36228,0.0043,1.06,43,2027-01-01
I002662,W002,C296,,17707,1770,15937,4400,8800,35414,0.0043,1.06,113,2027-01-01
I002663,W003,C296,,17795,1779,16016,4400,8800,35590,0.0043,1.06,78,2027-01-01
I002664,W004,C296,,17941,1794,16147,4400,8800,35882,0.0043,1.06,55,2027-01-01
I002665,W027,C297,,6246,624,5622,1500,3000,12492,0.0043,1.09,59,2027-01-01
I002666,W028,C297,,6385,638,5747,1500,3000,12770,0.0043,1.09,64,2027-01-01
I002667,W029,C297,,6407,640,5767,1500,3000,12814,0.0043,1.09,64,2027-01-01
I002668,W030,C297,,6394,639,5755,1500,3000,12788,0.0043,1.09,69,2027-01-01
I002669,W001,C297,,6994,699,6295,1500,3000,13988,0.0043,1.09,99,2027-01-01
I002670,W002,C297,,6531,653,5878,1500,3000,13062,0.0043,1.09,78,2027-01-01
I002671,W003,C297,,6254,625,5629,1500,3000,12508,0.0043,1.09,26,2027-01-01
I002672,W004,C297,,6926,692,6234,1500,3000,13852,0.0043,1.09,54,2027-01-01
I002673,W005,C297,,6172,617,5555,1500,3000,12344,0.0043,1.09,36,2027-01-01
I002674,W028,C298,,6805,680,6125,1600,3200,13610,0.0044,1.11,19,2027-01-01
I002675,W029,C298,,7090,709,6381,1600,3200,14180,0.0044,1.11,21,2027-01-01
I002676,W030,C298,,7352,735,6617,1600,3200,14704,0.0044,1.11,105,2027-01-01
I002677,W001,C298,,6558,655,5903,1600,3200,13116,0.0044,1.11,52,2027-01-01
I002678,W002,C298,,6924,692,6232,1600,3200,13848,0.0044,1.11,107,2027-01-01
I002679,W003,C298,,6860,686,6174,1600,3200,13720,0.0044,1.11,100,2027-01-01
I002680,W004,C298,,6807,680,6127,1600,3200,13614,0.0044,1.11,66,2027-01-01
I002681,W005,C298,,7307,730,6577,1600,3200,14614,0.0044,1.11,66,2027-01-01
I002682,W006,C298,,6578,657,5921,1600,3200,13156,0.0044,1.11,106,2027-01-01
I002683,W029,C299,,29013,2901,26112,7200,14400,58026,0.0045,1.13,2,2027-01-01
I002684,W030,C299,,29647,2964,26683,7200,14400,59294,0.0045,1.13,91,2027-01-01
I002685,W001,C299,,29799,2979,26820,7200,14400,59598,0.0045,1.13,98,2027-01-01
I002686,W002,C299,,29434,2943,26491,7200,14400,58868,0.0045,1.13,56,2027-01-01
I002687,W003,C299,,29793,2979,26814,7200,14400,59586,0.0045,1.13,2,2027-01-01
I002688,W004,C299,,29234,2923,26311,7200,14400,58468,0.0045,1.13,48,2027-01-01
I002689,W005,C299,,29797,2979,26818,7200,14400,59594,0.0045,1.13,46,2027-01-01
I002690,W006,C299,,28920,2892,26028,7200,14400,57840,0.0045,1.13,59,2027-01-01
I002691,W007,C299,,29141,2914,26227,7200,14400,58282,0.0045,1.13,113,2027-01-01
I002692,W030,C300,,18505,1850,16655,4400,8800,37010,0.0046,1.15,99,2027-01-01
I002693,W001,C300,,17792,1779,16013,4400,8800,35584,0.0046,1.15,46,2027-01-01
I002694,W002,C300,,18003,1800,16203,4400,8800,36006,0.0046,1.15,57,2027-01-01
I002695,W003,C300,,17803,1780,16023,4400,8800,35606,0.0046,1.15,47,2027-01-01
I002696,W004,C300,,17863,1786,16077,4400,8800,35726,0.0046,1.15,75,2027-01-01
I002697,W005,C300,,18378,1837,16541,4400,8800,36756,0.0046,1.15,68,2027-01-01
I002698,W006,C300,,17777,1777,16000,4400,8800,35554,0.0046,1.15,94,2027-01-01
I002699,W007,C300,,17744,1774,15970,4400,8800,35488,0.0046,1.15,74,2027-01-01
I002700,W008,C300,,18071,1807,16264,4400,8800,36142,0.0046,1.15,113,2027-01-01
I002701,W001,C301,,30588,3058,27530,7400,14800,61176,0.0002,0.05,17,2027-01-01
I002702,W002,C301,,30212,3021,27191,7400,14800,60424,0.0002,0.05,69,2027-01-01
I002703,W003,C301,,30044,3004,27040,7400,14800,60088,0.0002,0.05,35,2027-01-01
I002704,W004,C301,,29796,2979,26817,7400,14800,59592,0.0002,0.05,115,2027-01-01
I002705,W005,C301,,30205,3020,27185,7400,14800,60410,0.0002,0.05,27,2027-01-01
I002706,W006,C301,,29767,2976,26791,7400,14800,59534,0.0002,0.05,29,2027-01-01
I002707,W007,C301,,29720,2972,26748,7400,14800,59440,0.0002,0.05,120,2027-01-01
I002708,W008,C301,,30093,3009,27084,7400,14800,60186,0.0002,0.05,87,2027-01-01
I002709,W009,C301,,30378,3037,27341,7400,14800,60756,0.0002,0.05,8,2027-01-01
I002710,W002,C302,,14139,1413,12726,3500,7000,28278,0.0003,0.07,68,2027-01-01
I002711,W003,C302,,14608,1460,13148,3500,7000,29216,0.0003,0.07,27,2027-01-01
I002712,W004,C302,,14454,1445,13009,3500,7000,28908,0.0003,0.07,42,2027-01-01
I002713,W005,C302,,14494,1449,13045,3500,7000,28988,0.0003,0.07,109,2027-01-01
I002714,W006,C302,,14304,1430,12874,3500,7000,28608,0.0003,0.07,75,2027-01-01
I002715,W007,C302,,14543,1454,13089,3500,7000,29086,0.0003,0.07,77,2027-01-01
I002716,W008,C302,,14783,1478,13305,3500,7000,29566,0.0003,0.07,101,2027-01-01
I002717,W009,C302,,14359,1435,12924,3500,7000,28718,0.0003,0.07,37,2027-01-01
I002718,W010,C302,,14903,1490,13413,3500,7000,29806,0.0003,0.07,101,2027-01-01
I002719,W003,C303,,32192,3219,28973,7800,15600,64384,0.0004,0.1,92,2027-01-01
I002720,W004,C303,,31830,3183,28647,7800,15600,63660,0.0004,0.1,61,2027-01-01
I002721,W005,C303,,31958,3195,28763,7800,15600,63916,0.0004,0.1,111,2027-01-01
I002722,W006,C303,,31319,3131,28188,7800,15600,62638,0.0004,0.1,99,2027-01-01
I002723,W007,C303,,31802,3180,28622,7800,15600,63604,0.0004,0.1,85,2027-01-01
I002724,W008,C303,,32176,3217,28959,7800,15600,64352,0.0004,0.1,96,2027-01-01
I002725,W009,C303,,31477,3147,28330,7800,15600,62954,0.0004,0.1,88,2027-01-01
I002726,W010,C303,,31959,3195,28764,7800,15600,63918,0.0004,0.1,80,2027-01-01
I002727,W011,C303,,32185,3218,28967,7800,15600,64370,0.0004,0.1,80,2027-01-01
I002728,W004,C304,,10766,1076,9690,2600,5200,21532,0.0005,0.12,46,2027-01-01
I002729,W005,C304,,10919,1091,9828,2600,5200,21838,0.0005,0.12,32,2027-01-01
I002730,W006,C304,,11377,1137,10240,2600,5200,22754,0.0005,0.12,39,2027-01-01
I002731,W007,C304,,10701,1070,9631,2600,5200,21402,0.0005,0.12,88,2027-01-01
I002732,W008,C304,,10916,1091,9825,2600,5200,21832,0.0005,0.12,84,2027-01-01
I002733,W009,C304,,11216,1121,10095,2600,5200,22432,0.0005,0.12,44,2027-01-01
I002734,W010,C304,,10902,1090,9812,2600,5200,21804,0.0005,0.12,112,2027-01-01
I002735,W011,C304,,10818,1081,9737,2600,5200,21636,0.0005,0.12,6,2027-01-01
I002736,W012,C304,,10514,1051,9463,2600,5200,21028,0.0005,0.12,67,2027-01-01
I002737,W005,C305,,22140,2214,19926,5300,10600,44280,0.0006,0.14,77,2027-01-01
I002738,W006,C305,,21950,2195,19755,5300,10600,43900,0.0006,0.14,56,2027-01-01
I002739,W007,C305,,21815,2181,19634,5300,10600,43630,0.0006,0.14,39,2027-01-01
I002740,W008,C305,,21976,2197,19779,5300,10600,43952,0.0006,0.14,43,2027-01-01
I002741,W009,C305,,22192,2219,19973,5300,10600,44384,0.0006,0.14,88,2027-01-01
I002742,W010,C305,,21719,2171,19548,5300,10600,43438,0.0006,0.14,11,2027-01-01
I002743,W011,C305,,22072,2207,19865,5300,10600,44144,0.0006,0.14,86,2027-01-01
I002744,W012,C305,,21555,2155,19400,5300,10600,43110,0.0006,0.14,88,2027-01-01
I002745,W013,C305,,21944,2194,19750,5300,10600,43888,0.0006,0.14,43,2027-01-01
I002746,W006,C306,,6868,686,6182,1600,3200,13736,0.0007,0.16,104,2027-01-01
I002747,W007,C306,,7337,733,6604,1600,3200,14674,0.0007,0.16,7,2027-01-01
I002748,W008,C306,,6943,694,6249,1600,3200,13886,0.0007,0.16,93,2027-01-01
I002749,W009,C306,,6593,659,5934,1600,3200,13186,0.0007,0.16,98,2027-01-01
I002750,W010,C306,,6701,670,6031,1600,3200,13402,0.0007,0.16,12,2027-01-01
I002751,W011,C306,,6818,681,6137,1600,3200,13636,0.0007,0.16,73,2027-01-01
I002752,W012,C306,,7245,724,6521,1600,3200,14490,0.0007,0.16,8,2027-01-01
I002753,W013,C306,,6867,686,6181,1600,3200,13734,0.0007,0.16,39,2027-01-01
I002754,W014,C306,,6848,684,6164,1600,3200,13696,0.0007,0.16,77,2027-01-01
I002755,W007,C307,,11912,1191,10721,2800,5600,23824,0.0007,0.19,55,2027-01-01
I002756,W008,C307,,11667,1166,10501,2800,5600,23334,0.0007,0.19,21,2027-01-01
I002757,W009,C307,,11598,1159,10439,2800,5600,23196,0.0007,0.19,43,2027-01-01
I002758,W010,C307,,12091,1209,10882,2800,5600,24182,0.0007,0.19,106,2027-01-01
I002759,W011,C307,,11565,1156,10409,2800,5600,23130,0.0007,0.19,114,2027-01-01
I002760,W012,C307,,11977,1197,10780,2800,5600,23954,0.0007,0.19,51,2027-01-01
I002761,W013,C307,,12023,1202,10821,2800,5600,24046,0.0007,0.19,98,2027-01-01
I002762,W014,C307,,11579,1157,10422,2800,5600,23158,0.0007,0.19,61,2027-01-01
I002763,W015,C307,,11475,1147,10328,2800,5600,22950,0.0007,0.19,85,2027-01-01
I002764,W008,C308,,9188,918,8270,2200,4400,18376,0.0008,0.21,85,2027-01-01
I002765,W009,C308,,9304,930,8374,2200,4400,18608,0.0008,0.21,49,2027-01-01
I002766,W010,C308,,8918,891,8027,2200,4400,17836,0.0008,0.21,63,2027-01-01
I002767,W011,C308,,9250,925,8325,2200,4400,18500,0.0008,0.21,31,2027-01-01
I002768,W012,C308,,9701,970,8731,2200,4400,19402,0.0008,0.21,62,2027-01-01
I002769,W013,C308,,9529,952,8577,2200,4400,19058,0.0008,0.21,94,2027-01-01
I002770,W014,C308,,9561,956,8605,2200,4400,19122,0.0008,0.21,30,2027-01-01
I002771,W015,C308,,9406,940,8466,2200,4400,18812,0.0008,0.21,90,2027-01-01
I002772,W016,C308,,9488,948,8540,2200,4400,18976,0.0008,0.21,102,2027-01-01
I002773,W009,C309,,21878,2187,19691,5400,10800,43756,0.0009,0.23,64,2027-01-01
I002774,W010,C309,,21715,2171,19544,5400,10800,43430,0.0009,0.23,94,2027-01-01
I002775,W011,C309,,22316,2231,20085,5400,10800,44632,0.0009,0.23,85,2027-01-01
I002776,W012,C309,,22581,2258,20323,5400,10800,45162,0.0009,0.23,10,2027-01-01
I002777,W013,C309,,21764,2176,19588,5400,10800,43528,0.0009,0.23,2,2027-01-01
I002778,W014,C309,,21960,2196,19764,5400,10800,43920,0.0009,0.23,60,2027-01-01
I002779,W015,C309,,21824,2182,19642,5400,10800,43648,0.0009,0.23,20,2027-01-01
I002780,W016,C309,,22225,2222,20003,5400,10800,44450,0.0009,0.23,93,2027-01-01
I002781,W017,C309,,22339,2233,20106,5400,10800,44678,0.0009,0.23,80,2027-01-01
I002782,W010,C310,,24112,2411,21701,6000,12000,48224,0.001,0.25,18,2027-01-01
I002783,W011,C310,,24131,2413,21718,6000,12000,48262,0.001,0.25,9,2027-01-01
I002784,W012,C310,,24163,2416,21747,6000,12000,48326,0.001,0.25,21,2027-01-01
I002785,W013,C310,,24845,2484,22361,6000,12000,49690,0.001,0.25,108,2027-01-01
I002786,W014,C310,,24733,2473,22260,6000,12000,49466,0.001,0.25,79,2027-01-01
I002787,W015,C310,,24952,2495,22457,6000,12000,49904,0.001,0.25,42,2027-01-01
I002788,W016,C310,,24736,2473,22263,6000,12000,49472,0.001,0.25,4,2027-01-01
I002789,W017,C310,,24847,2484,22363,6000,12000,49694,0.001,0.25,92,2027-01-01
I002790,W018,C310,,24363,2436,21927,6000,12000,48726,0.001,0.25,37,2027-01-01
I002791,W011,C311,,10190,1019,9171,2500,5000,20380,0.0011,0.28,3,2027-01-01
I002792,W012,C311,,10708,1070,9638,2500,5000,21416,0.0011,0.28,53,2027-01-01
I002793,W013,C311,,10866,1086,9780,2500,5000,21732,0.0011,0.28,119,2027-01-01
I002794,W014,C311,,10642,1064,9578,2500,5000,21284,0.0011,0.28,105,2027-01-01
I002795,W015,C311,,10103,1010,9093,2500,5000,20206,0.0011,0.28,19,2027-01-01
I002796,W016,C311,,10635,1063,9572,2500,5000,21270,0.0011,0.28,48,2027-01-01
I002797,W017,C311,,10444,1044,9400,2500,5000,20888,0.0011,0.28,25,2027-01-01
I002798,W018,C311,,10259,1025,9234,2500,5000,20518,0.0011,0.28,77,2027-01-01
I002799,W019,C311,,10787,1078,9709,2500,5000,21574,0.0011,0.28,118,2027-01-01
I002800,W012,C312,,19223,1922,17301,4700,9400,38446,0.0012,0.3,8,2027-01-01
I002801,W013,C312,,19367,1936,17431,4700,9400,38734,0.0012,0.3,113,2027-01-01
I002802,W014,C312,,19537,1953,17584,4700,9400,39074,0.0012,0.3,120,2027-01-01
I002803,W015,C312,,19141,1914,17227,4700,9400,38282,0.0012,0.3,76,2027-01-01
I002804,W016,C312,,19760,1976,17784,4700,9400,39520,0.0012,0.3,114,2027-01-01
I002805,W017,C312,,19370,1937,17433,4700,9400,38740,0.0012,0.3,112,2027-01-01
I002806,W018,C312,,19137,1913,17224,4700,9400,38274,0.0012,0.3,57,2027-01-01
I002807,W019,C312,,19092,1909,17183,4700,9400,38184,0.0012,0.3,38,2027-01-01
I002808,W020,C312,,19161,1916,17245,4700,9400,38322,0.0012,0.3,42,2027-01-01
I002809,W013,C313,,25455,2545,22910,6200,12400,50910,0.0013,0.32,31,2027-01-01
I002810,W014,C313,,25797,2579,23218,6200,12400,51594,0.0013,0.32,108,2027-01-01
I002811,W015,C313,,25705,2570,23135,6200,12400,51410,0.0013,0.32,40,2027-01-01
I002812,W016,C313,,25464,2546,22918,6200,12400,50928,0.0013,0.32,117,2027-01-01
I002813,W017,C313,,25261,2526,22735,6200,12400,50522,0.0013,0.32,73,2027-01-01
I002814,W018,C313,,25750,2575,23175,6200,12400,51500,0.0013,0.32,42,2027-01-01
I002815,W019,C313,,25506,2550,22956,6200,12400,51012,0.0013,0.32,79,2027-01-01
I002816,W020,C313,,25748,2574,23174,6200,12400,51496,0.0013,0.32,33,2027-01-01
I002817,W021,C313,,25143,2514,22629,6200,12400,50286,0.0013,0.32,79,2027-01-01
I002818,W014,C314,,19121,1912,17209,4600,9200,38242,0.0014,0.34,25,2027-01-01
I002819,W015,C314,,19305,1930,17375,4600,9200,38610,0.0014,0.34,31,2027-01-01
I002820,W016,C314,,19054,1905,17149,4600,9200,38108,0.0014,0.34,34,2027-01-01
I002821,W017,C314,,19118,1911,17207,4600,9200,38236,0.0014,0.34,76,2027-01-01
I002822,W018,C314,,18812,1881,16931,4600,9200,37624,0.0014,0.34,66,2027-01-01
I002823,W019,C314,,19054,1905,17149,4600,9200,38108,0.0014,0.34,45,2027-01-01
I002824,W020,C314,,18953,1895,17058,4600,9200,37906,0.0014,0.34,114,2027-01-01
I002825,W021,C314,,19347,1934,17413,4600,9200,38694,0.0014,0.34,40,2027-01-01
I002826,W022,C314,,18723,1872,16851,4600,9200,37446,0.0014,0.34,104,2027-01-01
I002827,W015,C315,,12857,1285,11572,3000,6000,25714,0.0015,0.37,115,2027-01-01
I002828,W016,C315,,12937,1293,11644,3000,6000,25874,0.0015,0.37,25,2027-01-01
I002829,W017,C315,,12162,1216,10946,3000,6000,24324,0.0015,0.37,57,2027-01-01
I002830,W018,C315,,12874,1287,11587,3000,6000,25748,0.0015,0.37,63,2027-01-01
I002831,W019,C315,,12628,1262,11366,3000,6000,25256,0.0015,0.37,96,2027-01-01
I002832,W020,C315,,12280,1228,11052,3000,6000,24560,0.0015,0.37,59,2027-01-01
I002833,W021,C315,,12793,1279,11514,3000,6000,25586,0.0015,0.37,4,2027-01-01
I002834,W022,C315,,12614,1261,11353,3000,6000,25228,0.0015,0.37,119,2027-01-01
I002835,W023,C315,,12944,1294,11650,3000,6000,25888,0.0015,0.37,12,2027-01-01
I002836,W016,C316,,3750,375,3375,900,1800,7500,0.0016,0.39,52,2027-01-01
I002837,W017,C316,,4352,435,3917,900,1800,8704,0.0016,0.39,114,2027-01-01
I002838,W018,C316,,3932,393,3539,900,1800,7864,0.0016,0.39,101,2027-01-01
I002839,W019,C316,,4241,424,3817,900,1800,8482,0.0016,0.39,3,2027-01-01
I002840,W020,C316,,3939,393,3546,900,1800,7878,0.0016,0.39,30,2027-01-01
I002841,W021,C316,,3718,371,3347,900,1800,7436,0.0016,0.39,106,2027-01-01
I002842,W022,C316,,4002,400,3602,900,1800,8004,0.0016,0.39,18,2027-01-01
I002843,W023,C316,,3791,379,3412,900,1800,7582,0.0016,0.39,31,2027-01-01
I002844,W024,C316,,4509,450,4059,900,1800,9018,0.0016,0.39,61,2027-01-01
I002845,W017,C317,,17238,1723,15515,4100,8200,34476,0.0016,0.41,15,2027-01-01
I002846,W018,C317,,16602,1660,14942,4100,8200,33204,0.0016,0.41,50,2027-01-01
I002847,W019,C317,,17197,1719,15478,4100,8200,34394,0.0016,0.41,49,2027-01-01
I002848,W020,C317,,16667,1666,15001,4100,8200,33334,0.0016,0.41,10,2027-01-01
I002849,W021,C317,,17189,1718,15471,4100,8200,34378,0.0016,0.41,89,2027-01-01
I002850,W022,C317,,16705,1670,15035,4100,8200,33410,0.0016,0.41,83,2027-01-01
I002851,W023,C317,,16922,1692,15230,4100,8200,33844,0.0016,0.41,97,2027-01-01
I002852,W024,C317,,16926,1692,15234,4100,8200,33852,0.0016,0.41,47,2027-01-01
I002853,W025,C317,,16858,1685,15173,4100,8200,33716,0.0016,0.41,15,2027-01-01
I002854,W018,C318,,25260,2526,22734,6200,12400,50520,0.0017,0.43,90,2027-01-01
I002855,W019,C318,,25554,2555,22999,6200,12400,51108,0.0017,0.43,58,2027-01-01
I002856,W020,C318,,25774,2577,23197,6200,12400,51548,0.0017,0.43,10,2027-01-01
I002857,W021,C318,,25744,2574,23170,6200,12400,51488,0.0017,0.43,48,2027-01-01
I002858,W022,C318,,25200,2520,22680,6200,12400,50400,0.0017,0.43,103,2027-01-01
I002859,W023,C318,,24974,2497,22477,6200,12400,49948,0.0017,0.43,24,2027-01-01
I002860,W024,C318,,25769,2576,23193,6200,12400,51538,0.0017,0.43,116,2027-01-01
I002861,W025,C318,,25246,2524,22722,6200,12400,50492,0.0017,0.43,96,2027-01-01
I002862,W026,C318,,25070,2507,22563,6200,12400,50140,0.0017,0.43,71,2027-01-01
I002863,W019,C319,,27164,2716,24448,6600,13200,54328,0.0018,0.46,116,2027-01-01
I002864,W020,C319,,26819,2681,24138,6600,13200,53638,0.0018,0.46,78,2027-01-01
I002865,W021,C319,,26648,2664,23984,6600,13200,53296,0.0018,0.46,73,2027-01-01
I002866,W022,C319,,27060,2706,24354,6600,13200,54120,0.0018,0.46,10,2027-01-01
I002867,W023,C319,,26511,2651,23860,6600,13200,53022,0.0018,0.46,47,2027-01-01
I002868,W024,C319,,27163,2716,24447,6600,13200,54326,0.0018,0.46,38,2027-01-01
I002869,W025,C319,,26823,2682,24141,6600,13200,53646,0.0018,0.46,26,2027-01-01
I002870,W026,C319,,27308,2730,24578,6600,13200,54616,0.0018,0.46,49,2027-01-01
I002871,W027,C319,,26881,2688,24193,6600,13200,53762,0.0018,0.46,19,2027-01-01
I002872,W020,C320,,24854,2485,22369,6100,12200,49708,0.0019,0.48,91,2027-01-01
I002873,W021,C320,,24670,2467,22203,6100,12200,49340,0.0019,0.48,111,2027-01-01
I002874,W022,C320,,24929,2492,22437,6100,12200,49858,0.0019,0.48,53,2027-01-01
I002875,W023,C320,,25347,2534,22813,6100,12200,50694,0.0019,0.48,89,2027-01-01
I002876,W024,C320,,25069,2506,22563,6100,12200,50138,0.0019,0.48,72,2027-01-01
I002877,W025,C320,,25020,2502,22518,6100,12200,50040,0.0019,0.48,29,2027-01-01
I002878,W026,C320,,24819,2481,22338,6100,12200,49638,0.0019,0.48,33,2027-01-01
I002879,W027,C320,,24546,2454,22092,6100,12200,49092,0.0019,0.48,96,2027-01-01
I002880,W028,C320,,25009,2500,22509,6100,12200,50018,0.0019,0.48,119,2027-01-01
I002881,W021,C321,,26695,2669,24026,6600,13200,53390,0.002,0.5,88,2027-01-01
I002882,W022,C321,,26656,2665,23991,6600,13200,53312,0.002,0.5,17,2027-01-01
I002883,W023,C321,,26565,2656,23909,6600,13200,53130,0.002,0.5,76,2027-01-01
I002884,W024,C321,,26548,2654,23894,6600,13200,53096,0.002,0.5,34,2027-01-01
I002885,W025,C321,,26875,2687,24188,6600,13200,53750,0.002,0.5,120,2027-01-01
I002886,W026,C321,,27277,2727,24550,6600,13200,54554,0.002,0.5,12,2027-01-01
I002887,W027,C321,,27315,2731,24584,6600,13200,54630,0.002,0.5,104,2027-01-01
I002888,W028,C321,,26595,2659,23936,6600,13200,53190,0.002,0.5,46,2027-01-01
I002889,W029,C321,,27259,2725,24534,6600,13200,54518,0.002,0.5,70,2027-01-01
I002890,W022,C322,,30246,3024,27222,7500,15000,60492,0.0021,0.52,60,2027-01-01
I002891,W023,C322,,30920,3092,27828,7500,15000,61840,0.0021,0.52,38,2027-01-01
I002892,W024,C322,,30871,3087,27784,7500,15000,61742,0.0021,0.52,27,2027-01-01
I002893,W025,C322,,30192,3019,27173,7500,15000,60384,0.0021,0.52,92,2027-01-01
I002894,W026,C322,,30200,3020,27180,7500,15000,60400,0.0021,0.52,30,2027-01-01
I002895,W027,C322,,30725,3072,27653,7500,15000,61450,0.0021,0.52,18,2027-01-01
I002896,W028,C322,,30757,3075,27682,7500,15000,61514,0.0021,0.52,54,2027-01-01
I002897,W029,C322,,30870,3087,27783,7500,15000,61740,0.0021,0.52,97,2027-01-01
I002898,W030,C322,,30985,3098,27887,7500,15000,61970,0.0021,0.52,5,2027-01-01
I002899,W023,C323,,19863,1986,17877,4900,9800,39726,0.0022,0.55,4,2027-01-01
I002900,W024,C323,,19833,1983,17850,4900,9800,39666,0.0022,0.55,94,2027-01-01
I002901,W025,C323,,20235,2023,18212,4900,9800,40470,0.0022,0.55,91,2027-01-01
I002902,W026,C323,,20065,2006,18059,4900,9800,40130,0.0022,0.55,41,2027-01-01
I002903,W027,C323,,20101,2010,18091,4900,9800,40202,0.0022,0.55,57,2027-01-01
I002904,W028,C323,,20420,2042,18378,4900,9800,40840,0.0022,0.55,12,2027-01-01
I002905,W029,C323,,20492,2049,18443,4900,9800,40984,0.0022,0.55,72,2027-01-01
I002906,W030,C323,,20204,2020,18184,4900,9800,40408,0.0022,0.55,118,2027-01-01
I002907,W001,C323,,20319,2031,18288,4900,9800,40638,0.0022,0.55,108,2027-01-01
I002908,W024,C324,,8602,860,7742,2100,4200,17204,0.0023,0.57,105,2027-01-01
I002909,W025,C324,,8946,894,8052,2100,4200,17892,0.0023,0.57,88,2027-01-01
I002910,W026,C324,,8738,873,7865,2100,4200,17476,0.0023,0.57,73,2027-01-01
I002911,W027,C324,,9279,927,8352,2100,4200,18558,0.0023,0.57,40,2027-01-01
I002912,W028,C324,,8671,867,7804,2100,4200,17342,0.0023,0.57,9,2027-01-01
I002913,W029,C324,,9246,924,8322,2100,4200,18492,0.0023,0.57,85,2027-01-01
I002914,W030,C324,,9391,939,8452,2100,4200,18782,0.0023,0.57,105,2027-01-01
I002915,W001,C324,,8788,878,7910,2100,4200,17576,0.0023,0.57,56,2027-01-01
I002916,W002,C324,,8920,892,8028,2100,4200,17840,0.0023,0.57,19,2027-01-01
I002917,W025,C325,,26976,2697,24279,6500,13000,53952,0.0024,0.59,95,2027-01-01
I002918,W026,C325,,26400,2640,23760,6500,13000,52800,0.0024,0.59,42,2027-01-01
I002919,W027,C325,,26817,2681,24136,6500,13000,53634,0.0024,0.59,14,2027-01-01
I002920,W028,C325,,26466,2646,23820,6500,13000,52932,0.0024,0.59,27,2027-01-01
I002921,W029,C325,,26201,2620,23581,6500,13000,52402,0.0024,0.59,107,2027-01-01
I002922,W030,C325,,26479,2647,23832,6500,13000,52958,0.0024,0.59,105,2027-01-01
I002923,W001,C325,,26246,2624,23622,6500,13000,52492,0.0024,0.59,106,2027-01-01
I002924,W002,C325,,26315,2631,23684,6500,13000,52630,0.0024,0.59,53,2027-01-01
I002925,W003,C325,,26430,2643,23787,6500,13000,52860,0.0024,0.59,71,2027-01-01
I002926,W026,C326,,10175,1017,9158,2400,4800,20350,0.0024,0.61,114,2027-01-01
I002927,W027,C326,,10133,1013,9120,2400,4800,20266,0.0024,0.61,28,2027-01-01
I002928,W028,C326,,10188,1018,9170,2400,4800,20376,0.0024,0.61,110,2027-01-01
I002929,W029,C326,,10008,1000,9008,2400,4800,20016,0.0024,0.61,19,2027-01-01
I002930,W030,C326,,10466,1046,9420,2400,4800,20932,0.0024,0.61,12,2027-01-01
I002931,W001,C326,,10200,1020,9180,2400,4800,20400,0.0024,0.61,86,2027-01-01
I002932,W002,C326,,10417,1041,9376,2400,4800,20834,0.0024,0.61,57,2027-01-01
I002933,W003,C326,,10313,1031,9282,2400,4800,20626,0.0024,0.61,105,2027-01-01
I002934,W004,C326,,10370,1037,9333,2400,4800,20740,0.0024,0.61,63,2027-01-01
I002935,W027,C327,,31916,3191,28725,7800,15600,63832,0.0025,0.64,1,2027-01-01
I002936,W028,C327,,31396,3139,28257,7800,15600,62792,0.0025,0.64,103,2027-01-01
I002937,W029,C327,,31486,3148,28338,7800,15600,62972,0.0025,0.64,43,2027-01-01
I002938,W030,C327,,31605,3160,28445,7800,15600,63210,0.0025,0.64,15,2027-01-01
I002939,W001,C327,,31585,3158,28427,7800,15600,63170,0.0025,0.64,111,2027-01-01
I002940,W002,C327,,32043,3204,28839,7800,15600,64086,0.0025,0.64,76,2027-01-01
I002941,W003,C327,,32011,3201,28810,7800,15600,64022,0.0025,0.64,105,2027-01-01
I002942,W004,C327,,32000,3200,28800,7800,15600,64000,0.0025,0.64,86,2027-01-01
I002943,W005,C327,,31369,3136,28233,7800,15600,62738,0.0025,0.64,110,2027-01-01
I002944,W028,C328,,30206,3020,27186,7500,15000,60412,0.0026,0.66,68,2027-01-01
I002945,W029,C328,,30477,3047,27430,7500,15000,60954,0.0026,0.66,74,2027-01-01
I002946,W030,C328,,30630,3063,27567,7500,15000,61260,0.0026,0.66,47,2027-01-01
I002947,W001,C328,,30607,3060,27547,7500,15000,61214,0.0026,0.66,30,2027-01-01
I002948,W002,C328,,30247,3024,27223,7500,15000,60494,0.0026,0.66,25,2027-01-01
I002949,W003,C328,,30281,3028,27253,7500,15000,60562,0.0026,0.66,73,2027-01-01
I002950,W004,C328,,30975,3097,27878,7500,15000,61950,0.0026,0.66,54,2027-01-01
I002951,W005,C328,,30496,3049,27447,7500,15000,60992,0.0026,0.66,5,2027-01-01
I002952,W006,C328,,30330,3033,27297,7500,15000,60660,0.0026,0.66,37,2027-01-01
I002953,W029,C329,,18595,1859,16736,4500,9000,37190,0.0027,0.68,33,2027-01-01
I002954,W030,C329,,18852,1885,16967,4500,9000,37704,0.0027,0.68,61,2027-01-01
I002955,W001,C329,,18481,1848,16633,4500,9000,36962,0.0027,0.68,70,2027-01-01
I002956,W002,C329,,18571,1857,16714,4500,9000,37142,0.0027,0.68,65,2027-01-01
I002957,W003,C329,,18606,1860,16746,4500,9000,37212,0.0027,0.68,111,2027-01-01
I002958,W004,C329,,18453,1845,16608,4500,9000,36906,0.0027,0.68,18,2027-01-01
I002959,W005,C329,,18392,1839,16553,4500,9000,36784,0.0027,0.68,21,2027-01-01
I002960,W006,C329,,18720,1872,16848,4500,9000,37440,0.0027,0.68,108,2027-01-01
I002961,W007,C329,,18150,1815,16335,4500,9000,36300,0.0027,0.68,114,2027-01-01
I002962,W030,C330,,17639,1763,15876,4300,8600,35278,0.0028,0.7,40,2027-01-01
I002963,W001,C330,,17937,1793,16144,4300,8600,35874,0.0028,0.7,109,2027-01-01
I002964,W002,C330,,17467,1746,15721,4300,8600,34934,0.0028,0.7,59,2027-01-01
I002965,W003,C330,,17731,1773,15958,4300,8600,35462,0.0028,0.7,58,2027-01-01
I002966,W004,C330,,17582,1758,15824,4300,8600,35164,0.0028,0.7,9,2027-01-01
I002967,W005,C330,,17966,1796,16170,4300,8600,35932,0.0028,0.7,67,2027-01-01
I002968,W006,C330,,17382,1738,15644,4300,8600,34764,0.0028,0.7,104,2027-01-01
I002969,W007,C330,,17604,1760,15844,4300,8600,35208,0.0028,0.7,39,2027-01-01
I002970,W008,C330,,18052,1805,16247,4300,8600,36104,0.0028,0.7,69,2027-01-01
I002971,W001,C331,,26783,2678,24105,6500,13000,53566,0.0029,0.73,89,2027-01-01
I002972,W002,C331,,26265,2626,23639,6500,13000,52530,0.0029,0.73,26,2027-01-01
I002973,W003,C331,,26126,2612,23514,6500,13000,52252,0.0029,0.73,112,2027-01-01
I002974,W004,C331,,26582,2658,23924,6500,13000,53164,0.0029,0.73,58,2027-01-01
I002975,W005,C331,,26858,2685,24173,6500,13000,53716,0.0029,0.73,10,2027-01-01
I002976,W006,C331,,26821,2682,24139,6500,13000,53642,0.0029,0.73,110,2027-01-01
I002977,W007,C331,,26897,2689,24208,6500,13000,53794,0.0029,0.73,61,2027-01-01
I002978,W008,C331,,26827,2682,24145,6500,13000,53654,0.0029,0.73,62,2027-01-01
I002979,W009,C331,,26953,2695,24258,6500,13000,53906,0.0029,0.73,103,2027-01-01
I002980,W002,C332,,25084,2508,22576,6200,12400,50168,0.003,0.75,46,2027-01-01
I002981,W003,C332,,25013,2501,22512,6200,12400,50026,0.003,0.75,81,2027-01-01
I002982,W004,C332,,25325,2532,22793,6200,12400,50650,0.003,0.75,50,2027-01-01
I002983,W005,C332,,25486,2548,22938,6200,12400,50972,0.003,0.75,61,2027-01-01
I002984,W006,C332,,25562,2556,23006,6200,12400,51124,0.003,0.75,29,2027-01-01
I002985,W007,C332,,25237,2523,22714,6200,12400,50474,0.003,0.75,10,2027-01-01
I002986,W008,C332,,25759,2575,23184,6200,12400,51518,0.003,0.75,14,2027-01-01
I002987,W009,C332,,25603,2560,23043,6200,12400,51206,0.003,0.75,32,2027-01-01
I002988,W010,C332,,25362,2536,22826,6200,12400,50724,0.003,0.75,102,2027-01-01
I002989,W003,C333,,17186,1718,15468,4200,8400,34372,0.0031,0.77,77,2027-01-01
I002990,W004,C333,,17054,1705,15349,4200,8400,34108,0.0031,0.77,77,2027-01-01
I002991,W005,C333,,17547,1754,15793,4200,8400,35094,0.0031,0.77,108,2027-01-01
I002992,W006,C333,,17606,1760,15846,4200,8400,35212,0.0031,0.77,112,2027-01-01
I002993,W007,C333,,17339,1733,15606,4200,8400,34678,0.0031,0.77,25,2027-01-01
I002994,W008,C333,,17448,1744,15704,4200,8400,34896,0.0031,0.77,26,2027-01-01
I002995,W009,C333,,17004,1700,15304,4200,8400,34008,0.0031,0.77,78,2027-01-01
I002996,W010,C333,,17591,1759,15832,4200,8400,35182,0.0031,0.77,65,2027-01-01
I002997,W011,C333,,17016,1701,15315,4200,8400,34032,0.0031,0.77,23,2027-01-01
I002998,W004,C334,,3745,374,3371,900,1800,7490,0.0032,0.79,33,2027-01-01
I002999,W005,C334,,4028,402,3626,900,1800,8056,0.0032,0.79,76,2027-01-01
I003000,W006,C334,,4046,404,3642,900,1800,8092,0.0032,0.79,67,2027-01-01
I003001,W007,C334,,3813,381,3432,900,1800,7626,0.0032,0.79,32,2027-01-01
I003002,W008,C334,,3984,398,3586,900,1800,7968,0.0032,0.79,14,2027-01-01
I003003,W009,C334,,4505,450,4055,900,1800,9010,0.0032,0.79,8,2027-01-01
I003004,W010,C334,,3900,390,3510,900,1800,7800,0.0032,0.79,31,2027-01-01
I003005,W011,C334,,3817,381,3436,900,1800,7634,0.0032,0.79,35,2027-01-01
I003006,W012,C334,,4482,448,4034,900,1800,8964,0.0032,0.79,101,2027-01-01
I003007,W005,C335,,18138,1813,16325,4400,8800,36276,0.0033,0.82,85,2027-01-01
I003008,W006,C335,,18550,1855,16695,4400,8800,37100,0.0033,0.82,8,2027-01-01
I003009,W007,C335,,18208,1820,16388,4400,8800,36416,0.0033,0.82,48,2027-01-01
I003010,W008,C335,,18113,1811,16302,4400,8800,36226,0.0033,0.82,53,2027-01-01
I003011,W009,C335,,18119,1811,16308,4400,8800,36238,0.0033,0.82,108,2027-01-01
I003012,W010,C335,,18290,1829,16461,4400,8800,36580,0.0033,0.82,97,2027-01-01
I003013,W011,C335,,18550,1855,16695,4400,8800,37100,0.0033,0.82,105,2027-01-01
I003014,W012,C335,,18177,1817,16360,4400,8800,36354,0.0033,0.82,106,2027-01-01
I003015,W013,C335,,17752,1775,15977,4400,8800,35504,0.0033,0.82,117,2027-01-01
I003016,W006,C336,,29449,2944,26505,7200,14400,58898,0.0034,0.84,20,2027-01-01
I003017,W007,C336,,29109,2910,26199,7200,14400,58218,0.0034,0.84,59,2027-01-01
I003018,W008,C336,,29345,2934,26411,7200,14400,58690,0.0034,0.84,108,2027-01-01
I003019,W009,C336,,29355,2935,26420,7200,14400,58710,0.0034,0.84,42,2027-01-01
I003020,W010,C336,,29655,2965,26690,7200,14400,59310,0.0034,0.84,24,2027-01-01
I003021,W011,C336,,29360,2936,26424,7200,14400,58720,0.0034,0.84,5,2027-01-01
I003022,W012,C336,,29413,2941,26472,7200,14400,58826,0.0034,0.84,25,2027-01-01
I003023,W013,C336,,29229,2922,26307,7200,14400,58458,0.0034,0.84,21,2027-01-01
I003024,W014,C336,,29723,2972,26751,7200,14400,59446,0.0034,0.84,31,2027-01-01
I003025,W007,C337,,22889,2288,20601,5500,11000,45778,0.0034,0.86,118,2027-01-01
I003026,W008,C337,,22981,2298,20683,5500,11000,45962,0.0034,0.86,98,2027-01-01
I003027,W009,C337,,22732,2273,20459,5500,11000,45464,0.0034,0.86,119,2027-01-01
I003028,W010,C337,,22271,2227,20044,5500,11000,44542,0.0034,0.86,118,2027-01-01
I003029,W011,C337,,22227,2222,20005,5500,11000,44454,0.0034,0.86,2,2027-01-01
I003030,W012,C337,,22779,2277,20502,5500,11000,45558,0.0034,0.86,101,2027-01-01
I003031,W013,C337,,22695,2269,20426,5500,11000,45390,0.0034,0.86,68,2027-01-01
I003032,W014,C337,,22464,2246,20218,5500,11000,44928,0.0034,0.86,4,2027-01-01
I003033,W015,C337,,22890,2289,20601,5500,11000,45780,0.0034,0.86,1,2027-01-01
I003034,W008,C338,,23540,2354,21186,5700,11400,47080,0.0035,0.88,23,2027-01-01
I003035,W009,C338,,23268,2326,20942,5700,11400,46536,0.0035,0.88,90,2027-01-01
I003036,W010,C338,,23487,2348,21139,5700,11400,46974,0.0035,0.88,65,2027-01-01
I003037,W011,C338,,23373,2337,21036,5700,11400,46746,0.0035,0.88,52,2027-01-01
I003038,W012,C338,,23210,2321,20889,5700,11400,46420,0.0035,0.88,46,2027-01-01
I003039,W013,C338,,23447,2344,21103,5700,11400,46894,0.0035,0.88,51,2027-01-01
I003040,W014,C338,,23187,2318,20869,5700,11400,46374,0.0035,0.88,65,2027-01-01
I003041,W015,C338,,23534,2353,21181,5700,11400,47068,0.0035,0.88,44,2027-01-01
I003042,W016,C338,,23286,2328,20958,5700,11400,46572,0.0035,0.88,85,2027-01-01
I003043,W009,C339,,29622,2962,26660,7300,14600,59244,0.0036,0.91,119,2027-01-01
I003044,W010,C339,,29948,2994,26954,7300,14600,59896,0.0036,0.91,38,2027-01-01
I003045,W011,C339,,30036,3003,27033,7300,14600,60072,0.0036,0.91,50,2027-01-01
I003046,W012,C339,,29963,2996,26967,7300,14600,59926,0.0036,0.91,8,2027-01-01
I003047,W013,C339,,29926,2992,26934,7300,14600,59852,0.0036,0.91,81,2027-01-01
I003048,W014,C339,,29537,2953,26584,7300,14600,59074,0.0036,0.91,117,2027-01-01
I003049,W015,C339,,29386,2938,26448,7300,14600,58772,0.0036,0.91,59,2027-01-01
I003050,W016,C339,,29526,2952,26574,7300,14600,59052,0.0036,0.91,86,2027-01-01
I003051,W017,C339,,30069,3006,27063,7300,14600,60138,0.0036,0.91,79,2027-01-01
I003052,W010,C340,,23126,2312,20814,5600,11200,46252,0.0037,0.93,73,2027-01-01
I003053,W011,C340,,22571,2257,20314,5600,11200,45142,0.0037,0.93,119,2027-01-01
I003054,W012,C340,,23299,2329,20970,5600,11200,46598,0.0037,0.93,51,2027-01-01
I003055,W013,C340,,23301,2330,20971,5600,11200,46602,0.0037,0.93,21,2027-01-01
I003056,W014,C340,,22840,2284,20556,5600,11200,45680,0.0037,0.93,40,2027-01-01
I003057,W015,C340,,22798,2279,20519,5600,11200,45596,0.0037,0.93,110,2027-01-01
I003058,W016,C340,,22740,2274,20466,5600,11200,45480,0.0037,0.93,102,2027-01-01
I003059,W017,C340,,22601,2260,20341,5600,11200,45202,0.0037,0.93,16,2027-01-01
I003060,W018,C340,,22780,2278,20502,5600,11200,45560,0.0037,0.93,40,2027-01-01
I003061,W011,C341,,16116,1611,14505,3900,7800,32232,0.0038,0.95,84,2027-01-01
I003062,W012,C341,,16594,1659,14935,3900,7800,33188,0.0038,0.95,22,2027-01-01
I003063,W013,C341,,15795,1579,14216,3900,7800,31590,0.0038,0.95,105,2027-01-01
I003064,W014,C341,,16361,1636,14725,3900,7800,32722,0.0038,0.95,7,2027-01-01
I003065,W015,C341,,16126,1612,14514,3900,7800,32252,0.0038,0.95,88,2027-01-01
I003066,W016,C341,,16052,1605,14447,3900,7800,32104,0.0038,0.95,70,2027-01-01
I003067,W017,C341,,16518,1651,14867,3900,7800,33036,0.0038,0.95,35,2027-01-01
I003068,W018,C341,,16212,1621,14591,3900,7800,32424,0.0038,0.95,68,2027-01-01
I003069,W019,C341,,16573,1657,14916,3900,7800,33146,0.0038,0.95,20,2027-01-01
I003070,W012,C342,,22865,2286,20579,5500,11000,45730,0.0039,0.97,20,2027-01-01
I003071,W013,C342,,22901,2290,20611,5500,11000,45802,0.0039,0.97,81,2027-01-01
I003072,W014,C342,,22858,2285,20573,5500,11000,45716,0.0039,0.97,9,2027-01-01
I003073,W015,C342,,22898,2289,20609,5500,11000,45796,0.0039,0.97,65,2027-01-01
I003074,W016,C342,,22253,2225,20028,5500,11000,44506,0.0039,0.97,33,2027-01-01
I003075,W017,C342,,22595,2259,20336,5500,11000,45190,0.0039,0.97,84,2027-01-01
I003076,W018,C342,,22440,2244,20196,5500,11000,44880,0.0039,0.97,118,2027-01-01
I003077,W019,C342,,22681,2268,20413,5500,11000,45362,0.0039,0.97,93,2027-01-01
I003078,W020,C342,,22974,2297,20677,5500,11000,45948,0.0039,0.97,36,2027-01-01
I003079,W013,C343,,11238,1123,10115,2700,5400,22476,0.004,1.0,36,2027-01-01
I003080,W014,C343,,11501,1150,10351,2700,5400,23002,0.004,1.0,41,2027-01-01
I003081,W015,C343,,11697,1169,10528,2700,5400,23394,0.004,1.0,56,2027-01-01
I003082,W016,C343,,11362,1136,10226,2700,5400,22724,0.004,1.0,60,2027-01-01
I003083,W017,C343,,11410,1141,10269,2700,5400,22820,0.004,1.0,82,2027-01-01
I003084,W018,C343,,11547,1154,10393,2700,5400,23094,0.004,1.0,40,2027-01-01
I003085,W019,C343,,11719,1171,10548,2700,5400,23438,0.004,1.0,21,2027-01-01
I003086,W020,C343,,11447,1144,10303,2700,5400,22894,0.004,1.0,33,2027-01-01
I003087,W021,C343,,11590,1159,10431,2700,5400,23180,0.004,1.0,114,2027-01-01
I003088,W014,C344,,12550,1255,11295,2900,5800,25100,0.0041,1.02,66,2027-01-01
I003089,W015,C344,,11944,1194,10750,2900,5800,23888,0.0041,1.02,51,2027-01-01
I003090,W016,C344,,12349,1234,11115,2900,5800,24698,0.0041,1.02,13,2027-01-01
I003091,W017,C344,,11763,1176,10587,2900,5800,23526,0.0041,1.02,22,2027-01-01
I003092,W018,C344,,11837,1183,10654,2900,5800,23674,0.0041,1.02,84,2027-01-01
I003093,W019,C344,,12455,1245,11210,2900,5800,24910,0.0041,1.02,71,2027-01-01
I003094,W020,C344,,12137,1213,10924,2900,5800,24274,0.0041,1.02,10,2027-01-01
I003095,W021,C344,,12573,1257,11316,2900,5800,25146,0.0041,1.02,103,2027-01-01
I003096,W022,C344,,12229,1222,11007,2900,5800,24458,0.0041,1.02,57,2027-01-01
I003097,W015,C345,,26225,2622,23603,6400,12800,52450,0.0042,1.04,44,2027-01-01
I003098,W016,C345,,26170,2617,23553,6400,12800,52340,0.0042,1.04,15,2027-01-01
I003099,W017,C345,,25844,2584,23260,6400,12800,51688,0.0042,1.04,16,2027-01-01
I003100,W018,C345,,25938,2593,23345,6400,12800,51876,0.0042,1.04,4,2027-01-01
I003101,W019,C345,,25940,2594,23346,6400,12800,51880,0.0042,1.04,37,2027-01-01
I003102,W020,C345,,25864,2586,23278,6400,12800,51728,0.0042,1.04,19,2027-01-01
I003103,W021,C345,,26342,2634,23708,6400,12800,52684,0.0042,1.04,116,2027-01-01
I003104,W022,C345,,25787,2578,23209,6400,12800,51574,0.0042,1.04,118,2027-01-01
I003105,W023,C345,,26319,2631,23688,6400,12800,52638,0.0042,1.04,98,2027-01-01
I003106,W016,C346,,9716,971,8745,2200,4400,19432,0.0043,1.06,37,2027-01-01
I003107,W017,C346,,9384,938,8446,2200,4400,18768,0.0043,1.06,10,2027-01-01
I003108,W018,C346,,9270,927,8343,2200,4400,18540,0.0043,1.06,26,2027-01-01
I003109,W019,C346,,8996,899,8097,2200,4400,17992,0.0043,1.06,68,2027-01-01
I003110,W020,C346,,9701,970,8731,2200,4400,19402,0.0043,1.06,79,2027-01-01
I003111,W021,C346,,9774,977,8797,2200,4400,19548,0.0043,1.06,40,2027-01-01
I003112,W022,C346,,9649,964,8685,2200,4400,19298,0.0043,1.06,1,2027-01-01
I003113,W023,C346,,9032,903,8129,2200,4400,18064,0.0043,1.06,40,2027-01-01
I003114,W024,C346,,9286,928,8358,2200,4400,18572,0.0043,1.06,25,2027-01-01
I003115,W017,C347,,28069,2806,25263,6900,13800,56138,0.0043,1.09,24,2027-01-01
I003116,W018,C347,,28222,2822,25400,6900,13800,56444,0.0043,1.09,66,2027-01-01
I003117,W019,C347,,27800,2780,25020,6900,13800,55600,0.0043,1.09,76,2027-01-01
I003118,W020,C347,,28159,2815,25344,6900,13800,56318,0.0043,1.09,67,2027-01-01
I003119,W021,C347,,28542,2854,25688,6900,13800,57084,0.0043,1.09,110,2027-01-01
I003120,W022,C347,,28384,2838,25546,6900,13800,56768,0.0043,1.09,75,2027-01-01
I003121,W023,C347,,28105,2810,25295,6900,13800,56210,0.0043,1.09,102,2027-01-01
I003122,W024,C347,,28582,2858,25724,6900,13800,57164,0.0043,1.09,27,2027-01-01
I003123,W025,C347,,28341,2834,25507,6900,13800,56682,0.0043,1.09,34,2027-01-01
I003124,W018,C348,,22413,2241,20172,5500,11000,44826,0.0044,1.11,101,2027-01-01
I003125,W019,C348,,22264,2226,20038,5500,11000,44528,0.0044,1.11,81,2027-01-01
I003126,W020,C348,,22960,2296,20664,5500,11000,45920,0.0044,1.11,64,2027-01-01
I003127,W021,C348,,22100,2210,19890,5500,11000,44200,0.0044,1.11,106,2027-01-01
I003128,W022,C348,,22397,2239,20158,5500,11000,44794,0.0044,1.11,115,2027-01-01
I003129,W023,C348,,22511,2251,20260,5500,11000,45022,0.0044,1.11,97,2027-01-01
I003130,W024,C348,,22123,2212,19911,5500,11000,44246,0.0044,1.11,10,2027-01-01
I003131,W025,C348,,22535,2253,20282,5500,11000,45070,0.0044,1.11,18,2027-01-01
I003132,W026,C348,,22150,2215,19935,5500,11000,44300,0.0044,1.11,84,2027-01-01
I003133,W019,C349,,9257,925,8332,2200,4400,18514,0.0045,1.13,43,2027-01-01
I003134,W020,C349,,8988,898,8090,2200,4400,17976,0.0045,1.13,87,2027-01-01
I003135,W021,C349,,9311,931,8380,2200,4400,18622,0.0045,1.13,108,2027-01-01
I003136,W022,C349,,9704,970,8734,2200,4400,19408,0.0045,1.13,91,2027-01-01
I003137,W023,C349,,9183,918,8265,2200,4400,18366,0.0045,1.13,62,2027-01-01
I003138,W024,C349,,9727,972,8755,2200,4400,19454,0.0045,1.13,56,2027-01-01
I003139,W025,C349,,8984,898,8086,2200,4400,17968,0.0045,1.13,21,2027-01-01
I003140,W026,C349,,9012,901,8111,2200,4400,18024,0.0045,1.13,23,2027-01-01
I003141,W027,C349,,9168,916,8252,2200,4400,18336,0.0045,1.13,15,2027-01-01
I003142,W020,C350,,32356,3235,29121,8000,16000,64712,0.0046,1.15,58,2027-01-01
I003143,W021,C350,,32163,3216,28947,8000,16000,64326,0.0046,1.15,109,2027-01-01
I003144,W022,C350,,32956,3295,29661,8000,16000,65912,0.0046,1.15,116,2027-01-01
I003145,W023,C350,,32495,3249,29246,8000,16000,64990,0.0046,1.15,105,2027-01-01
I003146,W024,C350,,32115,3211,28904,8000,16000,64230,0.0046,1.15,100,2027-01-01
I003147,W025,C350,,32497,3249,29248,8000,16000,64994,0.0046,1.15,46,2027-01-01
I003148,W026,C350,,32825,3282,29543,8000,16000,65650,0.0046,1.15,59,2027-01-01
I003149,W027,C350,,32553,3255,29298,8000,16000,65106,0.0046,1.15,59,2027-01-01
I003150,W028,C350,,32988,3298,29690,8000,16000,65976,0.0046,1.15,15,2027-01-01
I003151,W021,C351,,17342,1734,15608,4200,8400,34684,0.0002,0.05,23,2027-01-01
I003152,W022,C351,,17045,1704,15341,4200,8400,34090,0.0002,0.05,101,2027-01-01
I003153,W023,C351,,17336,1733,15603,4200,8400,34672,0.0002,0.05,70,2027-01-01
I003154,W024,C351,,17184,1718,15466,4200,8400,34368,0.0002,0.05,69,2027-01-01
I003155,W025,C351,,17564,1756,15808,4200,8400,35128,0.0002,0.05,16,2027-01-01
I003156,W026,C351,,17042,1704,15338,4200,8400,34084,0.0002,0.05,73,2027-01-01
I003157,W027,C351,,17226,1722,15504,4200,8400,34452,0.0002,0.05,20,2027-01-01
I003158,W028,C351,,17544,1754,15790,4200,8400,35088,0.0002,0.05,25,2027-01-01
I003159,W029,C351,,16940,1694,15246,4200,8400,33880,0.0002,0.05,14,2027-01-01
I003160,W022,C352,,22209,2220,19989,5500,11000,44418,0.0003,0.07,62,2027-01-01
I003161,W023,C352,,22959,2295,20664,5500,11000,45918,0.0003,0.07,102,2027-01-01
I003162,W024,C352,,22625,2262,20363,5500,11000,45250,0.0003,0.07,28,2027-01-01
I003163,W025,C352,,22498,2249,20249,5500,11000,44996,0.0003,0.07,6,2027-01-01
I003164,W026,C352,,22545,2254,20291,5500,11000,45090,0.0003,0.07,61,2027-01-01
I003165,W027,C352,,22470,2247,20223,5500,11000,44940,0.0003,0.07,50,2027-01-01
I003166,W028,C352,,22569,2256,20313,5500,11000,45138,0.0003,0.07,110,2027-01-01
I003167,W029,C352,,22896,2289,20607,5500,11000,45792,0.0003,0.07,101,2027-01-01
I003168,W030,C352,,22869,2286,20583,5500,11000,45738,0.0003,0.07,85,2027-01-01
I003169,W023,C353,,24370,2437,21933,5900,11800,48740,0.0004,0.1,12,2027-01-01
I003170,W024,C353,,24296,2429,21867,5900,11800,48592,0.0004,0.1,95,2027-01-01
I003171,W025,C353,,24072,2407,21665,5900,11800,48144,0.0004,0.1,108,2027-01-01
I003172,W026,C353,,23938,2393,21545,5900,11800,47876,0.0004,0.1,113,2027-01-01
I003173,W027,C353,,24593,2459,22134,5900,11800,49186,0.0004,0.1,115,2027-01-01
I003174,W028,C353,,23797,2379,21418,5900,11800,47594,0.0004,0.1,118,2027-01-01
I003175,W029,C353,,24019,2401,21618,5900,11800,48038,0.0004,0.1,83,2027-01-01
I003176,W030,C353,,24221,2422,21799,5900,11800,48442,0.0004,0.1,53,2027-01-01
I003177,W001,C353,,23842,2384,21458,5900,11800,47684,0.0004,0.1,71,2027-01-01
I003178,W024,C354,,16793,1679,15114,4000,8000,33586,0.0005,0.12,23,2027-01-01
I003179,W025,C354,,16468,1646,14822,4000,8000,32936,0.0005,0.12,34,2027-01-01
I003180,W026,C354,,16240,1624,14616,4000,8000,32480,0.0005,0.12,8,2027-01-01
I003181,W027,C354,,16409,1640,14769,4000,8000,32818,0.0005,0.12,26,2027-01-01
I003182,W028,C354,,16957,1695,15262,4000,8000,33914,0.0005,0.12,4,2027-01-01
I003183,W029,C354,,16115,1611,14504,4000,8000,32230,0.0005,0.12,93,2027-01-01
I003184,W030,C354,,16102,1610,14492,4000,8000,32204,0.0005,0.12,25,2027-01-01
I003185,W001,C354,,16473,1647,14826,4000,8000,32946,0.0005,0.12,25,2027-01-01
I003186,W002,C354,,16734,1673,15061,4000,8000,33468,0.0005,0.12,49,2027-01-01
I003187,W025,C355,,20144,2014,18130,5000,10000,40288,0.0006,0.14,114,2027-01-01
I003188,W026,C355,,20975,2097,18878,5000,10000,41950,0.0006,0.14,96,2027-01-01
I003189,W027,C355,,20488,2048,18440,5000,10000,40976,0.0006,0.14,87,2027-01-01
I003190,W028,C355,,20537,2053,18484,5000,10000,41074,0.0006,0.14,17,2027-01-01
I003191,W029,C355,,20163,2016,18147,5000,10000,40326,0.0006,0.14,2,2027-01-01
I003192,W030,C355,,20349,2034,18315,5000,10000,40698,0.0006,0.14,97,2027-01-01
I003193,W001,C355,,20964,2096,18868,5000,10000,41928,0.0006,0.14,118,2027-01-01
I003194,W002,C355,,20472,2047,18425,5000,10000,40944,0.0006,0.14,106,2027-01-01
I003195,W003,C355,,20111,2011,18100,5000,10000,40222,0.0006,0.14,2,2027-01-01
I003196,W026,C356,,27293,2729,24564,6600,13200,54586,0.0007,0.16,88,2027-01-01
I003197,W027,C356,,27026,2702,24324,6600,13200,54052,0.0007,0.16,41,2027-01-01
I003198,W028,C356,,27281,2728,24553,6600,13200,54562,0.0007,0.16,66,2027-01-01
I003199,W029,C356,,27175,2717,24458,6600,13200,54350,0.0007,0.16,79,2027-01-01
I003200,W030,C356,,26630,2663,23967,6600,13200,53260,0.0007,0.16,89,2027-01-01
I003201,W001,C356,,26635,2663,23972,6600,13200,53270,0.0007,0.16,66,2027-01-01
I003202,W002,C356,,27045,2704,24341,6600,13200,54090,0.0007,0.16,62,2027-01-01
I003203,W003,C356,,26558,2655,23903,6600,13200,53116,0.0007,0.16,96,2027-01-01
I003204,W004,C356,,27057,2705,24352,6600,13200,54114,0.0007,0.16,12,2027-01-01
I003205,W027,C357,,22698,2269,20429,5500,11000,45396,0.0007,0.19,76,2027-01-01
I003206,W028,C357,,22194,2219,19975,5500,11000,44388,0.0007,0.19,31,2027-01-01
I003207,W029,C357,,22658,2265,20393,5500,11000,45316,0.0007,0.19,32,2027-01-01
I003208,W030,C357,,22684,2268,20416,5500,11000,45368,0.0007,0.19,49,2027-01-01
I003209,W001,C357,,22340,2234,20106,5500,11000,44680,0.0007,0.19,111,2027-01-01
I003210,W002,C357,,22687,2268,20419,5500,11000,45374,0.0007,0.19,9,2027-01-01
I003211,W003,C357,,22171,2217,19954,5500,11000,44342,0.0007,0.19,61,2027-01-01
I003212,W004,C357,,22185,2218,19967,5500,11000,44370,0.0007,0.19,59,2027-01-01
I003213,W005,C357,,22708,2270,20438,5500,11000,45416,0.0007,0.19,62,2027-01-01
I003214,W028,C358,,17722,1772,15950,4300,8600,35444,0.0008,0.21,110,2027-01-01
I003215,W029,C358,,17926,1792,16134,4300,8600,35852,0.0008,0.21,115,2027-01-01
I003216,W030,C358,,17480,1748,15732,4300,8600,34960,0.0008,0.21,86,2027-01-01
I003217,W001,C358,,18079,1807,16272,4300,8600,36158,0.0008,0.21,46,2027-01-01
I003218,W002,C358,,17436,1743,15693,4300,8600,34872,0.0008,0.21,7,2027-01-01
I003219,W003,C358,,17896,1789,16107,4300,8600,35792,0.0008,0.21,36,2027-01-01
I003220,W004,C358,,17355,1735,15620,4300,8600,34710,0.0008,0.21,49,2027-01-01
I003221,W005,C358,,17492,1749,15743,4300,8600,34984,0.0008,0.21,119,2027-01-01
I003222,W006,C358,,17934,1793,16141,4300,8600,35868,0.0008,0.21,27,2027-01-01
I003223,W029,C359,,29335,2933,26402,7200,14400,58670,0.0009,0.23,118,2027-01-01
I003224,W030,C359,,29265,2926,26339,7200,14400,58530,0.0009,0.23,86,2027-01-01
I003225,W001,C359,,28909,2890,26019,7200,14400,57818,0.0009,0.23,62,2027-01-01
I003226,W002,C359,,29459,2945,26514,7200,14400,58918,0.0009,0.23,10,2027-01-01
I003227,W003,C359,,29028,2902,26126,7200,14400,58056,0.0009,0.23,22,2027-01-01
I003228,W004,C359,,29126,2912,26214,7200,14400,58252,0.0009,0.23,92,2027-01-01
I003229,W005,C359,,29639,2963,26676,7200,14400,59278,0.0009,0.23,52,2027-01-01
I003230,W006,C359,,28920,2892,26028,7200,14400,57840,0.0009,0.23,27,2027-01-01
I003231,W007,C359,,29599,2959,26640,7200,14400,59198,0.0009,0.23,78,2027-01-01
I003232,W030,C360,,21339,2133,19206,5300,10600,42678,0.001,0.25,78,2027-01-01
I003233,W001,C360,,21669,2166,19503,5300,10600,43338,0.001,0.25,36,2027-01-01
I003234,W002,C360,,21826,2182,19644,5300,10600,43652,0.001,0.25,110,2027-01-01
I003235,W003,C360,,21969,2196,19773,5300,10600,43938,0.001,0.25,36,2027-01-01
I003236,W004,C360,,22046,2204,19842,5300,10600,44092,0.001,0.25,86,2027-01-01
I003237,W005,C360,,22011,2201,19810,5300,10600,44022,0.001,0.25,72,2027-01-01
I003238,W006,C360,,22156,2215,19941,5300,10600,44312,0.001,0.25,80,2027-01-01
I003239,W007,C360,,21415,2141,19274,5300,10600,42830,0.001,0.25,109,2027-01-01
I003240,W008,C360,,21310,2131,19179,5300,10600,42620,0.001,0.25,28,2027-01-01
I003241,W001,C361,,27099,2709,24390,6600,13200,54198,0.0011,0.28,83,2027-01-01
I003242,W002,C361,,27100,2710,24390,6600,13200,54200,0.0011,0.28,116,2027-01-01
I003243,W003,C361,,26777,2677,24100,6600,13200,53554,0.0011,0.28,32,2027-01-01
I003244,W004,C361,,26993,2699,24294,6600,13200,53986,0.0011,0.28,69,2027-01-01
I003245,W005,C361,,27294,2729,24565,6600,13200,54588,0.0011,0.28,109,2027-01-01
I003246,W006,C361,,26682,2668,24014,6600,13200,53364,0.0011,0.28,105,2027-01-01
I003247,W007,C361,,26913,2691,24222,6600,13200,53826,0.0011,0.28,19,2027-01-01
I003248,W008,C361,,27248,2724,24524,6600,13200,54496,0.0011,0.28,33,2027-01-01
I003249,W009,C361,,26798,2679,24119,6600,13200,53596,0.0011,0.28,15,2027-01-01
I003250,W002,C362,,19790,1979,17811,4900,9800,39580,0.0012,0.3,26,2027-01-01
I003251,W003,C362,,20321,2032,18289,4900,9800,40642,0.0012,0.3,34,2027-01-01
I003252,W004,C362,,20004,2000,18004,4900,9800,40008,0.0012,0.3,11,2027-01-01
I003253,W005,C362,,20419,2041,18378,4900,9800,40838,0.0012,0.3,39,2027-01-01
I003254,W006,C362,,20455,2045,18410,4900,9800,40910,0.0012,0.3,97,2027-01-01
I003255,W007,C362,,20129,2012,18117,4900,9800,40258,0.0012,0.3,26,2027-01-01
I003256,W008,C362,,20052,2005,18047,4900,9800,40104,0.0012,0.3,107,2027-01-01
I003257,W009,C362,,19788,1978,17810,4900,9800,39576,0.0012,0.3,20,2027-01-01
I003258,W010,C362,,19810,1981,17829,4900,9800,39620,0.0012,0.3,4,2027-01-01
I003259,W003,C363,,16642,1664,14978,4000,8000,33284,0.0013,0.32,33,2027-01-01
I003260,W004,C363,,16618,1661,14957,4000,8000,33236,0.0013,0.32,27,2027-01-01
I003261,W005,C363,,16225,1622,14603,4000,8000,32450,0.0013,0.32,61,2027-01-01
I003262,W006,C363,,16220,1622,14598,4000,8000,32440,0.0013,0.32,108,2027-01-01
I003263,W007,C363,,16640,1664,14976,4000,8000,33280,0.0013,0.32,16,2027-01-01
I003264,W008,C363,,16168,1616,14552,4000,8000,32336,0.0013,0.32,7,2027-01-01
I003265,W009,C363,,16994,1699,15295,4000,8000,33988,0.0013,0.32,49,2027-01-01
I003266,W010,C363,,16520,1652,14868,4000,8000,33040,0.0013,0.32,103,2027-01-01
I003267,W011,C363,,16680,1668,15012,4000,8000,33360,0.0013,0.32,96,2027-01-01
I003268,W004,C364,,30084,3008,27076,7300,14600,60168,0.0014,0.34,89,2027-01-01
I003269,W005,C364,,29872,2987,26885,7300,14600,59744,0.0014,0.34,72,2027-01-01
I003270,W006,C364,,29570,2957,26613,7300,14600,59140,0.0014,0.34,3,2027-01-01
I003271,W007,C364,,29303,2930,26373,7300,14600,58606,0.0014,0.34,56,2027-01-01
I003272,W008,C364,,30032,3003,27029,7300,14600,60064,0.0014,0.34,20,2027-01-01
I003273,W009,C364,,30123,3012,27111,7300,14600,60246,0.0014,0.34,110,2027-01-01
I003274,W010,C364,,29951,2995,26956,7300,14600,59902,0.0014,0.34,8,2027-01-01
I003275,W011,C364,,29947,2994,26953,7300,14600,59894,0.0014,0.34,31,2027-01-01
I003276,W012,C364,,29361,2936,26425,7300,14600,58722,0.0014,0.34,50,2027-01-01
I003277,W005,C365,,11468,1146,10322,2800,5600,22936,0.0015,0.37,48,2027-01-01
I003278,W006,C365,,11568,1156,10412,2800,5600,23136,0.0015,0.37,32,2027-01-01
I003279,W007,C365,,11442,1144,10298,2800,5600,22884,0.0015,0.37,31,2027-01-01
I003280,W008,C365,,11645,1164,10481,2800,5600,23290,0.0015,0.37,80,2027-01-01
I003281,W009,C365,,11342,1134,10208,2800,5600,22684,0.0015,0.37,105,2027-01-01
I003282,W010,C365,,12093,1209,10884,2800,5600,24186,0.0015,0.37,92,2027-01-01
I003283,W011,C365,,11802,1180,10622,2800,5600,23604,0.0015,0.37,5,2027-01-01
I003284,W012,C365,,11763,1176,10587,2800,5600,23526,0.0015,0.37,115,2027-01-01
I003285,W013,C365,,11828,1182,10646,2800,5600,23656,0.0015,0.37,40,2027-01-01
I003286,W006,C366,,16596,1659,14937,3900,7800,33192,0.0016,0.39,86,2027-01-01
I003287,W007,C366,,16485,1648,14837,3900,7800,32970,0.0016,0.39,91,2027-01-01
I003288,W008,C366,,16222,1622,14600,3900,7800,32444,0.0016,0.39,75,2027-01-01
I003289,W009,C366,,16052,1605,14447,3900,7800,32104,0.0016,0.39,107,2027-01-01
I003290,W010,C366,,16221,1622,14599,3900,7800,32442,0.0016,0.39,112,2027-01-01
I003291,W011,C366,,16041,1604,14437,3900,7800,32082,0.0016,0.39,106,2027-01-01
I003292,W012,C366,,15917,1591,14326,3900,7800,31834,0.0016,0.39,59,2027-01-01
I003293,W013,C366,,16265,1626,14639,3900,7800,32530,0.0016,0.39,55,2027-01-01
I003294,W014,C366,,16518,1651,14867,3900,7800,33036,0.0016,0.39,68,2027-01-01
I003295,W007,C367,,24363,2436,21927,6000,12000,48726,0.0016,0.41,91,2027-01-01
I003296,W008,C367,,24384,2438,21946,6000,12000,48768,0.0016,0.41,43,2027-01-01
I003297,W009,C367,,24689,2468,22221,6000,12000,49378,0.0016,0.41,4,2027-01-01
I003298,W010,C367,,24649,2464,22185,6000,12000,49298,0.0016,0.41,77,2027-01-01
I003299,W011,C367,,24834,2483,22351,6000,12000,49668,0.0016,0.41,19,2027-01-01
I003300,W012,C367,,24743,2474,22269,6000,12000,49486,0.0016,0.41,118,2027-01-01
I003301,W013,C367,,24508,2450,22058,6000,12000,49016,0.0016,0.41,22,2027-01-01
I003302,W014,C367,,24946,2494,22452,6000,12000,49892,0.0016,0.41,38,2027-01-01
I003303,W015,C367,,24242,2424,21818,6000,12000,48484,0.0016,0.41,97,2027-01-01
I003304,W008,C368,,15167,1516,13651,3600,7200,30334,0.0017,0.43,29,2027-01-01
I003305,W009,C368,,15200,1520,13680,3600,7200,30400,0.0017,0.43,96,2027-01-01
I003306,W010,C368,,14935,1493,13442,3600,7200,29870,0.0017,0.43,26,2027-01-01
I003307,W011,C368,,15179,1517,13662,3600,7200,30358,0.0017,0.43,7,2027-01-01
I003308,W012,C368,,14797,1479,13318,3600,7200,29594,0.0017,0.43,69,2027-01-01
I003309,W013,C368,,15378,1537,13841,3600,7200,30756,0.0017,0.43,94,2027-01-01
I003310,W014,C368,,14542,1454,13088,3600,7200,29084,0.0017,0.43,62,2027-01-01
I003311,W015,C368,,14946,1494,13452,3600,7200,29892,0.0017,0.43,39,2027-01-01
I003312,W016,C368,,14501,1450,13051,3600,7200,29002,0.0017,0.43,5,2027-01-01
I003313,W009,C369,,16803,1680,15123,4000,8000,33606,0.0018,0.46,112,2027-01-01
I003314,W010,C369,,16734,1673,15061,4000,8000,33468,0.0018,0.46,43,2027-01-01
I003315,W011,C369,,16414,1641,14773,4000,8000,32828,0.0018,0.46,92,2027-01-01
I003316,W012,C369,,16103,1610,14493,4000,8000,32206,0.0018,0.46,22,2027-01-01
I003317,W013,C369,,16126,1612,14514,4000,8000,32252,0.0018,0.46,77,2027-01-01
I003318,W014,C369,,16990,1699,15291,4000,8000,33980,0.0018,0.46,86,2027-01-01
I003319,W015,C369,,16216,1621,14595,4000,8000,32432,0.0018,0.46,119,2027-01-01
I003320,W016,C369,,16897,1689,15208,4000,8000,33794,0.0018,0.46,73,2027-01-01
I003321,W017,C369,,16655,1665,14990,4000,8000,33310,0.0018,0.46,5,2027-01-01
I003322,W010,C370,,15785,1578,14207,3800,7600,31570,0.0019,0.48,79,2027-01-01
I003323,W011,C370,,15793,1579,14214,3800,7600,31586,0.0019,0.48,99,2027-01-01
I003324,W012,C370,,16094,1609,14485,3800,7600,32188,0.0019,0.48,72,2027-01-01
I003325,W013,C370,,15712,1571,14141,3800,7600,31424,0.0019,0.48,70,2027-01-01
I003326,W014,C370,,15349,1534,13815,3800,7600,30698,0.0019,0.48,93,2027-01-01
I003327,W015,C370,,16126,1612,14514,3800,7600,32252,0.0019,0.48,56,2027-01-01
I003328,W016,C370,,15546,1554,13992,3800,7600,31092,0.0019,0.48,3,2027-01-01
I003329,W017,C370,,15949,1594,14355,3800,7600,31898,0.0019,0.48,49,2027-01-01
I003330,W018,C370,,15488,1548,13940,3800,7600,30976,0.0019,0.48,78,2027-01-01
I003331,W011,C371,,20533,2053,18480,4900,9800,41066,0.002,0.5,56,2027-01-01
I003332,W012,C371,,20156,2015,18141,4900,9800,40312,0.002,0.5,4,2027-01-01
I003333,W013,C371,,20413,2041,18372,4900,9800,40826,0.002,0.5,119,2027-01-01
I003334,W014,C371,,19885,1988,17897,4900,9800,39770,0.002,0.5,79,2027-01-01
I003335,W015,C371,,20038,2003,18035,4900,9800,40076,0.002,0.5,105,2027-01-01
I003336,W016,C371,,19971,1997,17974,4900,9800,39942,0.002,0.5,52,2027-01-01
I003337,W017,C371,,20001,2000,18001,4900,9800,40002,0.002,0.5,87,2027-01-01
I003338,W018,C371,,20390,2039,18351,4900,9800,40780,0.002,0.5,49,2027-01-01
I003339,W019,C371,,20170,2017,18153,4900,9800,40340,0.002,0.5,75,2027-01-01
I003340,W012,C372,,27098,2709,24389,6700,13400,54196,0.0021,0.52,71,2027-01-01
I003341,W013,C372,,27551,2755,24796,6700,13400,55102,0.0021,0.52,95,2027-01-01
I003342,W014,C372,,27419,2741,24678,6700,13400,54838,0.0021,0.52,9,2027-01-01
I003343,W015,C372,,26961,2696,24265,6700,13400,53922,0.0021,0.52,3,2027-01-01
I003344,W016,C372,,27478,2747,24731,6700,13400,54956,0.0021,0.52,48,2027-01-01
I003345,W017,C372,,27062,2706,24356,6700,13400,54124,0.0021,0.52,85,2027-01-01
I003346,W018,C372,,27624,2762,24862,6700,13400,55248,0.0021,0.52,78,2027-01-01
I003347,W019,C372,,27578,2757,24821,6700,13400,55156,0.0021,0.52,118,2027-01-01
I003348,W020,C372,,27071,2707,24364,6700,13400,54142,0.0021,0.52,49,2027-01-01
I003349,W013,C373,,16122,1612,14510,3800,7600,32244,0.0022,0.55,1,2027-01-01
I003350,W014,C373,,15908,1590,14318,3800,7600,31816,0.0022,0.55,68,2027-01-01
I003351,W015,C373,,16024,1602,14422,3800,7600,32048,0.0022,0.55,61,2027-01-01
I003352,W016,C373,,15532,1553,13979,3800,7600,31064,0.0022,0.55,99,2027-01-01
I003353,W017,C373,,15609,1560,14049,3800,7600,31218,0.0022,0.55,24,2027-01-01
I003354,W018,C373,,15304,1530,13774,3800,7600,30608,0.0022,0.55,75,2027-01-01
I003355,W019,C373,,15401,1540,13861,3800,7600,30802,0.0022,0.55,83,2027-01-01
I003356,W020,C373,,15899,1589,14310,3800,7600,31798,0.0022,0.55,27,2027-01-01
I003357,W021,C373,,15830,1583,14247,3800,7600,31660,0.0022,0.55,34,2027-01-01
I003358,W014,C374,,4018,401,3617,800,1600,8036,0.0023,0.57,112,2027-01-01
I003359,W015,C374,,3886,388,3498,800,1600,7772,0.0023,0.57,117,2027-01-01
I003360,W016,C374,,3559,355,3204,800,1600,7118,0.0023,0.57,85,2027-01-01
I003361,W017,C374,,4104,410,3694,800,1600,8208,0.0023,0.57,12,2027-01-01
I003362,W018,C374,,3460,346,3114,800,1600,6920,0.0023,0.57,13,2027-01-01
I003363,W019,C374,,3307,330,2977,800,1600,6614,0.0023,0.57,86,2027-01-01
I003364,W020,C374,,3989,398,3591,800,1600,7978,0.0023,0.57,77,2027-01-01
I003365,W021,C374,,3712,371,3341,800,1600,7424,0.0023,0.57,79,2027-01-01
I003366,W022,C374,,3733,373,3360,800,1600,7466,0.0023,0.57,51,2027-01-01
I003367,W015,C375,,32129,3212,28917,7800,15600,64258,0.0024,0.59,29,2027-01-01
I003368,W016,C375,,31724,3172,28552,7800,15600,63448,0.0024,0.59,93,2027-01-01
I003369,W017,C375,,31519,3151,28368,7800,15600,63038,0.0024,0.59,47,2027-01-01
I003370,W018,C375,,31560,3156,28404,7800,15600,63120,0.0024,0.59,11,2027-01-01
I003371,W019,C375,,31652,3165,28487,7800,15600,63304,0.0024,0.59,103,2027-01-01
I003372,W020,C375,,31426,3142,28284,7800,15600,62852,0.0024,0.59,78,2027-01-01
I003373,W021,C375,,31851,3185,28666,7800,15600,63702,0.0024,0.59,65,2027-01-01
I003374,W022,C375,,31984,3198,28786,7800,15600,63968,0.0024,0.59,109,2027-01-01
I003375,W023,C375,,32109,3210,28899,7800,15600,64218,0.0024,0.59,52,2027-01-01
I003376,W016,C376,,5564,556,5008,1200,2400,11128,0.0024,0.61,65,2027-01-01
I003377,W017,C376,,5055,505,4550,1200,2400,10110,0.0024,0.61,68,2027-01-01
I003378,W018,C376,,5768,576,5192,1200,2400,11536,0.0024,0.61,82,2027-01-01
I003379,W019,C376,,5413,541,4872,1200,2400,10826,0.0024,0.61,64,2027-01-01
I003380,W020,C376,,5225,522,4703,1200,2400,10450,0.0024,0.61,106,2027-01-01
I003381,W021,C376,,5577,557,5020,1200,2400,11154,0.0024,0.61,30,2027-01-01
I003382,W022,C376,,5273,527,4746,1200,2400,10546,0.0024,0.61,43,2027-01-01
I003383,W023,C376,,4946,494,4452,1200,2400,9892,0.0024,0.61,74,2027-01-01
I003384,W024,C376,,4922,492,4430,1200,2400,9844,0.0024,0.61,2,2027-01-01
I003385,W017,C377,,3910,391,3519,800,1600,7820,0.0025,0.64,61,2027-01-01
I003386,W018,C377,,4108,410,3698,800,1600,8216,0.0025,0.64,8,2027-01-01
I003387,W019,C377,,4024,402,3622,800,1600,8048,0.0025,0.64,110,2027-01-01
I003388,W020,C377,,4089,408,3681,800,1600,8178,0.0025,0.64,40,2027-01-01
I003389,W021,C377,,4129,412,3717,800,1600,8258,0.0025,0.64,49,2027-01-01
I003390,W022,C377,,3968,396,3572,800,1600,7936,0.0025,0.64,42,2027-01-01
I003391,W023,C377,,3328,332,2996,800,1600,6656,0.0025,0.64,83,2027-01-01
I003392,W024,C377,,3876,387,3489,800,1600,7752,0.0025,0.64,44,2027-01-01
I003393,W025,C377,,3517,351,3166,800,1600,7034,0.0025,0.64,41,2027-01-01
I003394,W018,C378,,29456,2945,26511,7200,14400,58912,0.0026,0.66,69,2027-01-01
I003395,W019,C378,,28935,2893,26042,7200,14400,57870,0.0026,0.66,46,2027-01-01
I003396,W020,C378,,29430,2943,26487,7200,14400,58860,0.0026,0.66,83,2027-01-01
I003397,W021,C378,,29726,2972,26754,7200,14400,59452,0.0026,0.66,105,2027-01-01
I003398,W022,C378,,29547,2954,26593,7200,14400,59094,0.0026,0.66,34,2027-01-01
I003399,W023,C378,,29364,2936,26428,7200,14400,58728,0.0026,0.66,35,2027-01-01
I003400,W024,C378,,29339,2933,26406,7200,14400,58678,0.0026,0.66,76,2027-01-01
I003401,W025,C378,,29712,2971,26741,7200,14400,59424,0.0026,0.66,76,2027-01-01
I003402,W026,C378,,29430,2943,26487,7200,14400,58860,0.0026,0.66,118,2027-01-01
I003403,W019,C379,,19798,1979,17819,4700,9400,39596,0.0027,0.68,102,2027-01-01
I003404,W020,C379,,19375,1937,17438,4700,9400,38750,0.0027,0.68,30,2027-01-01
I003405,W021,C379,,19177,1917,17260,4700,9400,38354,0.0027,0.68,13,2027-01-01
I003406,W022,C379,,19767,1976,17791,4700,9400,39534,0.0027,0.68,26,2027-01-01
I003407,W023,C379,,18951,1895,17056,4700,9400,37902,0.0027,0.68,83,2027-01-01
I003408,W024,C379,,19564,1956,17608,4700,9400,39128,0.0027,0.68,120,2027-01-01
I003409,W025,C379,,19083,1908,17175,4700,9400,38166,0.0027,0.68,33,2027-01-01
I003410,W026,C379,,19712,1971,17741,4700,9400,39424,0.0027,0.68,73,2027-01-01
I003411,W027,C379,,18980,1898,17082,4700,9400,37960,0.0027,0.68,109,2027-01-01
I003412,W020,C380,,30904,3090,27814,7500,15000,61808,0.0028,0.7,35,2027-01-01
I003413,W021,C380,,30580,3058,27522,7500,15000,61160,0.0028,0.7,10,2027-01-01
I003414,W022,C380,,30893,3089,27804,7500,15000,61786,0.0028,0.7,80,2027-01-01
I003415,W023,C380,,30462,3046,27416,7500,15000,60924,0.0028,0.7,5,2027-01-01
I003416,W024,C380,,30541,3054,27487,7500,15000,61082,0.0028,0.7,14,2027-01-01
I003417,W025,C380,,30473,3047,27426,7500,15000,60946,0.0028,0.7,69,2027-01-01
I003418,W026,C380,,30503,3050,27453,7500,15000,61006,0.0028,0.7,10,2027-01-01
I003419,W027,C380,,30527,3052,27475,7500,15000,61054,0.0028,0.7,82,2027-01-01
I003420,W028,C380,,30241,3024,27217,7500,15000,60482,0.0028,0.7,111,2027-01-01
I003421,W021,C381,,8489,848,7641,1900,3800,16978,0.0029,0.73,112,2027-01-01
I003422,W022,C381,,7945,794,7151,1900,3800,15890,0.0029,0.73,33,2027-01-01
I003423,W023,C381,,8238,823,7415,1900,3800,16476,0.0029,0.73,26,2027-01-01
I003424,W024,C381,,8251,825,7426,1900,3800,16502,0.0029,0.73,54,2027-01-01
I003425,W025,C381,,7855,785,7070,1900,3800,15710,0.0029,0.73,48,2027-01-01
I003426,W026,C381,,7730,773,6957,1900,3800,15460,0.0029,0.73,39,2027-01-01
I003427,W027,C381,,8423,842,7581,1900,3800,16846,0.0029,0.73,119,2027-01-01
I003428,W028,C381,,7989,798,7191,1900,3800,15978,0.0029,0.73,57,2027-01-01
I003429,W029,C381,,8596,859,7737,1900,3800,17192,0.0029,0.73,91,2027-01-01
I003430,W022,C382,,22938,2293,20645,5600,11200,45876,0.003,0.75,3,2027-01-01
I003431,W023,C382,,22741,2274,20467,5600,11200,45482,0.003,0.75,107,2027-01-01
I003432,W024,C382,,22746,2274,20472,5600,11200,45492,0.003,0.75,83,2027-01-01
I003433,W025,C382,,22684,2268,20416,5600,11200,45368,0.003,0.75,118,2027-01-01
I003434,W026,C382,,22713,2271,20442,5600,11200,45426,0.003,0.75,34,2027-01-01
I003435,W027,C382,,22963,2296,20667,5600,11200,45926,0.003,0.75,51,2027-01-01
I003436,W028,C382,,23312,2331,20981,5600,11200,46624,0.003,0.75,118,2027-01-01
I003437,W029,C382,,22928,2292,20636,5600,11200,45856,0.003,0.75,12,2027-01-01
I003438,W030,C382,,22792,2279,20513,5600,11200,45584,0.003,0.75,107,2027-01-01
I003439,W023,C383,,12803,1280,11523,3100,6200,25606,0.0031,0.77,74,2027-01-01
I003440,W024,C383,,13077,1307,11770,3100,6200,26154,0.0031,0.77,110,2027-01-01
I003441,W025,C383,,12713,1271,11442,3100,6200,25426,0.0031,0.77,109,2027-01-01
I003442,W026,C383,,13228,1322,11906,3100,6200,26456,0.0031,0.77,68,2027-01-01
I003443,W027,C383,,13366,1336,12030,3100,6200,26732,0.0031,0.77,98,2027-01-01
I003444,W028,C383,,13094,1309,11785,3100,6200,26188,0.0031,0.77,79,2027-01-01
I003445,W029,C383,,13046,1304,11742,3100,6200,26092,0.0031,0.77,90,2027-01-01
I003446,W030,C383,,12995,1299,11696,3100,6200,25990,0.0031,0.77,2,2027-01-01
I003447,W001,C383,,12765,1276,11489,3100,6200,25530,0.0031,0.77,33,2027-01-01
I003448,W024,C384,,14771,1477,13294,3500,7000,29542,0.0032,0.79,107,2027-01-01
I003449,W025,C384,,14686,1468,13218,3500,7000,29372,0.0032,0.79,41,2027-01-01
I003450,W026,C384,,14956,1495,13461,3500,7000,29912,0.0032,0.79,24,2027-01-01
I003451,W027,C384,,14829,1482,13347,3500,7000,29658,0.0032,0.79,20,2027-01-01
I003452,W028,C384,,14867,1486,13381,3500,7000,29734,0.0032,0.79,29,2027-01-01
I003453,W029,C384,,14794,1479,13315,3500,7000,29588,0.0032,0.79,78,2027-01-01
I003454,W030,C384,,14964,1496,13468,3500,7000,29928,0.0032,0.79,72,2027-01-01
I003455,W001,C384,,14435,1443,12992,3500,7000,28870,0.0032,0.79,2,2027-01-01
I003456,W002,C384,,14623,1462,13161,3500,7000,29246,0.0032,0.79,52,2027-01-01
I003457,W025,C385,,22529,2252,20277,5600,11200,45058,0.0033,0.82,78,2027-01-01
I003458,W026,C385,,22642,2264,20378,5600,11200,45284,0.0033,0.82,55,2027-01-01
I003459,W027,C385,,23338,2333,21005,5600,11200,46676,0.0033,0.82,17,2027-01-01
I003460,W028,C385,,22916,2291,20625,5600,11200,45832,0.0033,0.82,96,2027-01-01
I003461,W029,C385,,23129,2312,20817,5600,11200,46258,0.0033,0.82,17,2027-01-01
I003462,W030,C385,,23056,2305,20751,5600,11200,46112,0.0033,0.82,16,2027-01-01
I003463,W001,C385,,22613,2261,20352,5600,11200,45226,0.0033,0.82,13,2027-01-01
I003464,W002,C385,,22519,2251,20268,5600,11200,45038,0.0033,0.82,11,2027-01-01
I003465,W003,C385,,23236,2323,20913,5600,11200,46472,0.0033,0.82,23,2027-01-01
I003466,W026,C386,,29003,2900,26103,7100,14200,58006,0.0034,0.84,3,2027-01-01
I003467,W027,C386,,29021,2902,26119,7100,14200,58042,0.0034,0.84,42,2027-01-01
I003468,W028,C386,,28762,2876,25886,7100,14200,57524,0.0034,0.84,9,2027-01-01
I003469,W029,C386,,28769,2876,25893,7100,14200,57538,0.0034,0.84,58,2027-01-01
I003470,W030,C386,,28539,2853,25686,7100,14200,57078,0.0034,0.84,2,2027-01-01
I003471,W001,C386,,29103,2910,26193,7100,14200,58206,0.0034,0.84,3,2027-01-01
I003472,W002,C386,,29205,2920,26285,7100,14200,58410,0.0034,0.84,96,2027-01-01
I003473,W003,C386,,28838,2883,25955,7100,14200,57676,0.0034,0.84,33,2027-01-01
I003474,W004,C386,,29344,2934,26410,7100,14200,58688,0.0034,0.84,61,2027-01-01
I003475,W027,C387,,26977,2697,24280,6700,13400,53954,0.0034,0.86,80,2027-01-01
I003476,W028,C387,,27302,2730,24572,6700,13400,54604,0.0034,0.86,97,2027-01-01
I003477,W029,C387,,27501,2750,24751,6700,13400,55002,0.0034,0.86,93,2027-01-01
I003478,W030,C387,,27411,2741,24670,6700,13400,54822,0.0034,0.86,15,2027-01-01
I003479,W001,C387,,27600,2760,24840,6700,13400,55200,0.0034,0.86,78,2027-01-01
I003480,W002,C387,,27608,2760,24848,6700,13400,55216,0.0034,0.86,87,2027-01-01
I003481,W003,C387,,27218,2721,24497,6700,13400,54436,0.0034,0.86,72,2027-01-01
I003482,W004,C387,,27117,2711,24406,6700,13400,54234,0.0034,0.86,1,2027-01-01
I003483,W005,C387,,27482,2748,24734,6700,13400,54964,0.0034,0.86,28,2027-01-01
I003484,W028,C388,,19361,1936,17425,4800,9600,38722,0.0035,0.88,15,2027-01-01
I003485,W029,C388,,20059,2005,18054,4800,9600,40118,0.0035,0.88,109,2027-01-01
I003486,W030,C388,,19410,1941,17469,4800,9600,38820,0.0035,0.88,44,2027-01-01
I003487,W001,C388,,20048,2004,18044,4800,9600,40096,0.0035,0.88,49,2027-01-01
I003488,W002,C388,,20147,2014,18133,4800,9600,40294,0.0035,0.88,85,2027-01-01
I003489,W003,C388,,19616,1961,17655,4800,9600,39232,0.0035,0.88,8,2027-01-01
I003490,W004,C388,,19477,1947,17530,4800,9600,38954,0.0035,0.88,90,2027-01-01
I003491,W005,C388,,19837,1983,17854,4800,9600,39674,0.0035,0.88,7,2027-01-01
I003492,W006,C388,,19524,1952,17572,4800,9600,39048,0.0035,0.88,105,2027-01-01
I003493,W029,C389,,31575,3157,28418,7700,15400,63150,0.0036,0.91,77,2027-01-01
I003494,W030,C389,,31326,3132,28194,7700,15400,62652,0.0036,0.91,44,2027-01-01
I003495,W001,C389,,31386,3138,28248,7700,15400,62772,0.0036,0.91,49,2027-01-01
I003496,W002,C389,,31604,3160,28444,7700,15400,63208,0.0036,0.91,113,2027-01-01
I003497,W003,C389,,31206,3120,28086,7700,15400,62412,0.0036,0.91,79,2027-01-01
I003498,W004,C389,,30971,3097,27874,7700,15400,61942,0.0036,0.91,61,2027-01-01
I003499,W005,C389,,31129,3112,28017,7700,15400,62258,0.0036,0.91,116,2027-01-01
I003500,W006,C389,,31759,3175,28584,7700,15400,63518,0.0036,0.91,97,2027-01-01
I003501,W007,C389,,30911,3091,27820,7700,15400,61822,0.0036,0.91,50,2027-01-01
I003502,W030,C390,,18598,1859,16739,4600,9200,37196,0.0037,0.93,93,2027-01-01
I003503,W001,C390,,19190,1919,17271,4600,9200,38380,0.0037,0.93,51,2027-01-01
I003504,W002,C390,,19373,1937,17436,4600,9200,38746,0.0037,0.93,113,2027-01-01
I003505,W003,C390,,18787,1878,16909,4600,9200,37574,0.0037,0.93,43,2027-01-01
I003506,W004,C390,,18796,1879,16917,4600,9200,37592,0.0037,0.93,55,2027-01-01
I003507,W005,C390,,19043,1904,17139,4600,9200,38086,0.0037,0.93,22,2027-01-01
I003508,W006,C390,,19077,1907,17170,4600,9200,38154,0.0037,0.93,59,2027-01-01
I003509,W007,C390,,19163,1916,17247,4600,9200,38326,0.0037,0.93,93,2027-01-01
I003510,W008,C390,,18620,1862,16758,4600,9200,37240,0.0037,0.93,53,2027-01-01
I003511,W001,C391,,6686,668,6018,1500,3000,13372,0.0038,0.95,95,2027-01-01
I003512,W002,C391,,6447,644,5803,1500,3000,12894,0.0038,0.95,4,2027-01-01
I003513,W003,C391,,6908,690,6218,1500,3000,13816,0.0038,0.95,19,2027-01-01
I003514,W004,C391,,6848,684,6164,1500,3000,13696,0.0038,0.95,67,2027-01-01
I003515,W005,C391,,6242,624,5618,1500,3000,12484,0.0038,0.95,56,2027-01-01
I003516,W006,C391,,6313,631,5682,1500,3000,12626,0.0038,0.95,28,2027-01-01
I003517,W007,C391,,6835,683,6152,1500,3000,13670,0.0038,0.95,105,2027-01-01
I003518,W008,C391,,6663,666,5997,1500,3000,13326,0.0038,0.95,86,2027-01-01
I003519,W009,C391,,6559,655,5904,1500,3000,13118,0.0038,0.95,105,2027-01-01
I003520,W002,C392,,14910,1491,13419,3500,7000,29820,0.0039,0.97,86,2027-01-01
I003521,W003,C392,,14827,1482,13345,3500,7000,29654,0.0039,0.97,110,2027-01-01
I003522,W004,C392,,14321,1432,12889,3500,7000,28642,0.0039,0.97,117,2027-01-01
I003523,W005,C392,,14987,1498,13489,3500,7000,29974,0.0039,0.97,51,2027-01-01
I003524,W006,C392,,14140,1414,12726,3500,7000,28280,0.0039,0.97,109,2027-01-01
I003525,W007,C392,,14106,1410,12696,3500,7000,28212,0.0039,0.97,74,2027-01-01
I003526,W008,C392,,14672,1467,13205,3500,7000,29344,0.0039,0.97,17,2027-01-01
I003527,W009,C392,,14870,1487,13383,3500,7000,29740,0.0039,0.97,81,2027-01-01
I003528,W010,C392,,14289,1428,12861,3500,7000,28578,0.0039,0.97,9,2027-01-01
I003529,W003,C393,,22628,2262,20366,5500,11000,45256,0.004,1.0,88,2027-01-01
I003530,W004,C393,,22555,2255,20300,5500,11000,45110,0.004,1.0,74,2027-01-01
I003531,W005,C393,,22115,2211,19904,5500,11000,44230,0.004,1.0,106,2027-01-01
I003532,W006,C393,,22198,2219,19979,5500,11000,44396,0.004,1.0,24,2027-01-01
I003533,W007,C393,,22742,2274,20468,5500,11000,45484,0.004,1.0,99,2027-01-01
I003534,W008,C393,,22309,2230,20079,5500,11000,44618,0.004,1.0,27,2027-01-01
I003535,W009,C393,,22428,2242,20186,5500,11000,44856,0.004,1.0,110,2027-01-01
I003536,W010,C393,,22746,2274,20472,5500,11000,45492,0.004,1.0,68,2027-01-01
I003537,W011,C393,,22539,2253,20286,5500,11000,45078,0.004,1.0,72,2027-01-01
I003538,W004,C394,,5390,539,4851,1100,2200,10780,0.0041,1.02,11,2027-01-01
I003539,W005,C394,,4803,480,4323,1100,2200,9606,0.0041,1.02,100,2027-01-01
I003540,W006,C394,,5094,509,4585,1100,2200,10188,0.0041,1.02,78,2027-01-01
I003541,W007,C394,,5240,524,4716,1100,2200,10480,0.0041,1.02,28,2027-01-01
I003542,W008,C394,,4749,474,4275,1100,2200,9498,0.0041,1.02,82,2027-01-01
I003543,W009,C394,,4763,476,4287,1100,2200,9526,0.0041,1.02,47,2027-01-01
I003544,W010,C394,,4768,476,4292,1100,2200,9536,0.0041,1.02,23,2027-01-01
I003545,W011,C394,,5320,532,4788,1100,2200,10640,0.0041,1.02,71,2027-01-01
I003546,W012,C394,,5335,533,4802,1100,2200,10670,0.0041,1.02,57,2027-01-01
I003547,W005,C395,,8793,879,7914,2000,4000,17586,0.0042,1.04,58,2027-01-01
I003548,W006,C395,,8230,823,7407,2000,4000,16460,0.0042,1.04,119,2027-01-01
I003549,W007,C395,,8947,894,8053,2000,4000,17894,0.0042,1.04,87,2027-01-01
I003550,W008,C395,,8670,867,7803,2000,4000,17340,0.0042,1.04,53,2027-01-01
I003551,W009,C395,,8806,880,7926,2000,4000,17612,0.0042,1.04,115,2027-01-01
I003552,W010,C395,,8206,820,7386,2000,4000,16412,0.0042,1.04,38,2027-01-01
I003553,W011,C395,,8222,822,7400,2000,4000,16444,0.0042,1.04,94,2027-01-01
I003554,W012,C395,,8322,832,7490,2000,4000,16644,0.0042,1.04,109,2027-01-01
I003555,W013,C395,,8555,855,7700,2000,4000,17110,0.0042,1.04,28,2027-01-01
I003556,W006,C396,,32565,3256,29309,7900,15800,65130,0.0043,1.06,53,2027-01-01
I003557,W007,C396,,31874,3187,28687,7900,15800,63748,0.0043,1.06,68,2027-01-01
I003558,W008,C396,,32215,3221,28994,7900,15800,64430,0.0043,1.06,43,2027-01-01
I003559,W009,C396,,32004,3200,28804,7900,15800,64008,0.0043,1.06,16,2027-01-01
I003560,W010,C396,,32579,3257,29322,7900,15800,65158,0.0043,1.06,27,2027-01-01
I003561,W011,C396,,32483,3248,29235,7900,15800,64966,0.0043,1.06,95,2027-01-01
I003562,W012,C396,,32252,3225,29027,7900,15800,64504,0.0043,1.06,108,2027-01-01
I003563,W013,C396,,32188,3218,28970,7900,15800,64376,0.0043,1.06,65,2027-01-01
I003564,W014,C396,,32340,3234,29106,7900,15800,64680,0.0043,1.06,73,2027-01-01
I003565,W007,C397,,28529,2852,25677,6900,13800,57058,0.0043,1.09,66,2027-01-01
I003566,W008,C397,,28483,2848,25635,6900,13800,56966,0.0043,1.09,90,2027-01-01
I003567,W009,C397,,27800,2780,25020,6900,13800,55600,0.0043,1.09,10,2027-01-01
I003568,W010,C397,,27897,2789,25108,6900,13800,55794,0.0043,1.09,81,2027-01-01
I003569,W011,C397,,28012,2801,25211,6900,13800,56024,0.0043,1.09,60,2027-01-01
I003570,W012,C397,,28325,2832,25493,6900,13800,56650,0.0043,1.09,28,2027-01-01
I003571,W013,C397,,28339,2833,25506,6900,13800,56678,0.0043,1.09,111,2027-01-01
I003572,W014,C397,,28591,2859,25732,6900,13800,57182,0.0043,1.09,105,2027-01-01
I003573,W015,C397,,28133,2813,25320,6900,13800,56266,0.0043,1.09,101,2027-01-01
I003574,W008,C398,,9327,932,8395,2100,4200,18654,0.0044,1.11,5,2027-01-01
I003575,W009,C398,,8744,874,7870,2100,4200,17488,0.0044,1.11,97,2027-01-01
I003576,W010,C398,,9059,905,8154,2100,4200,18118,0.0044,1.11,108,2027-01-01
I003577,W011,C398,,9399,939,8460,2100,4200,18798,0.0044,1.11,47,2027-01-01
I003578,W012,C398,,8591,859,7732,2100,4200,17182,0.0044,1.11,91,2027-01-01
I003579,W013,C398,,8692,869,7823,2100,4200,17384,0.0044,1.11,54,2027-01-01
I003580,W014,C398,,9293,929,8364,2100,4200,18586,0.0044,1.11,101,2027-01-01
I003581,W015,C398,,8603,860,7743,2100,4200,17206,0.0044,1.11,101,2027-01-01
I003582,W016,C398,,9124,912,8212,2100,4200,18248,0.0044,1.11,23,2027-01-01
I003583,W009,C399,,5727,572,5155,1300,2600,11454,0.0045,1.13,73,2027-01-01
I003584,W010,C399,,5674,567,5107,1300,2600,11348,0.0045,1.13,93,2027-01-01
I003585,W011,C399,,5315,531,4784,1300,2600,10630,0.0045,1.13,79,2027-01-01
I003586,W012,C399,,6187,618,5569,1300,2600,12374,0.0045,1.13,24,2027-01-01
I003587,W013,C399,,6006,600,5406,1300,2600,12012,0.0045,1.13,9,2027-01-01
I003588,W014,C399,,5376,537,4839,1300,2600,10752,0.0045,1.13,64,2027-01-01
I003589,W015,C399,,6029,602,5427,1300,2600,12058,0.0045,1.13,1,2027-01-01
I003590,W016,C399,,5936,593,5343,1300,2600,11872,0.0045,1.13,116,2027-01-01
I003591,W017,C399,,5728,572,5156,1300,2600,11456,0.0045,1.13,73,2027-01-01
I003592,W010,C400,,9587,958,8629,2200,4400,19174,0.0046,1.15,22,2027-01-01
I003593,W011,C400,,9372,937,8435,2200,4400,18744,0.0046,1.15,5,2027-01-01
I003594,W012,C400,,9658,965,8693,2200,4400,19316,0.0046,1.15,46,2027-01-01
I003595,W013,C400,,9464,946,8518,2200,4400,18928,0.0046,1.15,80,2027-01-01
I003596,W014,C400,,9086,908,8178,2200,4400,18172,0.0046,1.15,52,2027-01-01
I003597,W015,C400,,8985,898,8087,2200,4400,17970,0.0046,1.15,27,2027-01-01
I003598,W016,C400,,8936,893,8043,2200,4400,17872,0.0046,1.15,85,2027-01-01
I003599,W017,C400,,9061,906,8155,2200,4400,18122,0.0046,1.15,77,2027-01-01
I003600,W018,C400,,9718,971,8747,2200,4400,19436,0.0046,1.15,26,2027-01-01
I003601,W011,C401,,20111,2011,18100,5000,10000,40222,0.0002,0.05,117,2027-01-01
I003602,W012,C401,,20260,2026,18234,5000,10000,40520,0.0002,0.05,102,2027-01-01
I003603,W013,C401,,20738,2073,18665,5000,10000,41476,0.0002,0.05,5,2027-01-01
I003604,W014,C401,,20520,2052,18468,5000,10000,41040,0.0002,0.05,86,2027-01-01
I003605,W015,C401,,20688,2068,18620,5000,10000,41376,0.0002,0.05,92,2027-01-01
I003606,W016,C401,,20623,2062,18561,5000,10000,41246,0.0002,0.05,24,2027-01-01
I003607,W017,C401,,20132,2013,18119,5000,10000,40264,0.0002,0.05,78,2027-01-01
I003608,W018,C401,,20521,2052,18469,5000,10000,41042,0.0002,0.05,107,2027-01-01
I003609,W019,C401,,20952,2095,18857,5000,10000,41904,0.0002,0.05,55,2027-01-01
I003610,W012,C402,,18379,1837,16542,4400,8800,36758,0.0003,0.07,20,2027-01-01
I003611,W013,C402,,18301,1830,16471,4400,8800,36602,0.0003,0.07,69,2027-01-01
I003612,W014,C402,,18312,1831,16481,4400,8800,36624,0.0003,0.07,97,2027-01-01
I003613,W015,C402,,17762,1776,15986,4400,8800,35524,0.0003,0.07,29,2027-01-01
I003614,W016,C402,,18029,1802,16227,4400,8800,36058,0.0003,0.07,88,2027-01-01
I003615,W017,C402,,18270,1827,16443,4400,8800,36540,0.0003,0.07,27,2027-01-01
I003616,W018,C402,,18284,1828,16456,4400,8800,36568,0.0003,0.07,48,2027-01-01
I003617,W019,C402,,18166,1816,16350,4400,8800,36332,0.0003,0.07,90,2027-01-01
I003618,W020,C402,,17998,1799,16199,4400,8800,35996,0.0003,0.07,102,2027-01-01
I003619,W013,C403,,22768,2276,20492,5500,11000,45536,0.0004,0.1,21,2027-01-01
I003620,W014,C403,,22705,2270,20435,5500,11000,45410,0.0004,0.1,90,2027-01-01
I003621,W015,C403,,22784,2278,20506,5500,11000,45568,0.0004,0.1,83,2027-01-01
I003622,W016,C403,,22716,2271,20445,5500,11000,45432,0.0004,0.1,9,2027-01-01
I003623,W017,C403,,22737,2273,20464,5500,11000,45474,0.0004,0.1,79,2027-01-01
I003624,W018,C403,,22639,2263,20376,5500,11000,45278,0.0004,0.1,111,2027-01-01
I003625,W019,C403,,22963,2296,20667,5500,11000,45926,0.0004,0.1,91,2027-01-01
I003626,W020,C403,,22188,2218,19970,5500,11000,44376,0.0004,0.1,113,2027-01-01
I003627,W021,C403,,22448,2244,20204,5500,11000,44896,0.0004,0.1,39,2027-01-01
I003628,W014,C404,,29367,2936,26431,7300,14600,58734,0.0005,0.12,91,2027-01-01
I003629,W015,C404,,29913,2991,26922,7300,14600,59826,0.0005,0.12,12,2027-01-01
I003630,W016,C404,,29533,2953,26580,7300,14600,59066,0.0005,0.12,52,2027-01-01
I003631,W017,C404,,29714,2971,26743,7300,14600,59428,0.0005,0.12,91,2027-01-01
I003632,W018,C404,,30084,3008,27076,7300,14600,60168,0.0005,0.12,77,2027-01-01
I003633,W019,C404,,29303,2930,26373,7300,14600,58606,0.0005,0.12,110,2027-01-01
I003634,W020,C404,,29623,2962,26661,7300,14600,59246,0.0005,0.12,84,2027-01-01
I003635,W021,C404,,30001,3000,27001,7300,14600,60002,0.0005,0.12,114,2027-01-01
I003636,W022,C404,,29709,2970,26739,7300,14600,59418,0.0005,0.12,21,2027-01-01
I003637,W015,C405,,31046,3104,27942,7600,15200,62092,0.0006,0.14,76,2027-01-01
I003638,W016,C405,,31357,3135,28222,7600,15200,62714,0.0006,0.14,59,2027-01-01
I003639,W017,C405,,30714,3071,27643,7600,15200,61428,0.0006,0.14,53,2027-01-01
I003640,W018,C405,,31085,3108,27977,7600,15200,62170,0.0006,0.14,61,2027-01-01
I003641,W019,C405,,30847,3084,27763,7600,15200,61694,0.0006,0.14,37,2027-01-01
I003642,W020,C405,,30982,3098,27884,7600,15200,61964,0.0006,0.14,69,2027-01-01
I003643,W021,C405,,31014,3101,27913,7600,15200,62028,0.0006,0.14,115,2027-01-01
I003644,W022,C405,,31246,3124,28122,7600,15200,62492,0.0006,0.14,8,2027-01-01
I003645,W023,C405,,31307,3130,28177,7600,15200,62614,0.0006,0.14,44,2027-01-01
I003646,W016,C406,,30019,3001,27018,7300,14600,60038,0.0007,0.16,69,2027-01-01
I003647,W017,C406,,29794,2979,26815,7300,14600,59588,0.0007,0.16,83,2027-01-01
I003648,W018,C406,,29907,2990,26917,7300,14600,59814,0.0007,0.16,8,2027-01-01
I003649,W019,C406,,29805,2980,26825,7300,14600,59610,0.0007,0.16,103,2027-01-01
I003650,W020,C406,,29726,2972,26754,7300,14600,59452,0.0007,0.16,8,2027-01-01
I003651,W021,C406,,29468,2946,26522,7300,14600,58936,0.0007,0.16,12,2027-01-01
I003652,W022,C406,,29374,2937,26437,7300,14600,58748,0.0007,0.16,108,2027-01-01
I003653,W023,C406,,29667,2966,26701,7300,14600,59334,0.0007,0.16,98,2027-01-01
I003654,W024,C406,,29600,2960,26640,7300,14600,59200,0.0007,0.16,26,2027-01-01
I003655,W017,C407,,25683,2568,23115,6300,12600,51366,0.0007,0.19,68,2027-01-01
I003656,W018,C407,,25591,2559,23032,6300,12600,51182,0.0007,0.19,75,2027-01-01
I003657,W019,C407,,25546,2554,22992,6300,12600,51092,0.0007,0.19,49,2027-01-01
I003658,W020,C407,,25642,2564,23078,6300,12600,51284,0.0007,0.19,110,2027-01-01
I003659,W021,C407,,25852,2585,23267,6300,12600,51704,0.0007,0.19,16,2027-01-01
I003660,W022,C407,,25667,2566,23101,6300,12600,51334,0.0007,0.19,75,2027-01-01
I003661,W023,C407,,25472,2547,22925,6300,12600,50944,0.0007,0.19,5,2027-01-01
I003662,W024,C407,,25988,2598,23390,6300,12600,51976,0.0007,0.19,33,2027-01-01
I003663,W025,C407,,26025,2602,23423,6300,12600,52050,0.0007,0.19,84,2027-01-01
I003664,W018,C408,,28185,2818,25367,6800,13600,56370,0.0008,0.21,25,2027-01-01
I003665,W019,C408,,27880,2788,25092,6800,13600,55760,0.0008,0.21,72,2027-01-01
I003666,W020,C408,,28129,2812,25317,6800,13600,56258,0.0008,0.21,68,2027-01-01
I003667,W021,C408,,27921,2792,25129,6800,13600,55842,0.0008,0.21,20,2027-01-01
I003668,W022,C408,,27303,2730,24573,6800,13600,54606,0.0008,0.21,86,2027-01-01
I003669,W023,C408,,27822,2782,25040,6800,13600,55644,0.0008,0.21,85,2027-01-01
I003670,W024,C408,,28098,2809,25289,6800,13600,56196,0.0008,0.21,3,2027-01-01
I003671,W025,C408,,27805,2780,25025,6800,13600,55610,0.0008,0.21,61,2027-01-01
I003672,W026,C408,,27726,2772,24954,6800,13600,55452,0.0008,0.21,8,2027-01-01
I003673,W019,C409,,9997,999,8998,2300,4600,19994,0.0009,0.23,67,2027-01-01
I003674,W020,C409,,9661,966,8695,2300,4600,19322,0.0009,0.23,79,2027-01-01
I003675,W021,C409,,10094,1009,9085,2300,4600,20188,0.0009,0.23,37,2027-01-01
I003676,W022,C409,,9551,955,8596,2300,4600,19102,0.0009,0.23,3,2027-01-01
I003677,W023,C409,,10086,1008,9078,2300,4600,20172,0.0009,0.23,28,2027-01-01
I003678,W024,C409,,9471,947,8524,2300,4600,18942,0.0009,0.23,73,2027-01-01
I003679,W025,C409,,9942,994,8948,2300,4600,19884,0.0009,0.23,89,2027-01-01
I003680,W026,C409,,9704,970,8734,2300,4600,19408,0.0009,0.23,89,2027-01-01
I003681,W027,C409,,9491,949,8542,2300,4600,18982,0.0009,0.23,2,2027-01-01
I003682,W020,C410,,14990,1499,13491,3700,7400,29980,0.001,0.25,32,2027-01-01
I003683,W021,C410,,15322,1532,13790,3700,7400,30644,0.001,0.25,85,2027-01-01
I003684,W022,C410,,15478,1547,13931,3700,7400,30956,0.001,0.25,81,2027-01-01
I003685,W023,C410,,15388,1538,13850,3700,7400,30776,0.001,0.25,19,2027-01-01
I003686,W024,C410,,15032,1503,13529,3700,7400,30064,0.001,0.25,72,2027-01-01
I003687,W025,C410,,15186,1518,13668,3700,7400,30372,0.001,0.25,94,2027-01-01
I003688,W026,C410,,15699,1569,14130,3700,7400,31398,0.001,0.25,67,2027-01-01
I003689,W027,C410,,15346,1534,13812,3700,7400,30692,0.001,0.25,78,2027-01-01
I003690,W028,C410,,15119,1511,13608,3700,7400,30238,0.001,0.25,50,2027-01-01
I003691,W021,C411,,17386,1738,15648,4100,8200,34772,0.0011,0.28,118,2027-01-01
I003692,W022,C411,,17080,1708,15372,4100,8200,34160,0.0011,0.28,79,2027-01-01
I003693,W023,C411,,17258,1725,15533,4100,8200,34516,0.0011,0.28,32,2027-01-01
I003694,W024,C411,,16934,1693,15241,4100,8200,33868,0.0011,0.28,20,2027-01-01
I003695,W025,C411,,16985,1698,15287,4100,8200,33970,0.0011,0.28,12,2027-01-01
I003696,W026,C411,,16659,1665,14994,4100,8200,33318,0.0011,0.28,11,2027-01-01
I003697,W027,C411,,16962,1696,15266,4100,8200,33924,0.0011,0.28,54,2027-01-01
I003698,W028,C411,,17082,1708,15374,4100,8200,34164,0.0011,0.28,75,2027-01-01
I003699,W029,C411,,17237,1723,15514,4100,8200,34474,0.0011,0.28,67,2027-01-01
I003700,W022,C412,,19497,1949,17548,4800,9600,38994,0.0012,0.3,43,2027-01-01
I003701,W023,C412,,20101,2010,18091,4800,9600,40202,0.0012,0.3,82,2027-01-01
I003702,W024,C412,,20165,2016,18149,4800,9600,40330,0.0012,0.3,84,2027-01-01
I003703,W025,C412,,19415,1941,17474,4800,9600,38830,0.0012,0.3,51,2027-01-01
I003704,W026,C412,,19979,1997,17982,4800,9600,39958,0.0012,0.3,77,2027-01-01
I003705,W027,C412,,19933,1993,17940,4800,9600,39866,0.0012,0.3,28,2027-01-01
I003706,W028,C412,,19846,1984,17862,4800,9600,39692,0.0012,0.3,92,2027-01-01
I003707,W029,C412,,19802,1980,17822,4800,9600,39604,0.0012,0.3,15,2027-01-01
I003708,W030,C412,,20033,2003,18030,4800,9600,40066,0.0012,0.3,111,2027-01-01
I003709,W023,C413,,15614,1561,14053,3700,7400,31228,0.0013,0.32,111,2027-01-01
I003710,W024,C413,,15304,1530,13774,3700,7400,30608,0.0013,0.32,102,2027-01-01
I003711,W025,C413,,15336,1533,13803,3700,7400,30672,0.0013,0.32,26,2027-01-01
I003712,W026,C413,,15315,1531,13784,3700,7400,30630,0.0013,0.32,29,2027-01-01
I003713,W027,C413,,15134,1513,13621,3700,7400,30268,0.0013,0.32,70,2027-01-01
I003714,W028,C413,,15478,1547,13931,3700,7400,30956,0.0013,0.32,118,2027-01-01
I003715,W029,C413,,15528,1552,13976,3700,7400,31056,0.0013,0.32,109,2027-01-01
I003716,W030,C413,,15781,1578,14203,3700,7400,31562,0.0013,0.32,54,2027-01-01
I003717,W001,C413,,15789,1578,14211,3700,7400,31578,0.0013,0.32,113,2027-01-01
I003718,W024,C414,,23218,2321,20897,5600,11200,46436,0.0014,0.34,18,2027-01-01
I003719,W025,C414,,23086,2308,20778,5600,11200,46172,0.0014,0.34,8,2027-01-01
I003720,W026,C414,,23174,2317,20857,5600,11200,46348,0.0014,0.34,49,2027-01-01
I003721,W027,C414,,22958,2295,20663,5600,11200,45916,0.0014,0.34,74,2027-01-01
I003722,W028,C414,,23013,2301,20712,5600,11200,46026,0.0014,0.34,74,2027-01-01
I003723,W029,C414,,22829,2282,20547,5600,11200,45658,0.0014,0.34,93,2027-01-01
I003724,W030,C414,,23384,2338,21046,5600,11200,46768,0.0014,0.34,53,2027-01-01
I003725,W001,C414,,23159,2315,20844,5600,11200,46318,0.0014,0.34,31,2027-01-01
I003726,W002,C414,,23247,2324,20923,5600,11200,46494,0.0014,0.34,7,2027-01-01
I003727,W025,C415,,18364,1836,16528,4500,9000,36728,0.0015,0.37,58,2027-01-01
I003728,W026,C415,,18456,1845,16611,4500,9000,36912,0.0015,0.37,7,2027-01-01
I003729,W027,C415,,18633,1863,16770,4500,9000,37266,0.0015,0.37,55,2027-01-01
I003730,W028,C415,,18491,1849,16642,4500,9000,36982,0.0015,0.37,3,2027-01-01
I003731,W029,C415,,18589,1858,16731,4500,9000,37178,0.0015,0.37,73,2027-01-01
I003732,W030,C415,,18925,1892,17033,4500,9000,37850,0.0015,0.37,81,2027-01-01
I003733,W001,C415,,18973,1897,17076,4500,9000,37946,0.0015,0.37,95,2027-01-01
I003734,W002,C415,,18727,1872,16855,4500,9000,37454,0.0015,0.37,81,2027-01-01
I003735,W003,C415,,18252,1825,16427,4500,9000,36504,0.0015,0.37,59,2027-01-01
I003736,W026,C416,,22367,2236,20131,5500,11000,44734,0.0016,0.39,111,2027-01-01
I003737,W027,C416,,22720,2272,20448,5500,11000,45440,0.0016,0.39,48,2027-01-01
I003738,W028,C416,,22186,2218,19968,5500,11000,44372,0.0016,0.39,24,2027-01-01
I003739,W029,C416,,22932,2293,20639,5500,11000,45864,0.0016,0.39,39,2027-01-01
I003740,W030,C416,,22287,2228,20059,5500,11000,44574,0.0016,0.39,36,2027-01-01
I003741,W001,C416,,22304,2230,20074,5500,11000,44608,0.0016,0.39,12,2027-01-01
I003742,W002,C416,,22890,2289,20601,5500,11000,45780,0.0016,0.39,76,2027-01-01
I003743,W003,C416,,22161,2216,19945,5500,11000,44322,0.0016,0.39,98,2027-01-01
I003744,W004,C416,,22439,2243,20196,5500,11000,44878,0.0016,0.39,4,2027-01-01
I003745,W027,C417,,13160,1316,11844,3100,6200,26320,0.0016,0.41,93,2027-01-01
I003746,W028,C417,,13083,1308,11775,3100,6200,26166,0.0016,0.41,87,2027-01-01
I003747,W029,C417,,12828,1282,11546,3100,6200,25656,0.0016,0.41,3,2027-01-01
I003748,W030,C417,,12914,1291,11623,3100,6200,25828,0.0016,0.41,118,2027-01-01
I003749,W001,C417,,12528,1252,11276,3100,6200,25056,0.0016,0.41,84,2027-01-01
I003750,W002,C417,,13252,1325,11927,3100,6200,26504,0.0016,0.41,28,2027-01-01
I003751,W003,C417,,13238,1323,11915,3100,6200,26476,0.0016,0.41,73,2027-01-01
I003752,W004,C417,,13308,1330,11978,3100,6200,26616,0.0016,0.41,9,2027-01-01
I003753,W005,C417,,13105,1310,11795,3100,6200,26210,0.0016,0.41,83,2027-01-01
I003754,W028,C418,,24549,2454,22095,5900,11800,49098,0.0017,0.43,52,2027-01-01
I003755,W029,C418,,24139,2413,21726,5900,11800,48278,0.0017,0.43,109,2027-01-01
I003756,W030,C418,,24532,2453,22079,5900,11800,49064,0.0017,0.43,94,2027-01-01
I003757,W001,C418,,23757,2375,21382,5900,11800,47514,0.0017,0.43,103,2027-01-01
I003758,W002,C418,,23753,2375,21378,5900,11800,47506,0.0017,0.43,104,2027-01-01
I003759,W003,C418,,23755,2375,21380,5900,11800,47510,0.0017,0.43,41,2027-01-01
I003760,W004,C418,,24111,2411,21700,5900,11800,48222,0.0017,0.43,48,2027-01-01
I003761,W005,C418,,23802,2380,21422,5900,11800,47604,0.0017,0.43,116,2027-01-01
I003762,W006,C418,,23736,2373,21363,5900,11800,47472,0.0017,0.43,59,2027-01-01
I003763,W029,C419,,27358,2735,24623,6600,13200,54716,0.0018,0.46,101,2027-01-01
I003764,W030,C419,,26921,2692,24229,6600,13200,53842,0.0018,0.46,9,2027-01-01
I003765,W001,C419,,26801,2680,24121,6600,13200,53602,0.0018,0.46,119,2027-01-01
I003766,W002,C419,,26894,2689,24205,6600,13200,53788,0.0018,0.46,101,2027-01-01
I003767,W003,C419,,26968,2696,24272,6600,13200,53936,0.0018,0.46,75,2027-01-01
I003768,W004,C419,,26822,2682,24140,6600,13200,53644,0.0018,0.46,49,2027-01-01
I003769,W005,C419,,27370,2737,24633,6600,13200,54740,0.0018,0.46,32,2027-01-01
I003770,W006,C419,,26824,2682,24142,6600,13200,53648,0.0018,0.46,73,2027-01-01
I003771,W007,C419,,27057,2705,24352,6600,13200,54114,0.0018,0.46,41,2027-01-01
I003772,W030,C420,,4965,496,4469,1200,2400,9930,0.0019,0.48,11,2027-01-01
I003773,W001,C420,,5778,577,5201,1200,2400,11556,0.0019,0.48,75,2027-01-01
I003774,W002,C420,,5716,571,5145,1200,2400,11432,0.0019,0.48,109,2027-01-01
I003775,W003,C420,,5388,538,4850,1200,2400,10776,0.0019,0.48,18,2027-01-01
I003776,W004,C420,,5743,574,5169,1200,2400,11486,0.0019,0.48,24,2027-01-01
I003777,W005,C420,,5415,541,4874,1200,2400,10830,0.0019,0.48,35,2027-01-01
I003778,W006,C420,,5646,564,5082,1200,2400,11292,0.0019,0.48,25,2027-01-01
I003779,W007,C420,,5470,547,4923,1200,2400,10940,0.0019,0.48,61,2027-01-01
I003780,W008,C420,,5013,501,4512,1200,2400,10026,0.0019,0.48,61,2027-01-01
I003781,W001,C421,,13846,1384,12462,3400,6800,27692,0.002,0.5,28,2027-01-01
I003782,W002,C421,,14198,1419,12779,3400,6800,28396,0.002,0.5,62,2027-01-01
I003783,W003,C421,,14371,1437,12934,3400,6800,28742,0.002,0.5,71,2027-01-01
I003784,W004,C421,,13813,1381,12432,3400,6800,27626,0.002,0.5,97,2027-01-01
I003785,W005,C421,,14496,1449,13047,3400,6800,28992,0.002,0.5,71,2027-01-01
I003786,W006,C421,,14250,1425,12825,3400,6800,28500,0.002,0.5,119,2027-01-01
I003787,W007,C421,,14395,1439,12956,3400,6800,28790,0.002,0.5,78,2027-01-01
I003788,W008,C421,,14425,1442,12983,3400,6800,28850,0.002,0.5,25,2027-01-01
I003789,W009,C421,,13975,1397,12578,3400,6800,27950,0.002,0.5,3,2027-01-01
I003790,W002,C422,,17681,1768,15913,4200,8400,35362,0.0021,0.52,87,2027-01-01
I003791,W003,C422,,17076,1707,15369,4200,8400,34152,0.0021,0.52,74,2027-01-01
I003792,W004,C422,,17554,1755,15799,4200,8400,35108,0.0021,0.52,93,2027-01-01
I003793,W005,C422,,17740,1774,15966,4200,8400,35480,0.0021,0.52,12,2027-01-01
I003794,W006,C422,,17194,1719,15475,4200,8400,34388,0.0021,0.52,99,2027-01-01
I003795,W007,C422,,17411,1741,15670,4200,8400,34822,0.0021,0.52,1,2027-01-01
I003796,W008,C422,,17208,1720,15488,4200,8400,34416,0.0021,0.52,54,2027-01-01
I003797,W009,C422,,17361,1736,15625,4200,8400,34722,0.0021,0.52,106,2027-01-01
I003798,W010,C422,,16994,1699,15295,4200,8400,33988,0.0021,0.52,66,2027-01-01
I003799,W003,C423,,3953,395,3558,800,1600,7906,0.0022,0.55,48,2027-01-01
I003800,W004,C423,,3852,385,3467,800,1600,7704,0.0022,0.55,97,2027-01-01
I003801,W005,C423,,3562,356,3206,800,1600,7124,0.0022,0.55,83,2027-01-01
I003802,W006,C423,,3774,377,3397,800,1600,7548,0.0022,0.55,7,2027-01-01
I003803,W007,C423,,3808,380,3428,800,1600,7616,0.0022,0.55,77,2027-01-01
I003804,W008,C423,,4016,401,3615,800,1600,8032,0.0022,0.55,48,2027-01-01
I003805,W009,C423,,3970,397,3573,800,1600,7940,0.0022,0.55,11,2027-01-01
I003806,W010,C423,,4046,404,3642,800,1600,8092,0.0022,0.55,51,2027-01-01
I003807,W011,C423,,3429,342,3087,800,1600,6858,0.0022,0.55,55,2027-01-01
I003808,W004,C424,,30931,3093,27838,7600,15200,61862,0.0023,0.57,94,2027-01-01
I003809,W005,C424,,30668,3066,27602,7600,15200,61336,0.0023,0.57,89,2027-01-01
I003810,W006,C424,,30670,3067,27603,7600,15200,61340,0.0023,0.57,120,2027-01-01
I003811,W007,C424,,30925,3092,27833,7600,15200,61850,0.0023,0.57,7,2027-01-01
I003812,W008,C424,,30752,3075,27677,7600,15200,61504,0.0023,0.57,107,2027-01-01
I003813,W009,C424,,30609,3060,27549,7600,15200,61218,0.0023,0.57,43,2027-01-01
I003814,W010,C424,,31273,3127,28146,7600,15200,62546,0.0023,0.57,82,2027-01-01
I003815,W011,C424,,30509,3050,27459,7600,15200,61018,0.0023,0.57,91,2027-01-01
I003816,W012,C424,,31188,3118,28070,7600,15200,62376,0.0023,0.57,18,2027-01-01
I003817,W005,C425,,25248,2524,22724,6200,12400,50496,0.0024,0.59,30,2027-01-01
I003818,W006,C425,,25427,2542,22885,6200,12400,50854,0.0024,0.59,75,2027-01-01
I003819,W007,C425,,25442,2544,22898,6200,12400,50884,0.0024,0.59,75,2027-01-01
I003820,W008,C425,,25005,2500,22505,6200,12400,50010,0.0024,0.59,64,2027-01-01
I003821,W009,C425,,25220,2522,22698,6200,12400,50440,0.0024,0.59,84,2027-01-01
I003822,W010,C425,,25673,2567,23106,6200,12400,51346,0.0024,0.59,112,2027-01-01
I003823,W011,C425,,25504,2550,22954,6200,12400,51008,0.0024,0.59,46,2027-01-01
I003824,W012,C425,,25273,2527,22746,6200,12400,50546,0.0024,0.59,87,2027-01-01
I003825,W013,C425,,24960,2496,22464,6200,12400,49920,0.0024,0.59,47,2027-01-01
I003826,W006,C426,,12165,1216,10949,3000,6000,24330,0.0024,0.61,106,2027-01-01
I003827,W007,C426,,12246,1224,11022,3000,6000,24492,0.0024,0.61,23,2027-01-01
I003828,W008,C426,,12648,1264,11384,3000,6000,25296,0.0024,0.61,99,2027-01-01
I003829,W009,C426,,12363,1236,11127,3000,6000,24726,0.0024,0.61,69,2027-01-01
I003830,W010,C426,,12238,1223,11015,3000,6000,24476,0.0024,0.61,45,2027-01-01
I003831,W011,C426,,12878,1287,11591,3000,6000,25756,0.0024,0.61,91,2027-01-01
I003832,W012,C426,,12796,1279,11517,3000,6000,25592,0.0024,0.61,72,2027-01-01
I003833,W013,C426,,12744,1274,11470,3000,6000,25488,0.0024,0.61,32,2027-01-01
I003834,W014,C426,,12712,1271,11441,3000,6000,25424,0.0024,0.61,33,2027-01-01
I003835,W007,C427,,8532,853,7679,2000,4000,17064,0.0025,0.64,101,2027-01-01
I003836,W008,C427,,8251,825,7426,2000,4000,16502,0.0025,0.64,21,2027-01-01
I003837,W009,C427,,8740,874,7866,2000,4000,17480,0.0025,0.64,49,2027-01-01
I003838,W010,C427,,8658,865,7793,2000,4000,17316,0.0025,0.64,107,2027-01-01
I003839,W011,C427,,8419,841,7578,2000,4000,16838,0.0025,0.64,78,2027-01-01
I003840,W012,C427,,8634,863,7771,2000,4000,17268,0.0025,0.64,89,2027-01-01
I003841,W013,C427,,8761,876,7885,2000,4000,17522,0.0025,0.64,54,2027-01-01
I003842,W014,C427,,8159,815,7344,2000,4000,16318,0.0025,0.64,80,2027-01-01
I003843,W015,C427,,8234,823,7411,2000,4000,16468,0.0025,0.64,18,2027-01-01
I003844,W008,C428,,20846,2084,18762,5000,10000,41692,0.0026,0.66,42,2027-01-01
I003845,W009,C428,,20838,2083,18755,5000,10000,41676,0.0026,0.66,34,2027-01-01
I003846,W010,C428,,20902,2090,18812,5000,10000,41804,0.0026,0.66,101,2027-01-01
I003847,W011,C428,,20938,2093,18845,5000,10000,41876,0.0026,0.66,55,2027-01-01
I003848,W012,C428,,20391,2039,18352,5000,10000,40782,0.0026,0.66,12,2027-01-01
I003849,W013,C428,,20708,2070,18638,5000,10000,41416,0.0026,0.66,73,2027-01-01
I003850,W014,C428,,20751,2075,18676,5000,10000,41502,0.0026,0.66,110,2027-01-01
I003851,W015,C428,,20701,2070,18631,5000,10000,41402,0.0026,0.66,94,2027-01-01
I003852,W016,C428,,20192,2019,18173,5000,10000,40384,0.0026,0.66,2,2027-01-01
I003853,W009,C429,,21279,2127,19152,5100,10200,42558,0.0027,0.68,68,2027-01-01
I003854,W010,C429,,21160,2116,19044,5100,10200,42320,0.0027,0.68,71,2027-01-01
I003855,W011,C429,,21181,2118,19063,5100,10200,42362,0.0027,0.68,120,2027-01-01
I003856,W012,C429,,21083,2108,18975,5100,10200,42166,0.0027,0.68,84,2027-01-01
I003857,W013,C429,,21205,2120,19085,5100,10200,42410,0.0027,0.68,9,2027-01-01
I003858,W014,C429,,21203,2120,19083,5100,10200,42406,0.0027,0.68,114,2027-01-01
I003859,W015,C429,,20572,2057,18515,5100,10200,41144,0.0027,0.68,103,2027-01-01
I003860,W016,C429,,20812,2081,18731,5100,10200,41624,0.0027,0.68,80,2027-01-01
I003861,W017,C429,,21119,2111,19008,5100,10200,42238,0.0027,0.68,4,2027-01-01
I003862,W010,C430,,13456,1345,12111,3200,6400,26912,0.0028,0.7,87,2027-01-01
I003863,W011,C430,,13384,1338,12046,3200,6400,26768,0.0028,0.7,107,2027-01-01
I003864,W012,C430,,13315,1331,11984,3200,6400,26630,0.0028,0.7,26,2027-01-01
I003865,W013,C430,,13048,1304,11744,3200,6400,26096,0.0028,0.7,35,2027-01-01
I003866,W014,C430,,13676,1367,12309,3200,6400,27352,0.0028,0.7,102,2027-01-01
I003867,W015,C430,,13064,1306,11758,3200,6400,26128,0.0028,0.7,106,2027-01-01
I003868,W016,C430,,13365,1336,12029,3200,6400,26730,0.0028,0.7,100,2027-01-01
I003869,W017,C430,,13522,1352,12170,3200,6400,27044,0.0028,0.7,119,2027-01-01
I003870,W018,C430,,13121,1312,11809,3200,6400,26242,0.0028,0.7,91,2027-01-01
I003871,W011,C431,,28252,2825,25427,7000,14000,56504,0.0029,0.73,92,2027-01-01
I003872,W012,C431,,28472,2847,25625,7000,14000,56944,0.0029,0.73,22,2027-01-01
I003873,W013,C431,,28649,2864,25785,7000,14000,57298,0.0029,0.73,65,2027-01-01
I003874,W014,C431,,28773,2877,25896,7000,14000,57546,0.0029,0.73,47,2027-01-01
I003875,W015,C431,,28962,2896,26066,7000,14000,57924,0.0029,0.73,62,2027-01-01
I003876,W016,C431,,28618,2861,25757,7000,14000,57236,0.0029,0.73,87,2027-01-01
I003877,W017,C431,,28319,2831,25488,7000,14000,56638,0.0029,0.73,6,2027-01-01
I003878,W018,C431,,28524,2852,25672,7000,14000,57048,0.0029,0.73,104,2027-01-01
I003879,W019,C431,,28404,2840,25564,7000,14000,56808,0.0029,0.73,30,2027-01-01
I003880,W012,C432,,9322,932,8390,2300,4600,18644,0.003,0.75,94,2027-01-01
I003881,W013,C432,,9811,981,8830,2300,4600,19622,0.003,0.75,100,2027-01-01
I003882,W014,C432,,9431,943,8488,2300,4600,18862,0.003,0.75,101,2027-01-01
I003883,W015,C432,,9701,970,8731,2300,4600,19402,0.003,0.75,109,2027-01-01
I003884,W016,C432,,9586,958,8628,2300,4600,19172,0.003,0.75,91,2027-01-01
I003885,W017,C432,,9790,979,8811,2300,4600,19580,0.003,0.75,114,2027-01-01
I003886,W018,C432,,10111,1011,9100,2300,4600,20222,0.003,0.75,6,2027-01-01
I003887,W019,C432,,9515,951,8564,2300,4600,19030,0.003,0.75,48,2027-01-01
I003888,W020,C432,,9691,969,8722,2300,4600,19382,0.003,0.75,79,2027-01-01
I003889,W013,C433,,23459,2345,21114,5800,11600,46918,0.0031,0.77,23,2027-01-01
I003890,W014,C433,,23745,2374,21371,5800,11600,47490,0.0031,0.77,42,2027-01-01
I003891,W015,C433,,23877,2387,21490,5800,11600,47754,0.0031,0.77,8,2027-01-01
I003892,W016,C433,,23522,2352,21170,5800,11600,47044,0.0031,0.77,4,2027-01-01
I003893,W017,C433,,23786,2378,21408,5800,11600,47572,0.0031,0.77,118,2027-01-01
I003894,W018,C433,,23594,2359,21235,5800,11600,47188,0.0031,0.77,86,2027-01-01
I003895,W019,C433,,23740,2374,21366,5800,11600,47480,0.0031,0.77,3,2027-01-01
I003896,W020,C433,,23785,2378,21407,5800,11600,47570,0.0031,0.77,62,2027-01-01
I003897,W021,C433,,23546,2354,21192,5800,11600,47092,0.0031,0.77,101,2027-01-01
I003898,W014,C434,,6775,677,6098,1600,3200,13550,0.0032,0.79,73,2027-01-01
I003899,W015,C434,,6943,694,6249,1600,3200,13886,0.0032,0.79,81,2027-01-01
I003900,W016,C434,,6796,679,6117,1600,3200,13592,0.0032,0.79,23,2027-01-01
I003901,W017,C434,,6567,656,5911,1600,3200,13134,0.0032,0.79,97,2027-01-01
I003902,W018,C434,,7389,738,6651,1600,3200,14778,0.0032,0.79,54,2027-01-01
I003903,W019,C434,,6791,679,6112,1600,3200,13582,0.0032,0.79,115,2027-01-01
I003904,W020,C434,,6665,666,5999,1600,3200,13330,0.0032,0.79,56,2027-01-01
I003905,W021,C434,,6714,671,6043,1600,3200,13428,0.0032,0.79,61,2027-01-01
I003906,W022,C434,,6991,699,6292,1600,3200,13982,0.0032,0.79,56,2027-01-01
I003907,W015,C435,,20181,2018,18163,5000,10000,40362,0.0033,0.82,102,2027-01-01
I003908,W016,C435,,20306,2030,18276,5000,10000,40612,0.0033,0.82,10,2027-01-01
I003909,W017,C435,,20200,2020,18180,5000,10000,40400,0.0033,0.82,58,2027-01-01
I003910,W018,C435,,20481,2048,18433,5000,10000,40962,0.0033,0.82,81,2027-01-01
I003911,W019,C435,,20480,2048,18432,5000,10000,40960,0.0033,0.82,59,2027-01-01
I003912,W020,C435,,20510,2051,18459,5000,10000,41020,0.0033,0.82,20,2027-01-01
I003913,W021,C435,,20738,2073,18665,5000,10000,41476,0.0033,0.82,4,2027-01-01
I003914,W022,C435,,20410,2041,18369,5000,10000,40820,0.0033,0.82,21,2027-01-01
I003915,W023,C435,,20651,2065,18586,5000,10000,41302,0.0033,0.82,32,2027-01-01
I003916,W016,C436,,18000,1800,16200,4400,8800,36000,0.0034,0.84,76,2027-01-01
I003917,W017,C436,,18296,1829,16467,4400,8800,36592,0.0034,0.84,108,2027-01-01
I003918,W018,C436,,18148,1814,16334,4400,8800,36296,0.0034,0.84,6,2027-01-01
I003919,W019,C436,,17822,1782,16040,4400,8800,35644,0.0034,0.84,106,2027-01-01
I003920,W020,C436,,17782,1778,16004,4400,8800,35564,0.0034,0.84,90,2027-01-01
I003921,W021,C436,,18186,1818,16368,4400,8800,36372,0.0034,0.84,48,2027-01-01
I003922,W022,C436,,18158,1815,16343,4400,8800,36316,0.0034,0.84,87,2027-01-01
I003923,W023,C436,,18113,1811,16302,4400,8800,36226,0.0034,0.84,66,2027-01-01
I003924,W024,C436,,17859,1785,16074,4400,8800,35718,0.0034,0.84,77,2027-01-01
I003925,W017,C437,,6968,696,6272,1700,3400,13936,0.0034,0.86,31,2027-01-01
I003926,W018,C437,,7223,722,6501,1700,3400,14446,0.0034,0.86,10,2027-01-01
I003927,W019,C437,,7244,724,6520,1700,3400,14488,0.0034,0.86,72,2027-01-01
I003928,W020,C437,,7068,706,6362,1700,3400,14136,0.0034,0.86,82,2027-01-01
I003929,W021,C437,,7180,718,6462,1700,3400,14360,0.0034,0.86,31,2027-01-01
I003930,W022,C437,,7590,759,6831,1700,3400,15180,0.0034,0.86,37,2027-01-01
I003931,W023,C437,,7299,729,6570,1700,3400,14598,0.0034,0.86,61,2027-01-01
I003932,W024,C437,,7220,722,6498,1700,3400,14440,0.0034,0.86,53,2027-01-01
I003933,W025,C437,,7066,706,6360,1700,3400,14132,0.0034,0.86,70,2027-01-01
I003934,W018,C438,,15229,1522,13707,3600,7200,30458,0.0035,0.88,62,2027-01-01
I003935,W019,C438,,14598,1459,13139,3600,7200,29196,0.0035,0.88,13,2027-01-01
I003936,W020,C438,,14598,1459,13139,3600,7200,29196,0.0035,0.88,38,2027-01-01
I003937,W021,C438,,14869,1486,13383,3600,7200,29738,0.0035,0.88,83,2027-01-01
I003938,W022,C438,,14523,1452,13071,3600,7200,29046,0.0035,0.88,24,2027-01-01
I003939,W023,C438,,15392,1539,13853,3600,7200,30784,0.0035,0.88,34,2027-01-01
I003940,W024,C438,,15357,1535,13822,3600,7200,30714,0.0035,0.88,62,2027-01-01
I003941,W025,C438,,15243,1524,13719,3600,7200,30486,0.0035,0.88,9,2027-01-01
I003942,W026,C438,,14506,1450,13056,3600,7200,29012,0.0035,0.88,81,2027-01-01
I003943,W019,C439,,3430,343,3087,800,1600,6860,0.0036,0.91,79,2027-01-01
I003944,W020,C439,,4085,408,3677,800,1600,8170,0.0036,0.91,24,2027-01-01
I003945,W021,C439,,3841,384,3457,800,1600,7682,0.0036,0.91,36,2027-01-01
I003946,W022,C439,,4054,405,3649,800,1600,8108,0.0036,0.91,86,2027-01-01
I003947,W023,C439,,3996,399,3597,800,1600,7992,0.0036,0.91,43,2027-01-01
I003948,W024,C439,,3599,359,3240,800,1600,7198,0.0036,0.91,104,2027-01-01
I003949,W025,C439,,3466,346,3120,800,1600,6932,0.0036,0.91,2,2027-01-01
I003950,W026,C439,,3527,352,3175,800,1600,7054,0.0036,0.91,4,2027-01-01
I003951,W027,C439,,3856,385,3471,800,1600,7712,0.0036,0.91,71,2027-01-01
I003952,W020,C440,,13722,1372,12350,3200,6400,27444,0.0037,0.93,85,2027-01-01
I003953,W021,C440,,12902,1290,11612,3200,6400,25804,0.0037,0.93,31,2027-01-01
I003954,W022,C440,,12927,1292,11635,3200,6400,25854,0.0037,0.93,13,2027-01-01
I003955,W023,C440,,13147,1314,11833,3200,6400,26294,0.0037,0.93,78,2027-01-01
I003956,W024,C440,,13562,1356,12206,3200,6400,27124,0.0037,0.93,84,2027-01-01
I003957,W025,C440,,13340,1334,12006,3200,6400,26680,0.0037,0.93,10,2027-01-01
I003958,W026,C440,,13139,1313,11826,3200,6400,26278,0.0037,0.93,90,2027-01-01
I003959,W027,C440,,13480,1348,12132,3200,6400,26960,0.0037,0.93,60,2027-01-01
I003960,W028,C440,,13269,1326,11943,3200,6400,26538,0.0037,0.93,58,2027-01-01
I003961,W021,C441,,19909,1990,17919,4900,9800,39818,0.0038,0.95,72,2027-01-01
I003962,W022,C441,,20300,2030,18270,4900,9800,40600,0.0038,0.95,90,2027-01-01
I003963,W023,C441,,20227,2022,18205,4900,9800,40454,0.0038,0.95,83,2027-01-01
I003964,W024,C441,,19858,1985,17873,4900,9800,39716,0.0038,0.95,71,2027-01-01
I003965,W025,C441,,20061,2006,18055,4900,9800,40122,0.0038,0.95,110,2027-01-01
I003966,W026,C441,,20207,2020,18187,4900,9800,40414,0.0038,0.95,101,2027-01-01
I003967,W027,C441,,19963,1996,17967,4900,9800,39926,0.0038,0.95,28,2027-01-01
I003968,W028,C441,,20578,2057,18521,4900,9800,41156,0.0038,0.95,33,2027-01-01
I003969,W029,C441,,19787,1978,17809,4900,9800,39574,0.0038,0.95,11,2027-01-01
I003970,W022,C442,,30130,3013,27117,7400,14800,60260,0.0039,0.97,51,2027-01-01
I003971,W023,C442,,30552,3055,27497,7400,14800,61104,0.0039,0.97,47,2027-01-01
I003972,W024,C442,,29822,2982,26840,7400,14800,59644,0.0039,0.97,112,2027-01-01
I003973,W025,C442,,30060,3006,27054,7400,14800,60120,0.0039,0.97,120,2027-01-01
I003974,W026,C442,,30022,3002,27020,7400,14800,60044,0.0039,0.97,102,2027-01-01
I003975,W027,C442,,30044,3004,27040,7400,14800,60088,0.0039,0.97,117,2027-01-01
I003976,W028,C442,,30577,3057,27520,7400,14800,61154,0.0039,0.97,74,2027-01-01
I003977,W029,C442,,29943,2994,26949,7400,14800,59886,0.0039,0.97,89,2027-01-01
I003978,W030,C442,,29742,2974,26768,7400,14800,59484,0.0039,0.97,18,2027-01-01
I003979,W023,C443,,31256,3125,28131,7700,15400,62512,0.004,1.0,55,2027-01-01
I003980,W024,C443,,31005,3100,27905,7700,15400,62010,0.004,1.0,53,2027-01-01
I003981,W025,C443,,31555,3155,28400,7700,15400,63110,0.004,1.0,90,2027-01-01
I003982,W026,C443,,31634,3163,28471,7700,15400,63268,0.004,1.0,55,2027-01-01
I003983,W027,C443,,31330,3133,28197,7700,15400,62660,0.004,1.0,66,2027-01-01
I003984,W028,C443,,31288,3128,28160,7700,15400,62576,0.004,1.0,87,2027-01-01
I003985,W029,C443,,31761,3176,28585,7700,15400,63522,0.004,1.0,54,2027-01-01
I003986,W030,C443,,31082,3108,27974,7700,15400,62164,0.004,1.0,51,2027-01-01
I003987,W001,C443,,31461,3146,28315,7700,15400,62922,0.004,1.0,104,2027-01-01
I003988,W024,C444,,7118,711,6407,1600,3200,14236,0.0041,1.02,31,2027-01-01
I003989,W025,C444,,6538,653,5885,1600,3200,13076,0.0041,1.02,52,2027-01-01
I003990,W026,C444,,7236,723,6513,1600,3200,14472,0.0041,1.02,10,2027-01-01
I003991,W027,C444,,7190,719,6471,1600,3200,14380,0.0041,1.02,36,2027-01-01
I003992,W028,C444,,6871,687,6184,1600,3200,13742,0.0041,1.02,113,2027-01-01
I003993,W029,C444,,7251,725,6526,1600,3200,14502,0.0041,1.02,61,2027-01-01
I003994,W030,C444,,7135,713,6422,1600,3200,14270,0.0041,1.02,86,2027-01-01
I003995,W001,C444,,6966,696,6270,1600,3200,13932,0.0041,1.02,82,2027-01-01
I003996,W002,C444,,6709,670,6039,1600,3200,13418,0.0041,1.02,62,2027-01-01
I003997,W025,C445,,28560,2856,25704,7000,14000,57120,0.0042,1.04,64,2027-01-01
I003998,W026,C445,,28517,2851,25666,7000,14000,57034,0.0042,1.04,9,2027-01-01
I003999,W027,C445,,28916,2891,26025,7000,14000,57832,0.0042,1.04,3,2027-01-01
I004000,W028,C445,,28583,2858,25725,7000,14000,57166,0.0042,1.04,65,2027-01-01
I004001,W029,C445,,28849,2884,25965,7000,14000,57698,0.0042,1.04,58,2027-01-01
I004002,W030,C445,,28203,2820,25383,7000,14000,56406,0.0042,1.04,57,2027-01-01
I004003,W001,C445,,28735,2873,25862,7000,14000,57470,0.0042,1.04,84,2027-01-01
I004004,W002,C445,,28795,2879,25916,7000,14000,57590,0.0042,1.04,64,2027-01-01
I004005,W003,C445,,28990,2899,26091,7000,14000,57980,0.0042,1.04,89,2027-01-01
I004006,W026,C446,,9736,973,8763,2400,4800,19472,0.0043,1.06,16,2027-01-01
I004007,W027,C446,,10437,1043,9394,2400,4800,20874,0.0043,1.06,102,2027-01-01
I004008,W028,C446,,9866,986,8880,2400,4800,19732,0.0043,1.06,3,2027-01-01
I004009,W029,C446,,10527,1052,9475,2400,4800,21054,0.0043,1.06,54,2027-01-01
I004010,W030,C446,,10420,1042,9378,2400,4800,20840,0.0043,1.06,99,2027-01-01
I004011,W001,C446,,10276,1027,9249,2400,4800,20552,0.0043,1.06,69,2027-01-01
I004012,W002,C446,,9903,990,8913,2400,4800,19806,0.0043,1.06,64,2027-01-01
I004013,W003,C446,,9952,995,8957,2400,4800,19904,0.0043,1.06,74,2027-01-01
I004014,W004,C446,,10044,1004,9040,2400,4800,20088,0.0043,1.06,76,2027-01-01
I004015,W027,C447,,24314,2431,21883,6000,12000,48628,0.0043,1.09,32,2027-01-01
I004016,W028,C447,,24891,2489,22402,6000,12000,49782,0.0043,1.09,85,2027-01-01
I004017,W029,C447,,24836,2483,22353,6000,12000,49672,0.0043,1.09,6,2027-01-01
I004018,W030,C447,,24339,2433,21906,6000,12000,48678,0.0043,1.09,19,2027-01-01
I004019,W001,C447,,24736,2473,22263,6000,12000,49472,0.0043,1.09,11,2027-01-01
I004020,W002,C447,,24857,2485,22372,6000,12000,49714,0.0043,1.09,47,2027-01-01
I004021,W003,C447,,24306,2430,21876,6000,12000,48612,0.0043,1.09,12,2027-01-01
I004022,W004,C447,,24295,2429,21866,6000,12000,48590,0.0043,1.09,111,2027-01-01
I004023,W005,C447,,24176,2417,21759,6000,12000,48352,0.0043,1.09,52,2027-01-01
I004024,W028,C448,,24263,2426,21837,5900,11800,48526,0.0044,1.11,10,2027-01-01
I004025,W029,C448,,24104,2410,21694,5900,11800,48208,0.0044,1.11,79,2027-01-01
I004026,W030,C448,,23758,2375,21383,5900,11800,47516,0.0044,1.11,21,2027-01-01
I004027,W001,C448,,24452,2445,22007,5900,11800,48904,0.0044,1.11,107,2027-01-01
I004028,W002,C448,,23869,2386,21483,5900,11800,47738,0.0044,1.11,93,2027-01-01
I004029,W003,C448,,24561,2456,22105,5900,11800,49122,0.0044,1.11,86,2027-01-01
I004030,W004,C448,,24582,2458,22124,5900,11800,49164,0.0044,1.11,46,2027-01-01
I004031,W005,C448,,24050,2405,21645,5900,11800,48100,0.0044,1.11,108,2027-01-01
I004032,W006,C448,,24218,2421,21797,5900,11800,48436,0.0044,1.11,27,2027-01-01
I004033,W029,C449,,11224,1122,10102,2600,5200,22448,0.0045,1.13,61,2027-01-01
I004034,W030,C449,,11336,1133,10203,2600,5200,22672,0.0045,1.13,31,2027-01-01
I004035,W001,C449,,10604,1060,9544,2600,5200,21208,0.0045,1.13,3,2027-01-01
I004036,W002,C449,,10554,1055,9499,2600,5200,21108,0.0045,1.13,107,2027-01-01
I004037,W003,C449,,10812,1081,9731,2600,5200,21624,0.0045,1.13,23,2027-01-01
I004038,W004,C449,,10977,1097,9880,2600,5200,21954,0.0045,1.13,43,2027-01-01
I004039,W005,C449,,11191,1119,10072,2600,5200,22382,0.0045,1.13,41,2027-01-01
I004040,W006,C449,,10822,1082,9740,2600,5200,21644,0.0045,1.13,6,2027-01-01
I004041,W007,C449,,10534,1053,9481,2600,5200,21068,0.0045,1.13,114,2027-01-01
I004042,W030,C450,,18471,1847,16624,4500,9000,36942,0.0046,1.15,20,2027-01-01
I004043,W001,C450,,18868,1886,16982,4500,9000,37736,0.0046,1.15,37,2027-01-01
I004044,W002,C450,,18317,1831,16486,4500,9000,36634,0.0046,1.15,74,2027-01-01
I004045,W003,C450,,18476,1847,16629,4500,9000,36952,0.0046,1.15,104,2027-01-01
I004046,W004,C450,,18421,1842,16579,4500,9000,36842,0.0046,1.15,41,2027-01-01
I004047,W005,C450,,18427,1842,16585,4500,9000,36854,0.0046,1.15,116,2027-01-01
I004048,W006,C450,,18759,1875,16884,4500,9000,37518,0.0046,1.15,77,2027-01-01
I004049,W007,C450,,18766,1876,16890,4500,9000,37532,0.0046,1.15,109,2027-01-01
I004050,W008,C450,,18309,1830,16479,4500,9000,36618,0.0046,1.15,60,2027-01-01
I004051,W001,C451,,12504,1250,11254,3000,6000,25008,0.0002,0.05,6,2027-01-01
I004052,W002,C451,,12237,1223,11014,3000,6000,24474,0.0002,0.05,47,2027-01-01
I004053,W003,C451,,12831,1283,11548,3000,6000,25662,0.0002,0.05,79,2027-01-01
I004054,W004,C451,,12317,1231,11086,3000,6000,24634,0.0002,0.05,73,2027-01-01
I004055,W005,C451,,12121,1212,10909,3000,6000,24242,0.0002,0.05,107,2027-01-01
I004056,W006,C451,,12711,1271,11440,3000,6000,25422,0.0002,0.05,32,2027-01-01
I004057,W007,C451,,12178,1217,10961,3000,6000,24356,0.0002,0.05,45,2027-01-01
I004058,W008,C451,,12776,1277,11499,3000,6000,25552,0.0002,0.05,8,2027-01-01
I004059,W009,C451,,12614,1261,11353,3000,6000,25228,0.0002,0.05,46,2027-01-01
I004060,W002,C452,,25593,2559,23034,6300,12600,51186,0.0003,0.07,6,2027-01-01
I004061,W003,C452,,26147,2614,23533,6300,12600,52294,0.0003,0.07,72,2027-01-01
I004062,W004,C452,,25875,2587,23288,6300,12600,51750,0.0003,0.07,108,2027-01-01
I004063,W005,C452,,25422,2542,22880,6300,12600,50844,0.0003,0.07,89,2027-01-01
I004064,W006,C452,,25926,2592,23334,6300,12600,51852,0.0003,0.07,106,2027-01-01
I004065,W007,C452,,26040,2604,23436,6300,12600,52080,0.0003,0.07,51,2027-01-01
I004066,W008,C452,,26080,2608,23472,6300,12600,52160,0.0003,0.07,96,2027-01-01
I004067,W009,C452,,25345,2534,22811,6300,12600,50690,0.0003,0.07,56,2027-01-01
I004068,W010,C452,,26031,2603,23428,6300,12600,52062,0.0003,0.07,19,2027-01-01
I004069,W003,C453,,28815,2881,25934,7100,14200,57630,0.0004,0.1,59,2027-01-01
I004070,W004,C453,,29231,2923,26308,7100,14200,58462,0.0004,0.1,107,2027-01-01
I004071,W005,C453,,29246,2924,26322,7100,14200,58492,0.0004,0.1,116,2027-01-01
I004072,W006,C453,,29334,2933,26401,7100,14200,58668,0.0004,0.1,5,2027-01-01
I004073,W007,C453,,29063,2906,26157,7100,14200,58126,0.0004,0.1,51,2027-01-01
I004074,W008,C453,,28674,2867,25807,7100,14200,57348,0.0004,0.1,67,2027-01-01
I004075,W009,C453,,28843,2884,25959,7100,14200,57686,0.0004,0.1,113,2027-01-01
I004076,W010,C453,,28954,2895,26059,7100,14200,57908,0.0004,0.1,25,2027-01-01
I004077,W011,C453,,28652,2865,25787,7100,14200,57304,0.0004,0.1,6,2027-01-01
I004078,W004,C454,,13094,1309,11785,3200,6400,26188,0.0005,0.12,77,2027-01-01
I004079,W005,C454,,12944,1294,11650,3200,6400,25888,0.0005,0.12,1,2027-01-01
I004080,W006,C454,,13186,1318,11868,3200,6400,26372,0.0005,0.12,53,2027-01-01
I004081,W007,C454,,13291,1329,11962,3200,6400,26582,0.0005,0.12,14,2027-01-01
I004082,W008,C454,,13192,1319,11873,3200,6400,26384,0.0005,0.12,75,2027-01-01
I004083,W009,C454,,13196,1319,11877,3200,6400,26392,0.0005,0.12,62,2027-01-01
I004084,W010,C454,,13562,1356,12206,3200,6400,27124,0.0005,0.12,6,2027-01-01
I004085,W011,C454,,13430,1343,12087,3200,6400,26860,0.0005,0.12,37,2027-01-01
I004086,W012,C454,,12991,1299,11692,3200,6400,25982,0.0005,0.12,70,2027-01-01
I004087,W005,C455,,10523,1052,9471,2600,5200,21046,0.0006,0.14,53,2027-01-01
I004088,W006,C455,,11188,1118,10070,2600,5200,22376,0.0006,0.14,71,2027-01-01
I004089,W007,C455,,10981,1098,9883,2600,5200,21962,0.0006,0.14,76,2027-01-01
I004090,W008,C455,,10901,1090,9811,2600,5200,21802,0.0006,0.14,27,2027-01-01
I004091,W009,C455,,11029,1102,9927,2600,5200,22058,0.0006,0.14,80,2027-01-01
I004092,W010,C455,,10718,1071,9647,2600,5200,21436,0.0006,0.14,117,2027-01-01
I004093,W011,C455,,11070,1107,9963,2600,5200,22140,0.0006,0.14,97,2027-01-01
I004094,W012,C455,,11213,1121,10092,2600,5200,22426,0.0006,0.14,70,2027-01-01
I004095,W013,C455,,11138,1113,10025,2600,5200,22276,0.0006,0.14,56,2027-01-01
I004096,W006,C456,,5371,537,4834,1200,2400,10742,0.0007,0.16,115,2027-01-01
I004097,W007,C456,,4997,499,4498,1200,2400,9994,0.0007,0.16,73,2027-01-01
I004098,W008,C456,,5315,531,4784,1200,2400,10630,0.0007,0.16,57,2027-01-01
I004099,W009,C456,,5639,563,5076,1200,2400,11278,0.0007,0.16,2,2027-01-01
I004100,W010,C456,,4994,499,4495,1200,2400,9988,0.0007,0.16,24,2027-01-01
I004101,W011,C456,,4928,492,4436,1200,2400,9856,0.0007,0.16,23,2027-01-01
I004102,W012,C456,,5101,510,4591,1200,2400,10202,0.0007,0.16,62,2027-01-01
I004103,W013,C456,,5636,563,5073,1200,2400,11272,0.0007,0.16,111,2027-01-01
I004104,W014,C456,,5532,553,4979,1200,2400,11064,0.0007,0.16,31,2027-01-01
I004105,W007,C457,,20905,2090,18815,5200,10400,41810,0.0007,0.19,6,2027-01-01
I004106,W008,C457,,21403,2140,19263,5200,10400,42806,0.0007,0.19,64,2027-01-01
I004107,W009,C457,,21266,2126,19140,5200,10400,42532,0.0007,0.19,53,2027-01-01
I004108,W010,C457,,21668,2166,19502,5200,10400,43336,0.0007,0.19,101,2027-01-01
I004109,W011,C457,,21134,2113,19021,5200,10400,42268,0.0007,0.19,30,2027-01-01
I004110,W012,C457,,21071,2107,18964,5200,10400,42142,0.0007,0.19,59,2027-01-01
I004111,W013,C457,,21226,2122,19104,5200,10400,42452,0.0007,0.19,65,2027-01-01
I004112,W014,C457,,21527,2152,19375,5200,10400,43054,0.0007,0.19,14,2027-01-01
I004113,W015,C457,,21236,2123,19113,5200,10400,42472,0.0007,0.19,85,2027-01-01
I004114,W008,C458,,25778,2577,23201,6200,12400,51556,0.0008,0.21,21,2027-01-01
I004115,W009,C458,,25437,2543,22894,6200,12400,50874,0.0008,0.21,94,2027-01-01
I004116,W010,C458,,25548,2554,22994,6200,12400,51096,0.0008,0.21,30,2027-01-01
I004117,W011,C458,,25430,2543,22887,6200,12400,50860,0.0008,0.21,7,2027-01-01
I004118,W012,C458,,25468,2546,22922,6200,12400,50936,0.0008,0.21,44,2027-01-01
I004119,W013,C458,,25800,2580,23220,6200,12400,51600,0.0008,0.21,74,2027-01-01
I004120,W014,C458,,24905,2490,22415,6200,12400,49810,0.0008,0.21,28,2027-01-01
I004121,W015,C458,,24935,2493,22442,6200,12400,49870,0.0008,0.21,72,2027-01-01
I004122,W016,C458,,25051,2505,22546,6200,12400,50102,0.0008,0.21,82,2027-01-01
I004123,W009,C459,,22079,2207,19872,5300,10600,44158,0.0009,0.23,82,2027-01-01
I004124,W010,C459,,21521,2152,19369,5300,10600,43042,0.0009,0.23,37,2027-01-01
I004125,W011,C459,,21620,2162,19458,5300,10600,43240,0.0009,0.23,14,2027-01-01
I004126,W012,C459,,21863,2186,19677,5300,10600,43726,0.0009,0.23,88,2027-01-01
I004127,W013,C459,,21322,2132,19190,5300,10600,42644,0.0009,0.23,2,2027-01-01
I004128,W014,C459,,21527,2152,19375,5300,10600,43054,0.0009,0.23,93,2027-01-01
I004129,W015,C459,,21480,2148,19332,5300,10600,42960,0.0009,0.23,101,2027-01-01
I004130,W016,C459,,21532,2153,19379,5300,10600,43064,0.0009,0.23,34,2027-01-01
I004131,W017,C459,,21674,2167,19507,5300,10600,43348,0.0009,0.23,71,2027-01-01
I004132,W010,C460,,31624,3162,28462,7700,15400,63248,0.001,0.25,116,2027-01-01
I004133,W011,C460,,31158,3115,28043,7700,15400,62316,0.001,0.25,105,2027-01-01
I004134,W012,C460,,31354,3135,28219,7700,15400,62708,0.001,0.25,33,2027-01-01
I004135,W013,C460,,31229,3122,28107,7700,15400,62458,0.001,0.25,112,2027-01-01
I004136,W014,C460,,31788,3178,28610,7700,15400,63576,0.001,0.25,55,2027-01-01
I004137,W015,C460,,31589,3158,28431,7700,15400,63178,0.001,0.25,56,2027-01-01
I004138,W016,C460,,31568,3156,28412,7700,15400,63136,0.001,0.25,45,2027-01-01
I004139,W017,C460,,31544,3154,28390,7700,15400,63088,0.001,0.25,82,2027-01-01
I004140,W018,C460,,31002,3100,27902,7700,15400,62004,0.001,0.25,35,2027-01-01
I004141,W011,C461,,28630,2863,25767,7000,14000,57260,0.0011,0.28,118,2027-01-01
I004142,W012,C461,,28704,2870,25834,7000,14000,57408,0.0011,0.28,48,2027-01-01
I004143,W013,C461,,28296,2829,25467,7000,14000,56592,0.0011,0.28,89,2027-01-01
I004144,W014,C461,,28220,2822,25398,7000,14000,56440,0.0011,0.28,71,2027-01-01
I004145,W015,C461,,28340,2834,25506,7000,14000,56680,0.0011,0.28,28,2027-01-01
I004146,W016,C461,,28582,2858,25724,7000,14000,57164,0.0011,0.28,111,2027-01-01
I004147,W017,C461,,28968,2896,26072,7000,14000,57936,0.0011,0.28,101,2027-01-01
I004148,W018,C461,,28933,2893,26040,7000,14000,57866,0.0011,0.28,22,2027-01-01
I004149,W019,C461,,28972,2897,26075,7000,14000,57944,0.0011,0.28,4,2027-01-01
I004150,W012,C462,,27379,2737,24642,6700,13400,54758,0.0012,0.3,26,2027-01-01
I004151,W013,C462,,27527,2752,24775,6700,13400,55054,0.0012,0.3,61,2027-01-01
I004152,W014,C462,,27270,2727,24543,6700,13400,54540,0.0012,0.3,72,2027-01-01
I004153,W015,C462,,27696,2769,24927,6700,13400,55392,0.0012,0.3,19,2027-01-01
I004154,W016,C462,,27295,2729,24566,6700,13400,54590,0.0012,0.3,38,2027-01-01
I004155,W017,C462,,27184,2718,24466,6700,13400,54368,0.0012,0.3,24,2027-01-01
I004156,W018,C462,,27758,2775,24983,6700,13400,55516,0.0012,0.3,101,2027-01-01
I004157,W019,C462,,27018,2701,24317,6700,13400,54036,0.0012,0.3,54,2027-01-01
I004158,W020,C462,,26944,2694,24250,6700,13400,53888,0.0012,0.3,13,2027-01-01
I004159,W013,C463,,29746,2974,26772,7200,14400,59492,0.0013,0.32,68,2027-01-01
I004160,W014,C463,,28987,2898,26089,7200,14400,57974,0.0013,0.32,55,2027-01-01
I004161,W015,C463,,29069,2906,26163,7200,14400,58138,0.0013,0.32,42,2027-01-01
I004162,W016,C463,,29096,2909,26187,7200,14400,58192,0.0013,0.32,117,2027-01-01
I004163,W017,C463,,29658,2965,26693,7200,14400,59316,0.0013,0.32,1,2027-01-01
I004164,W018,C463,,29345,2934,26411,7200,14400,58690,0.0013,0.32,93,2027-01-01
I004165,W019,C463,,29340,2934,26406,7200,14400,58680,0.0013,0.32,23,2027-01-01
I004166,W020,C463,,29078,2907,26171,7200,14400,58156,0.0013,0.32,77,2027-01-01
I004167,W021,C463,,29170,2917,26253,7200,14400,58340,0.0013,0.32,15,2027-01-01
I004168,W014,C464,,23304,2330,20974,5800,11600,46608,0.0014,0.34,8,2027-01-01
I004169,W015,C464,,23706,2370,21336,5800,11600,47412,0.0014,0.34,105,2027-01-01
I004170,W016,C464,,23897,2389,21508,5800,11600,47794,0.0014,0.34,1,2027-01-01
I004171,W017,C464,,23390,2339,21051,5800,11600,46780,0.0014,0.34,76,2027-01-01
I004172,W018,C464,,23980,2398,21582,5800,11600,47960,0.0014,0.34,101,2027-01-01
I004173,W019,C464,,23394,2339,21055,5800,11600,46788,0.0014,0.34,12,2027-01-01
I004174,W020,C464,,23786,2378,21408,5800,11600,47572,0.0014,0.34,30,2027-01-01
I004175,W021,C464,,23575,2357,21218,5800,11600,47150,0.0014,0.34,8,2027-01-01
I004176,W022,C464,,23737,2373,21364,5800,11600,47474,0.0014,0.34,53,2027-01-01
I004177,W015,C465,,15764,1576,14188,3800,7600,31528,0.0015,0.37,85,2027-01-01
I004178,W016,C465,,15425,1542,13883,3800,7600,30850,0.0015,0.37,115,2027-01-01
I004179,W017,C465,,16177,1617,14560,3800,7600,32354,0.0015,0.37,6,2027-01-01
I004180,W018,C465,,15837,1583,14254,3800,7600,31674,0.0015,0.37,24,2027-01-01
I004181,W019,C465,,16045,1604,14441,3800,7600,32090,0.0015,0.37,7,2027-01-01
I004182,W020,C465,,15797,1579,14218,3800,7600,31594,0.0015,0.37,3,2027-01-01
I004183,W021,C465,,15621,1562,14059,3800,7600,31242,0.0015,0.37,89,2027-01-01
I004184,W022,C465,,15633,1563,14070,3800,7600,31266,0.0015,0.37,10,2027-01-01
I004185,W023,C465,,15781,1578,14203,3800,7600,31562,0.0015,0.37,9,2027-01-01
I004186,W016,C466,,9391,939,8452,2200,4400,18782,0.0016,0.39,97,2027-01-01
I004187,W017,C466,,9152,915,8237,2200,4400,18304,0.0016,0.39,45,2027-01-01
I004188,W018,C466,,9359,935,8424,2200,4400,18718,0.0016,0.39,104,2027-01-01
I004189,W019,C466,,9552,955,8597,2200,4400,19104,0.0016,0.39,37,2027-01-01
I004190,W020,C466,,9638,963,8675,2200,4400,19276,0.0016,0.39,37,2027-01-01
I004191,W021,C466,,9600,960,8640,2200,4400,19200,0.0016,0.39,28,2027-01-01
I004192,W022,C466,,9521,952,8569,2200,4400,19042,0.0016,0.39,82,2027-01-01
I004193,W023,C466,,9006,900,8106,2200,4400,18012,0.0016,0.39,97,2027-01-01
I004194,W024,C466,,9197,919,8278,2200,4400,18394,0.0016,0.39,65,2027-01-01
I004195,W017,C467,,10598,1059,9539,2400,4800,21196,0.0016,0.41,119,2027-01-01
I004196,W018,C467,,10538,1053,9485,2400,4800,21076,0.0016,0.41,57,2027-01-01
I004197,W019,C467,,10553,1055,9498,2400,4800,21106,0.0016,0.41,74,2027-01-01
I004198,W020,C467,,10313,1031,9282,2400,4800,20626,0.0016,0.41,82,2027-01-01
I004199,W021,C467,,9716,971,8745,2400,4800,19432,0.0016,0.41,15,2027-01-01
I004200,W022,C467,,10227,1022,9205,2400,4800,20454,0.0016,0.41,35,2027-01-01
I004201,W023,C467,,9798,979,8819,2400,4800,19596,0.0016,0.41,57,2027-01-01
I004202,W024,C467,,9861,986,8875,2400,4800,19722,0.0016,0.41,93,2027-01-01
I004203,W025,C467,,10448,1044,9404,2400,4800,20896,0.0016,0.41,74,2027-01-01
I004204,W018,C468,,7523,752,6771,1700,3400,15046,0.0017,0.43,32,2027-01-01
I004205,W019,C468,,7649,764,6885,1700,3400,15298,0.0017,0.43,20,2027-01-01
I004206,W020,C468,,7051,705,6346,1700,3400,14102,0.0017,0.43,23,2027-01-01
I004207,W021,C468,,7014,701,6313,1700,3400,14028,0.0017,0.43,111,2027-01-01
I004208,W022,C468,,7345,734,6611,1700,3400,14690,0.0017,0.43,3,2027-01-01
I004209,W023,C468,,7150,715,6435,1700,3400,14300,0.0017,0.43,24,2027-01-01
I004210,W024,C468,,6962,696,6266,1700,3400,13924,0.0017,0.43,64,2027-01-01
I004211,W025,C468,,6946,694,6252,1700,3400,13892,0.0017,0.43,98,2027-01-01
I004212,W026,C468,,7789,778,7011,1700,3400,15578,0.0017,0.43,43,2027-01-01
I004213,W019,C469,,25784,2578,23206,6200,12400,51568,0.0018,0.46,24,2027-01-01
I004214,W020,C469,,25152,2515,22637,6200,12400,50304,0.0018,0.46,34,2027-01-01
I004215,W021,C469,,25566,2556,23010,6200,12400,51132,0.0018,0.46,42,2027-01-01
I004216,W022,C469,,24933,2493,22440,6200,12400,49866,0.0018,0.46,104,2027-01-01
I004217,W023,C469,,25395,2539,22856,6200,12400,50790,0.0018,0.46,75,2027-01-01
I004218,W024,C469,,25677,2567,23110,6200,12400,51354,0.0018,0.46,29,2027-01-01
I004219,W025,C469,,25599,2559,23040,6200,12400,51198,0.0018,0.46,16,2027-01-01
I004220,W026,C469,,25574,2557,23017,6200,12400,51148,0.0018,0.46,51,2027-01-01
I004221,W027,C469,,25277,2527,22750,6200,12400,50554,0.0018,0.46,77,2027-01-01
I004222,W020,C470,,11343,1134,10209,2700,5400,22686,0.0019,0.48,26,2027-01-01
I004223,W021,C470,,11105,1110,9995,2700,5400,22210,0.0019,0.48,112,2027-01-01
I004224,W022,C470,,11577,1157,10420,2700,5400,23154,0.0019,0.48,114,2027-01-01
I004225,W023,C470,,11515,1151,10364,2700,5400,23030,0.0019,0.48,53,2027-01-01
I004226,W024,C470,,10999,1099,9900,2700,5400,21998,0.0019,0.48,96,2027-01-01
I004227,W025,C470,,11479,1147,10332,2700,5400,22958,0.0019,0.48,61,2027-01-01
I004228,W026,C470,,11797,1179,10618,2700,5400,23594,0.0019,0.48,112,2027-01-01
I004229,W027,C470,,11255,1125,10130,2700,5400,22510,0.0019,0.48,21,2027-01-01
I004230,W028,C470,,11624,1162,10462,2700,5400,23248,0.0019,0.48,81,2027-01-01
I004231,W021,C471,,3482,348,3134,800,1600,6964,0.002,0.5,114,2027-01-01
I004232,W022,C471,,3865,386,3479,800,1600,7730,0.002,0.5,89,2027-01-01
I004233,W023,C471,,3777,377,3400,800,1600,7554,0.002,0.5,1,2027-01-01
I004234,W024,C471,,4058,405,3653,800,1600,8116,0.002,0.5,101,2027-01-01
I004235,W025,C471,,3385,338,3047,800,1600,6770,0.002,0.5,118,2027-01-01
I004236,W026,C471,,3650,365,3285,800,1600,7300,0.002,0.5,58,2027-01-01
I004237,W027,C471,,4133,413,3720,800,1600,8266,0.002,0.5,112,2027-01-01
I004238,W028,C471,,3778,377,3401,800,1600,7556,0.002,0.5,47,2027-01-01
I004239,W029,C471,,3340,334,3006,800,1600,6680,0.002,0.5,111,2027-01-01
I004240,W022,C472,,22690,2269,20421,5500,11000,45380,0.0021,0.52,3,2027-01-01
I004241,W023,C472,,22511,2251,20260,5500,11000,45022,0.0021,0.52,74,2027-01-01
I004242,W024,C472,,22333,2233,20100,5500,11000,44666,0.0021,0.52,64,2027-01-01
I004243,W025,C472,,22196,2219,19977,5500,11000,44392,0.0021,0.52,34,2027-01-01
I004244,W026,C472,,22456,2245,20211,5500,11000,44912,0.0021,0.52,72,2027-01-01
I004245,W027,C472,,22261,2226,20035,5500,11000,44522,0.0021,0.52,4,2027-01-01
I004246,W028,C472,,22830,2283,20547,5500,11000,45660,0.0021,0.52,69,2027-01-01
I004247,W029,C472,,22873,2287,20586,5500,11000,45746,0.0021,0.52,114,2027-01-01
I004248,W030,C472,,22901,2290,20611,5500,11000,45802,0.0021,0.52,112,2027-01-01
I004249,W023,C473,,18142,1814,16328,4500,9000,36284,0.0022,0.55,16,2027-01-01
I004250,W024,C473,,18718,1871,16847,4500,9000,37436,0.0022,0.55,45,2027-01-01
I004251,W025,C473,,18215,1821,16394,4500,9000,36430,0.0022,0.55,76,2027-01-01
I004252,W026,C473,,18688,1868,16820,4500,9000,37376,0.0022,0.55,52,2027-01-01
I004253,W027,C473,,18992,1899,17093,4500,9000,37984,0.0022,0.55,36,2027-01-01
I004254,W028,C473,,18713,1871,16842,4500,9000,37426,0.0022,0.55,41,2027-01-01
I004255,W029,C473,,18118,1811,16307,4500,9000,36236,0.0022,0.55,74,2027-01-01
I004256,W030,C473,,18852,1885,16967,4500,9000,37704,0.0022,0.55,23,2027-01-01
I004257,W001,C473,,18813,1881,16932,4500,9000,37626,0.0022,0.55,1,2027-01-01
I004258,W024,C474,,25797,2579,23218,6400,12800,51594,0.0023,0.57,108,2027-01-01
I004259,W025,C474,,26356,2635,23721,6400,12800,52712,0.0023,0.57,117,2027-01-01
I004260,W026,C474,,25855,2585,23270,6400,12800,51710,0.0023,0.57,108,2027-01-01
I004261,W027,C474,,26228,2622,23606,6400,12800,52456,0.0023,0.57,101,2027-01-01
I004262,W028,C474,,25871,2587,23284,6400,12800,51742,0.0023,0.57,57,2027-01-01
I004263,W029,C474,,26254,2625,23629,6400,12800,52508,0.0023,0.57,12,2027-01-01
I004264,W030,C474,,25927,2592,23335,6400,12800,51854,0.0023,0.57,2,2027-01-01
I004265,W001,C474,,26506,2650,23856,6400,12800,53012,0.0023,0.57,87,2027-01-01
I004266,W002,C474,,26527,2652,23875,6400,12800,53054,0.0023,0.57,43,2027-01-01
I004267,W025,C475,,7378,737,6641,1700,3400,14756,0.0024,0.59,48,2027-01-01
I004268,W026,C475,,6935,693,6242,1700,3400,13870,0.0024,0.59,117,2027-01-01
I004269,W027,C475,,7112,711,6401,1700,3400,14224,0.0024,0.59,32,2027-01-01
I004270,W028,C475,,7315,731,6584,1700,3400,14630,0.0024,0.59,57,2027-01-01
I004271,W029,C475,,7018,701,6317,1700,3400,14036,0.0024,0.59,46,2027-01-01
I004272,W030,C475,,7708,770,6938,1700,3400,15416,0.0024,0.59,70,2027-01-01
I004273,W001,C475,,7692,769,6923,1700,3400,15384,0.0024,0.59,108,2027-01-01
I004274,W002,C475,,7410,741,6669,1700,3400,14820,0.0024,0.59,1,2027-01-01
I004275,W003,C475,,7448,744,6704,1700,3400,14896,0.0024,0.59,7,2027-01-01
I004276,W026,C476,,29567,2956,26611,7300,14600,59134,0.0024,0.61,88,2027-01-01
I004277,W027,C476,,29722,2972,26750,7300,14600,59444,0.0024,0.61,14,2027-01-01
I004278,W028,C476,,29609,2960,26649,7300,14600,59218,0.0024,0.61,74,2027-01-01
I004279,W029,C476,,30177,3017,27160,7300,14600,60354,0.0024,0.61,95,2027-01-01
I004280,W030,C476,,29879,2987,26892,7300,14600,59758,0.0024,0.61,36,2027-01-01
I004281,W001,C476,,29726,2972,26754,7300,14600,59452,0.0024,0.61,34,2027-01-01
I004282,W002,C476,,30033,3003,27030,7300,14600,60066,0.0024,0.61,13,2027-01-01
I004283,W003,C476,,29600,2960,26640,7300,14600,59200,0.0024,0.61,49,2027-01-01
I004284,W004,C476,,29997,2999,26998,7300,14600,59994,0.0024,0.61,5,2027-01-01
I004285,W027,C477,,19301,1930,17371,4700,9400,38602,0.0025,0.64,90,2027-01-01
I004286,W028,C477,,19322,1932,17390,4700,9400,38644,0.0025,0.64,112,2027-01-01
I004287,W029,C477,,18997,1899,17098,4700,9400,37994,0.0025,0.64,110,2027-01-01
I004288,W030,C477,,18949,1894,17055,4700,9400,37898,0.0025,0.64,27,2027-01-01
I004289,W001,C477,,19307,1930,17377,4700,9400,38614,0.0025,0.64,58,2027-01-01
I004290,W002,C477,,19529,1952,17577,4700,9400,39058,0.0025,0.64,119,2027-01-01
I004291,W003,C477,,19493,1949,17544,4700,9400,38986,0.0025,0.64,48,2027-01-01
I004292,W004,C477,,19200,1920,17280,4700,9400,38400,0.0025,0.64,24,2027-01-01
I004293,W005,C477,,19327,1932,17395,4700,9400,38654,0.0025,0.64,25,2027-01-01
I004294,W028,C478,,25975,2597,23378,6300,12600,51950,0.0026,0.66,28,2027-01-01
I004295,W029,C478,,25845,2584,23261,6300,12600,51690,0.0026,0.66,54,2027-01-01
I004296,W030,C478,,25964,2596,23368,6300,12600,51928,0.0026,0.66,89,2027-01-01
I004297,W001,C478,,25913,2591,23322,6300,12600,51826,0.0026,0.66,96,2027-01-01
I004298,W002,C478,,26196,2619,23577,6300,12600,52392,0.0026,0.66,4,2027-01-01
I004299,W003,C478,,25402,2540,22862,6300,12600,50804,0.0026,0.66,55,2027-01-01
I004300,W004,C478,,25857,2585,23272,6300,12600,51714,0.0026,0.66,50,2027-01-01
I004301,W005,C478,,25580,2558,23022,6300,12600,51160,0.0026,0.66,52,2027-01-01
I004302,W006,C478,,25408,2540,22868,6300,12600,50816,0.0026,0.66,42,2027-01-01
I004303,W029,C479,,19976,1997,17979,4800,9600,39952,0.0027,0.68,72,2027-01-01
I004304,W030,C479,,20085,2008,18077,4800,9600,40170,0.0027,0.68,99,2027-01-01
I004305,W001,C479,,19510,1951,17559,4800,9600,39020,0.0027,0.68,20,2027-01-01
I004306,W002,C479,,19532,1953,17579,4800,9600,39064,0.0027,0.68,32,2027-01-01
I004307,W003,C479,,19374,1937,17437,4800,9600,38748,0.0027,0.68,22,2027-01-01
I004308,W004,C479,,19598,1959,17639,4800,9600,39196,0.0027,0.68,13,2027-01-01
I004309,W005,C479,,20109,2010,18099,4800,9600,40218,0.0027,0.68,32,2027-01-01
I004310,W006,C479,,20095,2009,18086,4800,9600,40190,0.0027,0.68,54,2027-01-01
I004311,W007,C479,,20092,2009,18083,4800,9600,40184,0.0027,0.68,19,2027-01-01
I004312,W030,C480,,12775,1277,11498,3100,6200,25550,0.0028,0.7,24,2027-01-01
I004313,W001,C480,,13126,1312,11814,3100,6200,26252,0.0028,0.7,107,2027-01-01
I004314,W002,C480,,12628,1262,11366,3100,6200,25256,0.0028,0.7,38,2027-01-01
I004315,W003,C480,,13067,1306,11761,3100,6200,26134,0.0028,0.7,87,2027-01-01
I004316,W004,C480,,12557,1255,11302,3100,6200,25114,0.0028,0.7,19,2027-01-01
I004317,W005,C480,,13031,1303,11728,3100,6200,26062,0.0028,0.7,84,2027-01-01
I004318,W006,C480,,12512,1251,11261,3100,6200,25024,0.0028,0.7,50,2027-01-01
I004319,W007,C480,,13066,1306,11760,3100,6200,26132,0.0028,0.7,48,2027-01-01
I004320,W008,C480,,12785,1278,11507,3100,6200,25570,0.0028,0.7,54,2027-01-01
I004321,W001,C481,,25697,2569,23128,6300,12600,51394,0.0029,0.73,34,2027-01-01
I004322,W002,C481,,25825,2582,23243,6300,12600,51650,0.0029,0.73,3,2027-01-01
I004323,W003,C481,,25946,2594,23352,6300,12600,51892,0.0029,0.73,113,2027-01-01
I004324,W004,C481,,25503,2550,22953,6300,12600,51006,0.0029,0.73,112,2027-01-01
I004325,W005,C481,,26102,2610,23492,6300,12600,52204,0.0029,0.73,115,2027-01-01
I004326,W006,C481,,25772,2577,23195,6300,12600,51544,0.0029,0.73,72,2027-01-01
I004327,W007,C481,,25748,2574,23174,6300,12600,51496,0.0029,0.73,107,2027-01-01
I004328,W008,C481,,25682,2568,23114,6300,12600,51364,0.0029,0.73,29,2027-01-01
I004329,W009,C481,,25680,2568,23112,6300,12600,51360,0.0029,0.73,57,2027-01-01
I004330,W002,C482,,10929,1092,9837,2600,5200,21858,0.003,0.75,59,2027-01-01
I004331,W003,C482,,11341,1134,10207,2600,5200,22682,0.003,0.75,63,2027-01-01
I004332,W004,C482,,10693,1069,9624,2600,5200,21386,0.003,0.75,19,2027-01-01
I004333,W005,C482,,11296,1129,10167,2600,5200,22592,0.003,0.75,73,2027-01-01
I004334,W006,C482,,11303,1130,10173,2600,5200,22606,0.003,0.75,111,2027-01-01
I004335,W007,C482,,11349,1134,10215,2600,5200,22698,0.003,0.75,23,2027-01-01
I004336,W008,C482,,11106,1110,9996,2600,5200,22212,0.003,0.75,66,2027-01-01
I004337,W009,C482,,10919,1091,9828,2600,5200,21838,0.003,0.75,68,2027-01-01
I004338,W010,C482,,10879,1087,9792,2600,5200,21758,0.003,0.75,72,2027-01-01
I004339,W003,C483,,16137,1613,14524,4000,8000,32274,0.0031,0.77,11,2027-01-01
I004340,W004,C483,,16207,1620,14587,4000,8000,32414,0.0031,0.77,91,2027-01-01
I004341,W005,C483,,16712,1671,15041,4000,8000,33424,0.0031,0.77,19,2027-01-01
I004342,W006,C483,,16932,1693,15239,4000,8000,33864,0.0031,0.77,112,2027-01-01
I004343,W007,C483,,16931,1693,15238,4000,8000,33862,0.0031,0.77,39,2027-01-01
I004344,W008,C483,,16216,1621,14595,4000,8000,32432,0.0031,0.77,27,2027-01-01
I004345,W009,C483,,16712,1671,15041,4000,8000,33424,0.0031,0.77,108,2027-01-01
I004346,W010,C483,,16269,1626,14643,4000,8000,32538,0.0031,0.77,31,2027-01-01
I004347,W011,C483,,16470,1647,14823,4000,8000,32940,0.0031,0.77,20,2027-01-01
I004348,W004,C484,,9910,991,8919,2300,4600,19820,0.0032,0.79,66,2027-01-01
I004349,W005,C484,,9477,947,8530,2300,4600,18954,0.0032,0.79,10,2027-01-01
I004350,W006,C484,,9513,951,8562,2300,4600,19026,0.0032,0.79,36,2027-01-01
I004351,W007,C484,,9814,981,8833,2300,4600,19628,0.0032,0.79,112,2027-01-01
I004352,W008,C484,,9988,998,8990,2300,4600,19976,0.0032,0.79,8,2027-01-01
I004353,W009,C484,,9781,978,8803,2300,4600,19562,0.0032,0.79,85,2027-01-01
I004354,W010,C484,,9993,999,8994,2300,4600,19986,0.0032,0.79,29,2027-01-01
I004355,W011,C484,,9441,944,8497,2300,4600,18882,0.0032,0.79,99,2027-01-01
I004356,W012,C484,,9893,989,8904,2300,4600,19786,0.0032,0.79,94,2027-01-01
I004357,W005,C485,,13063,1306,11757,3100,6200,26126,0.0033,0.82,9,2027-01-01
I004358,W006,C485,,13390,1339,12051,3100,6200,26780,0.0033,0.82,17,2027-01-01
I004359,W007,C485,,12624,1262,11362,3100,6200,25248,0.0033,0.82,13,2027-01-01
I004360,W008,C485,,12688,1268,11420,3100,6200,25376,0.0033,0.82,18,2027-01-01
I004361,W009,C485,,12775,1277,11498,3100,6200,25550,0.0033,0.82,120,2027-01-01
I004362,W010,C485,,12903,1290,11613,3100,6200,25806,0.0033,0.82,106,2027-01-01
I004363,W011,C485,,12837,1283,11554,3100,6200,25674,0.0033,0.82,106,2027-01-01
I004364,W012,C485,,12962,1296,11666,3100,6200,25924,0.0033,0.82,20,2027-01-01
I004365,W013,C485,,13141,1314,11827,3100,6200,26282,0.0033,0.82,28,2027-01-01
I004366,W006,C486,,26915,2691,24224,6600,13200,53830,0.0034,0.84,57,2027-01-01
I004367,W007,C486,,26552,2655,23897,6600,13200,53104,0.0034,0.84,62,2027-01-01
I004368,W008,C486,,27305,2730,24575,6600,13200,54610,0.0034,0.84,29,2027-01-01
I004369,W009,C486,,26687,2668,24019,6600,13200,53374,0.0034,0.84,99,2027-01-01
I004370,W010,C486,,27022,2702,24320,6600,13200,54044,0.0034,0.84,35,2027-01-01
I004371,W011,C486,,26797,2679,24118,6600,13200,53594,0.0034,0.84,36,2027-01-01
I004372,W012,C486,,26581,2658,23923,6600,13200,53162,0.0034,0.84,84,2027-01-01
I004373,W013,C486,,27230,2723,24507,6600,13200,54460,0.0034,0.84,79,2027-01-01
I004374,W014,C486,,26914,2691,24223,6600,13200,53828,0.0034,0.84,39,2027-01-01
I004375,W007,C487,,12125,1212,10913,2800,5600,24250,0.0034,0.86,23,2027-01-01
I004376,W008,C487,,11459,1145,10314,2800,5600,22918,0.0034,0.86,89,2027-01-01
I004377,W009,C487,,12009,1200,10809,2800,5600,24018,0.0034,0.86,112,2027-01-01
I004378,W010,C487,,12070,1207,10863,2800,5600,24140,0.0034,0.86,68,2027-01-01
I004379,W011,C487,,11959,1195,10764,2800,5600,23918,0.0034,0.86,49,2027-01-01
I004380,W012,C487,,11518,1151,10367,2800,5600,23036,0.0034,0.86,19,2027-01-01
I004381,W013,C487,,11969,1196,10773,2800,5600,23938,0.0034,0.86,33,2027-01-01
I004382,W014,C487,,11360,1136,10224,2800,5600,22720,0.0034,0.86,59,2027-01-01
I004383,W015,C487,,11668,1166,10502,2800,5600,23336,0.0034,0.86,48,2027-01-01
I004384,W008,C488,,32774,3277,29497,8000,16000,65548,0.0035,0.88,81,2027-01-01
I004385,W009,C488,,32144,3214,28930,8000,16000,64288,0.0035,0.88,24,2027-01-01
I004386,W010,C488,,32490,3249,29241,8000,16000,64980,0.0035,0.88,37,2027-01-01
I004387,W011,C488,,32711,3271,29440,8000,16000,65422,0.0035,0.88,93,2027-01-01
I004388,W012,C488,,32584,3258,29326,8000,16000,65168,0.0035,0.88,56,2027-01-01
I004389,W013,C488,,32361,3236,29125,8000,16000,64722,0.0035,0.88,22,2027-01-01
I004390,W014,C488,,32374,3237,29137,8000,16000,64748,0.0035,0.88,68,2027-01-01
I004391,W015,C488,,32705,3270,29435,8000,16000,65410,0.0035,0.88,77,2027-01-01
I004392,W016,C488,,32714,3271,29443,8000,16000,65428,0.0035,0.88,3,2027-01-01
I004393,W009,C489,,4755,475,4280,1100,2200,9510,0.0036,0.91,27,2027-01-01
I004394,W010,C489,,4558,455,4103,1100,2200,9116,0.0036,0.91,36,2027-01-01
I004395,W011,C489,,4997,499,4498,1100,2200,9994,0.0036,0.91,32,2027-01-01
I004396,W012,C489,,4875,487,4388,1100,2200,9750,0.0036,0.91,32,2027-01-01
I004397,W013,C489,,5084,508,4576,1100,2200,10168,0.0036,0.91,59,2027-01-01
I004398,W014,C489,,5252,525,4727,1100,2200,10504,0.0036,0.91,43,2027-01-01
I004399,W015,C489,,4931,493,4438,1100,2200,9862,0.0036,0.91,74,2027-01-01
I004400,W016,C489,,5268,526,4742,1100,2200,10536,0.0036,0.91,82,2027-01-01
I004401,W017,C489,,5144,514,4630,1100,2200,10288,0.0036,0.91,73,2027-01-01
I004402,W010,C490,,19781,1978,17803,4800,9600,39562,0.0037,0.93,17,2027-01-01
I004403,W011,C490,,19463,1946,17517,4800,9600,38926,0.0037,0.93,71,2027-01-01
I004404,W012,C490,,19798,1979,17819,4800,9600,39596,0.0037,0.93,77,2027-01-01
I004405,W013,C490,,20040,2004,18036,4800,9600,40080,0.0037,0.93,112,2027-01-01
I004406,W014,C490,,19408,1940,17468,4800,9600,38816,0.0037,0.93,101,2027-01-01
I004407,W015,C490,,20162,2016,18146,4800,9600,40324,0.0037,0.93,40,2027-01-01
I004408,W016,C490,,19653,1965,17688,4800,9600,39306,0.0037,0.93,13,2027-01-01
I004409,W017,C490,,19429,1942,17487,4800,9600,38858,0.0037,0.93,63,2027-01-01
I004410,W018,C490,,20157,2015,18142,4800,9600,40314,0.0037,0.93,22,2027-01-01
I004411,W011,C491,,5229,522,4707,1200,2400,10458,0.0038,0.95,27,2027-01-01
I004412,W012,C491,,5251,525,4726,1200,2400,10502,0.0038,0.95,48,2027-01-01
I004413,W013,C491,,5328,532,4796,1200,2400,10656,0.0038,0.95,10,2027-01-01
I004414,W014,C491,,5730,573,5157,1200,2400,11460,0.0038,0.95,115,2027-01-01
I004415,W015,C491,,5678,567,5111,1200,2400,11356,0.0038,0.95,97,2027-01-01
I004416,W016,C491,,5376,537,4839,1200,2400,10752,0.0038,0.95,99,2027-01-01
I004417,W017,C491,,5761,576,5185,1200,2400,11522,0.0038,0.95,26,2027-01-01
I004418,W018,C491,,5659,565,5094,1200,2400,11318,0.0038,0.95,57,2027-01-01
I004419,W019,C491,,5504,550,4954,1200,2400,11008,0.0038,0.95,44,2027-01-01
I004420,W012,C492,,20438,2043,18395,5000,10000,40876,0.0039,0.97,86,2027-01-01
I004421,W013,C492,,20751,2075,18676,5000,10000,41502,0.0039,0.97,13,2027-01-01
I004422,W014,C492,,20487,2048,18439,5000,10000,40974,0.0039,0.97,7,2027-01-01
I004423,W015,C492,,20427,2042,18385,5000,10000,40854,0.0039,0.97,112,2027-01-01
I004424,W016,C492,,20185,2018,18167,5000,10000,40370,0.0039,0.97,15,2027-01-01
I004425,W017,C492,,20847,2084,18763,5000,10000,41694,0.0039,0.97,85,2027-01-01
I004426,W018,C492,,20885,2088,18797,5000,10000,41770,0.0039,0.97,114,2027-01-01
I004427,W019,C492,,20295,2029,18266,5000,10000,40590,0.0039,0.97,61,2027-01-01
I004428,W020,C492,,20948,2094,18854,5000,10000,41896,0.0039,0.97,92,2027-01-01
I004429,W013,C493,,8396,839,7557,2000,4000,16792,0.004,1.0,71,2027-01-01
I004430,W014,C493,,8729,872,7857,2000,4000,17458,0.004,1.0,42,2027-01-01
I004431,W015,C493,,8961,896,8065,2000,4000,17922,0.004,1.0,13,2027-01-01
I004432,W016,C493,,8779,877,7902,2000,4000,17558,0.004,1.0,63,2027-01-01
I004433,W017,C493,,8555,855,7700,2000,4000,17110,0.004,1.0,112,2027-01-01
I004434,W018,C493,,8516,851,7665,2000,4000,17032,0.004,1.0,67,2027-01-01
I004435,W019,C493,,8725,872,7853,2000,4000,17450,0.004,1.0,13,2027-01-01
I004436,W020,C493,,8250,825,7425,2000,4000,16500,0.004,1.0,30,2027-01-01
I004437,W021,C493,,8636,863,7773,2000,4000,17272,0.004,1.0,99,2027-01-01
I004438,W014,C494,,30682,3068,27614,7600,15200,61364,0.0041,1.02,43,2027-01-01
I004439,W015,C494,,30914,3091,27823,7600,15200,61828,0.0041,1.02,77,2027-01-01
I004440,W016,C494,,30547,3054,27493,7600,15200,61094,0.0041,1.02,92,2027-01-01
I004441,W017,C494,,31163,3116,28047,7600,15200,62326,0.0041,1.02,70,2027-01-01
I004442,W018,C494,,30702,3070,27632,7600,15200,61404,0.0041,1.02,110,2027-01-01
I004443,W019,C494,,31193,3119,28074,7600,15200,62386,0.0041,1.02,110,2027-01-01
I004444,W020,C494,,30731,3073,27658,7600,15200,61462,0.0041,1.02,103,2027-01-01
I004445,W021,C494,,31198,3119,28079,7600,15200,62396,0.0041,1.02,43,2027-01-01
I004446,W022,C494,,31183,3118,28065,7600,15200,62366,0.0041,1.02,119,2027-01-01
I004447,W015,C495,,16970,1697,15273,4100,8200,33940,0.0042,1.04,40,2027-01-01
I004448,W016,C495,,16854,1685,15169,4100,8200,33708,0.0042,1.04,98,2027-01-01
I004449,W017,C495,,17340,1734,15606,4100,8200,34680,0.0042,1.04,99,2027-01-01
I004450,W018,C495,,17004,1700,15304,4100,8200,34008,0.0042,1.04,74,2027-01-01
I004451,W019,C495,,16899,1689,15210,4100,8200,33798,0.0042,1.04,111,2027-01-01
I004452,W020,C495,,16813,1681,15132,4100,8200,33626,0.0042,1.04,49,2027-01-01
I004453,W021,C495,,17383,1738,15645,4100,8200,34766,0.0042,1.04,107,2027-01-01
I004454,W022,C495,,17334,1733,15601,4100,8200,34668,0.0042,1.04,95,2027-01-01
I004455,W023,C495,,16636,1663,14973,4100,8200,33272,0.0042,1.04,39,2027-01-01
I004456,W016,C496,,17707,1770,15937,4300,8600,35414,0.0043,1.06,105,2027-01-01
I004457,W017,C496,,17384,1738,15646,4300,8600,34768,0.0043,1.06,72,2027-01-01
I004458,W018,C496,,17990,1799,16191,4300,8600,35980,0.0043,1.06,67,2027-01-01
I004459,W019,C496,,17480,1748,15732,4300,8600,34960,0.0043,1.06,82,2027-01-01
I004460,W020,C496,,17894,1789,16105,4300,8600,35788,0.0043,1.06,113,2027-01-01
I004461,W021,C496,,17652,1765,15887,4300,8600,35304,0.0043,1.06,54,2027-01-01
I004462,W022,C496,,17788,1778,16010,4300,8600,35576,0.0043,1.06,18,2027-01-01
I004463,W023,C496,,17801,1780,16021,4300,8600,35602,0.0043,1.06,50,2027-01-01
I004464,W024,C496,,17987,1798,16189,4300,8600,35974,0.0043,1.06,83,2027-01-01
I004465,W017,C497,,26934,2693,24241,6600,13200,53868,0.0043,1.09,14,2027-01-01
I004466,W018,C497,,27196,2719,24477,6600,13200,54392,0.0043,1.09,67,2027-01-01
I004467,W019,C497,,26575,2657,23918,6600,13200,53150,0.0043,1.09,119,2027-01-01
I004468,W020,C497,,27059,2705,24354,6600,13200,54118,0.0043,1.09,82,2027-01-01
I004469,W021,C497,,26832,2683,24149,6600,13200,53664,0.0043,1.09,41,2027-01-01
I004470,W022,C497,,26517,2651,23866,6600,13200,53034,0.0043,1.09,24,2027-01-01
I004471,W023,C497,,26898,2689,24209,6600,13200,53796,0.0043,1.09,107,2027-01-01
I004472,W024,C497,,26835,2683,24152,6600,13200,53670,0.0043,1.09,84,2027-01-01
I004473,W025,C497,,27394,2739,24655,6600,13200,54788,0.0043,1.09,92,2027-01-01
I004474,W018,C498,,7423,742,6681,1800,3600,14846,0.0044,1.11,70,2027-01-01
I004475,W019,C498,,7901,790,7111,1800,3600,15802,0.0044,1.11,64,2027-01-01
I004476,W020,C498,,8175,817,7358,1800,3600,16350,0.0044,1.11,93,2027-01-01
I004477,W021,C498,,8151,815,7336,1800,3600,16302,0.0044,1.11,29,2027-01-01
I004478,W022,C498,,7779,777,7002,1800,3600,15558,0.0044,1.11,106,2027-01-01
I004479,W023,C498,,7416,741,6675,1800,3600,14832,0.0044,1.11,84,2027-01-01
I004480,W024,C498,,7497,749,6748,1800,3600,14994,0.0044,1.11,83,2027-01-01
I004481,W025,C498,,7541,754,6787,1800,3600,15082,0.0044,1.11,103,2027-01-01
I004482,W026,C498,,7563,756,6807,1800,3600,15126,0.0044,1.11,118,2027-01-01
I004483,W019,C499,,7676,767,6909,1800,3600,15352,0.0045,1.13,58,2027-01-01
I004484,W020,C499,,7762,776,6986,1800,3600,15524,0.0045,1.13,35,2027-01-01
I004485,W021,C499,,7687,768,6919,1800,3600,15374,0.0045,1.13,108,2027-01-01
I004486,W022,C499,,7396,739,6657,1800,3600,14792,0.0045,1.13,15,2027-01-01
I004487,W023,C499,,7631,763,6868,1800,3600,15262,0.0045,1.13,42,2027-01-01
I004488,W024,C499,,7413,741,6672,1800,3600,14826,0.0045,1.13,110,2027-01-01
I004489,W025,C499,,7992,799,7193,1800,3600,15984,0.0045,1.13,14,2027-01-01
I004490,W026,C499,,8117,811,7306,1800,3600,16234,0.0045,1.13,114,2027-01-01
I004491,W027,C499,,7843,784,7059,1800,3600,15686,0.0045,1.13,36,2027-01-01
I004492,W020,C500,,17527,1752,15775,4200,8400,35054,0.0046,1.15,3,2027-01-01
I004493,W021,C500,,17581,1758,15823,4200,8400,35162,0.0046,1.15,28,2027-01-01
I004494,W022,C500,,16910,1691,15219,4200,8400,33820,0.0046,1.15,105,2027-01-01
I004495,W023,C500,,17672,1767,15905,4200,8400,35344,0.0046,1.15,105,2027-01-01
I004496,W024,C500,,17498,1749,15749,4200,8400,34996,0.0046,1.15,102,2027-01-01
I004497,W025,C500,,17395,1739,15656,4200,8400,34790,0.0046,1.15,105,2027-01-01
I004498,W026,C500,,17731,1773,15958,4200,8400,35462,0.0046,1.15,98,2027-01-01
I004499,W027,C500,,17710,1771,15939,4200,8400,35420,0.0046,1.15,110,2027-01-01
I004500,W028,C500,,17396,1739,15657,4200,8400,34792,0.0046,1.15,79,2027-01-01
I004501,W001,,P001,841,84,757,100,200,1682,0.2455,61.38,52,2027-01-01
I004502,W002,,P001,641,64,577,100,200,1282,0.2455,61.38,30,2027-01-01
I004503,W003,,P001,708,70,638,100,200,1416,0.2455,61.38,62,2027-01-01
I004504,W004,,P001,652,65,587,100,200,1304,0.2455,61.38,49,2027-01-01
I004505,W005,,P001,976,97,879,100,200,1952,0.2455,61.38,32,2027-01-01
I004506,W002,,P002,590,59,531,100,200,1180,0.2717,67.93,49,2027-01-01
I004507,W003,,P002,1058,105,953,100,200,2116,0.2717,67.93,24,2027-01-01
I004508,W004,,P002,1253,125,1128,100,200,2506,0.2717,67.93,3,2027-01-01
I004509,W005,,P002,1338,133,1205,100,200,2676,0.2717,67.93,7,2027-01-01
I004510,W006,,P002,780,78,702,100,200,1560,0.2717,67.93,51,2027-01-01
I004511,W003,,P003,1337,133,1204,100,200,2674,0.2211,55.27,80,2027-01-01
I004512,W004,,P003,991,99,892,100,200,1982,0.2211,55.27,58,2027-01-01
I004513,W005,,P003,1221,122,1099,100,200,2442,0.2211,55.27,22,2027-01-01
I004514,W006,,P003,538,53,485,100,200,1076,0.2211,55.27,61,2027-01-01
I004515,W007,,P003,1022,102,920,100,200,2044,0.2211,55.27,50,2027-01-01
I004516,W004,,P004,746,74,672,100,200,1492,0.2277,56.93,10,2027-01-01
I004517,W005,,P004,1338,133,1205,100,200,2676,0.2277,56.93,49,2027-01-01
I004518,W006,,P004,691,69,622,100,200,1382,0.2277,56.93,54,2027-01-01
I004519,W007,,P004,709,70,639,100,200,1418,0.2277,56.93,32,2027-01-01
I004520,W008,,P004,812,81,731,100,200,1624,0.2277,56.93,90,2027-01-01
I004521,W005,,P005,1307,130,1177,100,200,2614,0.2203,55.08,21,2027-01-01
I004522,W006,,P005,1365,136,1229,100,200,2730,0.2203,55.08,17,2027-01-01
I004523,W007,,P005,1285,128,1157,100,200,2570,0.2203,55.08,83,2027-01-01
I004524,W008,,P005,1238,123,1115,100,200,2476,0.2203,55.08,86,2027-01-01
I004525,W009,,P005,969,96,873,100,200,1938,0.2203,55.08,14,2027-01-01
I004526,W006,,P006,1396,139,1257,100,200,2792,0.1959,48.97,10,2027-01-01
I004527,W007,,P006,1196,119,1077,100,200,2392,0.1959,48.97,12,2027-01-01
I004528,W008,,P006,1254,125,1129,100,200,2508,0.1959,48.97,9,2027-01-01
I004529,W009,,P006,634,63,571,100,200,1268,0.1959,48.97,79,2027-01-01
I004530,W010,,P006,1109,110,999,100,200,2218,0.1959,48.97,44,2027-01-01
I004531,W007,,P007,779,77,702,100,200,1558,0.2771,69.27,56,2027-01-01
I004532,W008,,P007,895,89,806,100,200,1790,0.2771,69.27,70,2027-01-01
I004533,W009,,P007,1039,103,936,100,200,2078,0.2771,69.27,36,2027-01-01
I004534,W010,,P007,1066,106,960,100,200,2132,0.2771,69.27,48,2027-01-01
I004535,W011,,P007,567,56,511,100,200,1134,0.2771,69.27,59,2027-01-01
I004536,W008,,P008,1397,139,1258,100,200,2794,0.2451,61.28,47,2027-01-01
I004537,W009,,P008,733,73,660,100,200,1466,0.2451,61.28,13,2027-01-01
I004538,W010,,P008,1241,124,1117,100,200,2482,0.2451,61.28,80,2027-01-01
I004539,W011,,P008,834,83,751,100,200,1668,0.2451,61.28,23,2027-01-01
I004540,W012,,P008,1248,124,1124,100,200,2496,0.2451,61.28,79,2027-01-01
I004541,W009,,P009,908,90,818,100,200,1816,0.2709,67.73,6,2027-01-01
I004542,W010,,P009,1018,101,917,100,200,2036,0.2709,67.73,81,2027-01-01
I004543,W011,,P009,907,90,817,100,200,1814,0.2709,67.73,85,2027-01-01
I004544,W012,,P009,973,97,876,100,200,1946,0.2709,67.73,55,2027-01-01
I004545,W013,,P009,810,81,729,100,200,1620,0.2709,67.73,65,2027-01-01
I004546,W010,,P010,567,56,511,100,200,1134,0.2219,55.47,36,2027-01-01
I004547,W011,,P010,935,93,842,100,200,1870,0.2219,55.47,25,2027-01-01
I004548,W012,,P010,994,99,895,100,200,1988,0.2219,55.47,14,2027-01-01
I004549,W013,,P010,540,54,486,100,200,1080,0.2219,55.47,21,2027-01-01
I004550,W014,,P010,629,62,567,100,200,1258,0.2219,55.47,28,2027-01-01
I004551,W011,,P011,770,77,693,100,200,1540,0.2051,51.28,79,2027-01-01
I004552,W012,,P011,981,98,883,100,200,1962,0.2051,51.28,89,2027-01-01
I004553,W013,,P011,1034,103,931,100,200,2068,0.2051,51.28,44,2027-01-01
I004554,W014,,P011,1167,116,1051,100,200,2334,0.2051,51.28,41,2027-01-01
I004555,W015,,P011,1012,101,911,100,200,2024,0.2051,51.28,53,2027-01-01
I004556,W012,,P012,1318,131,1187,100,200,2636,0.2042,51.05,61,2027-01-01
I004557,W013,,P012,1092,109,983,100,200,2184,0.2042,51.05,63,2027-01-01
I004558,W014,,P012,856,85,771,100,200,1712,0.2042,51.05,64,2027-01-01
I004559,W015,,P012,1025,102,923,100,200,2050,0.2042,51.05,38,2027-01-01
I004560,W016,,P012,1036,103,933,100,200,2072,0.2042,51.05,5,2027-01-01
I004561,W013,,P013,723,72,651,100,200,1446,0.2475,61.87,50,2027-01-01
I004562,W014,,P013,509,50,459,100,200,1018,0.2475,61.87,65,2027-01-01
I004563,W015,,P013,759,75,684,100,200,1518,0.2475,61.87,5,2027-01-01
I004564,W016,,P013,949,94,855,100,200,1898,0.2475,61.87,83,2027-01-01
I004565,W017,,P013,1256,125,1131,100,200,2512,0.2475,61.87,46,2027-01-01
I004566,W014,,P014,1332,133,1199,100,200,2664,0.2884,72.1,55,2027-01-01
I004567,W015,,P014,1239,123,1116,100,200,2478,0.2884,72.1,58,2027-01-01
I004568,W016,,P014,561,56,505,100,200,1122,0.2884,72.1,19,2027-01-01
I004569,W017,,P014,1059,105,954,100,200,2118,0.2884,72.1,29,2027-01-01
I004570,W018,,P014,745,74,671,100,200,1490,0.2884,72.1,31,2027-01-01
I004571,W015,,P015,772,77,695,100,200,1544,0.2424,60.6,89,2027-01-01
I004572,W016,,P015,1012,101,911,100,200,2024,0.2424,60.6,9,2027-01-01
I004573,W017,,P015,1263,126,1137,100,200,2526,0.2424,60.6,87,2027-01-01
I004574,W018,,P015,841,84,757,100,200,1682,0.2424,60.6,78,2027-01-01
I004575,W019,,P015,506,50,456,100,200,1012,0.2424,60.6,26,2027-01-01
I004576,W016,,P016,1067,106,961,100,200,2134,0.2482,62.06,32,2027-01-01
I004577,W017,,P016,697,69,628,100,200,1394,0.2482,62.06,36,2027-01-01
I004578,W018,,P016,1305,130,1175,100,200,2610,0.2482,62.06,77,2027-01-01
I004579,W019,,P016,1292,129,1163,100,200,2584,0.2482,62.06,24,2027-01-01
I004580,W020,,P016,1175,117,1058,100,200,2350,0.2482,62.06,55,2027-01-01
I004581,W017,,P017,860,86,774,100,200,1720,0.2253,56.34,84,2027-01-01
I004582,W018,,P017,722,72,650,100,200,1444,0.2253,56.34,14,2027-01-01
I004583,W019,,P017,1017,101,916,100,200,2034,0.2253,56.34,43,2027-01-01
I004584,W020,,P017,896,89,807,100,200,1792,0.2253,56.34,27,2027-01-01
I004585,W021,,P017,573,57,516,100,200,1146,0.2253,56.34,32,2027-01-01
I004586,W018,,P018,727,72,655,100,200,1454,0.2234,55.85,31,2027-01-01
I004587,W019,,P018,1161,116,1045,100,200,2322,0.2234,55.85,55,2027-01-01
I004588,W020,,P018,762,76,686,100,200,1524,0.2234,55.85,56,2027-01-01
I004589,W021,,P018,731,73,658,100,200,1462,0.2234,55.85,2,2027-01-01
I004590,W022,,P018,1065,106,959,100,200,2130,0.2234,55.85,30,2027-01-01
I004591,W019,,P019,703,70,633,100,200,1406,0.2478,61.96,73,2027-01-01
I004592,W020,,P019,1034,103,931,100,200,2068,0.2478,61.96,74,2027-01-01
I004593,W021,,P019,1026,102,924,100,200,2052,0.2478,61.96,18,2027-01-01
I004594,W022,,P019,1353,135,1218,100,200,2706,0.2478,61.96,7,2027-01-01
I004595,W023,,P019,726,72,654,100,200,1452,0.2478,61.96,69,2027-01-01
I004596,W020,,P020,698,69,629,100,200,1396,0.2319,57.97,44,2027-01-01
I004597,W021,,P020,917,91,826,100,200,1834,0.2319,57.97,31,2027-01-01
I004598,W022,,P020,1102,110,992,100,200,2204,0.2319,57.97,1,2027-01-01
I004599,W023,,P020,857,85,772,100,200,1714,0.2319,57.97,5,2027-01-01
I004600,W024,,P020,1262,126,1136,100,200,2524,0.2319,57.97,31,2027-01-01
I004601,W021,,P021,944,94,850,100,200,1888,0.2967,74.17,39,2027-01-01
I004602,W022,,P021,957,95,862,100,200,1914,0.2967,74.17,19,2027-01-01
I004603,W023,,P021,1221,122,1099,100,200,2442,0.2967,74.17,13,2027-01-01
I004604,W024,,P021,849,84,765,100,200,1698,0.2967,74.17,23,2027-01-01
I004605,W025,,P021,616,61,555,100,200,1232,0.2967,74.17,61,2027-01-01
I004606,W022,,P022,1255,125,1130,100,200,2510,0.2083,52.08,14,2027-01-01
I004607,W023,,P022,825,82,743,100,200,1650,0.2083,52.08,4,2027-01-01
I004608,W024,,P022,1052,105,947,100,200,2104,0.2083,52.08,86,2027-01-01
I004609,W025,,P022,956,95,861,100,200,1912,0.2083,52.08,74,2027-01-01
I004610,W026,,P022,1310,131,1179,100,200,2620,0.2083,52.08,74,2027-01-01
I004611,W023,,P023,532,53,479,100,200,1064,0.2194,54.85,63,2027-01-01
I004612,W024,,P023,1031,103,928,100,200,2062,0.2194,54.85,4,2027-01-01
I004613,W025,,P023,1247,124,1123,100,200,2494,0.2194,54.85,22,2027-01-01
I004614,W026,,P023,1170,117,1053,100,200,2340,0.2194,54.85,12,2027-01-01
I004615,W027,,P023,941,94,847,100,200,1882,0.2194,54.85,17,2027-01-01
I004616,W024,,P024,968,96,872,100,200,1936,0.21,52.51,6,2027-01-01
I004617,W025,,P024,1030,103,927,100,200,2060,0.21,52.51,74,2027-01-01
I004618,W026,,P024,1234,123,1111,100,200,2468,0.21,52.51,55,2027-01-01
I004619,W027,,P024,1367,136,1231,100,200,2734,0.21,52.51,75,2027-01-01
I004620,W028,,P024,1134,113,1021,100,200,2268,0.21,52.51,90,2027-01-01
I004621,W025,,P025,893,89,804,100,200,1786,0.1945,48.63,39,2027-01-01
I004622,W026,,P025,980,98,882,100,200,1960,0.1945,48.63,45,2027-01-01
I004623,W027,,P025,1189,118,1071,100,200,2378,0.1945,48.63,37,2027-01-01
I004624,W028,,P025,1057,105,952,100,200,2114,0.1945,48.63,12,2027-01-01
I004625,W029,,P025,589,58,531,100,200,1178,0.1945,48.63,90,2027-01-01
I004626,W026,,P026,1236,123,1113,100,200,2472,0.2408,60.19,87,2027-01-01
I004627,W027,,P026,1309,130,1179,100,200,2618,0.2408,60.19,7,2027-01-01
I004628,W028,,P026,1146,114,1032,100,200,2292,0.2408,60.19,52,2027-01-01
I004629,W029,,P026,703,70,633,100,200,1406,0.2408,60.19,11,2027-01-01
I004630,W030,,P026,571,57,514,100,200,1142,0.2408,60.19,14,2027-01-01
I004631,W027,,P027,1398,139,1259,100,200,2796,0.2173,54.33,38,2027-01-01
I004632,W028,,P027,849,84,765,100,200,1698,0.2173,54.33,48,2027-01-01
I004633,W029,,P027,1301,130,1171,100,200,2602,0.2173,54.33,1,2027-01-01
I004634,W030,,P027,856,85,771,100,200,1712,0.2173,54.33,44,2027-01-01
I004635,W001,,P027,1199,119,1080,100,200,2398,0.2173,54.33,59,2027-01-01
I004636,W028,,P028,963,96,867,100,200,1926,0.2506,62.65,90,2027-01-01
I004637,W029,,P028,1177,117,1060,100,200,2354,0.2506,62.65,55,2027-01-01
I004638,W030,,P028,594,59,535,100,200,1188,0.2506,62.65,36,2027-01-01
I004639,W001,,P028,639,63,576,100,200,1278,0.2506,62.65,74,2027-01-01
I004640,W002,,P028,1004,100,904,100,200,2008,0.2506,62.65,86,2027-01-01
I004641,W029,,P029,1332,133,1199,100,200,2664,0.2373,59.33,57,2027-01-01
I004642,W030,,P029,858,85,773,100,200,1716,0.2373,59.33,88,2027-01-01
I004643,W001,,P029,1117,111,1006,100,200,2234,0.2373,59.33,69,2027-01-01
I004644,W002,,P029,1387,138,1249,100,200,2774,0.2373,59.33,76,2027-01-01
I004645,W003,,P029,1184,118,1066,100,200,2368,0.2373,59.33,3,2027-01-01
I004646,W030,,P030,1284,128,1156,100,200,2568,0.3053,76.31,75,2027-01-01
I004647,W001,,P030,1128,112,1016,100,200,2256,0.3053,76.31,76,2027-01-01
I004648,W002,,P030,834,83,751,100,200,1668,0.3053,76.31,46,2027-01-01
I004649,W003,,P030,1142,114,1028,100,200,2284,0.3053,76.31,62,2027-01-01
I004650,W004,,P030,589,58,531,100,200,1178,0.3053,76.31,5,2027-01-01
I004651,W001,,P031,624,62,562,100,200,1248,0.2481,62.01,38,2027-01-01
I004652,W002,,P031,1279,127,1152,100,200,2558,0.2481,62.01,3,2027-01-01
I004653,W003,,P031,878,87,791,100,200,1756,0.2481,62.01,47,2027-01-01
I004654,W004,,P031,1307,130,1177,100,200,2614,0.2481,62.01,81,2027-01-01
I004655,W005,,P031,773,77,696,100,200,1546,0.2481,62.01,76,2027-01-01
I004656,W002,,P032,931,93,838,100,200,1862,0.2422,60.56,30,2027-01-01
I004657,W003,,P032,622,62,560,100,200,1244,0.2422,60.56,64,2027-01-01
I004658,W004,,P032,930,93,837,100,200,1860,0.2422,60.56,13,2027-01-01
I004659,W005,,P032,1017,101,916,100,200,2034,0.2422,60.56,47,2027-01-01
I004660,W006,,P032,1089,108,981,100,200,2178,0.2422,60.56,6,2027-01-01
I004661,W003,,P033,545,54,491,100,200,1090,0.2527,63.16,13,2027-01-01
I004662,W004,,P033,729,72,657,100,200,1458,0.2527,63.16,13,2027-01-01
I004663,W005,,P033,884,88,796,100,200,1768,0.2527,63.16,48,2027-01-01
I004664,W006,,P033,502,50,452,100,200,1004,0.2527,63.16,45,2027-01-01
I004665,W007,,P033,1273,127,1146,100,200,2546,0.2527,63.16,23,2027-01-01
I004666,W004,,P034,884,88,796,100,200,1768,0.1948,48.71,64,2027-01-01
I004667,W005,,P034,855,85,770,100,200,1710,0.1948,48.71,51,2027-01-01
I004668,W006,,P034,1309,130,1179,100,200,2618,0.1948,48.71,48,2027-01-01
I004669,W007,,P034,1236,123,1113,100,200,2472,0.1948,48.71,48,2027-01-01
I004670,W008,,P034,938,93,845,100,200,1876,0.1948,48.71,20,2027-01-01
I004671,W005,,P035,1239,123,1116,100,200,2478,0.2113,52.83,7,2027-01-01
I004672,W006,,P035,721,72,649,100,200,1442,0.2113,52.83,2,2027-01-01
I004673,W007,,P035,757,75,682,100,200,1514,0.2113,52.83,45,2027-01-01
I004674,W008,,P035,1138,113,1025,100,200,2276,0.2113,52.83,84,2027-01-01
I004675,W009,,P035,877,87,790,100,200,1754,0.2113,52.83,16,2027-01-01
I004676,W006,,P036,878,87,791,100,200,1756,0.2436,60.9,69,2027-01-01
I004677,W007,,P036,684,68,616,100,200,1368,0.2436,60.9,43,2027-01-01
I004678,W008,,P036,1392,139,1253,100,200,2784,0.2436,60.9,50,2027-01-01
I004679,W009,,P036,1345,134,1211,100,200,2690,0.2436,60.9,44,2027-01-01
I004680,W010,,P036,758,75,683,100,200,1516,0.2436,60.9,54,2027-01-01
I004681,W007,,P037,1076,107,969,100,200,2152,0.2203,55.06,34,2027-01-01
I004682,W008,,P037,627,62,565,100,200,1254,0.2203,55.06,40,2027-01-01
I004683,W009,,P037,830,83,747,100,200,1660,0.2203,55.06,45,2027-01-01
I004684,W010,,P037,557,55,502,100,200,1114,0.2203,55.06,77,2027-01-01
I004685,W011,,P037,885,88,797,100,200,1770,0.2203,55.06,27,2027-01-01
I004686,W008,,P038,1047,104,943,100,200,2094,0.2534,63.36,37,2027-01-01
I004687,W009,,P038,1045,104,941,100,200,2090,0.2534,63.36,34,2027-01-01
I004688,W010,,P038,753,75,678,100,200,1506,0.2534,63.36,68,2027-01-01
I004689,W011,,P038,1294,129,1165,100,200,2588,0.2534,63.36,65,2027-01-01
I004690,W012,,P038,1150,115,1035,100,200,2300,0.2534,63.36,45,2027-01-01
I004691,W009,,P039,1048,104,944,100,200,2096,0.2248,56.2,19,2027-01-01
I004692,W010,,P039,777,77,700,100,200,1554,0.2248,56.2,57,2027-01-01
I004693,W011,,P039,806,80,726,100,200,1612,0.2248,56.2,13,2027-01-01
I004694,W012,,P039,1346,134,1212,100,200,2692,0.2248,56.2,46,2027-01-01
I004695,W013,,P039,611,61,550,100,200,1222,0.2248,56.2,73,2027-01-01
I004696,W010,,P040,1209,120,1089,100,200,2418,0.217,54.25,19,2027-01-01
I004697,W011,,P040,1275,127,1148,100,200,2550,0.217,54.25,63,2027-01-01
I004698,W012,,P040,642,64,578,100,200,1284,0.217,54.25,27,2027-01-01
I004699,W013,,P040,720,72,648,100,200,1440,0.217,54.25,36,2027-01-01
I004700,W014,,P040,1362,136,1226,100,200,2724,0.217,54.25,62,2027-01-01
I004701,W011,,P041,1083,108,975,100,200,2166,0.2521,63.02,58,2027-01-01
I004702,W012,,P041,1160,116,1044,100,200,2320,0.2521,63.02,29,2027-01-01
I004703,W013,,P041,1317,131,1186,100,200,2634,0.2521,63.02,30,2027-01-01
I004704,W014,,P041,1094,109,985,100,200,2188,0.2521,63.02,53,2027-01-01
I004705,W015,,P041,1024,102,922,100,200,2048,0.2521,63.02,6,2027-01-01
I004706,W012,,P042,1172,117,1055,100,200,2344,0.2275,56.88,51,2027-01-01
I004707,W013,,P042,712,71,641,100,200,1424,0.2275,56.88,47,2027-01-01
I004708,W014,,P042,1218,121,1097,100,200,2436,0.2275,56.88,25,2027-01-01
I004709,W015,,P042,608,60,548,100,200,1216,0.2275,56.88,42,2027-01-01
I004710,W016,,P042,798,79,719,100,200,1596,0.2275,56.88,67,2027-01-01
I004711,W013,,P043,1143,114,1029,100,200,2286,0.2817,70.43,7,2027-01-01
I004712,W014,,P043,1153,115,1038,100,200,2306,0.2817,70.43,82,2027-01-01
I004713,W015,,P043,1023,102,921,100,200,2046,0.2817,70.43,5,2027-01-01
I004714,W016,,P043,540,54,486,100,200,1080,0.2817,70.43,7,2027-01-01
I004715,W017,,P043,682,68,614,100,200,1364,0.2817,70.43,52,2027-01-01
I004716,W014,,P044,670,67,603,100,200,1340,0.1875,46.87,75,2027-01-01
I004717,W015,,P044,960,96,864,100,200,1920,0.1875,46.87,1,2027-01-01
I004718,W016,,P044,1164,116,1048,100,200,2328,0.1875,46.87,44,2027-01-01
I004719,W017,,P044,1249,124,1125,100,200,2498,0.1875,46.87,63,2027-01-01
I004720,W018,,P044,840,84,756,100,200,1680,0.1875,46.87,65,2027-01-01
I004721,W015,,P045,891,89,802,100,200,1782,0.2266,56.64,8,2027-01-01
I004722,W016,,P045,698,69,629,100,200,1396,0.2266,56.64,63,2027-01-01
I004723,W017,,P045,1397,139,1258,100,200,2794,0.2266,56.64,55,2027-01-01
I004724,W018,,P045,902,90,812,100,200,1804,0.2266,56.64,12,2027-01-01
I004725,W019,,P045,706,70,636,100,200,1412,0.2266,56.64,31,2027-01-01
I004726,W016,,P046,863,86,777,100,200,1726,0.2604,65.09,41,2027-01-01
I004727,W017,,P046,906,90,816,100,200,1812,0.2604,65.09,80,2027-01-01
I004728,W018,,P046,896,89,807,100,200,1792,0.2604,65.09,48,2027-01-01
I004729,W019,,P046,1065,106,959,100,200,2130,0.2604,65.09,46,2027-01-01
I004730,W020,,P046,741,74,667,100,200,1482,0.2604,65.09,34,2027-01-01
I004731,W017,,P047,534,53,481,100,200,1068,0.2394,59.84,14,2027-01-01
I004732,W018,,P047,1069,106,963,100,200,2138,0.2394,59.84,53,2027-01-01
I004733,W019,,P047,1290,129,1161,100,200,2580,0.2394,59.84,53,2027-01-01
I004734,W020,,P047,1125,112,1013,100,200,2250,0.2394,59.84,60,2027-01-01
I004735,W021,,P047,861,86,775,100,200,1722,0.2394,59.84,19,2027-01-01
I004736,W018,,P048,1125,112,1013,100,200,2250,0.2872,71.81,41,2027-01-01
I004737,W019,,P048,921,92,829,100,200,1842,0.2872,71.81,78,2027-01-01
I004738,W020,,P048,947,94,853,100,200,1894,0.2872,71.81,5,2027-01-01
I004739,W021,,P048,763,76,687,100,200,1526,0.2872,71.81,85,2027-01-01
I004740,W022,,P048,810,81,729,100,200,1620,0.2872,71.81,77,2027-01-01
I004741,W019,,P049,666,66,600,100,200,1332,0.1604,40.09,34,2027-01-01
I004742,W020,,P049,1351,135,1216,100,200,2702,0.1604,40.09,7,2027-01-01
I004743,W021,,P049,1255,125,1130,100,200,2510,0.1604,40.09,72,2027-01-01
I004744,W022,,P049,1299,129,1170,100,200,2598,0.1604,40.09,36,2027-01-01
I004745,W023,,P049,545,54,491,100,200,1090,0.1604,40.09,9,2027-01-01
I004746,W020,,P050,1212,121,1091,100,200,2424,0.2408,60.2,2,2027-01-01
I004747,W021,,P050,1363,136,1227,100,200,2726,0.2408,60.2,65,2027-01-01
I004748,W022,,P050,1054,105,949,100,200,2108,0.2408,60.2,32,2027-01-01
I004749,W023,,P050,1180,118,1062,100,200,2360,0.2408,60.2,87,2027-01-01
I004750,W024,,P050,1173,117,1056,100,200,2346,0.2408,60.2,10,2027-01-01
I004751,W021,,P051,963,96,867,100,200,1926,0.2411,60.28,83,2027-01-01
I004752,W022,,P051,1384,138,1246,100,200,2768,0.2411,60.28,5,2027-01-01
I004753,W023,,P051,1061,106,955,100,200,2122,0.2411,60.28,3,2027-01-01
I004754,W024,,P051,1327,132,1195,100,200,2654,0.2411,60.28,55,2027-01-01
I004755,W025,,P051,1392,139,1253,100,200,2784,0.2411,60.28,79,2027-01-01
I004756,W022,,P052,1364,136,1228,100,200,2728,0.2427,60.68,77,2027-01-01
I004757,W023,,P052,1123,112,1011,100,200,2246,0.2427,60.68,90,2027-01-01
I004758,W024,,P052,1354,135,1219,100,200,2708,0.2427,60.68,81,2027-01-01
I004759,W025,,P052,1257,125,1132,100,200,2514,0.2427,60.68,5,2027-01-01
I004760,W026,,P052,953,95,858,100,200,1906,0.2427,60.68,45,2027-01-01
I004761,W023,,P053,626,62,564,100,200,1252,0.2331,58.27,68,2027-01-01
I004762,W024,,P053,718,71,647,100,200,1436,0.2331,58.27,56,2027-01-01
I004763,W025,,P053,1328,132,1196,100,200,2656,0.2331,58.27,18,2027-01-01
I004764,W026,,P053,996,99,897,100,200,1992,0.2331,58.27,45,2027-01-01
I004765,W027,,P053,1297,129,1168,100,200,2594,0.2331,58.27,16,2027-01-01
I004766,W024,,P054,931,93,838,100,200,1862,0.2095,52.38,65,2027-01-01
I004767,W025,,P054,723,72,651,100,200,1446,0.2095,52.38,36,2027-01-01
I004768,W026,,P054,1253,125,1128,100,200,2506,0.2095,52.38,38,2027-01-01
I004769,W027,,P054,698,69,629,100,200,1396,0.2095,52.38,43,2027-01-01
I004770,W028,,P054,995,99,896,100,200,1990,0.2095,52.38,6,2027-01-01
I004771,W025,,P055,755,75,680,100,200,1510,0.2258,56.44,15,2027-01-01
I004772,W026,,P055,1394,139,1255,100,200,2788,0.2258,56.44,73,2027-01-01
I004773,W027,,P055,881,88,793,100,200,1762,0.2258,56.44,38,2027-01-01
I004774,W028,,P055,681,68,613,100,200,1362,0.2258,56.44,53,2027-01-01
I004775,W029,,P055,1059,105,954,100,200,2118,0.2258,56.44,86,2027-01-01
I004776,W026,,P056,972,97,875,100,200,1944,0.3065,76.63,86,2027-01-01
I004777,W027,,P056,801,80,721,100,200,1602,0.3065,76.63,70,2027-01-01
I004778,W028,,P056,681,68,613,100,200,1362,0.3065,76.63,38,2027-01-01
I004779,W029,,P056,825,82,743,100,200,1650,0.3065,76.63,24,2027-01-01
I004780,W030,,P056,1385,138,1247,100,200,2770,0.3065,76.63,20,2027-01-01
I004781,W027,,P057,795,79,716,100,200,1590,0.2428,60.7,27,2027-01-01
I004782,W028,,P057,1191,119,1072,100,200,2382,0.2428,60.7,21,2027-01-01
I004783,W029,,P057,1134,113,1021,100,200,2268,0.2428,60.7,31,2027-01-01
I004784,W030,,P057,692,69,623,100,200,1384,0.2428,60.7,55,2027-01-01
I004785,W001,,P057,639,63,576,100,200,1278,0.2428,60.7,46,2027-01-01
I004786,W028,,P058,743,74,669,100,200,1486,0.2401,60.02,87,2027-01-01
I004787,W029,,P058,1272,127,1145,100,200,2544,0.2401,60.02,72,2027-01-01
I004788,W030,,P058,1280,128,1152,100,200,2560,0.2401,60.02,69,2027-01-01
I004789,W001,,P058,947,94,853,100,200,1894,0.2401,60.02,80,2027-01-01
I004790,W002,,P058,1158,115,1043,100,200,2316,0.2401,60.02,35,2027-01-01
I004791,W029,,P059,1163,116,1047,100,200,2326,0.1839,45.98,8,2027-01-01
I004792,W030,,P059,701,70,631,100,200,1402,0.1839,45.98,44,2027-01-01
I004793,W001,,P059,998,99,899,100,200,1996,0.1839,45.98,74,2027-01-01
I004794,W002,,P059,1182,118,1064,100,200,2364,0.1839,45.98,61,2027-01-01
I004795,W003,,P059,1066,106,960,100,200,2132,0.1839,45.98,61,2027-01-01
I004796,W030,,P060,1318,131,1187,100,200,2636,0.2287,57.19,52,2027-01-01
I004797,W001,,P060,916,91,825,100,200,1832,0.2287,57.19,44,2027-01-01
I004798,W002,,P060,1354,135,1219,100,200,2708,0.2287,57.19,69,2027-01-01
I004799,W003,,P060,647,64,583,100,200,1294,0.2287,57.19,15,2027-01-01
I004800,W004,,P060,1074,107,967,100,200,2148,0.2287,57.19,46,2027-01-01
I004801,W001,,P061,523,52,471,100,200,1046,0.2638,65.95,84,2027-01-01
I004802,W002,,P061,537,53,484,100,200,1074,0.2638,65.95,89,2027-01-01
I004803,W003,,P061,578,57,521,100,200,1156,0.2638,65.95,90,2027-01-01
I004804,W004,,P061,706,70,636,100,200,1412,0.2638,65.95,42,2027-01-01
I004805,W005,,P061,1378,137,1241,100,200,2756,0.2638,65.95,3,2027-01-01
I004806,W002,,P062,646,64,582,100,200,1292,0.2346,58.65,88,2027-01-01
I004807,W003,,P062,1005,100,905,100,200,2010,0.2346,58.65,71,2027-01-01
I004808,W004,,P062,1343,134,1209,100,200,2686,0.2346,58.65,63,2027-01-01
I004809,W005,,P062,1221,122,1099,100,200,2442,0.2346,58.65,83,2027-01-01
I004810,W006,,P062,844,84,760,100,200,1688,0.2346,58.65,8,2027-01-01
I004811,W003,,P063,1206,120,1086,100,200,2412,0.2473,61.82,41,2027-01-01
I004812,W004,,P063,1346,134,1212,100,200,2692,0.2473,61.82,63,2027-01-01
I004813,W005,,P063,574,57,517,100,200,1148,0.2473,61.82,63,2027-01-01
I004814,W006,,P063,969,96,873,100,200,1938,0.2473,61.82,84,2027-01-01
I004815,W007,,P063,846,84,762,100,200,1692,0.2473,61.82,30,2027-01-01
I004816,W004,,P064,546,54,492,100,200,1092,0.1709,42.73,52,2027-01-01
I004817,W005,,P064,874,87,787,100,200,1748,0.1709,42.73,63,2027-01-01
I004818,W006,,P064,545,54,491,100,200,1090,0.1709,42.73,65,2027-01-01
I004819,W007,,P064,690,69,621,100,200,1380,0.1709,42.73,87,2027-01-01
I004820,W008,,P064,643,64,579,100,200,1286,0.1709,42.73,59,2027-01-01
I004821,W005,,P065,651,65,586,100,200,1302,0.1947,48.67,63,2027-01-01
I004822,W006,,P065,730,73,657,100,200,1460,0.1947,48.67,77,2027-01-01
I004823,W007,,P065,942,94,848,100,200,1884,0.1947,48.67,89,2027-01-01
I004824,W008,,P065,526,52,474,100,200,1052,0.1947,48.67,45,2027-01-01
I004825,W009,,P065,604,60,544,100,200,1208,0.1947,48.67,37,2027-01-01
I004826,W006,,P066,1144,114,1030,100,200,2288,0.2523,63.06,84,2027-01-01
I004827,W007,,P066,1160,116,1044,100,200,2320,0.2523,63.06,77,2027-01-01
I004828,W008,,P066,1351,135,1216,100,200,2702,0.2523,63.06,32,2027-01-01
I004829,W009,,P066,654,65,589,100,200,1308,0.2523,63.06,13,2027-01-01
I004830,W010,,P066,991,99,892,100,200,1982,0.2523,63.06,5,2027-01-01
I004831,W007,,P067,1136,113,1023,100,200,2272,0.2328,58.2,20,2027-01-01
I004832,W008,,P067,973,97,876,100,200,1946,0.2328,58.2,89,2027-01-01
I004833,W009,,P067,864,86,778,100,200,1728,0.2328,58.2,64,2027-01-01
I004834,W010,,P067,1160,116,1044,100,200,2320,0.2328,58.2,41,2027-01-01
I004835,W011,,P067,1209,120,1089,100,200,2418,0.2328,58.2,4,2027-01-01
I004836,W008,,P068,792,79,713,100,200,1584,0.2523,63.07,76,2027-01-01
I004837,W009,,P068,780,78,702,100,200,1560,0.2523,63.07,63,2027-01-01
I004838,W010,,P068,1138,113,1025,100,200,2276,0.2523,63.07,26,2027-01-01
I004839,W011,,P068,560,56,504,100,200,1120,0.2523,63.07,56,2027-01-01
I004840,W012,,P068,959,95,864,100,200,1918,0.2523,63.07,45,2027-01-01
I004841,W009,,P069,1016,101,915,100,200,2032,0.2061,51.51,79,2027-01-01
I004842,W010,,P069,1247,124,1123,100,200,2494,0.2061,51.51,19,2027-01-01
I004843,W011,,P069,784,78,706,100,200,1568,0.2061,51.51,27,2027-01-01
I004844,W012,,P069,1235,123,1112,100,200,2470,0.2061,51.51,15,2027-01-01
I004845,W013,,P069,656,65,591,100,200,1312,0.2061,51.51,87,2027-01-01
I004846,W010,,P070,1177,117,1060,100,200,2354,0.2272,56.8,13,2027-01-01
I004847,W011,,P070,814,81,733,100,200,1628,0.2272,56.8,80,2027-01-01
I004848,W012,,P070,793,79,714,100,200,1586,0.2272,56.8,44,2027-01-01
I004849,W013,,P070,1305,130,1175,100,200,2610,0.2272,56.8,19,2027-01-01
I004850,W014,,P070,762,76,686,100,200,1524,0.2272,56.8,83,2027-01-01
I004851,W011,,P071,796,79,717,100,200,1592,0.2067,51.67,52,2027-01-01
I004852,W012,,P071,1352,135,1217,100,200,2704,0.2067,51.67,84,2027-01-01
I004853,W013,,P071,1115,111,1004,100,200,2230,0.2067,51.67,76,2027-01-01
I004854,W014,,P071,621,62,559,100,200,1242,0.2067,51.67,79,2027-01-01
I004855,W015,,P071,582,58,524,100,200,1164,0.2067,51.67,10,2027-01-01
I004856,W012,,P072,758,75,683,100,200,1516,0.2646,66.15,1,2027-01-01
I004857,W013,,P072,1227,122,1105,100,200,2454,0.2646,66.15,84,2027-01-01
I004858,W014,,P072,1091,109,982,100,200,2182,0.2646,66.15,31,2027-01-01
I004859,W015,,P072,1211,121,1090,100,200,2422,0.2646,66.15,42,2027-01-01
I004860,W016,,P072,779,77,702,100,200,1558,0.2646,66.15,44,2027-01-01
I004861,W013,,P073,1180,118,1062,100,200,2360,0.2457,61.42,14,2027-01-01
I004862,W014,,P073,832,83,749,100,200,1664,0.2457,61.42,79,2027-01-01
I004863,W015,,P073,1227,122,1105,100,200,2454,0.2457,61.42,5,2027-01-01
I004864,W016,,P073,733,73,660,100,200,1466,0.2457,61.42,16,2027-01-01
I004865,W017,,P073,765,76,689,100,200,1530,0.2457,61.42,71,2027-01-01
I004866,W014,,P074,1315,131,1184,100,200,2630,0.2924,73.1,88,2027-01-01
I004867,W015,,P074,1381,138,1243,100,200,2762,0.2924,73.1,23,2027-01-01
I004868,W016,,P074,533,53,480,100,200,1066,0.2924,73.1,68,2027-01-01
I004869,W017,,P074,1143,114,1029,100,200,2286,0.2924,73.1,73,2027-01-01
I004870,W018,,P074,1052,105,947,100,200,2104,0.2924,73.1,35,2027-01-01
I004871,W015,,P075,1346,134,1212,100,200,2692,0.2405,60.13,66,2027-01-01
I004872,W016,,P075,956,95,861,100,200,1912,0.2405,60.13,22,2027-01-01
I004873,W017,,P075,733,73,660,100,200,1466,0.2405,60.13,43,2027-01-01
I004874,W018,,P075,1213,121,1092,100,200,2426,0.2405,60.13,25,2027-01-01
I004875,W019,,P075,1237,123,1114,100,200,2474,0.2405,60.13,15,2027-01-01
I004876,W016,,P076,1394,139,1255,100,200,2788,0.2366,59.15,54,2027-01-01
I004877,W017,,P076,608,60,548,100,200,1216,0.2366,59.15,15,2027-01-01
I004878,W018,,P076,907,90,817,100,200,1814,0.2366,59.15,19,2027-01-01
I004879,W019,,P076,512,51,461,100,200,1024,0.2366,59.15,70,2027-01-01
I004880,W020,,P076,1181,118,1063,100,200,2362,0.2366,59.15,17,2027-01-01
I004881,W017,,P077,1248,124,1124,100,200,2496,0.2619,65.47,12,2027-01-01
I004882,W018,,P077,533,53,480,100,200,1066,0.2619,65.47,15,2027-01-01
I004883,W019,,P077,1054,105,949,100,200,2108,0.2619,65.47,64,2027-01-01
I004884,W020,,P077,767,76,691,100,200,1534,0.2619,65.47,13,2027-01-01
I004885,W021,,P077,1338,133,1205,100,200,2676,0.2619,65.47,88,2027-01-01
I004886,W018,,P078,981,98,883,100,200,1962,0.2017,50.44,79,2027-01-01
I004887,W019,,P078,1167,116,1051,100,200,2334,0.2017,50.44,16,2027-01-01
I004888,W020,,P078,746,74,672,100,200,1492,0.2017,50.44,39,2027-01-01
I004889,W021,,P078,1362,136,1226,100,200,2724,0.2017,50.44,46,2027-01-01
I004890,W022,,P078,926,92,834,100,200,1852,0.2017,50.44,56,2027-01-01
I004891,W019,,P079,964,96,868,100,200,1928,0.266,66.5,88,2027-01-01
I004892,W020,,P079,775,77,698,100,200,1550,0.266,66.5,19,2027-01-01
I004893,W021,,P079,1067,106,961,100,200,2134,0.266,66.5,16,2027-01-01
I004894,W022,,P079,1144,114,1030,100,200,2288,0.266,66.5,10,2027-01-01
I004895,W023,,P079,1286,128,1158,100,200,2572,0.266,66.5,2,2027-01-01
I004896,W020,,P080,1373,137,1236,100,200,2746,0.2377,59.41,53,2027-01-01
I004897,W021,,P080,667,66,601,100,200,1334,0.2377,59.41,21,2027-01-01
I004898,W022,,P080,1004,100,904,100,200,2008,0.2377,59.41,25,2027-01-01
I004899,W023,,P080,1107,110,997,100,200,2214,0.2377,59.41,45,2027-01-01
I004900,W024,,P080,1155,115,1040,100,200,2310,0.2377,59.41,13,2027-01-01
I004901,W021,,P081,715,71,644,100,200,1430,0.2893,72.31,29,2027-01-01
I004902,W022,,P081,1383,138,1245,100,200,2766,0.2893,72.31,51,2027-01-01
I004903,W023,,P081,1160,116,1044,100,200,2320,0.2893,72.31,16,2027-01-01
I004904,W024,,P081,1101,110,991,100,200,2202,0.2893,72.31,84,2027-01-01
I004905,W025,,P081,1006,100,906,100,200,2012,0.2893,72.31,17,2027-01-01
I004906,W022,,P082,1327,132,1195,100,200,2654,0.2243,56.08,58,2027-01-01
I004907,W023,,P082,1275,127,1148,100,200,2550,0.2243,56.08,63,2027-01-01
I004908,W024,,P082,884,88,796,100,200,1768,0.2243,56.08,45,2027-01-01
I004909,W025,,P082,868,86,782,100,200,1736,0.2243,56.08,34,2027-01-01
I004910,W026,,P082,556,55,501,100,200,1112,0.2243,56.08,86,2027-01-01
I004911,W023,,P083,1119,111,1008,100,200,2238,0.2089,52.22,57,2027-01-01
I004912,W024,,P083,686,68,618,100,200,1372,0.2089,52.22,44,2027-01-01
I004913,W025,,P083,728,72,656,100,200,1456,0.2089,52.22,70,2027-01-01
I004914,W026,,P083,1066,106,960,100,200,2132,0.2089,52.22,30,2027-01-01
I004915,W027,,P083,1259,125,1134,100,200,2518,0.2089,52.22,20,2027-01-01
I004916,W024,,P084,1358,135,1223,100,200,2716,0.1954,48.86,79,2027-01-01
I004917,W025,,P084,1396,139,1257,100,200,2792,0.1954,48.86,55,2027-01-01
I004918,W026,,P084,829,82,747,100,200,1658,0.1954,48.86,70,2027-01-01
I004919,W027,,P084,888,88,800,100,200,1776,0.1954,48.86,76,2027-01-01
I004920,W028,,P084,1276,127,1149,100,200,2552,0.1954,48.86,41,2027-01-01
I004921,W025,,P085,946,94,852,100,200,1892,0.2524,63.11,45,2027-01-01
I004922,W026,,P085,1058,105,953,100,200,2116,0.2524,63.11,49,2027-01-01
I004923,W027,,P085,665,66,599,100,200,1330,0.2524,63.11,52,2027-01-01
I004924,W028,,P085,906,90,816,100,200,1812,0.2524,63.11,1,2027-01-01
I004925,W029,,P085,789,78,711,100,200,1578,0.2524,63.11,75,2027-01-01
I004926,W026,,P086,1302,130,1172,100,200,2604,0.2395,59.88,19,2027-01-01
I004927,W027,,P086,762,76,686,100,200,1524,0.2395,59.88,88,2027-01-01
I004928,W028,,P086,1132,113,1019,100,200,2264,0.2395,59.88,77,2027-01-01
I004929,W029,,P086,919,91,828,100,200,1838,0.2395,59.88,87,2027-01-01
I004930,W030,,P086,1116,111,1005,100,200,2232,0.2395,59.88,26,2027-01-01
I004931,W027,,P087,1328,132,1196,100,200,2656,0.2347,58.68,59,2027-01-01
I004932,W028,,P087,762,76,686,100,200,1524,0.2347,58.68,80,2027-01-01
I004933,W029,,P087,501,50,451,100,200,1002,0.2347,58.68,51,2027-01-01
I004934,W030,,P087,590,59,531,100,200,1180,0.2347,58.68,44,2027-01-01
I004935,W001,,P087,1287,128,1159,100,200,2574,0.2347,58.68,2,2027-01-01
I004936,W028,,P088,981,98,883,100,200,1962,0.2215,55.37,86,2027-01-01
I004937,W029,,P088,627,62,565,100,200,1254,0.2215,55.37,48,2027-01-01
I004938,W030,,P088,865,86,779,100,200,1730,0.2215,55.37,34,2027-01-01
I004939,W001,,P088,904,90,814,100,200,1808,0.2215,55.37,19,2027-01-01
I004940,W002,,P088,811,81,730,100,200,1622,0.2215,55.37,67,2027-01-01
I004941,W029,,P089,1255,125,1130,100,200,2510,0.2511,62.78,9,2027-01-01
I004942,W030,,P089,972,97,875,100,200,1944,0.2511,62.78,74,2027-01-01
I004943,W001,,P089,1331,133,1198,100,200,2662,0.2511,62.78,50,2027-01-01
I004944,W002,,P089,1109,110,999,100,200,2218,0.2511,62.78,82,2027-01-01
I004945,W003,,P089,1100,110,990,100,200,2200,0.2511,62.78,17,2027-01-01
I004946,W030,,P090,640,64,576,100,200,1280,0.2678,66.94,2,2027-01-01
I004947,W001,,P090,1172,117,1055,100,200,2344,0.2678,66.94,28,2027-01-01
I004948,W002,,P090,1160,116,1044,100,200,2320,0.2678,66.94,58,2027-01-01
I004949,W003,,P090,1132,113,1019,100,200,2264,0.2678,66.94,64,2027-01-01
I004950,W004,,P090,675,67,608,100,200,1350,0.2678,66.94,73,2027-01-01
I004951,W001,,P091,992,99,893,100,200,1984,0.2158,53.95,27,2027-01-01
I004952,W002,,P091,731,73,658,100,200,1462,0.2158,53.95,78,2027-01-01
I004953,W003,,P091,1058,105,953,100,200,2116,0.2158,53.95,60,2027-01-01
I004954,W004,,P091,1047,104,943,100,200,2094,0.2158,53.95,61,2027-01-01
I004955,W005,,P091,591,59,532,100,200,1182,0.2158,53.95,11,2027-01-01
I004956,W002,,P092,868,86,782,100,200,1736,0.2414,60.34,22,2027-01-01
I004957,W003,,P092,1057,105,952,100,200,2114,0.2414,60.34,39,2027-01-01
I004958,W004,,P092,959,95,864,100,200,1918,0.2414,60.34,71,2027-01-01
I004959,W005,,P092,1031,103,928,100,200,2062,0.2414,60.34,73,2027-01-01
I004960,W006,,P092,1284,128,1156,100,200,2568,0.2414,60.34,87,2027-01-01
I004961,W003,,P093,573,57,516,100,200,1146,0.2418,60.46,73,2027-01-01
I004962,W004,,P093,1242,124,1118,100,200,2484,0.2418,60.46,29,2027-01-01
I004963,W005,,P093,1225,122,1103,100,200,2450,0.2418,60.46,42,2027-01-01
I004964,W006,,P093,549,54,495,100,200,1098,0.2418,60.46,87,2027-01-01
I004965,W007,,P093,829,82,747,100,200,1658,0.2418,60.46,65,2027-01-01
I004966,W004,,P094,1225,122,1103,100,200,2450,0.2492,62.31,3,2027-01-01
I004967,W005,,P094,1058,105,953,100,200,2116,0.2492,62.31,55,2027-01-01
I004968,W006,,P094,694,69,625,100,200,1388,0.2492,62.31,45,2027-01-01
I004969,W007,,P094,910,91,819,100,200,1820,0.2492,62.31,36,2027-01-01
I004970,W008,,P094,1360,136,1224,100,200,2720,0.2492,62.31,51,2027-01-01
I004971,W005,,P095,1343,134,1209,100,200,2686,0.2244,56.1,32,2027-01-01
I004972,W006,,P095,1189,118,1071,100,200,2378,0.2244,56.1,64,2027-01-01
I004973,W007,,P095,1265,126,1139,100,200,2530,0.2244,56.1,10,2027-01-01
I004974,W008,,P095,1191,119,1072,100,200,2382,0.2244,56.1,10,2027-01-01
I004975,W009,,P095,745,74,671,100,200,1490,0.2244,56.1,66,2027-01-01
I004976,W006,,P096,946,94,852,100,200,1892,0.2747,68.69,28,2027-01-01
I004977,W007,,P096,744,74,670,100,200,1488,0.2747,68.69,59,2027-01-01
I004978,W008,,P096,1184,118,1066,100,200,2368,0.2747,68.69,72,2027-01-01
I004979,W009,,P096,902,90,812,100,200,1804,0.2747,68.69,8,2027-01-01
I004980,W010,,P096,535,53,482,100,200,1070,0.2747,68.69,55,2027-01-01
I004981,W007,,P097,1017,101,916,100,200,2034,0.2393,59.82,66,2027-01-01
I004982,W008,,P097,667,66,601,100,200,1334,0.2393,59.82,66,2027-01-01
I004983,W009,,P097,506,50,456,100,200,1012,0.2393,59.82,55,2027-01-01
I004984,W010,,P097,1288,128,1160,100,200,2576,0.2393,59.82,86,2027-01-01
I004985,W011,,P097,603,60,543,100,200,1206,0.2393,59.82,83,2027-01-01
I004986,W008,,P098,919,91,828,100,200,1838,0.2314,57.84,20,2027-01-01
I004987,W009,,P098,971,97,874,100,200,1942,0.2314,57.84,19,2027-01-01
I004988,W010,,P098,718,71,647,100,200,1436,0.2314,57.84,46,2027-01-01
I004989,W011,,P098,668,66,602,100,200,1336,0.2314,57.84,61,2027-01-01
I004990,W012,,P098,1237,123,1114,100,200,2474,0.2314,57.84,58,2027-01-01
I004991,W009,,P099,610,61,549,100,200,1220,0.2414,60.36,84,2027-01-01
I004992,W010,,P099,1217,121,1096,100,200,2434,0.2414,60.36,67,2027-01-01
I004993,W011,,P099,1100,110,990,100,200,2200,0.2414,60.36,24,2027-01-01
I004994,W012,,P099,1273,127,1146,100,200,2546,0.2414,60.36,75,2027-01-01
I004995,W013,,P099,833,83,750,100,200,1666,0.2414,60.36,41,2027-01-01
I004996,W010,,P100,1044,104,940,100,200,2088,0.2348,58.71,48,2027-01-01
I004997,W011,,P100,647,64,583,100,200,1294,0.2348,58.71,76,2027-01-01
I004998,W012,,P100,506,50,456,100,200,1012,0.2348,58.71,8,2027-01-01
I004999,W013,,P100,967,96,871,100,200,1934,0.2348,58.71,4,2027-01-01
I005000,W014,,P100,1166,116,1050,100,200,2332,0.2348,58.71,42,2027-01-01
