scenario_id,scenario_name,scenario_type,number_of_disruptions,demand_multiplier,supply_multiplier,severity_multiplier,duration_multiplier,affected_region,description
SC00001,Independent recovery experiment 00001,Four_event_stress,4,1.0,1.0,1.0,1.0,South,"Independent 2027-01-01 snapshot; four events at days 0, 2, 4, 6. Event estimates are not additive."
SC00002,Independent recovery experiment 00002,Four_event_stress,4,1.0,1.0,1.0,1.0,West,"Independent 2027-01-01 snapshot; four events at days 0, 2, 4, 6. Event estimates are not additive."
SC00003,Independent recovery experiment 00003,Four_event_stress,4,1.0,1.0,1.0,1.0,North,"Independent 2027-01-01 snapshot; four events at days 0, 2, 4, 6. Event estimates are not additive."
SC00004,Independent recovery experiment 00004,Four_event_stress,4,1.0,1.0,1.0,1.0,South,"Independent 2027-01-01 snapshot; four events at days 0, 2, 4, 6. Event estimates are not additive."
SC00005,Independent recovery experiment 00005,Four_event_stress,4,1.0,1.0,1.0,1.0,South,"Independent 2027-01-01 snapshot; four events at days 0, 2, 4, 6. Event estimates are not additive."
SC00006,Independent recovery experiment 00006,Four_event_stress,4,1.0,1.0,1.0,1.0,West,"Independent 2027-01-01 snapshot; four events at days 0, 2, 4, 6. Event estimates are not additive."
SC00007,Independent recovery experiment 00007,Four_event_stress,4,1.0,1.0,1.0,1.0,East,"Independent 2027-01-01 snapshot; four events at days 0, 2, 4, 6. Event estimates are not additive."
SC00008,Independent recovery experiment 00008,Four_event_stress,4,1.0,1.0,1.0,1.0,West,"Independent 2027-01-01 snapshot; four events at days 0, 2, 4, 6. Event estimates are not additive."
SC00009,Independent recovery experiment 00009,Four_event_stress,4,1.0,1.0,1.0,1.0,North,"Independent 2027-01-01 snapshot; four events at days 0, 2, 4, 6. Event estimates are not additive."
SC00010,Independent recovery experiment 00010,Four_event_stress,4,1.0,1.0,1.0,1.0,South,"Independent 2027-01-01 snapshot; four events at days 0, 2, 4, 6. Event estimates are not additive."
SC00011,Independent recovery experiment 00011,Four_event_stress,4,1.0,1.0,1.0,1.0,South,"Independent 2027-01-01 snapshot; four events at days 0, 2, 4, 6. Event estimates are not additive."
SC00012,Independent recovery experiment 00012,Four_event_stress,4,1.0,1.0,1.0,1.0,West,"Independent 2027-01-01 snapshot; four events at days 0, 2, 4, 6. Event estimates are not additive."
SC00013,Independent recovery experiment 00013,Four_event_stress,4,1.0,1.0,1.0,1.0,North,"Independent 2027-01-01 snapshot; four events at days 0, 2, 4, 6. Event estimates are not additive."
SC00014,Independent recovery experiment 00014,Four_event_stress,4,1.0,1.0,1.0,1.0,South,"Independent 2027-01-01 snapshot; four events at days 0, 2, 4, 6. Event estimates are not additive."
SC00015,Independent recovery experiment 00015,Four_event_stress,4,1.0,1.0,1.0,1.0,South,"Independent 2027-01-01 snapshot; four events at days 0, 2, 4, 6. Event estimates are not additive."
SC00016,Independent recovery experiment 00016,Four_event_stress,4,1.0,1.0,1.0,1.0,West,"Independent 2027-01-01 snapshot; four events at days 0, 2, 4, 6. Event estimates are not additive."
SC00017,Independent recovery experiment 00017,Four_event_stress,4,1.0,1.0,1.0,1.0,East,"Independent 2027-01-01 snapshot; four events at days 0, 2, 4, 6. Event estimates are not additive."
SC00018,Independent recovery experiment 00018,Four_event_stress,4,1.0,1.0,1.0,1.0,West,"Independent 2027-01-01 snapshot; four events at days 0, 2, 4, 6. Event estimates are not additive."
SC00019,Independent recovery experiment 00019,Four_event_stress,4,1.0,1.0,1.0,1.0,North,"Independent 2027-01-01 snapshot; four events at days 0, 2, 4, 6. Event estimates are not additive."
SC00020,Independent recovery experiment 00020,Four_event_stress,4,1.0,1.0,1.0,1.0,South,"Independent 2027-01-01 snapshot; four events at days 0, 2, 4, 6. Event estimates are not additive."
SC00021,Independent recovery experiment 00021,Four_event_stress,4,1.0,1.0,1.0,1.0,South,"Independent 2027-01-01 snapshot; four events at days 0, 2, 4, 6. Event estimates are not additive."
SC00022,Independent recovery experiment 00022,Four_event_stress,4,1.0,1.0,1.0,1.0,West,"Independent 2027-01-01 snapshot; four events at days 0, 2, 4, 6. Event estimates are not additive."
SC00023,Independent recovery experiment 00023,Four_event_stress,4,1.0,1.0,1.0,1.0,North,"Independent 2027-01-01 snapshot; four events at days 0, 2, 4, 6. Event estimates are not additive."
SC00024,Independent recovery experiment 00024,Four_event_stress,4,1.0,1.0,1.0,1.0,South,"Independent 2027-01-01 snapshot; four events at days 0, 2, 4, 6. Event estimates are not additive."
SC00025,Independent recovery experiment 00025,Four_event_stress,4,1.0,1.0,1.0,1.0,South,"Independent 2027-01-01 snapshot; four events at days 0, 2, 4, 6. Event estimates are not additive."
SC00026,Independent recovery experiment 00026,Four_event_stress,4,1.0,1.0,1.0,1.0,West,"Independent 2027-01-01 snapshot; four events at days 0, 2, 4, 6. Event estimates are not additive."
SC00027,Independent recovery experiment 00027,Four_event_stress,4,1.0,1.0,1.0,1.0,East,"Independent 2027-01-01 snapshot; four events at days 0, 2, 4, 6. Event estimates are not additive."
SC00028,Independent recovery experiment 00028,Four_event_stress,4,1.0,1.0,1.0,1.0,West,"Independent 2027-01-01 snapshot; four events at days 0, 2, 4, 6. Event estimates are not additive."
SC00029,Independent recovery experiment 00029,Four_event_stress,4,1.0,1.0,1.0,1.0,North,"Independent 2027-01-01 snapshot; four events at days 0, 2, 4, 6. Event estimates are not additive."
SC00030,Independent recovery experiment 00030,Four_event_stress,4,1.0,1.0,1.0,1.0,South,"Independent 2027-01-01 snapshot; four events at days 0, 2, 4, 6. Event estimates are not additive."
SC00031,Independent recovery experiment 00031,Four_event_stress,4,1.0,1.0,1.0,1.0,South,"Independent 2027-01-01 snapshot; four events at days 0, 2, 4, 6. Event estimates are not additive."
SC00032,Independent recovery experiment 00032,Four_event_stress,4,1.0,1.0,1.0,1.0,West,"Independent 2027-01-01 snapshot; four events at days 0, 2, 4, 6. Event estimates are not additive."
SC00033,Independent recovery experiment 00033,Four_event_stress,4,1.0,1.0,1.0,1.0,North,"Independent 2027-01-01 snapshot; four events at days 0, 2, 4, 6. Event estimates are not additive."
SC00034,Independent recovery experiment 00034,Four_event_stress,4,1.0,1.0,1.0,1.0,South,"Independent 2027-01-01 snapshot; four events at days 0, 2, 4, 6. Event estimates are not additive."
SC00035,Independent recovery experiment 00035,Four_event_stress,4,1.0,1.0,1.0,1.0,South,"Independent 2027-01-01 snapshot; four events at days 0, 2, 4, 6. Event estimates are not additive."
SC00036,Independent recovery experiment 00036,Four_event_stress,4,1.0,1.0,1.0,1.0,West,"Independent 2027-01-01 snapshot; four events at days 0, 2, 4, 6. Event estimates are not additive."
SC00037,Independent recovery experiment 00037,Four_event_stress,4,1.0,1.0,1.0,1.0,East,"Independent 2027-01-01 snapshot; four events at days 0, 2, 4, 6. Event estimates are not additive."
SC00038,Independent recovery experiment 00038,Four_event_stress,4,1.0,1.0,1.0,1.0,West,"Independent 2027-01-01 snapshot; four events at days 0, 2, 4, 6. Event estimates are not additive."
SC00039,Independent recovery experiment 00039,Four_event_stress,4,1.0,1.0,1.0,1.0,North,"Independent 2027-01-01 snapshot; four events at days 0, 2, 4, 6. Event estimates are not additive."
SC00040,Independent recovery experiment 00040,Four_event_stress,4,1.0,1.0,1.0,1.0,South,"Independent 2027-01-01 snapshot; four events at days 0, 2, 4, 6. Event estimates are not additive."
SC00041,Independent recovery experiment 00041,Four_event_stress,4,1.0,1.0,1.0,1.0,South,"Independent 2027-01-01 snapshot; four events at days 0, 2, 4, 6. Event estimates are not additive."
SC00042,Independent recovery experiment 00042,Four_event_stress,4,1.0,1.0,1.0,1.0,West,"Independent 2027-01-01 snapshot; four events at days 0, 2, 4, 6. Event estimates are not additive."
SC00043,Independent recovery experiment 00043,Four_event_stress,4,1.0,1.0,1.0,1.0,North,"Independent 2027-01-01 snapshot; four events at days 0, 2, 4, 6. Event estimates are not additive."
SC00044,Independent recovery experiment 00044,Four_event_stress,4,1.0,1.0,1.0,1.0,South,"Independent 2027-01-01 snapshot; four events at days 0, 2, 4, 6. Event estimates are not additive."
SC00045,Independent recovery experiment 00045,Four_event_stress,4,1.0,1.0,1.0,1.0,South,"Independent 2027-01-01 snapshot; four events at days 0, 2, 4, 6. Event estimates are not additive."
SC00046,Independent recovery experiment 00046,Four_event_stress,4,1.0,1.0,1.0,1.0,West,"Independent 2027-01-01 snapshot; four events at days 0, 2, 4, 6. Event estimates are not additive."
SC00047,Independent recovery experiment 00047,Four_event_stress,4,1.0,1.0,1.0,1.0,East,"Independent 2027-01-01 snapshot; four events at days 0, 2, 4, 6. Event estimates are not additive."
SC00048,Independent recovery experiment 00048,Four_event_stress,4,1.0,1.0,1.0,1.0,West,"Independent 2027-01-01 snapshot; four events at days 0, 2, 4, 6. Event estimates are not additive."
SC00049,Independent recovery experiment 00049,Four_event_stress,4,1.0,1.0,1.0,1.0,North,"Independent 2027-01-01 snapshot; four events at days 0, 2, 4, 6. Event estimates are not additive."
SC00050,Independent recovery experiment 00050,Four_event_stress,4,1.0,1.0,1.0,1.0,South,"Independent 2027-01-01 snapshot; four events at days 0, 2, 4, 6. Event estimates are not additive."
SC00051,Independent recovery experiment 00051,Four_event_stress,4,1.0,1.0,1.0,1.0,South,"Independent 2027-01-01 snapshot; four events at days 0, 2, 4, 6. Event estimates are not additive."
SC00052,Independent recovery experiment 00052,Four_event_stress,4,1.0,1.0,1.0,1.0,West,"Independent 2027-01-01 snapshot; four events at days 0, 2, 4, 6. Event estimates are not additive."
SC00053,Independent recovery experiment 00053,Four_event_stress,4,1.0,1.0,1.0,1.0,North,"Independent 2027-01-01 snapshot; four events at days 0, 2, 4, 6. Event estimates are not additive."
SC00054,Independent recovery experiment 00054,Four_event_stress,4,1.0,1.0,1.0,1.0,South,"Independent 2027-01-01 snapshot; four events at days 0, 2, 4, 6. Event estimates are not additive."
SC00055,Independent recovery experiment 00055,Four_event_stress,4,1.0,1.0,1.0,1.0,South,"Independent 2027-01-01 snapshot; four events at days 0, 2, 4, 6. Event estimates are not additive."
SC00056,Independent recovery experiment 00056,Four_event_stress,4,1.0,1.0,1.0,1.0,West,"Independent 2027-01-01 snapshot; four events at days 0, 2, 4, 6. Event estimates are not additive."
SC00057,Independent recovery experiment 00057,Four_event_stress,4,1.0,1.0,1.0,1.0,East,"Independent 2027-01-01 snapshot; four events at days 0, 2, 4, 6. Event estimates are not additive."
SC00058,Independent recovery experiment 00058,Four_event_stress,4,1.0,1.0,1.0,1.0,West,"Independent 2027-01-01 snapshot; four events at days 0, 2, 4, 6. Event estimates are not additive."
SC00059,Independent recovery experiment 00059,Four_event_stress,4,1.0,1.0,1.0,1.0,North,"Independent 2027-01-01 snapshot; four events at days 0, 2, 4, 6. Event estimates are not additive."
SC00060,Independent recovery experiment 00060,Four_event_stress,4,1.0,1.0,1.0,1.0,South,"Independent 2027-01-01 snapshot; four events at days 0, 2, 4, 6. Event estimates are not additive."
SC00061,Independent recovery experiment 00061,Four_event_stress,4,1.0,1.0,1.0,1.0,South,"Independent 2027-01-01 snapshot; four events at days 0, 2, 4, 6. Event estimates are not additive."
SC00062,Independent recovery experiment 00062,Four_event_stress,4,1.0,1.0,1.0,1.0,West,"Independent 2027-01-01 snapshot; four events at days 0, 2, 4, 6. Event estimates are not additive."
SC00063,Independent recovery experiment 00063,Four_event_stress,4,1.0,1.0,1.0,1.0,North,"Independent 2027-01-01 snapshot; four events at days 0, 2, 4, 6. Event estimates are not additive."
SC00064,Independent recovery experiment 00064,Four_event_stress,4,1.0,1.0,1.0,1.0,South,"Independent 2027-01-01 snapshot; four events at days 0, 2, 4, 6. Event estimates are not additive."
SC00065,Independent recovery experiment 00065,Four_event_stress,4,1.0,1.0,1.0,1.0,South,"Independent 2027-01-01 snapshot; four events at days 0, 2, 4, 6. Event estimates are not additive."
SC00066,Independent recovery experiment 00066,Four_event_stress,4,1.0,1.0,1.0,1.0,West,"Independent 2027-01-01 snapshot; four events at days 0, 2, 4, 6. Event estimates are not additive."
SC00067,Independent recovery experiment 00067,Four_event_stress,4,1.0,1.0,1.0,1.0,East,"Independent 2027-01-01 snapshot; four events at days 0, 2, 4, 6. Event estimates are not additive."
SC00068,Independent recovery experiment 00068,Four_event_stress,4,1.0,1.0,1.0,1.0,West,"Independent 2027-01-01 snapshot; four events at days 0, 2, 4, 6. Event estimates are not additive."
SC00069,Independent recovery experiment 00069,Four_event_stress,4,1.0,1.0,1.0,1.0,North,"Independent 2027-01-01 snapshot; four events at days 0, 2, 4, 6. Event estimates are not additive."
SC00070,Independent recovery experiment 00070,Four_event_stress,4,1.0,1.0,1.0,1.0,South,"Independent 2027-01-01 snapshot; four events at days 0, 2, 4, 6. Event estimates are not additive."
SC00071,Independent recovery experiment 00071,Four_event_stress,4,1.0,1.0,1.0,1.0,South,"Independent 2027-01-01 snapshot; four events at days 0, 2, 4, 6. Event estimates are not additive."
SC00072,Independent recovery experiment 00072,Four_event_stress,4,1.0,1.0,1.0,1.0,West,"Independent 2027-01-01 snapshot; four events at days 0, 2, 4, 6. Event estimates are not additive."
SC00073,Independent recovery experiment 00073,Four_event_stress,4,1.0,1.0,1.0,1.0,North,"Independent 2027-01-01 snapshot; four events at days 0, 2, 4, 6. Event estimates are not additive."
SC00074,Independent recovery experiment 00074,Four_event_stress,4,1.0,1.0,1.0,1.0,South,"Independent 2027-01-01 snapshot; four events at days 0, 2, 4, 6. Event estimates are not additive."
SC00075,Independent recovery experiment 00075,Four_event_stress,4,1.0,1.0,1.0,1.0,South,"Independent 2027-01-01 snapshot; four events at days 0, 2, 4, 6. Event estimates are not additive."
SC00076,Independent recovery experiment 00076,Four_event_stress,4,1.0,1.0,1.0,1.0,West,"Independent 2027-01-01 snapshot; four events at days 0, 2, 4, 6. Event estimates are not additive."
SC00077,Independent recovery experiment 00077,Four_event_stress,4,1.0,1.0,1.0,1.0,East,"Independent 2027-01-01 snapshot; four events at days 0, 2, 4, 6. Event estimates are not additive."
SC00078,Independent recovery experiment 00078,Four_event_stress,4,1.0,1.0,1.0,1.0,West,"Independent 2027-01-01 snapshot; four events at days 0, 2, 4, 6. Event estimates are not additive."
SC00079,Independent recovery experiment 00079,Four_event_stress,4,1.0,1.0,1.0,1.0,North,"Independent 2027-01-01 snapshot; four events at days 0, 2, 4, 6. Event estimates are not additive."
SC00080,Independent recovery experiment 00080,Four_event_stress,4,1.0,1.0,1.0,1.0,South,"Independent 2027-01-01 snapshot; four events at days 0, 2, 4, 6. Event estimates are not additive."
SC00081,Independent recovery experiment 00081,Four_event_stress,4,1.0,1.0,1.0,1.0,South,"Independent 2027-01-01 snapshot; four events at days 0, 2, 4, 6. Event estimates are not additive."
SC00082,Independent recovery experiment 00082,Four_event_stress,4,1.0,1.0,1.0,1.0,West,"Independent 2027-01-01 snapshot; four events at days 0, 2, 4, 6. Event estimates are not additive."
SC00083,Independent recovery experiment 00083,Four_event_stress,4,1.0,1.0,1.0,1.0,North,"Independent 2027-01-01 snapshot; four events at days 0, 2, 4, 6. Event estimates are not additive."
SC00084,Independent recovery experiment 00084,Four_event_stress,4,1.0,1.0,1.0,1.0,South,"Independent 2027-01-01 snapshot; four events at days 0, 2, 4, 6. Event estimates are not additive."
SC00085,Independent recovery experiment 00085,Four_event_stress,4,1.0,1.0,1.0,1.0,South,"Independent 2027-01-01 snapshot; four events at days 0, 2, 4, 6. Event estimates are not additive."
SC00086,Independent recovery experiment 00086,Four_event_stress,4,1.0,1.0,1.0,1.0,West,"Independent 2027-01-01 snapshot; four events at days 0, 2, 4, 6. Event estimates are not additive."
SC00087,Independent recovery experiment 00087,Four_event_stress,4,1.0,1.0,1.0,1.0,East,"Independent 2027-01-01 snapshot; four events at days 0, 2, 4, 6. Event estimates are not additive."
SC00088,Independent recovery experiment 00088,Four_event_stress,4,1.0,1.0,1.0,1.0,West,"Independent 2027-01-01 snapshot; four events at days 0, 2, 4, 6. Event estimates are not additive."
SC00089,Independent recovery experiment 00089,Four_event_stress,4,1.0,1.0,1.0,1.0,North,"Independent 2027-01-01 snapshot; four events at days 0, 2, 4, 6. Event estimates are not additive."
SC00090,Independent recovery experiment 00090,Four_event_stress,4,1.0,1.0,1.0,1.0,South,"Independent 2027-01-01 snapshot; four events at days 0, 2, 4, 6. Event estimates are not additive."
SC00091,Independent recovery experiment 00091,Four_event_stress,4,1.0,1.0,1.0,1.0,South,"Independent 2027-01-01 snapshot; four events at days 0, 2, 4, 6. Event estimates are not additive."
SC00092,Independent recovery experiment 00092,Four_event_stress,4,1.0,1.0,1.0,1.0,West,"Independent 2027-01-01 snapshot; four events at days 0, 2, 4, 6. Event estimates are not additive."
SC00093,Independent recovery experiment 00093,Four_event_stress,4,1.0,1.0,1.0,1.0,North,"Independent 2027-01-01 snapshot; four events at days 0, 2, 4, 6. Event estimates are not additive."
SC00094,Independent recovery experiment 00094,Four_event_stress,4,1.0,1.0,1.0,1.0,South,"Independent 2027-01-01 snapshot; four events at days 0, 2, 4, 6. Event estimates are not additive."
SC00095,Independent recovery experiment 00095,Four_event_stress,4,1.0,1.0,1.0,1.0,South,"Independent 2027-01-01 snapshot; four events at days 0, 2, 4, 6. Event estimates are not additive."
SC00096,Independent recovery experiment 00096,Four_event_stress,4,1.0,1.0,1.0,1.0,West,"Independent 2027-01-01 snapshot; four events at days 0, 2, 4, 6. Event estimates are not additive."
SC00097,Independent recovery experiment 00097,Four_event_stress,4,1.0,1.0,1.0,1.0,East,"Independent 2027-01-01 snapshot; four events at days 0, 2, 4, 6. Event estimates are not additive."
SC00098,Independent recovery experiment 00098,Four_event_stress,4,1.0,1.0,1.0,1.0,West,"Independent 2027-01-01 snapshot; four events at days 0, 2, 4, 6. Event estimates are not additive."
SC00099,Independent recovery experiment 00099,Four_event_stress,4,1.0,1.0,1.0,1.0,North,"Independent 2027-01-01 snapshot; four events at days 0, 2, 4, 6. Event estimates are not additive."
SC00100,Independent recovery experiment 00100,Four_event_stress,4,1.0,1.0,1.0,1.0,South,"Independent 2027-01-01 snapshot; four events at days 0, 2, 4, 6. Event estimates are not additive."
SC00101,Independent recovery experiment 00101,Four_event_stress,4,1.0,1.0,1.0,1.0,South,"Independent 2027-01-01 snapshot; four events at days 0, 2, 4, 6. Event estimates are not additive."
SC00102,Independent recovery experiment 00102,Four_event_stress,4,1.0,1.0,1.0,1.0,West,"Independent 2027-01-01 snapshot; four events at days 0, 2, 4, 6. Event estimates are not additive."
SC00103,Independent recovery experiment 00103,Four_event_stress,4,1.0,1.0,1.0,1.0,North,"Independent 2027-01-01 snapshot; four events at days 0, 2, 4, 6. Event estimates are not additive."
SC00104,Independent recovery experiment 00104,Four_event_stress,4,1.0,1.0,1.0,1.0,South,"Independent 2027-01-01 snapshot; four events at days 0, 2, 4, 6. Event estimates are not additive."
SC00105,Independent recovery experiment 00105,Four_event_stress,4,1.0,1.0,1.0,1.0,South,"Independent 2027-01-01 snapshot; four events at days 0, 2, 4, 6. Event estimates are not additive."
SC00106,Independent recovery experiment 00106,Four_event_stress,4,1.0,1.0,1.0,1.0,West,"Independent 2027-01-01 snapshot; four events at days 0, 2, 4, 6. Event estimates are not additive."
SC00107,Independent recovery experiment 00107,Four_event_stress,4,1.0,1.0,1.0,1.0,East,"Independent 2027-01-01 snapshot; four events at days 0, 2, 4, 6. Event estimates are not additive."
SC00108,Independent recovery experiment 00108,Four_event_stress,4,1.0,1.0,1.0,1.0,West,"Independent 2027-01-01 snapshot; four events at days 0, 2, 4, 6. Event estimates are not additive."
SC00109,Independent recovery experiment 00109,Four_event_stress,4,1.0,1.0,1.0,1.0,North,"Independent 2027-01-01 snapshot; four events at days 0, 2, 4, 6. Event estimates are not additive."
SC00110,Independent recovery experiment 00110,Four_event_stress,4,1.0,1.0,1.0,1.0,South,"Independent 2027-01-01 snapshot; four events at days 0, 2, 4, 6. Event estimates are not additive."
SC00111,Independent recovery experiment 00111,Four_event_stress,4,1.0,1.0,1.0,1.0,South,"Independent 2027-01-01 snapshot; four events at days 0, 2, 4, 6. Event estimates are not additive."
SC00112,Independent recovery experiment 00112,Four_event_stress,4,1.0,1.0,1.0,1.0,West,"Independent 2027-01-01 snapshot; four events at days 0, 2, 4, 6. Event estimates are not additive."
SC00113,Independent recovery experiment 00113,Four_event_stress,4,1.0,1.0,1.0,1.0,North,"Independent 2027-01-01 snapshot; four events at days 0, 2, 4, 6. Event estimates are not additive."
SC00114,Independent recovery experiment 00114,Four_event_stress,4,1.0,1.0,1.0,1.0,South,"Independent 2027-01-01 snapshot; four events at days 0, 2, 4, 6. Event estimates are not additive."
SC00115,Independent recovery experiment 00115,Four_event_stress,4,1.0,1.0,1.0,1.0,South,"Independent 2027-01-01 snapshot; four events at days 0, 2, 4, 6. Event estimates are not additive."
SC00116,Independent recovery experiment 00116,Four_event_stress,4,1.0,1.0,1.0,1.0,West,"Independent 2027-01-01 snapshot; four events at days 0, 2, 4, 6. Event estimates are not additive."
SC00117,Independent recovery experiment 00117,Four_event_stress,4,1.0,1.0,1.0,1.0,East,"Independent 2027-01-01 snapshot; four events at days 0, 2, 4, 6. Event estimates are not additive."
SC00118,Independent recovery experiment 00118,Four_event_stress,4,1.0,1.0,1.0,1.0,West,"Independent 2027-01-01 snapshot; four events at days 0, 2, 4, 6. Event estimates are not additive."
SC00119,Independent recovery experiment 00119,Four_event_stress,4,1.0,1.0,1.0,1.0,North,"Independent 2027-01-01 snapshot; four events at days 0, 2, 4, 6. Event estimates are not additive."
SC00120,Independent recovery experiment 00120,Four_event_stress,4,1.0,1.0,1.0,1.0,South,"Independent 2027-01-01 snapshot; four events at days 0, 2, 4, 6. Event estimates are not additive."
SC00121,Independent recovery experiment 00121,Four_event_stress,4,1.0,1.0,1.0,1.0,South,"Independent 2027-01-01 snapshot; four events at days 0, 2, 4, 6. Event estimates are not additive."
SC00122,Independent recovery experiment 00122,Four_event_stress,4,1.0,1.0,1.0,1.0,West,"Independent 2027-01-01 snapshot; four events at days 0, 2, 4, 6. Event estimates are not additive."
SC00123,Independent recovery experiment 00123,Four_event_stress,4,1.0,1.0,1.0,1.0,North,"Independent 2027-01-01 snapshot; four events at days 0, 2, 4, 6. Event estimates are not additive."
SC00124,Independent recovery experiment 00124,Four_event_stress,4,1.0,1.0,1.0,1.0,South,"Independent 2027-01-01 snapshot; four events at days 0, 2, 4, 6. Event estimates are not additive."
SC00125,Independent recovery experiment 00125,Four_event_stress,4,1.0,1.0,1.0,1.0,South,"Independent 2027-01-01 snapshot; four events at days 0, 2, 4, 6. Event estimates are not additive."
SC00126,Independent recovery experiment 00126,Four_event_stress,4,1.0,1.0,1.0,1.0,West,"Independent 2027-01-01 snapshot; four events at days 0, 2, 4, 6. Event estimates are not additive."
SC00127,Independent recovery experiment 00127,Four_event_stress,4,1.0,1.0,1.0,1.0,East,"Independent 2027-01-01 snapshot; four events at days 0, 2, 4, 6. Event estimates are not additive."
SC00128,Independent recovery experiment 00128,Four_event_stress,4,1.0,1.0,1.0,1.0,West,"Independent 2027-01-01 snapshot; four events at days 0, 2, 4, 6. Event estimates are not additive."
SC00129,Independent recovery experiment 00129,Four_event_stress,4,1.0,1.0,1.0,1.0,North,"Independent 2027-01-01 snapshot; four events at days 0, 2, 4, 6. Event estimates are not additive."
SC00130,Independent recovery experiment 00130,Four_event_stress,4,1.0,1.0,1.0,1.0,South,"Independent 2027-01-01 snapshot; four events at days 0, 2, 4, 6. Event estimates are not additive."
SC00131,Independent recovery experiment 00131,Four_event_stress,4,1.0,1.0,1.0,1.0,South,"Independent 2027-01-01 snapshot; four events at days 0, 2, 4, 6. Event estimates are not additive."
SC00132,Independent recovery experiment 00132,Four_event_stress,4,1.0,1.0,1.0,1.0,West,"Independent 2027-01-01 snapshot; four events at days 0, 2, 4, 6. Event estimates are not additive."
SC00133,Independent recovery experiment 00133,Four_event_stress,4,1.0,1.0,1.0,1.0,North,"Independent 2027-01-01 snapshot; four events at days 0, 2, 4, 6. Event estimates are not additive."
SC00134,Independent recovery experiment 00134,Four_event_stress,4,1.0,1.0,1.0,1.0,South,"Independent 2027-01-01 snapshot; four events at days 0, 2, 4, 6. Event estimates are not additive."
SC00135,Independent recovery experiment 00135,Four_event_stress,4,1.0,1.0,1.0,1.0,South,"Independent 2027-01-01 snapshot; four events at days 0, 2, 4, 6. Event estimates are not additive."
SC00136,Independent recovery experiment 00136,Four_event_stress,4,1.0,1.0,1.0,1.0,West,"Independent 2027-01-01 snapshot; four events at days 0, 2, 4, 6. Event estimates are not additive."
SC00137,Independent recovery experiment 00137,Four_event_stress,4,1.0,1.0,1.0,1.0,East,"Independent 2027-01-01 snapshot; four events at days 0, 2, 4, 6. Event estimates are not additive."
SC00138,Independent recovery experiment 00138,Four_event_stress,4,1.0,1.0,1.0,1.0,West,"Independent 2027-01-01 snapshot; four events at days 0, 2, 4, 6. Event estimates are not additive."
SC00139,Independent recovery experiment 00139,Four_event_stress,4,1.0,1.0,1.0,1.0,North,"Independent 2027-01-01 snapshot; four events at days 0, 2, 4, 6. Event estimates are not additive."
SC00140,Independent recovery experiment 00140,Four_event_stress,4,1.0,1.0,1.0,1.0,South,"Independent 2027-01-01 snapshot; four events at days 0, 2, 4, 6. Event estimates are not additive."
SC00141,Independent recovery experiment 00141,Four_event_stress,4,1.0,1.0,1.0,1.0,South,"Independent 2027-01-01 snapshot; four events at days 0, 2, 4, 6. Event estimates are not additive."
SC00142,Independent recovery experiment 00142,Four_event_stress,4,1.0,1.0,1.0,1.0,West,"Independent 2027-01-01 snapshot; four events at days 0, 2, 4, 6. Event estimates are not additive."
SC00143,Independent recovery experiment 00143,Four_event_stress,4,1.0,1.0,1.0,1.0,North,"Independent 2027-01-01 snapshot; four events at days 0, 2, 4, 6. Event estimates are not additive."
SC00144,Independent recovery experiment 00144,Four_event_stress,4,1.0,1.0,1.0,1.0,South,"Independent 2027-01-01 snapshot; four events at days 0, 2, 4, 6. Event estimates are not additive."
SC00145,Independent recovery experiment 00145,Four_event_stress,4,1.0,1.0,1.0,1.0,South,"Independent 2027-01-01 snapshot; four events at days 0, 2, 4, 6. Event estimates are not additive."
SC00146,Independent recovery experiment 00146,Four_event_stress,4,1.0,1.0,1.0,1.0,West,"Independent 2027-01-01 snapshot; four events at days 0, 2, 4, 6. Event estimates are not additive."
SC00147,Independent recovery experiment 00147,Four_event_stress,4,1.0,1.0,1.0,1.0,East,"Independent 2027-01-01 snapshot; four events at days 0, 2, 4, 6. Event estimates are not additive."
SC00148,Independent recovery experiment 00148,Four_event_stress,4,1.0,1.0,1.0,1.0,West,"Independent 2027-01-01 snapshot; four events at days 0, 2, 4, 6. Event estimates are not additive."
SC00149,Independent recovery experiment 00149,Four_event_stress,4,1.0,1.0,1.0,1.0,North,"Independent 2027-01-01 snapshot; four events at days 0, 2, 4, 6. Event estimates are not additive."
SC00150,Independent recovery experiment 00150,Four_event_stress,4,1.0,1.0,1.0,1.0,South,"Independent 2027-01-01 snapshot; four events at days 0, 2, 4, 6. Event estimates are not additive."
SC00151,Independent recovery experiment 00151,Four_event_stress,4,1.0,1.0,1.0,1.0,South,"Independent 2027-01-01 snapshot; four events at days 0, 2, 4, 6. Event estimates are not additive."
SC00152,Independent recovery experiment 00152,Four_event_stress,4,1.0,1.0,1.0,1.0,West,"Independent 2027-01-01 snapshot; four events at days 0, 2, 4, 6. Event estimates are not additive."
SC00153,Independent recovery experiment 00153,Four_event_stress,4,1.0,1.0,1.0,1.0,North,"Independent 2027-01-01 snapshot; four events at days 0, 2, 4, 6. Event estimates are not additive."
SC00154,Independent recovery experiment 00154,Four_event_stress,4,1.0,1.0,1.0,1.0,South,"Independent 2027-01-01 snapshot; four events at days 0, 2, 4, 6. Event estimates are not additive."
SC00155,Independent recovery experiment 00155,Four_event_stress,4,1.0,1.0,1.0,1.0,South,"Independent 2027-01-01 snapshot; four events at days 0, 2, 4, 6. Event estimates are not additive."
SC00156,Independent recovery experiment 00156,Four_event_stress,4,1.0,1.0,1.0,1.0,West,"Independent 2027-01-01 snapshot; four events at days 0, 2, 4, 6. Event estimates are not additive."
SC00157,Independent recovery experiment 00157,Four_event_stress,4,1.0,1.0,1.0,1.0,East,"Independent 2027-01-01 snapshot; four events at days 0, 2, 4, 6. Event estimates are not additive."
SC00158,Independent recovery experiment 00158,Four_event_stress,4,1.0,1.0,1.0,1.0,West,"Independent 2027-01-01 snapshot; four events at days 0, 2, 4, 6. Event estimates are not additive."
SC00159,Independent recovery experiment 00159,Four_event_stress,4,1.0,1.0,1.0,1.0,North,"Independent 2027-01-01 snapshot; four events at days 0, 2, 4, 6. Event estimates are not additive."
SC00160,Independent recovery experiment 00160,Four_event_stress,4,1.0,1.0,1.0,1.0,South,"Independent 2027-01-01 snapshot; four events at days 0, 2, 4, 6. Event estimates are not additive."
SC00161,Independent recovery experiment 00161,Four_event_stress,4,1.0,1.0,1.0,1.0,South,"Independent 2027-01-01 snapshot; four events at days 0, 2, 4, 6. Event estimates are not additive."
SC00162,Independent recovery experiment 00162,Four_event_stress,4,1.0,1.0,1.0,1.0,West,"Independent 2027-01-01 snapshot; four events at days 0, 2, 4, 6. Event estimates are not additive."
SC00163,Independent recovery experiment 00163,Four_event_stress,4,1.0,1.0,1.0,1.0,North,"Independent 2027-01-01 snapshot; four events at days 0, 2, 4, 6. Event estimates are not additive."
SC00164,Independent recovery experiment 00164,Four_event_stress,4,1.0,1.0,1.0,1.0,South,"Independent 2027-01-01 snapshot; four events at days 0, 2, 4, 6. Event estimates are not additive."
SC00165,Independent recovery experiment 00165,Four_event_stress,4,1.0,1.0,1.0,1.0,South,"Independent 2027-01-01 snapshot; four events at days 0, 2, 4, 6. Event estimates are not additive."
SC00166,Independent recovery experiment 00166,Four_event_stress,4,1.0,1.0,1.0,1.0,West,"Independent 2027-01-01 snapshot; four events at days 0, 2, 4, 6. Event estimates are not additive."
SC00167,Independent recovery experiment 00167,Four_event_stress,4,1.0,1.0,1.0,1.0,East,"Independent 2027-01-01 snapshot; four events at days 0, 2, 4, 6. Event estimates are not additive."
SC00168,Independent recovery experiment 00168,Four_event_stress,4,1.0,1.0,1.0,1.0,West,"Independent 2027-01-01 snapshot; four events at days 0, 2, 4, 6. Event estimates are not additive."
SC00169,Independent recovery experiment 00169,Four_event_stress,4,1.0,1.0,1.0,1.0,North,"Independent 2027-01-01 snapshot; four events at days 0, 2, 4, 6. Event estimates are not additive."
SC00170,Independent recovery experiment 00170,Four_event_stress,4,1.0,1.0,1.0,1.0,South,"Independent 2027-01-01 snapshot; four events at days 0, 2, 4, 6. Event estimates are not additive."
SC00171,Independent recovery experiment 00171,Four_event_stress,4,1.0,1.0,1.0,1.0,South,"Independent 2027-01-01 snapshot; four events at days 0, 2, 4, 6. Event estimates are not additive."
SC00172,Independent recovery experiment 00172,Four_event_stress,4,1.0,1.0,1.0,1.0,West,"Independent 2027-01-01 snapshot; four events at days 0, 2, 4, 6. Event estimates are not additive."
SC00173,Independent recovery experiment 00173,Four_event_stress,4,1.0,1.0,1.0,1.0,North,"Independent 2027-01-01 snapshot; four events at days 0, 2, 4, 6. Event estimates are not additive."
SC00174,Independent recovery experiment 00174,Four_event_stress,4,1.0,1.0,1.0,1.0,South,"Independent 2027-01-01 snapshot; four events at days 0, 2, 4, 6. Event estimates are not additive."
SC00175,Independent recovery experiment 00175,Four_event_stress,4,1.0,1.0,1.0,1.0,South,"Independent 2027-01-01 snapshot; four events at days 0, 2, 4, 6. Event estimates are not additive."
SC00176,Independent recovery experiment 00176,Four_event_stress,4,1.0,1.0,1.0,1.0,West,"Independent 2027-01-01 snapshot; four events at days 0, 2, 4, 6. Event estimates are not additive."
SC00177,Independent recovery experiment 00177,Four_event_stress,4,1.0,1.0,1.0,1.0,East,"Independent 2027-01-01 snapshot; four events at days 0, 2, 4, 6. Event estimates are not additive."
SC00178,Independent recovery experiment 00178,Four_event_stress,4,1.0,1.0,1.0,1.0,West,"Independent 2027-01-01 snapshot; four events at days 0, 2, 4, 6. Event estimates are not additive."
SC00179,Independent recovery experiment 00179,Four_event_stress,4,1.0,1.0,1.0,1.0,North,"Independent 2027-01-01 snapshot; four events at days 0, 2, 4, 6. Event estimates are not additive."
SC00180,Independent recovery experiment 00180,Four_event_stress,4,1.0,1.0,1.0,1.0,South,"Independent 2027-01-01 snapshot; four events at days 0, 2, 4, 6. Event estimates are not additive."
SC00181,Independent recovery experiment 00181,Four_event_stress,4,1.0,1.0,1.0,1.0,South,"Independent 2027-01-01 snapshot; four events at days 0, 2, 4, 6. Event estimates are not additive."
SC00182,Independent recovery experiment 00182,Four_event_stress,4,1.0,1.0,1.0,1.0,West,"Independent 2027-01-01 snapshot; four events at days 0, 2, 4, 6. Event estimates are not additive."
SC00183,Independent recovery experiment 00183,Four_event_stress,4,1.0,1.0,1.0,1.0,North,"Independent 2027-01-01 snapshot; four events at days 0, 2, 4, 6. Event estimates are not additive."
SC00184,Independent recovery experiment 00184,Four_event_stress,4,1.0,1.0,1.0,1.0,South,"Independent 2027-01-01 snapshot; four events at days 0, 2, 4, 6. Event estimates are not additive."
SC00185,Independent recovery experiment 00185,Four_event_stress,4,1.0,1.0,1.0,1.0,South,"Independent 2027-01-01 snapshot; four events at days 0, 2, 4, 6. Event estimates are not additive."
SC00186,Independent recovery experiment 00186,Four_event_stress,4,1.0,1.0,1.0,1.0,West,"Independent 2027-01-01 snapshot; four events at days 0, 2, 4, 6. Event estimates are not additive."
SC00187,Independent recovery experiment 00187,Four_event_stress,4,1.0,1.0,1.0,1.0,East,"Independent 2027-01-01 snapshot; four events at days 0, 2, 4, 6. Event estimates are not additive."
SC00188,Independent recovery experiment 00188,Four_event_stress,4,1.0,1.0,1.0,1.0,West,"Independent 2027-01-01 snapshot; four events at days 0, 2, 4, 6. Event estimates are not additive."
SC00189,Independent recovery experiment 00189,Four_event_stress,4,1.0,1.0,1.0,1.0,North,"Independent 2027-01-01 snapshot; four events at days 0, 2, 4, 6. Event estimates are not additive."
SC00190,Independent recovery experiment 00190,Four_event_stress,4,1.0,1.0,1.0,1.0,South,"Independent 2027-01-01 snapshot; four events at days 0, 2, 4, 6. Event estimates are not additive."
SC00191,Independent recovery experiment 00191,Four_event_stress,4,1.0,1.0,1.0,1.0,South,"Independent 2027-01-01 snapshot; four events at days 0, 2, 4, 6. Event estimates are not additive."
SC00192,Independent recovery experiment 00192,Four_event_stress,4,1.0,1.0,1.0,1.0,West,"Independent 2027-01-01 snapshot; four events at days 0, 2, 4, 6. Event estimates are not additive."
SC00193,Independent recovery experiment 00193,Four_event_stress,4,1.0,1.0,1.0,1.0,North,"Independent 2027-01-01 snapshot; four events at days 0, 2, 4, 6. Event estimates are not additive."
SC00194,Independent recovery experiment 00194,Four_event_stress,4,1.0,1.0,1.0,1.0,South,"Independent 2027-01-01 snapshot; four events at days 0, 2, 4, 6. Event estimates are not additive."
SC00195,Independent recovery experiment 00195,Four_event_stress,4,1.0,1.0,1.0,1.0,South,"Independent 2027-01-01 snapshot; four events at days 0, 2, 4, 6. Event estimates are not additive."
SC00196,Independent recovery experiment 00196,Four_event_stress,4,1.0,1.0,1.0,1.0,West,"Independent 2027-01-01 snapshot; four events at days 0, 2, 4, 6. Event estimates are not additive."
SC00197,Independent recovery experiment 00197,Four_event_stress,4,1.0,1.0,1.0,1.0,East,"Independent 2027-01-01 snapshot; four events at days 0, 2, 4, 6. Event estimates are not additive."
SC00198,Independent recovery experiment 00198,Four_event_stress,4,1.0,1.0,1.0,1.0,West,"Independent 2027-01-01 snapshot; four events at days 0, 2, 4, 6. Event estimates are not additive."
SC00199,Independent recovery experiment 00199,Four_event_stress,4,1.0,1.0,1.0,1.0,North,"Independent 2027-01-01 snapshot; four events at days 0, 2, 4, 6. Event estimates are not additive."
SC00200,Independent recovery experiment 00200,Four_event_stress,4,1.0,1.0,1.0,1.0,South,"Independent 2027-01-01 snapshot; four events at days 0, 2, 4, 6. Event estimates are not additive."
SC00201,Independent recovery experiment 00201,Four_event_stress,4,1.0,1.0,1.0,1.0,South,"Independent 2027-01-01 snapshot; four events at days 0, 2, 4, 6. Event estimates are not additive."
SC00202,Independent recovery experiment 00202,Four_event_stress,4,1.0,1.0,1.0,1.0,West,"Independent 2027-01-01 snapshot; four events at days 0, 2, 4, 6. Event estimates are not additive."
SC00203,Independent recovery experiment 00203,Four_event_stress,4,1.0,1.0,1.0,1.0,North,"Independent 2027-01-01 snapshot; four events at days 0, 2, 4, 6. Event estimates are not additive."
SC00204,Independent recovery experiment 00204,Four_event_stress,4,1.0,1.0,1.0,1.0,South,"Independent 2027-01-01 snapshot; four events at days 0, 2, 4, 6. Event estimates are not additive."
SC00205,Independent recovery experiment 00205,Four_event_stress,4,1.0,1.0,1.0,1.0,South,"Independent 2027-01-01 snapshot; four events at days 0, 2, 4, 6. Event estimates are not additive."
SC00206,Independent recovery experiment 00206,Four_event_stress,4,1.0,1.0,1.0,1.0,West,"Independent 2027-01-01 snapshot; four events at days 0, 2, 4, 6. Event estimates are not additive."
SC00207,Independent recovery experiment 00207,Four_event_stress,4,1.0,1.0,1.0,1.0,East,"Independent 2027-01-01 snapshot; four events at days 0, 2, 4, 6. Event estimates are not additive."
SC00208,Independent recovery experiment 00208,Four_event_stress,4,1.0,1.0,1.0,1.0,West,"Independent 2027-01-01 snapshot; four events at days 0, 2, 4, 6. Event estimates are not additive."
SC00209,Independent recovery experiment 00209,Four_event_stress,4,1.0,1.0,1.0,1.0,North,"Independent 2027-01-01 snapshot; four events at days 0, 2, 4, 6. Event estimates are not additive."
SC00210,Independent recovery experiment 00210,Four_event_stress,4,1.0,1.0,1.0,1.0,South,"Independent 2027-01-01 snapshot; four events at days 0, 2, 4, 6. Event estimates are not additive."
SC00211,Independent recovery experiment 00211,Four_event_stress,4,1.0,1.0,1.0,1.0,South,"Independent 2027-01-01 snapshot; four events at days 0, 2, 4, 6. Event estimates are not additive."
SC00212,Independent recovery experiment 00212,Four_event_stress,4,1.0,1.0,1.0,1.0,West,"Independent 2027-01-01 snapshot; four events at days 0, 2, 4, 6. Event estimates are not additive."
SC00213,Independent recovery experiment 00213,Four_event_stress,4,1.0,1.0,1.0,1.0,North,"Independent 2027-01-01 snapshot; four events at days 0, 2, 4, 6. Event estimates are not additive."
SC00214,Independent recovery experiment 00214,Four_event_stress,4,1.0,1.0,1.0,1.0,South,"Independent 2027-01-01 snapshot; four events at days 0, 2, 4, 6. Event estimates are not additive."
SC00215,Independent recovery experiment 00215,Four_event_stress,4,1.0,1.0,1.0,1.0,South,"Independent 2027-01-01 snapshot; four events at days 0, 2, 4, 6. Event estimates are not additive."
SC00216,Independent recovery experiment 00216,Four_event_stress,4,1.0,1.0,1.0,1.0,West,"Independent 2027-01-01 snapshot; four events at days 0, 2, 4, 6. Event estimates are not additive."
SC00217,Independent recovery experiment 00217,Four_event_stress,4,1.0,1.0,1.0,1.0,East,"Independent 2027-01-01 snapshot; four events at days 0, 2, 4, 6. Event estimates are not additive."
SC00218,Independent recovery experiment 00218,Four_event_stress,4,1.0,1.0,1.0,1.0,West,"Independent 2027-01-01 snapshot; four events at days 0, 2, 4, 6. Event estimates are not additive."
SC00219,Independent recovery experiment 00219,Four_event_stress,4,1.0,1.0,1.0,1.0,North,"Independent 2027-01-01 snapshot; four events at days 0, 2, 4, 6. Event estimates are not additive."
SC00220,Independent recovery experiment 00220,Four_event_stress,4,1.0,1.0,1.0,1.0,South,"Independent 2027-01-01 snapshot; four events at days 0, 2, 4, 6. Event estimates are not additive."
SC00221,Independent recovery experiment 00221,Four_event_stress,4,1.0,1.0,1.0,1.0,South,"Independent 2027-01-01 snapshot; four events at days 0, 2, 4, 6. Event estimates are not additive."
SC00222,Independent recovery experiment 00222,Four_event_stress,4,1.0,1.0,1.0,1.0,West,"Independent 2027-01-01 snapshot; four events at days 0, 2, 4, 6. Event estimates are not additive."
SC00223,Independent recovery experiment 00223,Four_event_stress,4,1.0,1.0,1.0,1.0,North,"Independent 2027-01-01 snapshot; four events at days 0, 2, 4, 6. Event estimates are not additive."
SC00224,Independent recovery experiment 00224,Four_event_stress,4,1.0,1.0,1.0,1.0,South,"Independent 2027-01-01 snapshot; four events at days 0, 2, 4, 6. Event estimates are not additive."
SC00225,Independent recovery experiment 00225,Four_event_stress,4,1.0,1.0,1.0,1.0,South,"Independent 2027-01-01 snapshot; four events at days 0, 2, 4, 6. Event estimates are not additive."
SC00226,Independent recovery experiment 00226,Four_event_stress,4,1.0,1.0,1.0,1.0,West,"Independent 2027-01-01 snapshot; four events at days 0, 2, 4, 6. Event estimates are not additive."
SC00227,Independent recovery experiment 00227,Four_event_stress,4,1.0,1.0,1.0,1.0,East,"Independent 2027-01-01 snapshot; four events at days 0, 2, 4, 6. Event estimates are not additive."
SC00228,Independent recovery experiment 00228,Four_event_stress,4,1.0,1.0,1.0,1.0,West,"Independent 2027-01-01 snapshot; four events at days 0, 2, 4, 6. Event estimates are not additive."
SC00229,Independent recovery experiment 00229,Four_event_stress,4,1.0,1.0,1.0,1.0,North,"Independent 2027-01-01 snapshot; four events at days 0, 2, 4, 6. Event estimates are not additive."
SC00230,Independent recovery experiment 00230,Four_event_stress,4,1.0,1.0,1.0,1.0,South,"Independent 2027-01-01 snapshot; four events at days 0, 2, 4, 6. Event estimates are not additive."
SC00231,Independent recovery experiment 00231,Four_event_stress,4,1.0,1.0,1.0,1.0,South,"Independent 2027-01-01 snapshot; four events at days 0, 2, 4, 6. Event estimates are not additive."
SC00232,Independent recovery experiment 00232,Four_event_stress,4,1.0,1.0,1.0,1.0,West,"Independent 2027-01-01 snapshot; four events at days 0, 2, 4, 6. Event estimates are not additive."
SC00233,Independent recovery experiment 00233,Four_event_stress,4,1.0,1.0,1.0,1.0,North,"Independent 2027-01-01 snapshot; four events at days 0, 2, 4, 6. Event estimates are not additive."
SC00234,Independent recovery experiment 00234,Four_event_stress,4,1.0,1.0,1.0,1.0,South,"Independent 2027-01-01 snapshot; four events at days 0, 2, 4, 6. Event estimates are not additive."
SC00235,Independent recovery experiment 00235,Four_event_stress,4,1.0,1.0,1.0,1.0,South,"Independent 2027-01-01 snapshot; four events at days 0, 2, 4, 6. Event estimates are not additive."
SC00236,Independent recovery experiment 00236,Four_event_stress,4,1.0,1.0,1.0,1.0,West,"Independent 2027-01-01 snapshot; four events at days 0, 2, 4, 6. Event estimates are not additive."
SC00237,Independent recovery experiment 00237,Four_event_stress,4,1.0,1.0,1.0,1.0,East,"Independent 2027-01-01 snapshot; four events at days 0, 2, 4, 6. Event estimates are not additive."
SC00238,Independent recovery experiment 00238,Four_event_stress,4,1.0,1.0,1.0,1.0,West,"Independent 2027-01-01 snapshot; four events at days 0, 2, 4, 6. Event estimates are not additive."
SC00239,Independent recovery experiment 00239,Four_event_stress,4,1.0,1.0,1.0,1.0,North,"Independent 2027-01-01 snapshot; four events at days 0, 2, 4, 6. Event estimates are not additive."
SC00240,Independent recovery experiment 00240,Four_event_stress,4,1.0,1.0,1.0,1.0,South,"Independent 2027-01-01 snapshot; four events at days 0, 2, 4, 6. Event estimates are not additive."
SC00241,Independent recovery experiment 00241,Four_event_stress,4,1.0,1.0,1.0,1.0,South,"Independent 2027-01-01 snapshot; four events at days 0, 2, 4, 6. Event estimates are not additive."
SC00242,Independent recovery experiment 00242,Four_event_stress,4,1.0,1.0,1.0,1.0,West,"Independent 2027-01-01 snapshot; four events at days 0, 2, 4, 6. Event estimates are not additive."
SC00243,Independent recovery experiment 00243,Four_event_stress,4,1.0,1.0,1.0,1.0,North,"Independent 2027-01-01 snapshot; four events at days 0, 2, 4, 6. Event estimates are not additive."
SC00244,Independent recovery experiment 00244,Four_event_stress,4,1.0,1.0,1.0,1.0,South,"Independent 2027-01-01 snapshot; four events at days 0, 2, 4, 6. Event estimates are not additive."
SC00245,Independent recovery experiment 00245,Four_event_stress,4,1.0,1.0,1.0,1.0,South,"Independent 2027-01-01 snapshot; four events at days 0, 2, 4, 6. Event estimates are not additive."
SC00246,Independent recovery experiment 00246,Four_event_stress,4,1.0,1.0,1.0,1.0,West,"Independent 2027-01-01 snapshot; four events at days 0, 2, 4, 6. Event estimates are not additive."
SC00247,Independent recovery experiment 00247,Four_event_stress,4,1.0,1.0,1.0,1.0,East,"Independent 2027-01-01 snapshot; four events at days 0, 2, 4, 6. Event estimates are not additive."
SC00248,Independent recovery experiment 00248,Four_event_stress,4,1.0,1.0,1.0,1.0,West,"Independent 2027-01-01 snapshot; four events at days 0, 2, 4, 6. Event estimates are not additive."
SC00249,Independent recovery experiment 00249,Four_event_stress,4,1.0,1.0,1.0,1.0,North,"Independent 2027-01-01 snapshot; four events at days 0, 2, 4, 6. Event estimates are not additive."
SC00250,Independent recovery experiment 00250,Four_event_stress,4,1.0,1.0,1.0,1.0,South,"Independent 2027-01-01 snapshot; four events at days 0, 2, 4, 6. Event estimates are not additive."
SC00251,Independent recovery experiment 00251,Four_event_stress,4,1.0,1.0,1.0,1.0,South,"Independent 2027-01-01 snapshot; four events at days 0, 2, 4, 6. Event estimates are not additive."
SC00252,Independent recovery experiment 00252,Four_event_stress,4,1.0,1.0,1.0,1.0,West,"Independent 2027-01-01 snapshot; four events at days 0, 2, 4, 6. Event estimates are not additive."
SC00253,Independent recovery experiment 00253,Four_event_stress,4,1.0,1.0,1.0,1.0,North,"Independent 2027-01-01 snapshot; four events at days 0, 2, 4, 6. Event estimates are not additive."
SC00254,Independent recovery experiment 00254,Four_event_stress,4,1.0,1.0,1.0,1.0,South,"Independent 2027-01-01 snapshot; four events at days 0, 2, 4, 6. Event estimates are not additive."
SC00255,Independent recovery experiment 00255,Four_event_stress,4,1.0,1.0,1.0,1.0,South,"Independent 2027-01-01 snapshot; four events at days 0, 2, 4, 6. Event estimates are not additive."
SC00256,Independent recovery experiment 00256,Four_event_stress,4,1.0,1.0,1.0,1.0,West,"Independent 2027-01-01 snapshot; four events at days 0, 2, 4, 6. Event estimates are not additive."
SC00257,Independent recovery experiment 00257,Four_event_stress,4,1.0,1.0,1.0,1.0,East,"Independent 2027-01-01 snapshot; four events at days 0, 2, 4, 6. Event estimates are not additive."
SC00258,Independent recovery experiment 00258,Four_event_stress,4,1.0,1.0,1.0,1.0,West,"Independent 2027-01-01 snapshot; four events at days 0, 2, 4, 6. Event estimates are not additive."
SC00259,Independent recovery experiment 00259,Four_event_stress,4,1.0,1.0,1.0,1.0,North,"Independent 2027-01-01 snapshot; four events at days 0, 2, 4, 6. Event estimates are not additive."
SC00260,Independent recovery experiment 00260,Four_event_stress,4,1.0,1.0,1.0,1.0,South,"Independent 2027-01-01 snapshot; four events at days 0, 2, 4, 6. Event estimates are not additive."
SC00261,Independent recovery experiment 00261,Four_event_stress,4,1.0,1.0,1.0,1.0,South,"Independent 2027-01-01 snapshot; four events at days 0, 2, 4, 6. Event estimates are not additive."
SC00262,Independent recovery experiment 00262,Four_event_stress,4,1.0,1.0,1.0,1.0,West,"Independent 2027-01-01 snapshot; four events at days 0, 2, 4, 6. Event estimates are not additive."
SC00263,Independent recovery experiment 00263,Four_event_stress,4,1.0,1.0,1.0,1.0,North,"Independent 2027-01-01 snapshot; four events at days 0, 2, 4, 6. Event estimates are not additive."
SC00264,Independent recovery experiment 00264,Four_event_stress,4,1.0,1.0,1.0,1.0,South,"Independent 2027-01-01 snapshot; four events at days 0, 2, 4, 6. Event estimates are not additive."
SC00265,Independent recovery experiment 00265,Four_event_stress,4,1.0,1.0,1.0,1.0,South,"Independent 2027-01-01 snapshot; four events at days 0, 2, 4, 6. Event estimates are not additive."
SC00266,Independent recovery experiment 00266,Four_event_stress,4,1.0,1.0,1.0,1.0,West,"Independent 2027-01-01 snapshot; four events at days 0, 2, 4, 6. Event estimates are not additive."
SC00267,Independent recovery experiment 00267,Four_event_stress,4,1.0,1.0,1.0,1.0,East,"Independent 2027-01-01 snapshot; four events at days 0, 2, 4, 6. Event estimates are not additive."
SC00268,Independent recovery experiment 00268,Four_event_stress,4,1.0,1.0,1.0,1.0,West,"Independent 2027-01-01 snapshot; four events at days 0, 2, 4, 6. Event estimates are not additive."
SC00269,Independent recovery experiment 00269,Four_event_stress,4,1.0,1.0,1.0,1.0,North,"Independent 2027-01-01 snapshot; four events at days 0, 2, 4, 6. Event estimates are not additive."
SC00270,Independent recovery experiment 00270,Four_event_stress,4,1.0,1.0,1.0,1.0,South,"Independent 2027-01-01 snapshot; four events at days 0, 2, 4, 6. Event estimates are not additive."
SC00271,Independent recovery experiment 00271,Four_event_stress,4,1.0,1.0,1.0,1.0,South,"Independent 2027-01-01 snapshot; four events at days 0, 2, 4, 6. Event estimates are not additive."
SC00272,Independent recovery experiment 00272,Four_event_stress,4,1.0,1.0,1.0,1.0,West,"Independent 2027-01-01 snapshot; four events at days 0, 2, 4, 6. Event estimates are not additive."
SC00273,Independent recovery experiment 00273,Four_event_stress,4,1.0,1.0,1.0,1.0,North,"Independent 2027-01-01 snapshot; four events at days 0, 2, 4, 6. Event estimates are not additive."
SC00274,Independent recovery experiment 00274,Four_event_stress,4,1.0,1.0,1.0,1.0,South,"Independent 2027-01-01 snapshot; four events at days 0, 2, 4, 6. Event estimates are not additive."
SC00275,Independent recovery experiment 00275,Four_event_stress,4,1.0,1.0,1.0,1.0,South,"Independent 2027-01-01 snapshot; four events at days 0, 2, 4, 6. Event estimates are not additive."
SC00276,Independent recovery experiment 00276,Four_event_stress,4,1.0,1.0,1.0,1.0,West,"Independent 2027-01-01 snapshot; four events at days 0, 2, 4, 6. Event estimates are not additive."
SC00277,Independent recovery experiment 00277,Four_event_stress,4,1.0,1.0,1.0,1.0,East,"Independent 2027-01-01 snapshot; four events at days 0, 2, 4, 6. Event estimates are not additive."
SC00278,Independent recovery experiment 00278,Four_event_stress,4,1.0,1.0,1.0,1.0,West,"Independent 2027-01-01 snapshot; four events at days 0, 2, 4, 6. Event estimates are not additive."
SC00279,Independent recovery experiment 00279,Four_event_stress,4,1.0,1.0,1.0,1.0,North,"Independent 2027-01-01 snapshot; four events at days 0, 2, 4, 6. Event estimates are not additive."
SC00280,Independent recovery experiment 00280,Four_event_stress,4,1.0,1.0,1.0,1.0,South,"Independent 2027-01-01 snapshot; four events at days 0, 2, 4, 6. Event estimates are not additive."
SC00281,Independent recovery experiment 00281,Four_event_stress,4,1.0,1.0,1.0,1.0,South,"Independent 2027-01-01 snapshot; four events at days 0, 2, 4, 6. Event estimates are not additive."
SC00282,Independent recovery experiment 00282,Four_event_stress,4,1.0,1.0,1.0,1.0,West,"Independent 2027-01-01 snapshot; four events at days 0, 2, 4, 6. Event estimates are not additive."
SC00283,Independent recovery experiment 00283,Four_event_stress,4,1.0,1.0,1.0,1.0,North,"Independent 2027-01-01 snapshot; four events at days 0, 2, 4, 6. Event estimates are not additive."
SC00284,Independent recovery experiment 00284,Four_event_stress,4,1.0,1.0,1.0,1.0,South,"Independent 2027-01-01 snapshot; four events at days 0, 2, 4, 6. Event estimates are not additive."
SC00285,Independent recovery experiment 00285,Four_event_stress,4,1.0,1.0,1.0,1.0,South,"Independent 2027-01-01 snapshot; four events at days 0, 2, 4, 6. Event estimates are not additive."
SC00286,Independent recovery experiment 00286,Four_event_stress,4,1.0,1.0,1.0,1.0,West,"Independent 2027-01-01 snapshot; four events at days 0, 2, 4, 6. Event estimates are not additive."
SC00287,Independent recovery experiment 00287,Four_event_stress,4,1.0,1.0,1.0,1.0,East,"Independent 2027-01-01 snapshot; four events at days 0, 2, 4, 6. Event estimates are not additive."
SC00288,Independent recovery experiment 00288,Four_event_stress,4,1.0,1.0,1.0,1.0,West,"Independent 2027-01-01 snapshot; four events at days 0, 2, 4, 6. Event estimates are not additive."
SC00289,Independent recovery experiment 00289,Four_event_stress,4,1.0,1.0,1.0,1.0,North,"Independent 2027-01-01 snapshot; four events at days 0, 2, 4, 6. Event estimates are not additive."
SC00290,Independent recovery experiment 00290,Four_event_stress,4,1.0,1.0,1.0,1.0,South,"Independent 2027-01-01 snapshot; four events at days 0, 2, 4, 6. Event estimates are not additive."
SC00291,Independent recovery experiment 00291,Four_event_stress,4,1.0,1.0,1.0,1.0,South,"Independent 2027-01-01 snapshot; four events at days 0, 2, 4, 6. Event estimates are not additive."
SC00292,Independent recovery experiment 00292,Four_event_stress,4,1.0,1.0,1.0,1.0,West,"Independent 2027-01-01 snapshot; four events at days 0, 2, 4, 6. Event estimates are not additive."
SC00293,Independent recovery experiment 00293,Four_event_stress,4,1.0,1.0,1.0,1.0,North,"Independent 2027-01-01 snapshot; four events at days 0, 2, 4, 6. Event estimates are not additive."
SC00294,Independent recovery experiment 00294,Four_event_stress,4,1.0,1.0,1.0,1.0,South,"Independent 2027-01-01 snapshot; four events at days 0, 2, 4, 6. Event estimates are not additive."
SC00295,Independent recovery experiment 00295,Four_event_stress,4,1.0,1.0,1.0,1.0,South,"Independent 2027-01-01 snapshot; four events at days 0, 2, 4, 6. Event estimates are not additive."
SC00296,Independent recovery experiment 00296,Four_event_stress,4,1.0,1.0,1.0,1.0,West,"Independent 2027-01-01 snapshot; four events at days 0, 2, 4, 6. Event estimates are not additive."
SC00297,Independent recovery experiment 00297,Four_event_stress,4,1.0,1.0,1.0,1.0,East,"Independent 2027-01-01 snapshot; four events at days 0, 2, 4, 6. Event estimates are not additive."
SC00298,Independent recovery experiment 00298,Four_event_stress,4,1.0,1.0,1.0,1.0,West,"Independent 2027-01-01 snapshot; four events at days 0, 2, 4, 6. Event estimates are not additive."
SC00299,Independent recovery experiment 00299,Four_event_stress,4,1.0,1.0,1.0,1.0,North,"Independent 2027-01-01 snapshot; four events at days 0, 2, 4, 6. Event estimates are not additive."
SC00300,Independent recovery experiment 00300,Four_event_stress,4,1.0,1.0,1.0,1.0,South,"Independent 2027-01-01 snapshot; four events at days 0, 2, 4, 6. Event estimates are not additive."
SC00301,Independent recovery experiment 00301,Four_event_stress,4,1.0,1.0,1.0,1.0,South,"Independent 2027-01-01 snapshot; four events at days 0, 2, 4, 6. Event estimates are not additive."
SC00302,Independent recovery experiment 00302,Four_event_stress,4,1.0,1.0,1.0,1.0,West,"Independent 2027-01-01 snapshot; four events at days 0, 2, 4, 6. Event estimates are not additive."
SC00303,Independent recovery experiment 00303,Four_event_stress,4,1.0,1.0,1.0,1.0,North,"Independent 2027-01-01 snapshot; four events at days 0, 2, 4, 6. Event estimates are not additive."
SC00304,Independent recovery experiment 00304,Four_event_stress,4,1.0,1.0,1.0,1.0,South,"Independent 2027-01-01 snapshot; four events at days 0, 2, 4, 6. Event estimates are not additive."
SC00305,Independent recovery experiment 00305,Four_event_stress,4,1.0,1.0,1.0,1.0,South,"Independent 2027-01-01 snapshot; four events at days 0, 2, 4, 6. Event estimates are not additive."
SC00306,Independent recovery experiment 00306,Four_event_stress,4,1.0,1.0,1.0,1.0,West,"Independent 2027-01-01 snapshot; four events at days 0, 2, 4, 6. Event estimates are not additive."
SC00307,Independent recovery experiment 00307,Four_event_stress,4,1.0,1.0,1.0,1.0,East,"Independent 2027-01-01 snapshot; four events at days 0, 2, 4, 6. Event estimates are not additive."
SC00308,Independent recovery experiment 00308,Four_event_stress,4,1.0,1.0,1.0,1.0,West,"Independent 2027-01-01 snapshot; four events at days 0, 2, 4, 6. Event estimates are not additive."
SC00309,Independent recovery experiment 00309,Four_event_stress,4,1.0,1.0,1.0,1.0,North,"Independent 2027-01-01 snapshot; four events at days 0, 2, 4, 6. Event estimates are not additive."
SC00310,Independent recovery experiment 00310,Four_event_stress,4,1.0,1.0,1.0,1.0,South,"Independent 2027-01-01 snapshot; four events at days 0, 2, 4, 6. Event estimates are not additive."
SC00311,Independent recovery experiment 00311,Four_event_stress,4,1.0,1.0,1.0,1.0,South,"Independent 2027-01-01 snapshot; four events at days 0, 2, 4, 6. Event estimates are not additive."
SC00312,Independent recovery experiment 00312,Four_event_stress,4,1.0,1.0,1.0,1.0,West,"Independent 2027-01-01 snapshot; four events at days 0, 2, 4, 6. Event estimates are not additive."
SC00313,Independent recovery experiment 00313,Four_event_stress,4,1.0,1.0,1.0,1.0,North,"Independent 2027-01-01 snapshot; four events at days 0, 2, 4, 6. Event estimates are not additive."
SC00314,Independent recovery experiment 00314,Four_event_stress,4,1.0,1.0,1.0,1.0,South,"Independent 2027-01-01 snapshot; four events at days 0, 2, 4, 6. Event estimates are not additive."
SC00315,Independent recovery experiment 00315,Four_event_stress,4,1.0,1.0,1.0,1.0,South,"Independent 2027-01-01 snapshot; four events at days 0, 2, 4, 6. Event estimates are not additive."
SC00316,Independent recovery experiment 00316,Four_event_stress,4,1.0,1.0,1.0,1.0,West,"Independent 2027-01-01 snapshot; four events at days 0, 2, 4, 6. Event estimates are not additive."
SC00317,Independent recovery experiment 00317,Four_event_stress,4,1.0,1.0,1.0,1.0,East,"Independent 2027-01-01 snapshot; four events at days 0, 2, 4, 6. Event estimates are not additive."
SC00318,Independent recovery experiment 00318,Four_event_stress,4,1.0,1.0,1.0,1.0,West,"Independent 2027-01-01 snapshot; four events at days 0, 2, 4, 6. Event estimates are not additive."
SC00319,Independent recovery experiment 00319,Four_event_stress,4,1.0,1.0,1.0,1.0,North,"Independent 2027-01-01 snapshot; four events at days 0, 2, 4, 6. Event estimates are not additive."
SC00320,Independent recovery experiment 00320,Four_event_stress,4,1.0,1.0,1.0,1.0,South,"Independent 2027-01-01 snapshot; four events at days 0, 2, 4, 6. Event estimates are not additive."
SC00321,Independent recovery experiment 00321,Four_event_stress,4,1.0,1.0,1.0,1.0,South,"Independent 2027-01-01 snapshot; four events at days 0, 2, 4, 6. Event estimates are not additive."
SC00322,Independent recovery experiment 00322,Four_event_stress,4,1.0,1.0,1.0,1.0,West,"Independent 2027-01-01 snapshot; four events at days 0, 2, 4, 6. Event estimates are not additive."
SC00323,Independent recovery experiment 00323,Four_event_stress,4,1.0,1.0,1.0,1.0,North,"Independent 2027-01-01 snapshot; four events at days 0, 2, 4, 6. Event estimates are not additive."
SC00324,Independent recovery experiment 00324,Four_event_stress,4,1.0,1.0,1.0,1.0,South,"Independent 2027-01-01 snapshot; four events at days 0, 2, 4, 6. Event estimates are not additive."
SC00325,Independent recovery experiment 00325,Four_event_stress,4,1.0,1.0,1.0,1.0,South,"Independent 2027-01-01 snapshot; four events at days 0, 2, 4, 6. Event estimates are not additive."
SC00326,Independent recovery experiment 00326,Four_event_stress,4,1.0,1.0,1.0,1.0,West,"Independent 2027-01-01 snapshot; four events at days 0, 2, 4, 6. Event estimates are not additive."
SC00327,Independent recovery experiment 00327,Four_event_stress,4,1.0,1.0,1.0,1.0,East,"Independent 2027-01-01 snapshot; four events at days 0, 2, 4, 6. Event estimates are not additive."
SC00328,Independent recovery experiment 00328,Four_event_stress,4,1.0,1.0,1.0,1.0,West,"Independent 2027-01-01 snapshot; four events at days 0, 2, 4, 6. Event estimates are not additive."
SC00329,Independent recovery experiment 00329,Four_event_stress,4,1.0,1.0,1.0,1.0,North,"Independent 2027-01-01 snapshot; four events at days 0, 2, 4, 6. Event estimates are not additive."
SC00330,Independent recovery experiment 00330,Four_event_stress,4,1.0,1.0,1.0,1.0,South,"Independent 2027-01-01 snapshot; four events at days 0, 2, 4, 6. Event estimates are not additive."
SC00331,Independent recovery experiment 00331,Four_event_stress,4,1.0,1.0,1.0,1.0,South,"Independent 2027-01-01 snapshot; four events at days 0, 2, 4, 6. Event estimates are not additive."
SC00332,Independent recovery experiment 00332,Four_event_stress,4,1.0,1.0,1.0,1.0,West,"Independent 2027-01-01 snapshot; four events at days 0, 2, 4, 6. Event estimates are not additive."
SC00333,Independent recovery experiment 00333,Four_event_stress,4,1.0,1.0,1.0,1.0,North,"Independent 2027-01-01 snapshot; four events at days 0, 2, 4, 6. Event estimates are not additive."
SC00334,Independent recovery experiment 00334,Four_event_stress,4,1.0,1.0,1.0,1.0,South,"Independent 2027-01-01 snapshot; four events at days 0, 2, 4, 6. Event estimates are not additive."
SC00335,Independent recovery experiment 00335,Four_event_stress,4,1.0,1.0,1.0,1.0,South,"Independent 2027-01-01 snapshot; four events at days 0, 2, 4, 6. Event estimates are not additive."
SC00336,Independent recovery experiment 00336,Four_event_stress,4,1.0,1.0,1.0,1.0,West,"Independent 2027-01-01 snapshot; four events at days 0, 2, 4, 6. Event estimates are not additive."
SC00337,Independent recovery experiment 00337,Four_event_stress,4,1.0,1.0,1.0,1.0,East,"Independent 2027-01-01 snapshot; four events at days 0, 2, 4, 6. Event estimates are not additive."
SC00338,Independent recovery experiment 00338,Four_event_stress,4,1.0,1.0,1.0,1.0,West,"Independent 2027-01-01 snapshot; four events at days 0, 2, 4, 6. Event estimates are not additive."
SC00339,Independent recovery experiment 00339,Four_event_stress,4,1.0,1.0,1.0,1.0,North,"Independent 2027-01-01 snapshot; four events at days 0, 2, 4, 6. Event estimates are not additive."
SC00340,Independent recovery experiment 00340,Four_event_stress,4,1.0,1.0,1.0,1.0,South,"Independent 2027-01-01 snapshot; four events at days 0, 2, 4, 6. Event estimates are not additive."
SC00341,Independent recovery experiment 00341,Four_event_stress,4,1.0,1.0,1.0,1.0,South,"Independent 2027-01-01 snapshot; four events at days 0, 2, 4, 6. Event estimates are not additive."
SC00342,Independent recovery experiment 00342,Four_event_stress,4,1.0,1.0,1.0,1.0,West,"Independent 2027-01-01 snapshot; four events at days 0, 2, 4, 6. Event estimates are not additive."
SC00343,Independent recovery experiment 00343,Four_event_stress,4,1.0,1.0,1.0,1.0,North,"Independent 2027-01-01 snapshot; four events at days 0, 2, 4, 6. Event estimates are not additive."
SC00344,Independent recovery experiment 00344,Four_event_stress,4,1.0,1.0,1.0,1.0,South,"Independent 2027-01-01 snapshot; four events at days 0, 2, 4, 6. Event estimates are not additive."
SC00345,Independent recovery experiment 00345,Four_event_stress,4,1.0,1.0,1.0,1.0,South,"Independent 2027-01-01 snapshot; four events at days 0, 2, 4, 6. Event estimates are not additive."
SC00346,Independent recovery experiment 00346,Four_event_stress,4,1.0,1.0,1.0,1.0,West,"Independent 2027-01-01 snapshot; four events at days 0, 2, 4, 6. Event estimates are not additive."
SC00347,Independent recovery experiment 00347,Four_event_stress,4,1.0,1.0,1.0,1.0,East,"Independent 2027-01-01 snapshot; four events at days 0, 2, 4, 6. Event estimates are not additive."
SC00348,Independent recovery experiment 00348,Four_event_stress,4,1.0,1.0,1.0,1.0,West,"Independent 2027-01-01 snapshot; four events at days 0, 2, 4, 6. Event estimates are not additive."
SC00349,Independent recovery experiment 00349,Four_event_stress,4,1.0,1.0,1.0,1.0,North,"Independent 2027-01-01 snapshot; four events at days 0, 2, 4, 6. Event estimates are not additive."
SC00350,Independent recovery experiment 00350,Four_event_stress,4,1.0,1.0,1.0,1.0,South,"Independent 2027-01-01 snapshot; four events at days 0, 2, 4, 6. Event estimates are not additive."
SC00351,Independent recovery experiment 00351,Four_event_stress,4,1.0,1.0,1.0,1.0,South,"Independent 2027-01-01 snapshot; four events at days 0, 2, 4, 6. Event estimates are not additive."
SC00352,Independent recovery experiment 00352,Four_event_stress,4,1.0,1.0,1.0,1.0,West,"Independent 2027-01-01 snapshot; four events at days 0, 2, 4, 6. Event estimates are not additive."
SC00353,Independent recovery experiment 00353,Four_event_stress,4,1.0,1.0,1.0,1.0,North,"Independent 2027-01-01 snapshot; four events at days 0, 2, 4, 6. Event estimates are not additive."
SC00354,Independent recovery experiment 00354,Four_event_stress,4,1.0,1.0,1.0,1.0,South,"Independent 2027-01-01 snapshot; four events at days 0, 2, 4, 6. Event estimates are not additive."
SC00355,Independent recovery experiment 00355,Four_event_stress,4,1.0,1.0,1.0,1.0,South,"Independent 2027-01-01 snapshot; four events at days 0, 2, 4, 6. Event estimates are not additive."
SC00356,Independent recovery experiment 00356,Four_event_stress,4,1.0,1.0,1.0,1.0,West,"Independent 2027-01-01 snapshot; four events at days 0, 2, 4, 6. Event estimates are not additive."
SC00357,Independent recovery experiment 00357,Four_event_stress,4,1.0,1.0,1.0,1.0,East,"Independent 2027-01-01 snapshot; four events at days 0, 2, 4, 6. Event estimates are not additive."
SC00358,Independent recovery experiment 00358,Four_event_stress,4,1.0,1.0,1.0,1.0,West,"Independent 2027-01-01 snapshot; four events at days 0, 2, 4, 6. Event estimates are not additive."
SC00359,Independent recovery experiment 00359,Four_event_stress,4,1.0,1.0,1.0,1.0,North,"Independent 2027-01-01 snapshot; four events at days 0, 2, 4, 6. Event estimates are not additive."
SC00360,Independent recovery experiment 00360,Four_event_stress,4,1.0,1.0,1.0,1.0,South,"Independent 2027-01-01 snapshot; four events at days 0, 2, 4, 6. Event estimates are not additive."
SC00361,Independent recovery experiment 00361,Four_event_stress,4,1.0,1.0,1.0,1.0,South,"Independent 2027-01-01 snapshot; four events at days 0, 2, 4, 6. Event estimates are not additive."
SC00362,Independent recovery experiment 00362,Four_event_stress,4,1.0,1.0,1.0,1.0,West,"Independent 2027-01-01 snapshot; four events at days 0, 2, 4, 6. Event estimates are not additive."
SC00363,Independent recovery experiment 00363,Four_event_stress,4,1.0,1.0,1.0,1.0,North,"Independent 2027-01-01 snapshot; four events at days 0, 2, 4, 6. Event estimates are not additive."
SC00364,Independent recovery experiment 00364,Four_event_stress,4,1.0,1.0,1.0,1.0,South,"Independent 2027-01-01 snapshot; four events at days 0, 2, 4, 6. Event estimates are not additive."
SC00365,Independent recovery experiment 00365,Four_event_stress,4,1.0,1.0,1.0,1.0,South,"Independent 2027-01-01 snapshot; four events at days 0, 2, 4, 6. Event estimates are not additive."
SC00366,Independent recovery experiment 00366,Four_event_stress,4,1.0,1.0,1.0,1.0,West,"Independent 2027-01-01 snapshot; four events at days 0, 2, 4, 6. Event estimates are not additive."
SC00367,Independent recovery experiment 00367,Four_event_stress,4,1.0,1.0,1.0,1.0,East,"Independent 2027-01-01 snapshot; four events at days 0, 2, 4, 6. Event estimates are not additive."
SC00368,Independent recovery experiment 00368,Four_event_stress,4,1.0,1.0,1.0,1.0,West,"Independent 2027-01-01 snapshot; four events at days 0, 2, 4, 6. Event estimates are not additive."
SC00369,Independent recovery experiment 00369,Four_event_stress,4,1.0,1.0,1.0,1.0,North,"Independent 2027-01-01 snapshot; four events at days 0, 2, 4, 6. Event estimates are not additive."
SC00370,Independent recovery experiment 00370,Four_event_stress,4,1.0,1.0,1.0,1.0,South,"Independent 2027-01-01 snapshot; four events at days 0, 2, 4, 6. Event estimates are not additive."
SC00371,Independent recovery experiment 00371,Four_event_stress,4,1.0,1.0,1.0,1.0,South,"Independent 2027-01-01 snapshot; four events at days 0, 2, 4, 6. Event estimates are not additive."
SC00372,Independent recovery experiment 00372,Four_event_stress,4,1.0,1.0,1.0,1.0,West,"Independent 2027-01-01 snapshot; four events at days 0, 2, 4, 6. Event estimates are not additive."
SC00373,Independent recovery experiment 00373,Four_event_stress,4,1.0,1.0,1.0,1.0,North,"Independent 2027-01-01 snapshot; four events at days 0, 2, 4, 6. Event estimates are not additive."
SC00374,Independent recovery experiment 00374,Four_event_stress,4,1.0,1.0,1.0,1.0,South,"Independent 2027-01-01 snapshot; four events at days 0, 2, 4, 6. Event estimates are not additive."
SC00375,Independent recovery experiment 00375,Four_event_stress,4,1.0,1.0,1.0,1.0,South,"Independent 2027-01-01 snapshot; four events at days 0, 2, 4, 6. Event estimates are not additive."
SC00376,Independent recovery experiment 00376,Four_event_stress,4,1.0,1.0,1.0,1.0,West,"Independent 2027-01-01 snapshot; four events at days 0, 2, 4, 6. Event estimates are not additive."
SC00377,Independent recovery experiment 00377,Four_event_stress,4,1.0,1.0,1.0,1.0,East,"Independent 2027-01-01 snapshot; four events at days 0, 2, 4, 6. Event estimates are not additive."
SC00378,Independent recovery experiment 00378,Four_event_stress,4,1.0,1.0,1.0,1.0,West,"Independent 2027-01-01 snapshot; four events at days 0, 2, 4, 6. Event estimates are not additive."
SC00379,Independent recovery experiment 00379,Four_event_stress,4,1.0,1.0,1.0,1.0,North,"Independent 2027-01-01 snapshot; four events at days 0, 2, 4, 6. Event estimates are not additive."
SC00380,Independent recovery experiment 00380,Four_event_stress,4,1.0,1.0,1.0,1.0,South,"Independent 2027-01-01 snapshot; four events at days 0, 2, 4, 6. Event estimates are not additive."
SC00381,Independent recovery experiment 00381,Four_event_stress,4,1.0,1.0,1.0,1.0,South,"Independent 2027-01-01 snapshot; four events at days 0, 2, 4, 6. Event estimates are not additive."
SC00382,Independent recovery experiment 00382,Four_event_stress,4,1.0,1.0,1.0,1.0,West,"Independent 2027-01-01 snapshot; four events at days 0, 2, 4, 6. Event estimates are not additive."
SC00383,Independent recovery experiment 00383,Four_event_stress,4,1.0,1.0,1.0,1.0,North,"Independent 2027-01-01 snapshot; four events at days 0, 2, 4, 6. Event estimates are not additive."
SC00384,Independent recovery experiment 00384,Four_event_stress,4,1.0,1.0,1.0,1.0,South,"Independent 2027-01-01 snapshot; four events at days 0, 2, 4, 6. Event estimates are not additive."
SC00385,Independent recovery experiment 00385,Four_event_stress,4,1.0,1.0,1.0,1.0,South,"Independent 2027-01-01 snapshot; four events at days 0, 2, 4, 6. Event estimates are not additive."
SC00386,Independent recovery experiment 00386,Four_event_stress,4,1.0,1.0,1.0,1.0,West,"Independent 2027-01-01 snapshot; four events at days 0, 2, 4, 6. Event estimates are not additive."
SC00387,Independent recovery experiment 00387,Four_event_stress,4,1.0,1.0,1.0,1.0,East,"Independent 2027-01-01 snapshot; four events at days 0, 2, 4, 6. Event estimates are not additive."
SC00388,Independent recovery experiment 00388,Four_event_stress,4,1.0,1.0,1.0,1.0,West,"Independent 2027-01-01 snapshot; four events at days 0, 2, 4, 6. Event estimates are not additive."
SC00389,Independent recovery experiment 00389,Four_event_stress,4,1.0,1.0,1.0,1.0,North,"Independent 2027-01-01 snapshot; four events at days 0, 2, 4, 6. Event estimates are not additive."
SC00390,Independent recovery experiment 00390,Four_event_stress,4,1.0,1.0,1.0,1.0,South,"Independent 2027-01-01 snapshot; four events at days 0, 2, 4, 6. Event estimates are not additive."
SC00391,Independent recovery experiment 00391,Four_event_stress,4,1.0,1.0,1.0,1.0,South,"Independent 2027-01-01 snapshot; four events at days 0, 2, 4, 6. Event estimates are not additive."
SC00392,Independent recovery experiment 00392,Four_event_stress,4,1.0,1.0,1.0,1.0,West,"Independent 2027-01-01 snapshot; four events at days 0, 2, 4, 6. Event estimates are not additive."
SC00393,Independent recovery experiment 00393,Four_event_stress,4,1.0,1.0,1.0,1.0,North,"Independent 2027-01-01 snapshot; four events at days 0, 2, 4, 6. Event estimates are not additive."
SC00394,Independent recovery experiment 00394,Four_event_stress,4,1.0,1.0,1.0,1.0,South,"Independent 2027-01-01 snapshot; four events at days 0, 2, 4, 6. Event estimates are not additive."
SC00395,Independent recovery experiment 00395,Four_event_stress,4,1.0,1.0,1.0,1.0,South,"Independent 2027-01-01 snapshot; four events at days 0, 2, 4, 6. Event estimates are not additive."
SC00396,Independent recovery experiment 00396,Four_event_stress,4,1.0,1.0,1.0,1.0,West,"Independent 2027-01-01 snapshot; four events at days 0, 2, 4, 6. Event estimates are not additive."
SC00397,Independent recovery experiment 00397,Four_event_stress,4,1.0,1.0,1.0,1.0,East,"Independent 2027-01-01 snapshot; four events at days 0, 2, 4, 6. Event estimates are not additive."
SC00398,Independent recovery experiment 00398,Four_event_stress,4,1.0,1.0,1.0,1.0,West,"Independent 2027-01-01 snapshot; four events at days 0, 2, 4, 6. Event estimates are not additive."
SC00399,Independent recovery experiment 00399,Four_event_stress,4,1.0,1.0,1.0,1.0,North,"Independent 2027-01-01 snapshot; four events at days 0, 2, 4, 6. Event estimates are not additive."
SC00400,Independent recovery experiment 00400,Four_event_stress,4,1.0,1.0,1.0,1.0,South,"Independent 2027-01-01 snapshot; four events at days 0, 2, 4, 6. Event estimates are not additive."
SC00401,Independent recovery experiment 00401,Four_event_stress,4,1.0,1.0,1.0,1.0,South,"Independent 2027-01-01 snapshot; four events at days 0, 2, 4, 6. Event estimates are not additive."
SC00402,Independent recovery experiment 00402,Four_event_stress,4,1.0,1.0,1.0,1.0,West,"Independent 2027-01-01 snapshot; four events at days 0, 2, 4, 6. Event estimates are not additive."
SC00403,Independent recovery experiment 00403,Four_event_stress,4,1.0,1.0,1.0,1.0,North,"Independent 2027-01-01 snapshot; four events at days 0, 2, 4, 6. Event estimates are not additive."
SC00404,Independent recovery experiment 00404,Four_event_stress,4,1.0,1.0,1.0,1.0,South,"Independent 2027-01-01 snapshot; four events at days 0, 2, 4, 6. Event estimates are not additive."
SC00405,Independent recovery experiment 00405,Four_event_stress,4,1.0,1.0,1.0,1.0,South,"Independent 2027-01-01 snapshot; four events at days 0, 2, 4, 6. Event estimates are not additive."
SC00406,Independent recovery experiment 00406,Four_event_stress,4,1.0,1.0,1.0,1.0,West,"Independent 2027-01-01 snapshot; four events at days 0, 2, 4, 6. Event estimates are not additive."
SC00407,Independent recovery experiment 00407,Four_event_stress,4,1.0,1.0,1.0,1.0,East,"Independent 2027-01-01 snapshot; four events at days 0, 2, 4, 6. Event estimates are not additive."
SC00408,Independent recovery experiment 00408,Four_event_stress,4,1.0,1.0,1.0,1.0,West,"Independent 2027-01-01 snapshot; four events at days 0, 2, 4, 6. Event estimates are not additive."
SC00409,Independent recovery experiment 00409,Four_event_stress,4,1.0,1.0,1.0,1.0,North,"Independent 2027-01-01 snapshot; four events at days 0, 2, 4, 6. Event estimates are not additive."
SC00410,Independent recovery experiment 00410,Four_event_stress,4,1.0,1.0,1.0,1.0,South,"Independent 2027-01-01 snapshot; four events at days 0, 2, 4, 6. Event estimates are not additive."
SC00411,Independent recovery experiment 00411,Four_event_stress,4,1.0,1.0,1.0,1.0,South,"Independent 2027-01-01 snapshot; four events at days 0, 2, 4, 6. Event estimates are not additive."
SC00412,Independent recovery experiment 00412,Four_event_stress,4,1.0,1.0,1.0,1.0,West,"Independent 2027-01-01 snapshot; four events at days 0, 2, 4, 6. Event estimates are not additive."
SC00413,Independent recovery experiment 00413,Four_event_stress,4,1.0,1.0,1.0,1.0,North,"Independent 2027-01-01 snapshot; four events at days 0, 2, 4, 6. Event estimates are not additive."
SC00414,Independent recovery experiment 00414,Four_event_stress,4,1.0,1.0,1.0,1.0,South,"Independent 2027-01-01 snapshot; four events at days 0, 2, 4, 6. Event estimates are not additive."
SC00415,Independent recovery experiment 00415,Four_event_stress,4,1.0,1.0,1.0,1.0,South,"Independent 2027-01-01 snapshot; four events at days 0, 2, 4, 6. Event estimates are not additive."
SC00416,Independent recovery experiment 00416,Four_event_stress,4,1.0,1.0,1.0,1.0,West,"Independent 2027-01-01 snapshot; four events at days 0, 2, 4, 6. Event estimates are not additive."
SC00417,Independent recovery experiment 00417,Four_event_stress,4,1.0,1.0,1.0,1.0,East,"Independent 2027-01-01 snapshot; four events at days 0, 2, 4, 6. Event estimates are not additive."
SC00418,Independent recovery experiment 00418,Four_event_stress,4,1.0,1.0,1.0,1.0,West,"Independent 2027-01-01 snapshot; four events at days 0, 2, 4, 6. Event estimates are not additive."
SC00419,Independent recovery experiment 00419,Four_event_stress,4,1.0,1.0,1.0,1.0,North,"Independent 2027-01-01 snapshot; four events at days 0, 2, 4, 6. Event estimates are not additive."
SC00420,Independent recovery experiment 00420,Four_event_stress,4,1.0,1.0,1.0,1.0,South,"Independent 2027-01-01 snapshot; four events at days 0, 2, 4, 6. Event estimates are not additive."
SC00421,Independent recovery experiment 00421,Four_event_stress,4,1.0,1.0,1.0,1.0,South,"Independent 2027-01-01 snapshot; four events at days 0, 2, 4, 6. Event estimates are not additive."
SC00422,Independent recovery experiment 00422,Four_event_stress,4,1.0,1.0,1.0,1.0,West,"Independent 2027-01-01 snapshot; four events at days 0, 2, 4, 6. Event estimates are not additive."
SC00423,Independent recovery experiment 00423,Four_event_stress,4,1.0,1.0,1.0,1.0,North,"Independent 2027-01-01 snapshot; four events at days 0, 2, 4, 6. Event estimates are not additive."
SC00424,Independent recovery experiment 00424,Four_event_stress,4,1.0,1.0,1.0,1.0,South,"Independent 2027-01-01 snapshot; four events at days 0, 2, 4, 6. Event estimates are not additive."
SC00425,Independent recovery experiment 00425,Four_event_stress,4,1.0,1.0,1.0,1.0,South,"Independent 2027-01-01 snapshot; four events at days 0, 2, 4, 6. Event estimates are not additive."
SC00426,Independent recovery experiment 00426,Four_event_stress,4,1.0,1.0,1.0,1.0,West,"Independent 2027-01-01 snapshot; four events at days 0, 2, 4, 6. Event estimates are not additive."
SC00427,Independent recovery experiment 00427,Four_event_stress,4,1.0,1.0,1.0,1.0,East,"Independent 2027-01-01 snapshot; four events at days 0, 2, 4, 6. Event estimates are not additive."
SC00428,Independent recovery experiment 00428,Four_event_stress,4,1.0,1.0,1.0,1.0,West,"Independent 2027-01-01 snapshot; four events at days 0, 2, 4, 6. Event estimates are not additive."
SC00429,Independent recovery experiment 00429,Four_event_stress,4,1.0,1.0,1.0,1.0,North,"Independent 2027-01-01 snapshot; four events at days 0, 2, 4, 6. Event estimates are not additive."
SC00430,Independent recovery experiment 00430,Four_event_stress,4,1.0,1.0,1.0,1.0,South,"Independent 2027-01-01 snapshot; four events at days 0, 2, 4, 6. Event estimates are not additive."
SC00431,Independent recovery experiment 00431,Four_event_stress,4,1.0,1.0,1.0,1.0,South,"Independent 2027-01-01 snapshot; four events at days 0, 2, 4, 6. Event estimates are not additive."
SC00432,Independent recovery experiment 00432,Four_event_stress,4,1.0,1.0,1.0,1.0,West,"Independent 2027-01-01 snapshot; four events at days 0, 2, 4, 6. Event estimates are not additive."
SC00433,Independent recovery experiment 00433,Four_event_stress,4,1.0,1.0,1.0,1.0,North,"Independent 2027-01-01 snapshot; four events at days 0, 2, 4, 6. Event estimates are not additive."
SC00434,Independent recovery experiment 00434,Four_event_stress,4,1.0,1.0,1.0,1.0,South,"Independent 2027-01-01 snapshot; four events at days 0, 2, 4, 6. Event estimates are not additive."
SC00435,Independent recovery experiment 00435,Four_event_stress,4,1.0,1.0,1.0,1.0,South,"Independent 2027-01-01 snapshot; four events at days 0, 2, 4, 6. Event estimates are not additive."
SC00436,Independent recovery experiment 00436,Four_event_stress,4,1.0,1.0,1.0,1.0,West,"Independent 2027-01-01 snapshot; four events at days 0, 2, 4, 6. Event estimates are not additive."
SC00437,Independent recovery experiment 00437,Four_event_stress,4,1.0,1.0,1.0,1.0,East,"Independent 2027-01-01 snapshot; four events at days 0, 2, 4, 6. Event estimates are not additive."
SC00438,Independent recovery experiment 00438,Four_event_stress,4,1.0,1.0,1.0,1.0,West,"Independent 2027-01-01 snapshot; four events at days 0, 2, 4, 6. Event estimates are not additive."
SC00439,Independent recovery experiment 00439,Four_event_stress,4,1.0,1.0,1.0,1.0,North,"Independent 2027-01-01 snapshot; four events at days 0, 2, 4, 6. Event estimates are not additive."
SC00440,Independent recovery experiment 00440,Four_event_stress,4,1.0,1.0,1.0,1.0,South,"Independent 2027-01-01 snapshot; four events at days 0, 2, 4, 6. Event estimates are not additive."
SC00441,Independent recovery experiment 00441,Four_event_stress,4,1.0,1.0,1.0,1.0,South,"Independent 2027-01-01 snapshot; four events at days 0, 2, 4, 6. Event estimates are not additive."
SC00442,Independent recovery experiment 00442,Four_event_stress,4,1.0,1.0,1.0,1.0,West,"Independent 2027-01-01 snapshot; four events at days 0, 2, 4, 6. Event estimates are not additive."
SC00443,Independent recovery experiment 00443,Four_event_stress,4,1.0,1.0,1.0,1.0,North,"Independent 2027-01-01 snapshot; four events at days 0, 2, 4, 6. Event estimates are not additive."
SC00444,Independent recovery experiment 00444,Four_event_stress,4,1.0,1.0,1.0,1.0,South,"Independent 2027-01-01 snapshot; four events at days 0, 2, 4, 6. Event estimates are not additive."
SC00445,Independent recovery experiment 00445,Four_event_stress,4,1.0,1.0,1.0,1.0,South,"Independent 2027-01-01 snapshot; four events at days 0, 2, 4, 6. Event estimates are not additive."
SC00446,Independent recovery experiment 00446,Four_event_stress,4,1.0,1.0,1.0,1.0,West,"Independent 2027-01-01 snapshot; four events at days 0, 2, 4, 6. Event estimates are not additive."
SC00447,Independent recovery experiment 00447,Four_event_stress,4,1.0,1.0,1.0,1.0,East,"Independent 2027-01-01 snapshot; four events at days 0, 2, 4, 6. Event estimates are not additive."
SC00448,Independent recovery experiment 00448,Four_event_stress,4,1.0,1.0,1.0,1.0,West,"Independent 2027-01-01 snapshot; four events at days 0, 2, 4, 6. Event estimates are not additive."
SC00449,Independent recovery experiment 00449,Four_event_stress,4,1.0,1.0,1.0,1.0,North,"Independent 2027-01-01 snapshot; four events at days 0, 2, 4, 6. Event estimates are not additive."
SC00450,Independent recovery experiment 00450,Four_event_stress,4,1.0,1.0,1.0,1.0,South,"Independent 2027-01-01 snapshot; four events at days 0, 2, 4, 6. Event estimates are not additive."
SC00451,Independent recovery experiment 00451,Four_event_stress,4,1.0,1.0,1.0,1.0,South,"Independent 2027-01-01 snapshot; four events at days 0, 2, 4, 6. Event estimates are not additive."
SC00452,Independent recovery experiment 00452,Four_event_stress,4,1.0,1.0,1.0,1.0,West,"Independent 2027-01-01 snapshot; four events at days 0, 2, 4, 6. Event estimates are not additive."
SC00453,Independent recovery experiment 00453,Four_event_stress,4,1.0,1.0,1.0,1.0,North,"Independent 2027-01-01 snapshot; four events at days 0, 2, 4, 6. Event estimates are not additive."
SC00454,Independent recovery experiment 00454,Four_event_stress,4,1.0,1.0,1.0,1.0,South,"Independent 2027-01-01 snapshot; four events at days 0, 2, 4, 6. Event estimates are not additive."
SC00455,Independent recovery experiment 00455,Four_event_stress,4,1.0,1.0,1.0,1.0,South,"Independent 2027-01-01 snapshot; four events at days 0, 2, 4, 6. Event estimates are not additive."
SC00456,Independent recovery experiment 00456,Four_event_stress,4,1.0,1.0,1.0,1.0,West,"Independent 2027-01-01 snapshot; four events at days 0, 2, 4, 6. Event estimates are not additive."
SC00457,Independent recovery experiment 00457,Four_event_stress,4,1.0,1.0,1.0,1.0,East,"Independent 2027-01-01 snapshot; four events at days 0, 2, 4, 6. Event estimates are not additive."
SC00458,Independent recovery experiment 00458,Four_event_stress,4,1.0,1.0,1.0,1.0,West,"Independent 2027-01-01 snapshot; four events at days 0, 2, 4, 6. Event estimates are not additive."
SC00459,Independent recovery experiment 00459,Four_event_stress,4,1.0,1.0,1.0,1.0,North,"Independent 2027-01-01 snapshot; four events at days 0, 2, 4, 6. Event estimates are not additive."
SC00460,Independent recovery experiment 00460,Four_event_stress,4,1.0,1.0,1.0,1.0,South,"Independent 2027-01-01 snapshot; four events at days 0, 2, 4, 6. Event estimates are not additive."
SC00461,Independent recovery experiment 00461,Four_event_stress,4,1.0,1.0,1.0,1.0,South,"Independent 2027-01-01 snapshot; four events at days 0, 2, 4, 6. Event estimates are not additive."
SC00462,Independent recovery experiment 00462,Four_event_stress,4,1.0,1.0,1.0,1.0,West,"Independent 2027-01-01 snapshot; four events at days 0, 2, 4, 6. Event estimates are not additive."
SC00463,Independent recovery experiment 00463,Four_event_stress,4,1.0,1.0,1.0,1.0,North,"Independent 2027-01-01 snapshot; four events at days 0, 2, 4, 6. Event estimates are not additive."
SC00464,Independent recovery experiment 00464,Four_event_stress,4,1.0,1.0,1.0,1.0,South,"Independent 2027-01-01 snapshot; four events at days 0, 2, 4, 6. Event estimates are not additive."
SC00465,Independent recovery experiment 00465,Four_event_stress,4,1.0,1.0,1.0,1.0,South,"Independent 2027-01-01 snapshot; four events at days 0, 2, 4, 6. Event estimates are not additive."
SC00466,Independent recovery experiment 00466,Four_event_stress,4,1.0,1.0,1.0,1.0,West,"Independent 2027-01-01 snapshot; four events at days 0, 2, 4, 6. Event estimates are not additive."
SC00467,Independent recovery experiment 00467,Four_event_stress,4,1.0,1.0,1.0,1.0,East,"Independent 2027-01-01 snapshot; four events at days 0, 2, 4, 6. Event estimates are not additive."
SC00468,Independent recovery experiment 00468,Four_event_stress,4,1.0,1.0,1.0,1.0,West,"Independent 2027-01-01 snapshot; four events at days 0, 2, 4, 6. Event estimates are not additive."
SC00469,Independent recovery experiment 00469,Four_event_stress,4,1.0,1.0,1.0,1.0,North,"Independent 2027-01-01 snapshot; four events at days 0, 2, 4, 6. Event estimates are not additive."
SC00470,Independent recovery experiment 00470,Four_event_stress,4,1.0,1.0,1.0,1.0,South,"Independent 2027-01-01 snapshot; four events at days 0, 2, 4, 6. Event estimates are not additive."
SC00471,Independent recovery experiment 00471,Four_event_stress,4,1.0,1.0,1.0,1.0,South,"Independent 2027-01-01 snapshot; four events at days 0, 2, 4, 6. Event estimates are not additive."
SC00472,Independent recovery experiment 00472,Four_event_stress,4,1.0,1.0,1.0,1.0,West,"Independent 2027-01-01 snapshot; four events at days 0, 2, 4, 6. Event estimates are not additive."
SC00473,Independent recovery experiment 00473,Four_event_stress,4,1.0,1.0,1.0,1.0,North,"Independent 2027-01-01 snapshot; four events at days 0, 2, 4, 6. Event estimates are not additive."
SC00474,Independent recovery experiment 00474,Four_event_stress,4,1.0,1.0,1.0,1.0,South,"Independent 2027-01-01 snapshot; four events at days 0, 2, 4, 6. Event estimates are not additive."
SC00475,Independent recovery experiment 00475,Four_event_stress,4,1.0,1.0,1.0,1.0,South,"Independent 2027-01-01 snapshot; four events at days 0, 2, 4, 6. Event estimates are not additive."
SC00476,Independent recovery experiment 00476,Four_event_stress,4,1.0,1.0,1.0,1.0,West,"Independent 2027-01-01 snapshot; four events at days 0, 2, 4, 6. Event estimates are not additive."
SC00477,Independent recovery experiment 00477,Four_event_stress,4,1.0,1.0,1.0,1.0,East,"Independent 2027-01-01 snapshot; four events at days 0, 2, 4, 6. Event estimates are not additive."
SC00478,Independent recovery experiment 00478,Four_event_stress,4,1.0,1.0,1.0,1.0,West,"Independent 2027-01-01 snapshot; four events at days 0, 2, 4, 6. Event estimates are not additive."
SC00479,Independent recovery experiment 00479,Four_event_stress,4,1.0,1.0,1.0,1.0,North,"Independent 2027-01-01 snapshot; four events at days 0, 2, 4, 6. Event estimates are not additive."
SC00480,Independent recovery experiment 00480,Four_event_stress,4,1.0,1.0,1.0,1.0,South,"Independent 2027-01-01 snapshot; four events at days 0, 2, 4, 6. Event estimates are not additive."
SC00481,Independent recovery experiment 00481,Four_event_stress,4,1.0,1.0,1.0,1.0,South,"Independent 2027-01-01 snapshot; four events at days 0, 2, 4, 6. Event estimates are not additive."
SC00482,Independent recovery experiment 00482,Four_event_stress,4,1.0,1.0,1.0,1.0,West,"Independent 2027-01-01 snapshot; four events at days 0, 2, 4, 6. Event estimates are not additive."
SC00483,Independent recovery experiment 00483,Four_event_stress,4,1.0,1.0,1.0,1.0,North,"Independent 2027-01-01 snapshot; four events at days 0, 2, 4, 6. Event estimates are not additive."
SC00484,Independent recovery experiment 00484,Four_event_stress,4,1.0,1.0,1.0,1.0,South,"Independent 2027-01-01 snapshot; four events at days 0, 2, 4, 6. Event estimates are not additive."
SC00485,Independent recovery experiment 00485,Four_event_stress,4,1.0,1.0,1.0,1.0,South,"Independent 2027-01-01 snapshot; four events at days 0, 2, 4, 6. Event estimates are not additive."
SC00486,Independent recovery experiment 00486,Four_event_stress,4,1.0,1.0,1.0,1.0,West,"Independent 2027-01-01 snapshot; four events at days 0, 2, 4, 6. Event estimates are not additive."
SC00487,Independent recovery experiment 00487,Four_event_stress,4,1.0,1.0,1.0,1.0,East,"Independent 2027-01-01 snapshot; four events at days 0, 2, 4, 6. Event estimates are not additive."
SC00488,Independent recovery experiment 00488,Four_event_stress,4,1.0,1.0,1.0,1.0,West,"Independent 2027-01-01 snapshot; four events at days 0, 2, 4, 6. Event estimates are not additive."
SC00489,Independent recovery experiment 00489,Four_event_stress,4,1.0,1.0,1.0,1.0,North,"Independent 2027-01-01 snapshot; four events at days 0, 2, 4, 6. Event estimates are not additive."
SC00490,Independent recovery experiment 00490,Four_event_stress,4,1.0,1.0,1.0,1.0,South,"Independent 2027-01-01 snapshot; four events at days 0, 2, 4, 6. Event estimates are not additive."
SC00491,Independent recovery experiment 00491,Four_event_stress,4,1.0,1.0,1.0,1.0,South,"Independent 2027-01-01 snapshot; four events at days 0, 2, 4, 6. Event estimates are not additive."
SC00492,Independent recovery experiment 00492,Four_event_stress,4,1.0,1.0,1.0,1.0,West,"Independent 2027-01-01 snapshot; four events at days 0, 2, 4, 6. Event estimates are not additive."
SC00493,Independent recovery experiment 00493,Four_event_stress,4,1.0,1.0,1.0,1.0,North,"Independent 2027-01-01 snapshot; four events at days 0, 2, 4, 6. Event estimates are not additive."
SC00494,Independent recovery experiment 00494,Four_event_stress,4,1.0,1.0,1.0,1.0,South,"Independent 2027-01-01 snapshot; four events at days 0, 2, 4, 6. Event estimates are not additive."
SC00495,Independent recovery experiment 00495,Four_event_stress,4,1.0,1.0,1.0,1.0,South,"Independent 2027-01-01 snapshot; four events at days 0, 2, 4, 6. Event estimates are not additive."
SC00496,Independent recovery experiment 00496,Four_event_stress,4,1.0,1.0,1.0,1.0,West,"Independent 2027-01-01 snapshot; four events at days 0, 2, 4, 6. Event estimates are not additive."
SC00497,Independent recovery experiment 00497,Four_event_stress,4,1.0,1.0,1.0,1.0,East,"Independent 2027-01-01 snapshot; four events at days 0, 2, 4, 6. Event estimates are not additive."
SC00498,Independent recovery experiment 00498,Four_event_stress,4,1.0,1.0,1.0,1.0,West,"Independent 2027-01-01 snapshot; four events at days 0, 2, 4, 6. Event estimates are not additive."
SC00499,Independent recovery experiment 00499,Four_event_stress,4,1.0,1.0,1.0,1.0,North,"Independent 2027-01-01 snapshot; four events at days 0, 2, 4, 6. Event estimates are not additive."
SC00500,Independent recovery experiment 00500,Four_event_stress,4,1.0,1.0,1.0,1.0,South,"Independent 2027-01-01 snapshot; four events at days 0, 2, 4, 6. Event estimates are not additive."
SC00501,Independent recovery experiment 00501,Four_event_stress,4,1.0,1.0,1.0,1.0,South,"Independent 2027-01-01 snapshot; four events at days 0, 2, 4, 6. Event estimates are not additive."
SC00502,Independent recovery experiment 00502,Four_event_stress,4,1.0,1.0,1.0,1.0,West,"Independent 2027-01-01 snapshot; four events at days 0, 2, 4, 6. Event estimates are not additive."
SC00503,Independent recovery experiment 00503,Four_event_stress,4,1.0,1.0,1.0,1.0,North,"Independent 2027-01-01 snapshot; four events at days 0, 2, 4, 6. Event estimates are not additive."
SC00504,Independent recovery experiment 00504,Four_event_stress,4,1.0,1.0,1.0,1.0,South,"Independent 2027-01-01 snapshot; four events at days 0, 2, 4, 6. Event estimates are not additive."
SC00505,Independent recovery experiment 00505,Four_event_stress,4,1.0,1.0,1.0,1.0,South,"Independent 2027-01-01 snapshot; four events at days 0, 2, 4, 6. Event estimates are not additive."
SC00506,Independent recovery experiment 00506,Four_event_stress,4,1.0,1.0,1.0,1.0,West,"Independent 2027-01-01 snapshot; four events at days 0, 2, 4, 6. Event estimates are not additive."
SC00507,Independent recovery experiment 00507,Four_event_stress,4,1.0,1.0,1.0,1.0,East,"Independent 2027-01-01 snapshot; four events at days 0, 2, 4, 6. Event estimates are not additive."
SC00508,Independent recovery experiment 00508,Four_event_stress,4,1.0,1.0,1.0,1.0,West,"Independent 2027-01-01 snapshot; four events at days 0, 2, 4, 6. Event estimates are not additive."
SC00509,Independent recovery experiment 00509,Four_event_stress,4,1.0,1.0,1.0,1.0,North,"Independent 2027-01-01 snapshot; four events at days 0, 2, 4, 6. Event estimates are not additive."
SC00510,Independent recovery experiment 00510,Four_event_stress,4,1.0,1.0,1.0,1.0,South,"Independent 2027-01-01 snapshot; four events at days 0, 2, 4, 6. Event estimates are not additive."
SC00511,Independent recovery experiment 00511,Four_event_stress,4,1.0,1.0,1.0,1.0,South,"Independent 2027-01-01 snapshot; four events at days 0, 2, 4, 6. Event estimates are not additive."
SC00512,Independent recovery experiment 00512,Four_event_stress,4,1.0,1.0,1.0,1.0,West,"Independent 2027-01-01 snapshot; four events at days 0, 2, 4, 6. Event estimates are not additive."
SC00513,Independent recovery experiment 00513,Four_event_stress,4,1.0,1.0,1.0,1.0,North,"Independent 2027-01-01 snapshot; four events at days 0, 2, 4, 6. Event estimates are not additive."
SC00514,Independent recovery experiment 00514,Four_event_stress,4,1.0,1.0,1.0,1.0,South,"Independent 2027-01-01 snapshot; four events at days 0, 2, 4, 6. Event estimates are not additive."
SC00515,Independent recovery experiment 00515,Four_event_stress,4,1.0,1.0,1.0,1.0,South,"Independent 2027-01-01 snapshot; four events at days 0, 2, 4, 6. Event estimates are not additive."
SC00516,Independent recovery experiment 00516,Four_event_stress,4,1.0,1.0,1.0,1.0,West,"Independent 2027-01-01 snapshot; four events at days 0, 2, 4, 6. Event estimates are not additive."
SC00517,Independent recovery experiment 00517,Four_event_stress,4,1.0,1.0,1.0,1.0,East,"Independent 2027-01-01 snapshot; four events at days 0, 2, 4, 6. Event estimates are not additive."
SC00518,Independent recovery experiment 00518,Four_event_stress,4,1.0,1.0,1.0,1.0,West,"Independent 2027-01-01 snapshot; four events at days 0, 2, 4, 6. Event estimates are not additive."
SC00519,Independent recovery experiment 00519,Four_event_stress,4,1.0,1.0,1.0,1.0,North,"Independent 2027-01-01 snapshot; four events at days 0, 2, 4, 6. Event estimates are not additive."
SC00520,Independent recovery experiment 00520,Four_event_stress,4,1.0,1.0,1.0,1.0,South,"Independent 2027-01-01 snapshot; four events at days 0, 2, 4, 6. Event estimates are not additive."
SC00521,Independent recovery experiment 00521,Four_event_stress,4,1.0,1.0,1.0,1.0,South,"Independent 2027-01-01 snapshot; four events at days 0, 2, 4, 6. Event estimates are not additive."
SC00522,Independent recovery experiment 00522,Four_event_stress,4,1.0,1.0,1.0,1.0,West,"Independent 2027-01-01 snapshot; four events at days 0, 2, 4, 6. Event estimates are not additive."
SC00523,Independent recovery experiment 00523,Four_event_stress,4,1.0,1.0,1.0,1.0,North,"Independent 2027-01-01 snapshot; four events at days 0, 2, 4, 6. Event estimates are not additive."
SC00524,Independent recovery experiment 00524,Four_event_stress,4,1.0,1.0,1.0,1.0,South,"Independent 2027-01-01 snapshot; four events at days 0, 2, 4, 6. Event estimates are not additive."
SC00525,Independent recovery experiment 00525,Four_event_stress,4,1.0,1.0,1.0,1.0,South,"Independent 2027-01-01 snapshot; four events at days 0, 2, 4, 6. Event estimates are not additive."
SC00526,Independent recovery experiment 00526,Four_event_stress,4,1.0,1.0,1.0,1.0,West,"Independent 2027-01-01 snapshot; four events at days 0, 2, 4, 6. Event estimates are not additive."
SC00527,Independent recovery experiment 00527,Four_event_stress,4,1.0,1.0,1.0,1.0,East,"Independent 2027-01-01 snapshot; four events at days 0, 2, 4, 6. Event estimates are not additive."
SC00528,Independent recovery experiment 00528,Four_event_stress,4,1.0,1.0,1.0,1.0,West,"Independent 2027-01-01 snapshot; four events at days 0, 2, 4, 6. Event estimates are not additive."
SC00529,Independent recovery experiment 00529,Four_event_stress,4,1.0,1.0,1.0,1.0,North,"Independent 2027-01-01 snapshot; four events at days 0, 2, 4, 6. Event estimates are not additive."
SC00530,Independent recovery experiment 00530,Four_event_stress,4,1.0,1.0,1.0,1.0,South,"Independent 2027-01-01 snapshot; four events at days 0, 2, 4, 6. Event estimates are not additive."
SC00531,Independent recovery experiment 00531,Four_event_stress,4,1.0,1.0,1.0,1.0,South,"Independent 2027-01-01 snapshot; four events at days 0, 2, 4, 6. Event estimates are not additive."
SC00532,Independent recovery experiment 00532,Four_event_stress,4,1.0,1.0,1.0,1.0,West,"Independent 2027-01-01 snapshot; four events at days 0, 2, 4, 6. Event estimates are not additive."
SC00533,Independent recovery experiment 00533,Four_event_stress,4,1.0,1.0,1.0,1.0,North,"Independent 2027-01-01 snapshot; four events at days 0, 2, 4, 6. Event estimates are not additive."
SC00534,Independent recovery experiment 00534,Four_event_stress,4,1.0,1.0,1.0,1.0,South,"Independent 2027-01-01 snapshot; four events at days 0, 2, 4, 6. Event estimates are not additive."
SC00535,Independent recovery experiment 00535,Four_event_stress,4,1.0,1.0,1.0,1.0,South,"Independent 2027-01-01 snapshot; four events at days 0, 2, 4, 6. Event estimates are not additive."
SC00536,Independent recovery experiment 00536,Four_event_stress,4,1.0,1.0,1.0,1.0,West,"Independent 2027-01-01 snapshot; four events at days 0, 2, 4, 6. Event estimates are not additive."
SC00537,Independent recovery experiment 00537,Four_event_stress,4,1.0,1.0,1.0,1.0,East,"Independent 2027-01-01 snapshot; four events at days 0, 2, 4, 6. Event estimates are not additive."
SC00538,Independent recovery experiment 00538,Four_event_stress,4,1.0,1.0,1.0,1.0,West,"Independent 2027-01-01 snapshot; four events at days 0, 2, 4, 6. Event estimates are not additive."
SC00539,Independent recovery experiment 00539,Four_event_stress,4,1.0,1.0,1.0,1.0,North,"Independent 2027-01-01 snapshot; four events at days 0, 2, 4, 6. Event estimates are not additive."
SC00540,Independent recovery experiment 00540,Four_event_stress,4,1.0,1.0,1.0,1.0,South,"Independent 2027-01-01 snapshot; four events at days 0, 2, 4, 6. Event estimates are not additive."
SC00541,Independent recovery experiment 00541,Four_event_stress,4,1.0,1.0,1.0,1.0,South,"Independent 2027-01-01 snapshot; four events at days 0, 2, 4, 6. Event estimates are not additive."
SC00542,Independent recovery experiment 00542,Four_event_stress,4,1.0,1.0,1.0,1.0,West,"Independent 2027-01-01 snapshot; four events at days 0, 2, 4, 6. Event estimates are not additive."
SC00543,Independent recovery experiment 00543,Four_event_stress,4,1.0,1.0,1.0,1.0,North,"Independent 2027-01-01 snapshot; four events at days 0, 2, 4, 6. Event estimates are not additive."
SC00544,Independent recovery experiment 00544,Four_event_stress,4,1.0,1.0,1.0,1.0,South,"Independent 2027-01-01 snapshot; four events at days 0, 2, 4, 6. Event estimates are not additive."
SC00545,Independent recovery experiment 00545,Four_event_stress,4,1.0,1.0,1.0,1.0,South,"Independent 2027-01-01 snapshot; four events at days 0, 2, 4, 6. Event estimates are not additive."
SC00546,Independent recovery experiment 00546,Four_event_stress,4,1.0,1.0,1.0,1.0,West,"Independent 2027-01-01 snapshot; four events at days 0, 2, 4, 6. Event estimates are not additive."
SC00547,Independent recovery experiment 00547,Four_event_stress,4,1.0,1.0,1.0,1.0,East,"Independent 2027-01-01 snapshot; four events at days 0, 2, 4, 6. Event estimates are not additive."
SC00548,Independent recovery experiment 00548,Four_event_stress,4,1.0,1.0,1.0,1.0,West,"Independent 2027-01-01 snapshot; four events at days 0, 2, 4, 6. Event estimates are not additive."
SC00549,Independent recovery experiment 00549,Four_event_stress,4,1.0,1.0,1.0,1.0,North,"Independent 2027-01-01 snapshot; four events at days 0, 2, 4, 6. Event estimates are not additive."
SC00550,Independent recovery experiment 00550,Four_event_stress,4,1.0,1.0,1.0,1.0,South,"Independent 2027-01-01 snapshot; four events at days 0, 2, 4, 6. Event estimates are not additive."
SC00551,Independent recovery experiment 00551,Four_event_stress,4,1.0,1.0,1.0,1.0,South,"Independent 2027-01-01 snapshot; four events at days 0, 2, 4, 6. Event estimates are not additive."
SC00552,Independent recovery experiment 00552,Four_event_stress,4,1.0,1.0,1.0,1.0,West,"Independent 2027-01-01 snapshot; four events at days 0, 2, 4, 6. Event estimates are not additive."
SC00553,Independent recovery experiment 00553,Four_event_stress,4,1.0,1.0,1.0,1.0,North,"Independent 2027-01-01 snapshot; four events at days 0, 2, 4, 6. Event estimates are not additive."
SC00554,Independent recovery experiment 00554,Four_event_stress,4,1.0,1.0,1.0,1.0,South,"Independent 2027-01-01 snapshot; four events at days 0, 2, 4, 6. Event estimates are not additive."
SC00555,Independent recovery experiment 00555,Four_event_stress,4,1.0,1.0,1.0,1.0,South,"Independent 2027-01-01 snapshot; four events at days 0, 2, 4, 6. Event estimates are not additive."
SC00556,Independent recovery experiment 00556,Four_event_stress,4,1.0,1.0,1.0,1.0,West,"Independent 2027-01-01 snapshot; four events at days 0, 2, 4, 6. Event estimates are not additive."
SC00557,Independent recovery experiment 00557,Four_event_stress,4,1.0,1.0,1.0,1.0,East,"Independent 2027-01-01 snapshot; four events at days 0, 2, 4, 6. Event estimates are not additive."
SC00558,Independent recovery experiment 00558,Four_event_stress,4,1.0,1.0,1.0,1.0,West,"Independent 2027-01-01 snapshot; four events at days 0, 2, 4, 6. Event estimates are not additive."
SC00559,Independent recovery experiment 00559,Four_event_stress,4,1.0,1.0,1.0,1.0,North,"Independent 2027-01-01 snapshot; four events at days 0, 2, 4, 6. Event estimates are not additive."
SC00560,Independent recovery experiment 00560,Four_event_stress,4,1.0,1.0,1.0,1.0,South,"Independent 2027-01-01 snapshot; four events at days 0, 2, 4, 6. Event estimates are not additive."
SC00561,Independent recovery experiment 00561,Four_event_stress,4,1.0,1.0,1.0,1.0,South,"Independent 2027-01-01 snapshot; four events at days 0, 2, 4, 6. Event estimates are not additive."
SC00562,Independent recovery experiment 00562,Four_event_stress,4,1.0,1.0,1.0,1.0,West,"Independent 2027-01-01 snapshot; four events at days 0, 2, 4, 6. Event estimates are not additive."
SC00563,Independent recovery experiment 00563,Four_event_stress,4,1.0,1.0,1.0,1.0,North,"Independent 2027-01-01 snapshot; four events at days 0, 2, 4, 6. Event estimates are not additive."
SC00564,Independent recovery experiment 00564,Four_event_stress,4,1.0,1.0,1.0,1.0,South,"Independent 2027-01-01 snapshot; four events at days 0, 2, 4, 6. Event estimates are not additive."
SC00565,Independent recovery experiment 00565,Four_event_stress,4,1.0,1.0,1.0,1.0,South,"Independent 2027-01-01 snapshot; four events at days 0, 2, 4, 6. Event estimates are not additive."
SC00566,Independent recovery experiment 00566,Four_event_stress,4,1.0,1.0,1.0,1.0,West,"Independent 2027-01-01 snapshot; four events at days 0, 2, 4, 6. Event estimates are not additive."
SC00567,Independent recovery experiment 00567,Four_event_stress,4,1.0,1.0,1.0,1.0,East,"Independent 2027-01-01 snapshot; four events at days 0, 2, 4, 6. Event estimates are not additive."
SC00568,Independent recovery experiment 00568,Four_event_stress,4,1.0,1.0,1.0,1.0,West,"Independent 2027-01-01 snapshot; four events at days 0, 2, 4, 6. Event estimates are not additive."
SC00569,Independent recovery experiment 00569,Four_event_stress,4,1.0,1.0,1.0,1.0,North,"Independent 2027-01-01 snapshot; four events at days 0, 2, 4, 6. Event estimates are not additive."
SC00570,Independent recovery experiment 00570,Four_event_stress,4,1.0,1.0,1.0,1.0,South,"Independent 2027-01-01 snapshot; four events at days 0, 2, 4, 6. Event estimates are not additive."
SC00571,Independent recovery experiment 00571,Four_event_stress,4,1.0,1.0,1.0,1.0,South,"Independent 2027-01-01 snapshot; four events at days 0, 2, 4, 6. Event estimates are not additive."
SC00572,Independent recovery experiment 00572,Four_event_stress,4,1.0,1.0,1.0,1.0,West,"Independent 2027-01-01 snapshot; four events at days 0, 2, 4, 6. Event estimates are not additive."
SC00573,Independent recovery experiment 00573,Four_event_stress,4,1.0,1.0,1.0,1.0,North,"Independent 2027-01-01 snapshot; four events at days 0, 2, 4, 6. Event estimates are not additive."
SC00574,Independent recovery experiment 00574,Four_event_stress,4,1.0,1.0,1.0,1.0,South,"Independent 2027-01-01 snapshot; four events at days 0, 2, 4, 6. Event estimates are not additive."
SC00575,Independent recovery experiment 00575,Four_event_stress,4,1.0,1.0,1.0,1.0,South,"Independent 2027-01-01 snapshot; four events at days 0, 2, 4, 6. Event estimates are not additive."
SC00576,Independent recovery experiment 00576,Four_event_stress,4,1.0,1.0,1.0,1.0,West,"Independent 2027-01-01 snapshot; four events at days 0, 2, 4, 6. Event estimates are not additive."
SC00577,Independent recovery experiment 00577,Four_event_stress,4,1.0,1.0,1.0,1.0,East,"Independent 2027-01-01 snapshot; four events at days 0, 2, 4, 6. Event estimates are not additive."
SC00578,Independent recovery experiment 00578,Four_event_stress,4,1.0,1.0,1.0,1.0,West,"Independent 2027-01-01 snapshot; four events at days 0, 2, 4, 6. Event estimates are not additive."
SC00579,Independent recovery experiment 00579,Four_event_stress,4,1.0,1.0,1.0,1.0,North,"Independent 2027-01-01 snapshot; four events at days 0, 2, 4, 6. Event estimates are not additive."
SC00580,Independent recovery experiment 00580,Four_event_stress,4,1.0,1.0,1.0,1.0,South,"Independent 2027-01-01 snapshot; four events at days 0, 2, 4, 6. Event estimates are not additive."
SC00581,Independent recovery experiment 00581,Four_event_stress,4,1.0,1.0,1.0,1.0,South,"Independent 2027-01-01 snapshot; four events at days 0, 2, 4, 6. Event estimates are not additive."
SC00582,Independent recovery experiment 00582,Four_event_stress,4,1.0,1.0,1.0,1.0,West,"Independent 2027-01-01 snapshot; four events at days 0, 2, 4, 6. Event estimates are not additive."
SC00583,Independent recovery experiment 00583,Four_event_stress,4,1.0,1.0,1.0,1.0,North,"Independent 2027-01-01 snapshot; four events at days 0, 2, 4, 6. Event estimates are not additive."
SC00584,Independent recovery experiment 00584,Four_event_stress,4,1.0,1.0,1.0,1.0,South,"Independent 2027-01-01 snapshot; four events at days 0, 2, 4, 6. Event estimates are not additive."
SC00585,Independent recovery experiment 00585,Four_event_stress,4,1.0,1.0,1.0,1.0,South,"Independent 2027-01-01 snapshot; four events at days 0, 2, 4, 6. Event estimates are not additive."
SC00586,Independent recovery experiment 00586,Four_event_stress,4,1.0,1.0,1.0,1.0,West,"Independent 2027-01-01 snapshot; four events at days 0, 2, 4, 6. Event estimates are not additive."
SC00587,Independent recovery experiment 00587,Four_event_stress,4,1.0,1.0,1.0,1.0,East,"Independent 2027-01-01 snapshot; four events at days 0, 2, 4, 6. Event estimates are not additive."
SC00588,Independent recovery experiment 00588,Four_event_stress,4,1.0,1.0,1.0,1.0,West,"Independent 2027-01-01 snapshot; four events at days 0, 2, 4, 6. Event estimates are not additive."
SC00589,Independent recovery experiment 00589,Four_event_stress,4,1.0,1.0,1.0,1.0,North,"Independent 2027-01-01 snapshot; four events at days 0, 2, 4, 6. Event estimates are not additive."
SC00590,Independent recovery experiment 00590,Four_event_stress,4,1.0,1.0,1.0,1.0,South,"Independent 2027-01-01 snapshot; four events at days 0, 2, 4, 6. Event estimates are not additive."
SC00591,Independent recovery experiment 00591,Four_event_stress,4,1.0,1.0,1.0,1.0,South,"Independent 2027-01-01 snapshot; four events at days 0, 2, 4, 6. Event estimates are not additive."
SC00592,Independent recovery experiment 00592,Four_event_stress,4,1.0,1.0,1.0,1.0,West,"Independent 2027-01-01 snapshot; four events at days 0, 2, 4, 6. Event estimates are not additive."
SC00593,Independent recovery experiment 00593,Four_event_stress,4,1.0,1.0,1.0,1.0,North,"Independent 2027-01-01 snapshot; four events at days 0, 2, 4, 6. Event estimates are not additive."
SC00594,Independent recovery experiment 00594,Four_event_stress,4,1.0,1.0,1.0,1.0,South,"Independent 2027-01-01 snapshot; four events at days 0, 2, 4, 6. Event estimates are not additive."
SC00595,Independent recovery experiment 00595,Four_event_stress,4,1.0,1.0,1.0,1.0,South,"Independent 2027-01-01 snapshot; four events at days 0, 2, 4, 6. Event estimates are not additive."
SC00596,Independent recovery experiment 00596,Four_event_stress,4,1.0,1.0,1.0,1.0,West,"Independent 2027-01-01 snapshot; four events at days 0, 2, 4, 6. Event estimates are not additive."
SC00597,Independent recovery experiment 00597,Four_event_stress,4,1.0,1.0,1.0,1.0,East,"Independent 2027-01-01 snapshot; four events at days 0, 2, 4, 6. Event estimates are not additive."
SC00598,Independent recovery experiment 00598,Four_event_stress,4,1.0,1.0,1.0,1.0,West,"Independent 2027-01-01 snapshot; four events at days 0, 2, 4, 6. Event estimates are not additive."
SC00599,Independent recovery experiment 00599,Four_event_stress,4,1.0,1.0,1.0,1.0,North,"Independent 2027-01-01 snapshot; four events at days 0, 2, 4, 6. Event estimates are not additive."
SC00600,Independent recovery experiment 00600,Four_event_stress,4,1.0,1.0,1.0,1.0,South,"Independent 2027-01-01 snapshot; four events at days 0, 2, 4, 6. Event estimates are not additive."
SC00601,Independent recovery experiment 00601,Four_event_stress,4,1.0,1.0,1.0,1.0,South,"Independent 2027-01-01 snapshot; four events at days 0, 2, 4, 6. Event estimates are not additive."
SC00602,Independent recovery experiment 00602,Four_event_stress,4,1.0,1.0,1.0,1.0,West,"Independent 2027-01-01 snapshot; four events at days 0, 2, 4, 6. Event estimates are not additive."
SC00603,Independent recovery experiment 00603,Four_event_stress,4,1.0,1.0,1.0,1.0,North,"Independent 2027-01-01 snapshot; four events at days 0, 2, 4, 6. Event estimates are not additive."
SC00604,Independent recovery experiment 00604,Four_event_stress,4,1.0,1.0,1.0,1.0,South,"Independent 2027-01-01 snapshot; four events at days 0, 2, 4, 6. Event estimates are not additive."
SC00605,Independent recovery experiment 00605,Four_event_stress,4,1.0,1.0,1.0,1.0,South,"Independent 2027-01-01 snapshot; four events at days 0, 2, 4, 6. Event estimates are not additive."
SC00606,Independent recovery experiment 00606,Four_event_stress,4,1.0,1.0,1.0,1.0,West,"Independent 2027-01-01 snapshot; four events at days 0, 2, 4, 6. Event estimates are not additive."
SC00607,Independent recovery experiment 00607,Four_event_stress,4,1.0,1.0,1.0,1.0,East,"Independent 2027-01-01 snapshot; four events at days 0, 2, 4, 6. Event estimates are not additive."
SC00608,Independent recovery experiment 00608,Four_event_stress,4,1.0,1.0,1.0,1.0,West,"Independent 2027-01-01 snapshot; four events at days 0, 2, 4, 6. Event estimates are not additive."
SC00609,Independent recovery experiment 00609,Four_event_stress,4,1.0,1.0,1.0,1.0,North,"Independent 2027-01-01 snapshot; four events at days 0, 2, 4, 6. Event estimates are not additive."
SC00610,Independent recovery experiment 00610,Four_event_stress,4,1.0,1.0,1.0,1.0,South,"Independent 2027-01-01 snapshot; four events at days 0, 2, 4, 6. Event estimates are not additive."
SC00611,Independent recovery experiment 00611,Four_event_stress,4,1.0,1.0,1.0,1.0,South,"Independent 2027-01-01 snapshot; four events at days 0, 2, 4, 6. Event estimates are not additive."
SC00612,Independent recovery experiment 00612,Four_event_stress,4,1.0,1.0,1.0,1.0,West,"Independent 2027-01-01 snapshot; four events at days 0, 2, 4, 6. Event estimates are not additive."
SC00613,Independent recovery experiment 00613,Four_event_stress,4,1.0,1.0,1.0,1.0,North,"Independent 2027-01-01 snapshot; four events at days 0, 2, 4, 6. Event estimates are not additive."
SC00614,Independent recovery experiment 00614,Four_event_stress,4,1.0,1.0,1.0,1.0,South,"Independent 2027-01-01 snapshot; four events at days 0, 2, 4, 6. Event estimates are not additive."
SC00615,Independent recovery experiment 00615,Four_event_stress,4,1.0,1.0,1.0,1.0,South,"Independent 2027-01-01 snapshot; four events at days 0, 2, 4, 6. Event estimates are not additive."
SC00616,Independent recovery experiment 00616,Four_event_stress,4,1.0,1.0,1.0,1.0,West,"Independent 2027-01-01 snapshot; four events at days 0, 2, 4, 6. Event estimates are not additive."
SC00617,Independent recovery experiment 00617,Four_event_stress,4,1.0,1.0,1.0,1.0,East,"Independent 2027-01-01 snapshot; four events at days 0, 2, 4, 6. Event estimates are not additive."
SC00618,Independent recovery experiment 00618,Four_event_stress,4,1.0,1.0,1.0,1.0,West,"Independent 2027-01-01 snapshot; four events at days 0, 2, 4, 6. Event estimates are not additive."
SC00619,Independent recovery experiment 00619,Four_event_stress,4,1.0,1.0,1.0,1.0,North,"Independent 2027-01-01 snapshot; four events at days 0, 2, 4, 6. Event estimates are not additive."
SC00620,Independent recovery experiment 00620,Four_event_stress,4,1.0,1.0,1.0,1.0,South,"Independent 2027-01-01 snapshot; four events at days 0, 2, 4, 6. Event estimates are not additive."
SC00621,Independent recovery experiment 00621,Four_event_stress,4,1.0,1.0,1.0,1.0,South,"Independent 2027-01-01 snapshot; four events at days 0, 2, 4, 6. Event estimates are not additive."
SC00622,Independent recovery experiment 00622,Four_event_stress,4,1.0,1.0,1.0,1.0,West,"Independent 2027-01-01 snapshot; four events at days 0, 2, 4, 6. Event estimates are not additive."
SC00623,Independent recovery experiment 00623,Four_event_stress,4,1.0,1.0,1.0,1.0,North,"Independent 2027-01-01 snapshot; four events at days 0, 2, 4, 6. Event estimates are not additive."
SC00624,Independent recovery experiment 00624,Four_event_stress,4,1.0,1.0,1.0,1.0,South,"Independent 2027-01-01 snapshot; four events at days 0, 2, 4, 6. Event estimates are not additive."
SC00625,Independent recovery experiment 00625,Four_event_stress,4,1.0,1.0,1.0,1.0,South,"Independent 2027-01-01 snapshot; four events at days 0, 2, 4, 6. Event estimates are not additive."
SC00626,Independent recovery experiment 00626,Four_event_stress,4,1.0,1.0,1.0,1.0,West,"Independent 2027-01-01 snapshot; four events at days 0, 2, 4, 6. Event estimates are not additive."
SC00627,Independent recovery experiment 00627,Four_event_stress,4,1.0,1.0,1.0,1.0,East,"Independent 2027-01-01 snapshot; four events at days 0, 2, 4, 6. Event estimates are not additive."
SC00628,Independent recovery experiment 00628,Four_event_stress,4,1.0,1.0,1.0,1.0,West,"Independent 2027-01-01 snapshot; four events at days 0, 2, 4, 6. Event estimates are not additive."
SC00629,Independent recovery experiment 00629,Four_event_stress,4,1.0,1.0,1.0,1.0,North,"Independent 2027-01-01 snapshot; four events at days 0, 2, 4, 6. Event estimates are not additive."
SC00630,Independent recovery experiment 00630,Four_event_stress,4,1.0,1.0,1.0,1.0,South,"Independent 2027-01-01 snapshot; four events at days 0, 2, 4, 6. Event estimates are not additive."
SC00631,Independent recovery experiment 00631,Four_event_stress,4,1.0,1.0,1.0,1.0,South,"Independent 2027-01-01 snapshot; four events at days 0, 2, 4, 6. Event estimates are not additive."
SC00632,Independent recovery experiment 00632,Four_event_stress,4,1.0,1.0,1.0,1.0,West,"Independent 2027-01-01 snapshot; four events at days 0, 2, 4, 6. Event estimates are not additive."
SC00633,Independent recovery experiment 00633,Four_event_stress,4,1.0,1.0,1.0,1.0,North,"Independent 2027-01-01 snapshot; four events at days 0, 2, 4, 6. Event estimates are not additive."
SC00634,Independent recovery experiment 00634,Four_event_stress,4,1.0,1.0,1.0,1.0,South,"Independent 2027-01-01 snapshot; four events at days 0, 2, 4, 6. Event estimates are not additive."
SC00635,Independent recovery experiment 00635,Four_event_stress,4,1.0,1.0,1.0,1.0,South,"Independent 2027-01-01 snapshot; four events at days 0, 2, 4, 6. Event estimates are not additive."
SC00636,Independent recovery experiment 00636,Four_event_stress,4,1.0,1.0,1.0,1.0,West,"Independent 2027-01-01 snapshot; four events at days 0, 2, 4, 6. Event estimates are not additive."
SC00637,Independent recovery experiment 00637,Four_event_stress,4,1.0,1.0,1.0,1.0,East,"Independent 2027-01-01 snapshot; four events at days 0, 2, 4, 6. Event estimates are not additive."
SC00638,Independent recovery experiment 00638,Four_event_stress,4,1.0,1.0,1.0,1.0,West,"Independent 2027-01-01 snapshot; four events at days 0, 2, 4, 6. Event estimates are not additive."
SC00639,Independent recovery experiment 00639,Four_event_stress,4,1.0,1.0,1.0,1.0,North,"Independent 2027-01-01 snapshot; four events at days 0, 2, 4, 6. Event estimates are not additive."
SC00640,Independent recovery experiment 00640,Four_event_stress,4,1.0,1.0,1.0,1.0,South,"Independent 2027-01-01 snapshot; four events at days 0, 2, 4, 6. Event estimates are not additive."
SC00641,Independent recovery experiment 00641,Four_event_stress,4,1.0,1.0,1.0,1.0,South,"Independent 2027-01-01 snapshot; four events at days 0, 2, 4, 6. Event estimates are not additive."
SC00642,Independent recovery experiment 00642,Four_event_stress,4,1.0,1.0,1.0,1.0,West,"Independent 2027-01-01 snapshot; four events at days 0, 2, 4, 6. Event estimates are not additive."
SC00643,Independent recovery experiment 00643,Four_event_stress,4,1.0,1.0,1.0,1.0,North,"Independent 2027-01-01 snapshot; four events at days 0, 2, 4, 6. Event estimates are not additive."
SC00644,Independent recovery experiment 00644,Four_event_stress,4,1.0,1.0,1.0,1.0,South,"Independent 2027-01-01 snapshot; four events at days 0, 2, 4, 6. Event estimates are not additive."
SC00645,Independent recovery experiment 00645,Four_event_stress,4,1.0,1.0,1.0,1.0,South,"Independent 2027-01-01 snapshot; four events at days 0, 2, 4, 6. Event estimates are not additive."
SC00646,Independent recovery experiment 00646,Four_event_stress,4,1.0,1.0,1.0,1.0,West,"Independent 2027-01-01 snapshot; four events at days 0, 2, 4, 6. Event estimates are not additive."
SC00647,Independent recovery experiment 00647,Four_event_stress,4,1.0,1.0,1.0,1.0,East,"Independent 2027-01-01 snapshot; four events at days 0, 2, 4, 6. Event estimates are not additive."
SC00648,Independent recovery experiment 00648,Four_event_stress,4,1.0,1.0,1.0,1.0,West,"Independent 2027-01-01 snapshot; four events at days 0, 2, 4, 6. Event estimates are not additive."
SC00649,Independent recovery experiment 00649,Four_event_stress,4,1.0,1.0,1.0,1.0,North,"Independent 2027-01-01 snapshot; four events at days 0, 2, 4, 6. Event estimates are not additive."
SC00650,Independent recovery experiment 00650,Four_event_stress,4,1.0,1.0,1.0,1.0,South,"Independent 2027-01-01 snapshot; four events at days 0, 2, 4, 6. Event estimates are not additive."
SC00651,Independent recovery experiment 00651,Four_event_stress,4,1.0,1.0,1.0,1.0,South,"Independent 2027-01-01 snapshot; four events at days 0, 2, 4, 6. Event estimates are not additive."
SC00652,Independent recovery experiment 00652,Four_event_stress,4,1.0,1.0,1.0,1.0,West,"Independent 2027-01-01 snapshot; four events at days 0, 2, 4, 6. Event estimates are not additive."
SC00653,Independent recovery experiment 00653,Four_event_stress,4,1.0,1.0,1.0,1.0,North,"Independent 2027-01-01 snapshot; four events at days 0, 2, 4, 6. Event estimates are not additive."
SC00654,Independent recovery experiment 00654,Four_event_stress,4,1.0,1.0,1.0,1.0,South,"Independent 2027-01-01 snapshot; four events at days 0, 2, 4, 6. Event estimates are not additive."
SC00655,Independent recovery experiment 00655,Four_event_stress,4,1.0,1.0,1.0,1.0,South,"Independent 2027-01-01 snapshot; four events at days 0, 2, 4, 6. Event estimates are not additive."
SC00656,Independent recovery experiment 00656,Four_event_stress,4,1.0,1.0,1.0,1.0,West,"Independent 2027-01-01 snapshot; four events at days 0, 2, 4, 6. Event estimates are not additive."
SC00657,Independent recovery experiment 00657,Four_event_stress,4,1.0,1.0,1.0,1.0,East,"Independent 2027-01-01 snapshot; four events at days 0, 2, 4, 6. Event estimates are not additive."
SC00658,Independent recovery experiment 00658,Four_event_stress,4,1.0,1.0,1.0,1.0,West,"Independent 2027-01-01 snapshot; four events at days 0, 2, 4, 6. Event estimates are not additive."
SC00659,Independent recovery experiment 00659,Four_event_stress,4,1.0,1.0,1.0,1.0,North,"Independent 2027-01-01 snapshot; four events at days 0, 2, 4, 6. Event estimates are not additive."
SC00660,Independent recovery experiment 00660,Four_event_stress,4,1.0,1.0,1.0,1.0,South,"Independent 2027-01-01 snapshot; four events at days 0, 2, 4, 6. Event estimates are not additive."
SC00661,Independent recovery experiment 00661,Four_event_stress,4,1.0,1.0,1.0,1.0,South,"Independent 2027-01-01 snapshot; four events at days 0, 2, 4, 6. Event estimates are not additive."
SC00662,Independent recovery experiment 00662,Four_event_stress,4,1.0,1.0,1.0,1.0,West,"Independent 2027-01-01 snapshot; four events at days 0, 2, 4, 6. Event estimates are not additive."
SC00663,Independent recovery experiment 00663,Four_event_stress,4,1.0,1.0,1.0,1.0,North,"Independent 2027-01-01 snapshot; four events at days 0, 2, 4, 6. Event estimates are not additive."
SC00664,Independent recovery experiment 00664,Four_event_stress,4,1.0,1.0,1.0,1.0,South,"Independent 2027-01-01 snapshot; four events at days 0, 2, 4, 6. Event estimates are not additive."
SC00665,Independent recovery experiment 00665,Four_event_stress,4,1.0,1.0,1.0,1.0,South,"Independent 2027-01-01 snapshot; four events at days 0, 2, 4, 6. Event estimates are not additive."
SC00666,Independent recovery experiment 00666,Four_event_stress,4,1.0,1.0,1.0,1.0,West,"Independent 2027-01-01 snapshot; four events at days 0, 2, 4, 6. Event estimates are not additive."
SC00667,Independent recovery experiment 00667,Four_event_stress,4,1.0,1.0,1.0,1.0,East,"Independent 2027-01-01 snapshot; four events at days 0, 2, 4, 6. Event estimates are not additive."
SC00668,Independent recovery experiment 00668,Four_event_stress,4,1.0,1.0,1.0,1.0,West,"Independent 2027-01-01 snapshot; four events at days 0, 2, 4, 6. Event estimates are not additive."
SC00669,Independent recovery experiment 00669,Four_event_stress,4,1.0,1.0,1.0,1.0,North,"Independent 2027-01-01 snapshot; four events at days 0, 2, 4, 6. Event estimates are not additive."
SC00670,Independent recovery experiment 00670,Four_event_stress,4,1.0,1.0,1.0,1.0,South,"Independent 2027-01-01 snapshot; four events at days 0, 2, 4, 6. Event estimates are not additive."
SC00671,Independent recovery experiment 00671,Four_event_stress,4,1.0,1.0,1.0,1.0,South,"Independent 2027-01-01 snapshot; four events at days 0, 2, 4, 6. Event estimates are not additive."
SC00672,Independent recovery experiment 00672,Four_event_stress,4,1.0,1.0,1.0,1.0,West,"Independent 2027-01-01 snapshot; four events at days 0, 2, 4, 6. Event estimates are not additive."
SC00673,Independent recovery experiment 00673,Four_event_stress,4,1.0,1.0,1.0,1.0,North,"Independent 2027-01-01 snapshot; four events at days 0, 2, 4, 6. Event estimates are not additive."
SC00674,Independent recovery experiment 00674,Four_event_stress,4,1.0,1.0,1.0,1.0,South,"Independent 2027-01-01 snapshot; four events at days 0, 2, 4, 6. Event estimates are not additive."
SC00675,Independent recovery experiment 00675,Four_event_stress,4,1.0,1.0,1.0,1.0,South,"Independent 2027-01-01 snapshot; four events at days 0, 2, 4, 6. Event estimates are not additive."
SC00676,Independent recovery experiment 00676,Four_event_stress,4,1.0,1.0,1.0,1.0,West,"Independent 2027-01-01 snapshot; four events at days 0, 2, 4, 6. Event estimates are not additive."
SC00677,Independent recovery experiment 00677,Four_event_stress,4,1.0,1.0,1.0,1.0,East,"Independent 2027-01-01 snapshot; four events at days 0, 2, 4, 6. Event estimates are not additive."
SC00678,Independent recovery experiment 00678,Four_event_stress,4,1.0,1.0,1.0,1.0,West,"Independent 2027-01-01 snapshot; four events at days 0, 2, 4, 6. Event estimates are not additive."
SC00679,Independent recovery experiment 00679,Four_event_stress,4,1.0,1.0,1.0,1.0,North,"Independent 2027-01-01 snapshot; four events at days 0, 2, 4, 6. Event estimates are not additive."
SC00680,Independent recovery experiment 00680,Four_event_stress,4,1.0,1.0,1.0,1.0,South,"Independent 2027-01-01 snapshot; four events at days 0, 2, 4, 6. Event estimates are not additive."
SC00681,Independent recovery experiment 00681,Four_event_stress,4,1.0,1.0,1.0,1.0,South,"Independent 2027-01-01 snapshot; four events at days 0, 2, 4, 6. Event estimates are not additive."
SC00682,Independent recovery experiment 00682,Four_event_stress,4,1.0,1.0,1.0,1.0,West,"Independent 2027-01-01 snapshot; four events at days 0, 2, 4, 6. Event estimates are not additive."
SC00683,Independent recovery experiment 00683,Four_event_stress,4,1.0,1.0,1.0,1.0,North,"Independent 2027-01-01 snapshot; four events at days 0, 2, 4, 6. Event estimates are not additive."
SC00684,Independent recovery experiment 00684,Four_event_stress,4,1.0,1.0,1.0,1.0,South,"Independent 2027-01-01 snapshot; four events at days 0, 2, 4, 6. Event estimates are not additive."
SC00685,Independent recovery experiment 00685,Four_event_stress,4,1.0,1.0,1.0,1.0,South,"Independent 2027-01-01 snapshot; four events at days 0, 2, 4, 6. Event estimates are not additive."
SC00686,Independent recovery experiment 00686,Four_event_stress,4,1.0,1.0,1.0,1.0,West,"Independent 2027-01-01 snapshot; four events at days 0, 2, 4, 6. Event estimates are not additive."
SC00687,Independent recovery experiment 00687,Four_event_stress,4,1.0,1.0,1.0,1.0,East,"Independent 2027-01-01 snapshot; four events at days 0, 2, 4, 6. Event estimates are not additive."
SC00688,Independent recovery experiment 00688,Four_event_stress,4,1.0,1.0,1.0,1.0,West,"Independent 2027-01-01 snapshot; four events at days 0, 2, 4, 6. Event estimates are not additive."
SC00689,Independent recovery experiment 00689,Four_event_stress,4,1.0,1.0,1.0,1.0,North,"Independent 2027-01-01 snapshot; four events at days 0, 2, 4, 6. Event estimates are not additive."
SC00690,Independent recovery experiment 00690,Four_event_stress,4,1.0,1.0,1.0,1.0,South,"Independent 2027-01-01 snapshot; four events at days 0, 2, 4, 6. Event estimates are not additive."
SC00691,Independent recovery experiment 00691,Four_event_stress,4,1.0,1.0,1.0,1.0,South,"Independent 2027-01-01 snapshot; four events at days 0, 2, 4, 6. Event estimates are not additive."
SC00692,Independent recovery experiment 00692,Four_event_stress,4,1.0,1.0,1.0,1.0,West,"Independent 2027-01-01 snapshot; four events at days 0, 2, 4, 6. Event estimates are not additive."
SC00693,Independent recovery experiment 00693,Four_event_stress,4,1.0,1.0,1.0,1.0,North,"Independent 2027-01-01 snapshot; four events at days 0, 2, 4, 6. Event estimates are not additive."
SC00694,Independent recovery experiment 00694,Four_event_stress,4,1.0,1.0,1.0,1.0,South,"Independent 2027-01-01 snapshot; four events at days 0, 2, 4, 6. Event estimates are not additive."
SC00695,Independent recovery experiment 00695,Four_event_stress,4,1.0,1.0,1.0,1.0,South,"Independent 2027-01-01 snapshot; four events at days 0, 2, 4, 6. Event estimates are not additive."
SC00696,Independent recovery experiment 00696,Four_event_stress,4,1.0,1.0,1.0,1.0,West,"Independent 2027-01-01 snapshot; four events at days 0, 2, 4, 6. Event estimates are not additive."
SC00697,Independent recovery experiment 00697,Four_event_stress,4,1.0,1.0,1.0,1.0,East,"Independent 2027-01-01 snapshot; four events at days 0, 2, 4, 6. Event estimates are not additive."
SC00698,Independent recovery experiment 00698,Four_event_stress,4,1.0,1.0,1.0,1.0,West,"Independent 2027-01-01 snapshot; four events at days 0, 2, 4, 6. Event estimates are not additive."
SC00699,Independent recovery experiment 00699,Four_event_stress,4,1.0,1.0,1.0,1.0,North,"Independent 2027-01-01 snapshot; four events at days 0, 2, 4, 6. Event estimates are not additive."
SC00700,Independent recovery experiment 00700,Four_event_stress,4,1.0,1.0,1.0,1.0,South,"Independent 2027-01-01 snapshot; four events at days 0, 2, 4, 6. Event estimates are not additive."
SC00701,Independent recovery experiment 00701,Four_event_stress,4,1.0,1.0,1.0,1.0,South,"Independent 2027-01-01 snapshot; four events at days 0, 2, 4, 6. Event estimates are not additive."
SC00702,Independent recovery experiment 00702,Four_event_stress,4,1.0,1.0,1.0,1.0,West,"Independent 2027-01-01 snapshot; four events at days 0, 2, 4, 6. Event estimates are not additive."
SC00703,Independent recovery experiment 00703,Four_event_stress,4,1.0,1.0,1.0,1.0,North,"Independent 2027-01-01 snapshot; four events at days 0, 2, 4, 6. Event estimates are not additive."
SC00704,Independent recovery experiment 00704,Four_event_stress,4,1.0,1.0,1.0,1.0,South,"Independent 2027-01-01 snapshot; four events at days 0, 2, 4, 6. Event estimates are not additive."
SC00705,Independent recovery experiment 00705,Four_event_stress,4,1.0,1.0,1.0,1.0,South,"Independent 2027-01-01 snapshot; four events at days 0, 2, 4, 6. Event estimates are not additive."
SC00706,Independent recovery experiment 00706,Four_event_stress,4,1.0,1.0,1.0,1.0,West,"Independent 2027-01-01 snapshot; four events at days 0, 2, 4, 6. Event estimates are not additive."
SC00707,Independent recovery experiment 00707,Four_event_stress,4,1.0,1.0,1.0,1.0,East,"Independent 2027-01-01 snapshot; four events at days 0, 2, 4, 6. Event estimates are not additive."
SC00708,Independent recovery experiment 00708,Four_event_stress,4,1.0,1.0,1.0,1.0,West,"Independent 2027-01-01 snapshot; four events at days 0, 2, 4, 6. Event estimates are not additive."
SC00709,Independent recovery experiment 00709,Four_event_stress,4,1.0,1.0,1.0,1.0,North,"Independent 2027-01-01 snapshot; four events at days 0, 2, 4, 6. Event estimates are not additive."
SC00710,Independent recovery experiment 00710,Four_event_stress,4,1.0,1.0,1.0,1.0,South,"Independent 2027-01-01 snapshot; four events at days 0, 2, 4, 6. Event estimates are not additive."
SC00711,Independent recovery experiment 00711,Four_event_stress,4,1.0,1.0,1.0,1.0,South,"Independent 2027-01-01 snapshot; four events at days 0, 2, 4, 6. Event estimates are not additive."
SC00712,Independent recovery experiment 00712,Four_event_stress,4,1.0,1.0,1.0,1.0,West,"Independent 2027-01-01 snapshot; four events at days 0, 2, 4, 6. Event estimates are not additive."
SC00713,Independent recovery experiment 00713,Four_event_stress,4,1.0,1.0,1.0,1.0,North,"Independent 2027-01-01 snapshot; four events at days 0, 2, 4, 6. Event estimates are not additive."
SC00714,Independent recovery experiment 00714,Four_event_stress,4,1.0,1.0,1.0,1.0,South,"Independent 2027-01-01 snapshot; four events at days 0, 2, 4, 6. Event estimates are not additive."
SC00715,Independent recovery experiment 00715,Four_event_stress,4,1.0,1.0,1.0,1.0,South,"Independent 2027-01-01 snapshot; four events at days 0, 2, 4, 6. Event estimates are not additive."
SC00716,Independent recovery experiment 00716,Four_event_stress,4,1.0,1.0,1.0,1.0,West,"Independent 2027-01-01 snapshot; four events at days 0, 2, 4, 6. Event estimates are not additive."
SC00717,Independent recovery experiment 00717,Four_event_stress,4,1.0,1.0,1.0,1.0,East,"Independent 2027-01-01 snapshot; four events at days 0, 2, 4, 6. Event estimates are not additive."
SC00718,Independent recovery experiment 00718,Four_event_stress,4,1.0,1.0,1.0,1.0,West,"Independent 2027-01-01 snapshot; four events at days 0, 2, 4, 6. Event estimates are not additive."
SC00719,Independent recovery experiment 00719,Four_event_stress,4,1.0,1.0,1.0,1.0,North,"Independent 2027-01-01 snapshot; four events at days 0, 2, 4, 6. Event estimates are not additive."
SC00720,Independent recovery experiment 00720,Four_event_stress,4,1.0,1.0,1.0,1.0,South,"Independent 2027-01-01 snapshot; four events at days 0, 2, 4, 6. Event estimates are not additive."
SC00721,Independent recovery experiment 00721,Four_event_stress,4,1.0,1.0,1.0,1.0,South,"Independent 2027-01-01 snapshot; four events at days 0, 2, 4, 6. Event estimates are not additive."
SC00722,Independent recovery experiment 00722,Four_event_stress,4,1.0,1.0,1.0,1.0,West,"Independent 2027-01-01 snapshot; four events at days 0, 2, 4, 6. Event estimates are not additive."
SC00723,Independent recovery experiment 00723,Four_event_stress,4,1.0,1.0,1.0,1.0,North,"Independent 2027-01-01 snapshot; four events at days 0, 2, 4, 6. Event estimates are not additive."
SC00724,Independent recovery experiment 00724,Four_event_stress,4,1.0,1.0,1.0,1.0,South,"Independent 2027-01-01 snapshot; four events at days 0, 2, 4, 6. Event estimates are not additive."
SC00725,Independent recovery experiment 00725,Four_event_stress,4,1.0,1.0,1.0,1.0,South,"Independent 2027-01-01 snapshot; four events at days 0, 2, 4, 6. Event estimates are not additive."
SC00726,Independent recovery experiment 00726,Four_event_stress,4,1.0,1.0,1.0,1.0,West,"Independent 2027-01-01 snapshot; four events at days 0, 2, 4, 6. Event estimates are not additive."
SC00727,Independent recovery experiment 00727,Four_event_stress,4,1.0,1.0,1.0,1.0,East,"Independent 2027-01-01 snapshot; four events at days 0, 2, 4, 6. Event estimates are not additive."
SC00728,Independent recovery experiment 00728,Four_event_stress,4,1.0,1.0,1.0,1.0,West,"Independent 2027-01-01 snapshot; four events at days 0, 2, 4, 6. Event estimates are not additive."
SC00729,Independent recovery experiment 00729,Four_event_stress,4,1.0,1.0,1.0,1.0,North,"Independent 2027-01-01 snapshot; four events at days 0, 2, 4, 6. Event estimates are not additive."
SC00730,Independent recovery experiment 00730,Four_event_stress,4,1.0,1.0,1.0,1.0,South,"Independent 2027-01-01 snapshot; four events at days 0, 2, 4, 6. Event estimates are not additive."
SC00731,Independent recovery experiment 00731,Four_event_stress,4,1.0,1.0,1.0,1.0,South,"Independent 2027-01-01 snapshot; four events at days 0, 2, 4, 6. Event estimates are not additive."
SC00732,Independent recovery experiment 00732,Four_event_stress,4,1.0,1.0,1.0,1.0,West,"Independent 2027-01-01 snapshot; four events at days 0, 2, 4, 6. Event estimates are not additive."
SC00733,Independent recovery experiment 00733,Four_event_stress,4,1.0,1.0,1.0,1.0,North,"Independent 2027-01-01 snapshot; four events at days 0, 2, 4, 6. Event estimates are not additive."
SC00734,Independent recovery experiment 00734,Four_event_stress,4,1.0,1.0,1.0,1.0,South,"Independent 2027-01-01 snapshot; four events at days 0, 2, 4, 6. Event estimates are not additive."
SC00735,Independent recovery experiment 00735,Four_event_stress,4,1.0,1.0,1.0,1.0,South,"Independent 2027-01-01 snapshot; four events at days 0, 2, 4, 6. Event estimates are not additive."
SC00736,Independent recovery experiment 00736,Four_event_stress,4,1.0,1.0,1.0,1.0,West,"Independent 2027-01-01 snapshot; four events at days 0, 2, 4, 6. Event estimates are not additive."
SC00737,Independent recovery experiment 00737,Four_event_stress,4,1.0,1.0,1.0,1.0,East,"Independent 2027-01-01 snapshot; four events at days 0, 2, 4, 6. Event estimates are not additive."
SC00738,Independent recovery experiment 00738,Four_event_stress,4,1.0,1.0,1.0,1.0,West,"Independent 2027-01-01 snapshot; four events at days 0, 2, 4, 6. Event estimates are not additive."
SC00739,Independent recovery experiment 00739,Four_event_stress,4,1.0,1.0,1.0,1.0,North,"Independent 2027-01-01 snapshot; four events at days 0, 2, 4, 6. Event estimates are not additive."
SC00740,Independent recovery experiment 00740,Four_event_stress,4,1.0,1.0,1.0,1.0,South,"Independent 2027-01-01 snapshot; four events at days 0, 2, 4, 6. Event estimates are not additive."
SC00741,Independent recovery experiment 00741,Four_event_stress,4,1.0,1.0,1.0,1.0,South,"Independent 2027-01-01 snapshot; four events at days 0, 2, 4, 6. Event estimates are not additive."
SC00742,Independent recovery experiment 00742,Four_event_stress,4,1.0,1.0,1.0,1.0,West,"Independent 2027-01-01 snapshot; four events at days 0, 2, 4, 6. Event estimates are not additive."
SC00743,Independent recovery experiment 00743,Four_event_stress,4,1.0,1.0,1.0,1.0,North,"Independent 2027-01-01 snapshot; four events at days 0, 2, 4, 6. Event estimates are not additive."
SC00744,Independent recovery experiment 00744,Four_event_stress,4,1.0,1.0,1.0,1.0,South,"Independent 2027-01-01 snapshot; four events at days 0, 2, 4, 6. Event estimates are not additive."
SC00745,Independent recovery experiment 00745,Four_event_stress,4,1.0,1.0,1.0,1.0,South,"Independent 2027-01-01 snapshot; four events at days 0, 2, 4, 6. Event estimates are not additive."
SC00746,Independent recovery experiment 00746,Four_event_stress,4,1.0,1.0,1.0,1.0,West,"Independent 2027-01-01 snapshot; four events at days 0, 2, 4, 6. Event estimates are not additive."
SC00747,Independent recovery experiment 00747,Four_event_stress,4,1.0,1.0,1.0,1.0,East,"Independent 2027-01-01 snapshot; four events at days 0, 2, 4, 6. Event estimates are not additive."
SC00748,Independent recovery experiment 00748,Four_event_stress,4,1.0,1.0,1.0,1.0,West,"Independent 2027-01-01 snapshot; four events at days 0, 2, 4, 6. Event estimates are not additive."
SC00749,Independent recovery experiment 00749,Four_event_stress,4,1.0,1.0,1.0,1.0,North,"Independent 2027-01-01 snapshot; four events at days 0, 2, 4, 6. Event estimates are not additive."
SC00750,Independent recovery experiment 00750,Four_event_stress,4,1.0,1.0,1.0,1.0,South,"Independent 2027-01-01 snapshot; four events at days 0, 2, 4, 6. Event estimates are not additive."
SC00751,Independent recovery experiment 00751,Four_event_stress,4,1.0,1.0,1.0,1.0,South,"Independent 2027-01-01 snapshot; four events at days 0, 2, 4, 6. Event estimates are not additive."
SC00752,Independent recovery experiment 00752,Four_event_stress,4,1.0,1.0,1.0,1.0,West,"Independent 2027-01-01 snapshot; four events at days 0, 2, 4, 6. Event estimates are not additive."
SC00753,Independent recovery experiment 00753,Four_event_stress,4,1.0,1.0,1.0,1.0,North,"Independent 2027-01-01 snapshot; four events at days 0, 2, 4, 6. Event estimates are not additive."
SC00754,Independent recovery experiment 00754,Four_event_stress,4,1.0,1.0,1.0,1.0,South,"Independent 2027-01-01 snapshot; four events at days 0, 2, 4, 6. Event estimates are not additive."
SC00755,Independent recovery experiment 00755,Four_event_stress,4,1.0,1.0,1.0,1.0,South,"Independent 2027-01-01 snapshot; four events at days 0, 2, 4, 6. Event estimates are not additive."
SC00756,Independent recovery experiment 00756,Four_event_stress,4,1.0,1.0,1.0,1.0,West,"Independent 2027-01-01 snapshot; four events at days 0, 2, 4, 6. Event estimates are not additive."
SC00757,Independent recovery experiment 00757,Four_event_stress,4,1.0,1.0,1.0,1.0,East,"Independent 2027-01-01 snapshot; four events at days 0, 2, 4, 6. Event estimates are not additive."
SC00758,Independent recovery experiment 00758,Four_event_stress,4,1.0,1.0,1.0,1.0,West,"Independent 2027-01-01 snapshot; four events at days 0, 2, 4, 6. Event estimates are not additive."
SC00759,Independent recovery experiment 00759,Four_event_stress,4,1.0,1.0,1.0,1.0,North,"Independent 2027-01-01 snapshot; four events at days 0, 2, 4, 6. Event estimates are not additive."
SC00760,Independent recovery experiment 00760,Four_event_stress,4,1.0,1.0,1.0,1.0,South,"Independent 2027-01-01 snapshot; four events at days 0, 2, 4, 6. Event estimates are not additive."
SC00761,Independent recovery experiment 00761,Four_event_stress,4,1.0,1.0,1.0,1.0,South,"Independent 2027-01-01 snapshot; four events at days 0, 2, 4, 6. Event estimates are not additive."
SC00762,Independent recovery experiment 00762,Four_event_stress,4,1.0,1.0,1.0,1.0,West,"Independent 2027-01-01 snapshot; four events at days 0, 2, 4, 6. Event estimates are not additive."
SC00763,Independent recovery experiment 00763,Four_event_stress,4,1.0,1.0,1.0,1.0,North,"Independent 2027-01-01 snapshot; four events at days 0, 2, 4, 6. Event estimates are not additive."
SC00764,Independent recovery experiment 00764,Four_event_stress,4,1.0,1.0,1.0,1.0,South,"Independent 2027-01-01 snapshot; four events at days 0, 2, 4, 6. Event estimates are not additive."
SC00765,Independent recovery experiment 00765,Four_event_stress,4,1.0,1.0,1.0,1.0,South,"Independent 2027-01-01 snapshot; four events at days 0, 2, 4, 6. Event estimates are not additive."
SC00766,Independent recovery experiment 00766,Four_event_stress,4,1.0,1.0,1.0,1.0,West,"Independent 2027-01-01 snapshot; four events at days 0, 2, 4, 6. Event estimates are not additive."
SC00767,Independent recovery experiment 00767,Four_event_stress,4,1.0,1.0,1.0,1.0,East,"Independent 2027-01-01 snapshot; four events at days 0, 2, 4, 6. Event estimates are not additive."
SC00768,Independent recovery experiment 00768,Four_event_stress,4,1.0,1.0,1.0,1.0,West,"Independent 2027-01-01 snapshot; four events at days 0, 2, 4, 6. Event estimates are not additive."
SC00769,Independent recovery experiment 00769,Four_event_stress,4,1.0,1.0,1.0,1.0,North,"Independent 2027-01-01 snapshot; four events at days 0, 2, 4, 6. Event estimates are not additive."
SC00770,Independent recovery experiment 00770,Four_event_stress,4,1.0,1.0,1.0,1.0,South,"Independent 2027-01-01 snapshot; four events at days 0, 2, 4, 6. Event estimates are not additive."
SC00771,Independent recovery experiment 00771,Four_event_stress,4,1.0,1.0,1.0,1.0,South,"Independent 2027-01-01 snapshot; four events at days 0, 2, 4, 6. Event estimates are not additive."
SC00772,Independent recovery experiment 00772,Four_event_stress,4,1.0,1.0,1.0,1.0,West,"Independent 2027-01-01 snapshot; four events at days 0, 2, 4, 6. Event estimates are not additive."
SC00773,Independent recovery experiment 00773,Four_event_stress,4,1.0,1.0,1.0,1.0,North,"Independent 2027-01-01 snapshot; four events at days 0, 2, 4, 6. Event estimates are not additive."
SC00774,Independent recovery experiment 00774,Four_event_stress,4,1.0,1.0,1.0,1.0,South,"Independent 2027-01-01 snapshot; four events at days 0, 2, 4, 6. Event estimates are not additive."
SC00775,Independent recovery experiment 00775,Four_event_stress,4,1.0,1.0,1.0,1.0,South,"Independent 2027-01-01 snapshot; four events at days 0, 2, 4, 6. Event estimates are not additive."
SC00776,Independent recovery experiment 00776,Four_event_stress,4,1.0,1.0,1.0,1.0,West,"Independent 2027-01-01 snapshot; four events at days 0, 2, 4, 6. Event estimates are not additive."
SC00777,Independent recovery experiment 00777,Four_event_stress,4,1.0,1.0,1.0,1.0,East,"Independent 2027-01-01 snapshot; four events at days 0, 2, 4, 6. Event estimates are not additive."
SC00778,Independent recovery experiment 00778,Four_event_stress,4,1.0,1.0,1.0,1.0,West,"Independent 2027-01-01 snapshot; four events at days 0, 2, 4, 6. Event estimates are not additive."
SC00779,Independent recovery experiment 00779,Four_event_stress,4,1.0,1.0,1.0,1.0,North,"Independent 2027-01-01 snapshot; four events at days 0, 2, 4, 6. Event estimates are not additive."
SC00780,Independent recovery experiment 00780,Four_event_stress,4,1.0,1.0,1.0,1.0,South,"Independent 2027-01-01 snapshot; four events at days 0, 2, 4, 6. Event estimates are not additive."
SC00781,Independent recovery experiment 00781,Four_event_stress,4,1.0,1.0,1.0,1.0,South,"Independent 2027-01-01 snapshot; four events at days 0, 2, 4, 6. Event estimates are not additive."
SC00782,Independent recovery experiment 00782,Four_event_stress,4,1.0,1.0,1.0,1.0,West,"Independent 2027-01-01 snapshot; four events at days 0, 2, 4, 6. Event estimates are not additive."
SC00783,Independent recovery experiment 00783,Four_event_stress,4,1.0,1.0,1.0,1.0,North,"Independent 2027-01-01 snapshot; four events at days 0, 2, 4, 6. Event estimates are not additive."
SC00784,Independent recovery experiment 00784,Four_event_stress,4,1.0,1.0,1.0,1.0,South,"Independent 2027-01-01 snapshot; four events at days 0, 2, 4, 6. Event estimates are not additive."
SC00785,Independent recovery experiment 00785,Four_event_stress,4,1.0,1.0,1.0,1.0,South,"Independent 2027-01-01 snapshot; four events at days 0, 2, 4, 6. Event estimates are not additive."
SC00786,Independent recovery experiment 00786,Four_event_stress,4,1.0,1.0,1.0,1.0,West,"Independent 2027-01-01 snapshot; four events at days 0, 2, 4, 6. Event estimates are not additive."
SC00787,Independent recovery experiment 00787,Four_event_stress,4,1.0,1.0,1.0,1.0,East,"Independent 2027-01-01 snapshot; four events at days 0, 2, 4, 6. Event estimates are not additive."
SC00788,Independent recovery experiment 00788,Four_event_stress,4,1.0,1.0,1.0,1.0,West,"Independent 2027-01-01 snapshot; four events at days 0, 2, 4, 6. Event estimates are not additive."
SC00789,Independent recovery experiment 00789,Four_event_stress,4,1.0,1.0,1.0,1.0,North,"Independent 2027-01-01 snapshot; four events at days 0, 2, 4, 6. Event estimates are not additive."
SC00790,Independent recovery experiment 00790,Four_event_stress,4,1.0,1.0,1.0,1.0,South,"Independent 2027-01-01 snapshot; four events at days 0, 2, 4, 6. Event estimates are not additive."
SC00791,Independent recovery experiment 00791,Four_event_stress,4,1.0,1.0,1.0,1.0,South,"Independent 2027-01-01 snapshot; four events at days 0, 2, 4, 6. Event estimates are not additive."
SC00792,Independent recovery experiment 00792,Four_event_stress,4,1.0,1.0,1.0,1.0,West,"Independent 2027-01-01 snapshot; four events at days 0, 2, 4, 6. Event estimates are not additive."
SC00793,Independent recovery experiment 00793,Four_event_stress,4,1.0,1.0,1.0,1.0,North,"Independent 2027-01-01 snapshot; four events at days 0, 2, 4, 6. Event estimates are not additive."
SC00794,Independent recovery experiment 00794,Four_event_stress,4,1.0,1.0,1.0,1.0,South,"Independent 2027-01-01 snapshot; four events at days 0, 2, 4, 6. Event estimates are not additive."
SC00795,Independent recovery experiment 00795,Four_event_stress,4,1.0,1.0,1.0,1.0,South,"Independent 2027-01-01 snapshot; four events at days 0, 2, 4, 6. Event estimates are not additive."
SC00796,Independent recovery experiment 00796,Four_event_stress,4,1.0,1.0,1.0,1.0,West,"Independent 2027-01-01 snapshot; four events at days 0, 2, 4, 6. Event estimates are not additive."
SC00797,Independent recovery experiment 00797,Four_event_stress,4,1.0,1.0,1.0,1.0,East,"Independent 2027-01-01 snapshot; four events at days 0, 2, 4, 6. Event estimates are not additive."
SC00798,Independent recovery experiment 00798,Four_event_stress,4,1.0,1.0,1.0,1.0,West,"Independent 2027-01-01 snapshot; four events at days 0, 2, 4, 6. Event estimates are not additive."
SC00799,Independent recovery experiment 00799,Four_event_stress,4,1.0,1.0,1.0,1.0,North,"Independent 2027-01-01 snapshot; four events at days 0, 2, 4, 6. Event estimates are not additive."
SC00800,Independent recovery experiment 00800,Four_event_stress,4,1.0,1.0,1.0,1.0,South,"Independent 2027-01-01 snapshot; four events at days 0, 2, 4, 6. Event estimates are not additive."
SC00801,Independent recovery experiment 00801,Four_event_stress,4,1.0,1.0,1.0,1.0,South,"Independent 2027-01-01 snapshot; four events at days 0, 2, 4, 6. Event estimates are not additive."
SC00802,Independent recovery experiment 00802,Four_event_stress,4,1.0,1.0,1.0,1.0,West,"Independent 2027-01-01 snapshot; four events at days 0, 2, 4, 6. Event estimates are not additive."
SC00803,Independent recovery experiment 00803,Four_event_stress,4,1.0,1.0,1.0,1.0,North,"Independent 2027-01-01 snapshot; four events at days 0, 2, 4, 6. Event estimates are not additive."
SC00804,Independent recovery experiment 00804,Four_event_stress,4,1.0,1.0,1.0,1.0,South,"Independent 2027-01-01 snapshot; four events at days 0, 2, 4, 6. Event estimates are not additive."
SC00805,Independent recovery experiment 00805,Four_event_stress,4,1.0,1.0,1.0,1.0,South,"Independent 2027-01-01 snapshot; four events at days 0, 2, 4, 6. Event estimates are not additive."
SC00806,Independent recovery experiment 00806,Four_event_stress,4,1.0,1.0,1.0,1.0,West,"Independent 2027-01-01 snapshot; four events at days 0, 2, 4, 6. Event estimates are not additive."
SC00807,Independent recovery experiment 00807,Four_event_stress,4,1.0,1.0,1.0,1.0,East,"Independent 2027-01-01 snapshot; four events at days 0, 2, 4, 6. Event estimates are not additive."
SC00808,Independent recovery experiment 00808,Four_event_stress,4,1.0,1.0,1.0,1.0,West,"Independent 2027-01-01 snapshot; four events at days 0, 2, 4, 6. Event estimates are not additive."
SC00809,Independent recovery experiment 00809,Four_event_stress,4,1.0,1.0,1.0,1.0,North,"Independent 2027-01-01 snapshot; four events at days 0, 2, 4, 6. Event estimates are not additive."
SC00810,Independent recovery experiment 00810,Four_event_stress,4,1.0,1.0,1.0,1.0,South,"Independent 2027-01-01 snapshot; four events at days 0, 2, 4, 6. Event estimates are not additive."
SC00811,Independent recovery experiment 00811,Four_event_stress,4,1.0,1.0,1.0,1.0,South,"Independent 2027-01-01 snapshot; four events at days 0, 2, 4, 6. Event estimates are not additive."
SC00812,Independent recovery experiment 00812,Four_event_stress,4,1.0,1.0,1.0,1.0,West,"Independent 2027-01-01 snapshot; four events at days 0, 2, 4, 6. Event estimates are not additive."
SC00813,Independent recovery experiment 00813,Four_event_stress,4,1.0,1.0,1.0,1.0,North,"Independent 2027-01-01 snapshot; four events at days 0, 2, 4, 6. Event estimates are not additive."
SC00814,Independent recovery experiment 00814,Four_event_stress,4,1.0,1.0,1.0,1.0,South,"Independent 2027-01-01 snapshot; four events at days 0, 2, 4, 6. Event estimates are not additive."
SC00815,Independent recovery experiment 00815,Four_event_stress,4,1.0,1.0,1.0,1.0,South,"Independent 2027-01-01 snapshot; four events at days 0, 2, 4, 6. Event estimates are not additive."
SC00816,Independent recovery experiment 00816,Four_event_stress,4,1.0,1.0,1.0,1.0,West,"Independent 2027-01-01 snapshot; four events at days 0, 2, 4, 6. Event estimates are not additive."
SC00817,Independent recovery experiment 00817,Four_event_stress,4,1.0,1.0,1.0,1.0,East,"Independent 2027-01-01 snapshot; four events at days 0, 2, 4, 6. Event estimates are not additive."
SC00818,Independent recovery experiment 00818,Four_event_stress,4,1.0,1.0,1.0,1.0,West,"Independent 2027-01-01 snapshot; four events at days 0, 2, 4, 6. Event estimates are not additive."
SC00819,Independent recovery experiment 00819,Four_event_stress,4,1.0,1.0,1.0,1.0,North,"Independent 2027-01-01 snapshot; four events at days 0, 2, 4, 6. Event estimates are not additive."
SC00820,Independent recovery experiment 00820,Four_event_stress,4,1.0,1.0,1.0,1.0,South,"Independent 2027-01-01 snapshot; four events at days 0, 2, 4, 6. Event estimates are not additive."
SC00821,Independent recovery experiment 00821,Four_event_stress,4,1.0,1.0,1.0,1.0,South,"Independent 2027-01-01 snapshot; four events at days 0, 2, 4, 6. Event estimates are not additive."
SC00822,Independent recovery experiment 00822,Four_event_stress,4,1.0,1.0,1.0,1.0,West,"Independent 2027-01-01 snapshot; four events at days 0, 2, 4, 6. Event estimates are not additive."
SC00823,Independent recovery experiment 00823,Four_event_stress,4,1.0,1.0,1.0,1.0,North,"Independent 2027-01-01 snapshot; four events at days 0, 2, 4, 6. Event estimates are not additive."
SC00824,Independent recovery experiment 00824,Four_event_stress,4,1.0,1.0,1.0,1.0,South,"Independent 2027-01-01 snapshot; four events at days 0, 2, 4, 6. Event estimates are not additive."
SC00825,Independent recovery experiment 00825,Four_event_stress,4,1.0,1.0,1.0,1.0,South,"Independent 2027-01-01 snapshot; four events at days 0, 2, 4, 6. Event estimates are not additive."
SC00826,Independent recovery experiment 00826,Four_event_stress,4,1.0,1.0,1.0,1.0,West,"Independent 2027-01-01 snapshot; four events at days 0, 2, 4, 6. Event estimates are not additive."
SC00827,Independent recovery experiment 00827,Four_event_stress,4,1.0,1.0,1.0,1.0,East,"Independent 2027-01-01 snapshot; four events at days 0, 2, 4, 6. Event estimates are not additive."
SC00828,Independent recovery experiment 00828,Four_event_stress,4,1.0,1.0,1.0,1.0,West,"Independent 2027-01-01 snapshot; four events at days 0, 2, 4, 6. Event estimates are not additive."
SC00829,Independent recovery experiment 00829,Four_event_stress,4,1.0,1.0,1.0,1.0,North,"Independent 2027-01-01 snapshot; four events at days 0, 2, 4, 6. Event estimates are not additive."
SC00830,Independent recovery experiment 00830,Four_event_stress,4,1.0,1.0,1.0,1.0,South,"Independent 2027-01-01 snapshot; four events at days 0, 2, 4, 6. Event estimates are not additive."
SC00831,Independent recovery experiment 00831,Four_event_stress,4,1.0,1.0,1.0,1.0,South,"Independent 2027-01-01 snapshot; four events at days 0, 2, 4, 6. Event estimates are not additive."
SC00832,Independent recovery experiment 00832,Four_event_stress,4,1.0,1.0,1.0,1.0,West,"Independent 2027-01-01 snapshot; four events at days 0, 2, 4, 6. Event estimates are not additive."
SC00833,Independent recovery experiment 00833,Four_event_stress,4,1.0,1.0,1.0,1.0,North,"Independent 2027-01-01 snapshot; four events at days 0, 2, 4, 6. Event estimates are not additive."
SC00834,Independent recovery experiment 00834,Four_event_stress,4,1.0,1.0,1.0,1.0,South,"Independent 2027-01-01 snapshot; four events at days 0, 2, 4, 6. Event estimates are not additive."
SC00835,Independent recovery experiment 00835,Four_event_stress,4,1.0,1.0,1.0,1.0,South,"Independent 2027-01-01 snapshot; four events at days 0, 2, 4, 6. Event estimates are not additive."
SC00836,Independent recovery experiment 00836,Four_event_stress,4,1.0,1.0,1.0,1.0,West,"Independent 2027-01-01 snapshot; four events at days 0, 2, 4, 6. Event estimates are not additive."
SC00837,Independent recovery experiment 00837,Four_event_stress,4,1.0,1.0,1.0,1.0,East,"Independent 2027-01-01 snapshot; four events at days 0, 2, 4, 6. Event estimates are not additive."
SC00838,Independent recovery experiment 00838,Four_event_stress,4,1.0,1.0,1.0,1.0,West,"Independent 2027-01-01 snapshot; four events at days 0, 2, 4, 6. Event estimates are not additive."
SC00839,Independent recovery experiment 00839,Four_event_stress,4,1.0,1.0,1.0,1.0,North,"Independent 2027-01-01 snapshot; four events at days 0, 2, 4, 6. Event estimates are not additive."
SC00840,Independent recovery experiment 00840,Four_event_stress,4,1.0,1.0,1.0,1.0,South,"Independent 2027-01-01 snapshot; four events at days 0, 2, 4, 6. Event estimates are not additive."
SC00841,Independent recovery experiment 00841,Four_event_stress,4,1.0,1.0,1.0,1.0,South,"Independent 2027-01-01 snapshot; four events at days 0, 2, 4, 6. Event estimates are not additive."
SC00842,Independent recovery experiment 00842,Four_event_stress,4,1.0,1.0,1.0,1.0,West,"Independent 2027-01-01 snapshot; four events at days 0, 2, 4, 6. Event estimates are not additive."
SC00843,Independent recovery experiment 00843,Four_event_stress,4,1.0,1.0,1.0,1.0,North,"Independent 2027-01-01 snapshot; four events at days 0, 2, 4, 6. Event estimates are not additive."
SC00844,Independent recovery experiment 00844,Four_event_stress,4,1.0,1.0,1.0,1.0,South,"Independent 2027-01-01 snapshot; four events at days 0, 2, 4, 6. Event estimates are not additive."
SC00845,Independent recovery experiment 00845,Four_event_stress,4,1.0,1.0,1.0,1.0,South,"Independent 2027-01-01 snapshot; four events at days 0, 2, 4, 6. Event estimates are not additive."
SC00846,Independent recovery experiment 00846,Four_event_stress,4,1.0,1.0,1.0,1.0,West,"Independent 2027-01-01 snapshot; four events at days 0, 2, 4, 6. Event estimates are not additive."
SC00847,Independent recovery experiment 00847,Four_event_stress,4,1.0,1.0,1.0,1.0,East,"Independent 2027-01-01 snapshot; four events at days 0, 2, 4, 6. Event estimates are not additive."
SC00848,Independent recovery experiment 00848,Four_event_stress,4,1.0,1.0,1.0,1.0,West,"Independent 2027-01-01 snapshot; four events at days 0, 2, 4, 6. Event estimates are not additive."
SC00849,Independent recovery experiment 00849,Four_event_stress,4,1.0,1.0,1.0,1.0,North,"Independent 2027-01-01 snapshot; four events at days 0, 2, 4, 6. Event estimates are not additive."
SC00850,Independent recovery experiment 00850,Four_event_stress,4,1.0,1.0,1.0,1.0,South,"Independent 2027-01-01 snapshot; four events at days 0, 2, 4, 6. Event estimates are not additive."
SC00851,Independent recovery experiment 00851,Four_event_stress,4,1.0,1.0,1.0,1.0,South,"Independent 2027-01-01 snapshot; four events at days 0, 2, 4, 6. Event estimates are not additive."
SC00852,Independent recovery experiment 00852,Four_event_stress,4,1.0,1.0,1.0,1.0,West,"Independent 2027-01-01 snapshot; four events at days 0, 2, 4, 6. Event estimates are not additive."
SC00853,Independent recovery experiment 00853,Four_event_stress,4,1.0,1.0,1.0,1.0,North,"Independent 2027-01-01 snapshot; four events at days 0, 2, 4, 6. Event estimates are not additive."
SC00854,Independent recovery experiment 00854,Four_event_stress,4,1.0,1.0,1.0,1.0,South,"Independent 2027-01-01 snapshot; four events at days 0, 2, 4, 6. Event estimates are not additive."
SC00855,Independent recovery experiment 00855,Four_event_stress,4,1.0,1.0,1.0,1.0,South,"Independent 2027-01-01 snapshot; four events at days 0, 2, 4, 6. Event estimates are not additive."
SC00856,Independent recovery experiment 00856,Four_event_stress,4,1.0,1.0,1.0,1.0,West,"Independent 2027-01-01 snapshot; four events at days 0, 2, 4, 6. Event estimates are not additive."
SC00857,Independent recovery experiment 00857,Four_event_stress,4,1.0,1.0,1.0,1.0,East,"Independent 2027-01-01 snapshot; four events at days 0, 2, 4, 6. Event estimates are not additive."
SC00858,Independent recovery experiment 00858,Four_event_stress,4,1.0,1.0,1.0,1.0,West,"Independent 2027-01-01 snapshot; four events at days 0, 2, 4, 6. Event estimates are not additive."
SC00859,Independent recovery experiment 00859,Four_event_stress,4,1.0,1.0,1.0,1.0,North,"Independent 2027-01-01 snapshot; four events at days 0, 2, 4, 6. Event estimates are not additive."
SC00860,Independent recovery experiment 00860,Four_event_stress,4,1.0,1.0,1.0,1.0,South,"Independent 2027-01-01 snapshot; four events at days 0, 2, 4, 6. Event estimates are not additive."
SC00861,Independent recovery experiment 00861,Four_event_stress,4,1.0,1.0,1.0,1.0,South,"Independent 2027-01-01 snapshot; four events at days 0, 2, 4, 6. Event estimates are not additive."
SC00862,Independent recovery experiment 00862,Four_event_stress,4,1.0,1.0,1.0,1.0,West,"Independent 2027-01-01 snapshot; four events at days 0, 2, 4, 6. Event estimates are not additive."
SC00863,Independent recovery experiment 00863,Four_event_stress,4,1.0,1.0,1.0,1.0,North,"Independent 2027-01-01 snapshot; four events at days 0, 2, 4, 6. Event estimates are not additive."
SC00864,Independent recovery experiment 00864,Four_event_stress,4,1.0,1.0,1.0,1.0,South,"Independent 2027-01-01 snapshot; four events at days 0, 2, 4, 6. Event estimates are not additive."
SC00865,Independent recovery experiment 00865,Four_event_stress,4,1.0,1.0,1.0,1.0,South,"Independent 2027-01-01 snapshot; four events at days 0, 2, 4, 6. Event estimates are not additive."
SC00866,Independent recovery experiment 00866,Four_event_stress,4,1.0,1.0,1.0,1.0,West,"Independent 2027-01-01 snapshot; four events at days 0, 2, 4, 6. Event estimates are not additive."
SC00867,Independent recovery experiment 00867,Four_event_stress,4,1.0,1.0,1.0,1.0,East,"Independent 2027-01-01 snapshot; four events at days 0, 2, 4, 6. Event estimates are not additive."
SC00868,Independent recovery experiment 00868,Four_event_stress,4,1.0,1.0,1.0,1.0,West,"Independent 2027-01-01 snapshot; four events at days 0, 2, 4, 6. Event estimates are not additive."
SC00869,Independent recovery experiment 00869,Four_event_stress,4,1.0,1.0,1.0,1.0,North,"Independent 2027-01-01 snapshot; four events at days 0, 2, 4, 6. Event estimates are not additive."
SC00870,Independent recovery experiment 00870,Four_event_stress,4,1.0,1.0,1.0,1.0,South,"Independent 2027-01-01 snapshot; four events at days 0, 2, 4, 6. Event estimates are not additive."
SC00871,Independent recovery experiment 00871,Four_event_stress,4,1.0,1.0,1.0,1.0,South,"Independent 2027-01-01 snapshot; four events at days 0, 2, 4, 6. Event estimates are not additive."
SC00872,Independent recovery experiment 00872,Four_event_stress,4,1.0,1.0,1.0,1.0,West,"Independent 2027-01-01 snapshot; four events at days 0, 2, 4, 6. Event estimates are not additive."
SC00873,Independent recovery experiment 00873,Four_event_stress,4,1.0,1.0,1.0,1.0,North,"Independent 2027-01-01 snapshot; four events at days 0, 2, 4, 6. Event estimates are not additive."
SC00874,Independent recovery experiment 00874,Four_event_stress,4,1.0,1.0,1.0,1.0,South,"Independent 2027-01-01 snapshot; four events at days 0, 2, 4, 6. Event estimates are not additive."
SC00875,Independent recovery experiment 00875,Four_event_stress,4,1.0,1.0,1.0,1.0,South,"Independent 2027-01-01 snapshot; four events at days 0, 2, 4, 6. Event estimates are not additive."
SC00876,Independent recovery experiment 00876,Four_event_stress,4,1.0,1.0,1.0,1.0,West,"Independent 2027-01-01 snapshot; four events at days 0, 2, 4, 6. Event estimates are not additive."
SC00877,Independent recovery experiment 00877,Four_event_stress,4,1.0,1.0,1.0,1.0,East,"Independent 2027-01-01 snapshot; four events at days 0, 2, 4, 6. Event estimates are not additive."
SC00878,Independent recovery experiment 00878,Four_event_stress,4,1.0,1.0,1.0,1.0,West,"Independent 2027-01-01 snapshot; four events at days 0, 2, 4, 6. Event estimates are not additive."
SC00879,Independent recovery experiment 00879,Four_event_stress,4,1.0,1.0,1.0,1.0,North,"Independent 2027-01-01 snapshot; four events at days 0, 2, 4, 6. Event estimates are not additive."
SC00880,Independent recovery experiment 00880,Four_event_stress,4,1.0,1.0,1.0,1.0,South,"Independent 2027-01-01 snapshot; four events at days 0, 2, 4, 6. Event estimates are not additive."
SC00881,Independent recovery experiment 00881,Four_event_stress,4,1.0,1.0,1.0,1.0,South,"Independent 2027-01-01 snapshot; four events at days 0, 2, 4, 6. Event estimates are not additive."
SC00882,Independent recovery experiment 00882,Four_event_stress,4,1.0,1.0,1.0,1.0,West,"Independent 2027-01-01 snapshot; four events at days 0, 2, 4, 6. Event estimates are not additive."
SC00883,Independent recovery experiment 00883,Four_event_stress,4,1.0,1.0,1.0,1.0,North,"Independent 2027-01-01 snapshot; four events at days 0, 2, 4, 6. Event estimates are not additive."
SC00884,Independent recovery experiment 00884,Four_event_stress,4,1.0,1.0,1.0,1.0,South,"Independent 2027-01-01 snapshot; four events at days 0, 2, 4, 6. Event estimates are not additive."
SC00885,Independent recovery experiment 00885,Four_event_stress,4,1.0,1.0,1.0,1.0,South,"Independent 2027-01-01 snapshot; four events at days 0, 2, 4, 6. Event estimates are not additive."
SC00886,Independent recovery experiment 00886,Four_event_stress,4,1.0,1.0,1.0,1.0,West,"Independent 2027-01-01 snapshot; four events at days 0, 2, 4, 6. Event estimates are not additive."
SC00887,Independent recovery experiment 00887,Four_event_stress,4,1.0,1.0,1.0,1.0,East,"Independent 2027-01-01 snapshot; four events at days 0, 2, 4, 6. Event estimates are not additive."
SC00888,Independent recovery experiment 00888,Four_event_stress,4,1.0,1.0,1.0,1.0,West,"Independent 2027-01-01 snapshot; four events at days 0, 2, 4, 6. Event estimates are not additive."
SC00889,Independent recovery experiment 00889,Four_event_stress,4,1.0,1.0,1.0,1.0,North,"Independent 2027-01-01 snapshot; four events at days 0, 2, 4, 6. Event estimates are not additive."
SC00890,Independent recovery experiment 00890,Four_event_stress,4,1.0,1.0,1.0,1.0,South,"Independent 2027-01-01 snapshot; four events at days 0, 2, 4, 6. Event estimates are not additive."
SC00891,Independent recovery experiment 00891,Four_event_stress,4,1.0,1.0,1.0,1.0,South,"Independent 2027-01-01 snapshot; four events at days 0, 2, 4, 6. Event estimates are not additive."
SC00892,Independent recovery experiment 00892,Four_event_stress,4,1.0,1.0,1.0,1.0,West,"Independent 2027-01-01 snapshot; four events at days 0, 2, 4, 6. Event estimates are not additive."
SC00893,Independent recovery experiment 00893,Four_event_stress,4,1.0,1.0,1.0,1.0,North,"Independent 2027-01-01 snapshot; four events at days 0, 2, 4, 6. Event estimates are not additive."
SC00894,Independent recovery experiment 00894,Four_event_stress,4,1.0,1.0,1.0,1.0,South,"Independent 2027-01-01 snapshot; four events at days 0, 2, 4, 6. Event estimates are not additive."
SC00895,Independent recovery experiment 00895,Four_event_stress,4,1.0,1.0,1.0,1.0,South,"Independent 2027-01-01 snapshot; four events at days 0, 2, 4, 6. Event estimates are not additive."
SC00896,Independent recovery experiment 00896,Four_event_stress,4,1.0,1.0,1.0,1.0,West,"Independent 2027-01-01 snapshot; four events at days 0, 2, 4, 6. Event estimates are not additive."
SC00897,Independent recovery experiment 00897,Four_event_stress,4,1.0,1.0,1.0,1.0,East,"Independent 2027-01-01 snapshot; four events at days 0, 2, 4, 6. Event estimates are not additive."
SC00898,Independent recovery experiment 00898,Four_event_stress,4,1.0,1.0,1.0,1.0,West,"Independent 2027-01-01 snapshot; four events at days 0, 2, 4, 6. Event estimates are not additive."
SC00899,Independent recovery experiment 00899,Four_event_stress,4,1.0,1.0,1.0,1.0,North,"Independent 2027-01-01 snapshot; four events at days 0, 2, 4, 6. Event estimates are not additive."
SC00900,Independent recovery experiment 00900,Four_event_stress,4,1.0,1.0,1.0,1.0,South,"Independent 2027-01-01 snapshot; four events at days 0, 2, 4, 6. Event estimates are not additive."
SC00901,Independent recovery experiment 00901,Four_event_stress,4,1.0,1.0,1.0,1.0,South,"Independent 2027-01-01 snapshot; four events at days 0, 2, 4, 6. Event estimates are not additive."
SC00902,Independent recovery experiment 00902,Four_event_stress,4,1.0,1.0,1.0,1.0,West,"Independent 2027-01-01 snapshot; four events at days 0, 2, 4, 6. Event estimates are not additive."
SC00903,Independent recovery experiment 00903,Four_event_stress,4,1.0,1.0,1.0,1.0,North,"Independent 2027-01-01 snapshot; four events at days 0, 2, 4, 6. Event estimates are not additive."
SC00904,Independent recovery experiment 00904,Four_event_stress,4,1.0,1.0,1.0,1.0,South,"Independent 2027-01-01 snapshot; four events at days 0, 2, 4, 6. Event estimates are not additive."
SC00905,Independent recovery experiment 00905,Four_event_stress,4,1.0,1.0,1.0,1.0,South,"Independent 2027-01-01 snapshot; four events at days 0, 2, 4, 6. Event estimates are not additive."
SC00906,Independent recovery experiment 00906,Four_event_stress,4,1.0,1.0,1.0,1.0,West,"Independent 2027-01-01 snapshot; four events at days 0, 2, 4, 6. Event estimates are not additive."
SC00907,Independent recovery experiment 00907,Four_event_stress,4,1.0,1.0,1.0,1.0,East,"Independent 2027-01-01 snapshot; four events at days 0, 2, 4, 6. Event estimates are not additive."
SC00908,Independent recovery experiment 00908,Four_event_stress,4,1.0,1.0,1.0,1.0,West,"Independent 2027-01-01 snapshot; four events at days 0, 2, 4, 6. Event estimates are not additive."
SC00909,Independent recovery experiment 00909,Four_event_stress,4,1.0,1.0,1.0,1.0,North,"Independent 2027-01-01 snapshot; four events at days 0, 2, 4, 6. Event estimates are not additive."
SC00910,Independent recovery experiment 00910,Four_event_stress,4,1.0,1.0,1.0,1.0,South,"Independent 2027-01-01 snapshot; four events at days 0, 2, 4, 6. Event estimates are not additive."
SC00911,Independent recovery experiment 00911,Four_event_stress,4,1.0,1.0,1.0,1.0,South,"Independent 2027-01-01 snapshot; four events at days 0, 2, 4, 6. Event estimates are not additive."
SC00912,Independent recovery experiment 00912,Four_event_stress,4,1.0,1.0,1.0,1.0,West,"Independent 2027-01-01 snapshot; four events at days 0, 2, 4, 6. Event estimates are not additive."
SC00913,Independent recovery experiment 00913,Four_event_stress,4,1.0,1.0,1.0,1.0,North,"Independent 2027-01-01 snapshot; four events at days 0, 2, 4, 6. Event estimates are not additive."
SC00914,Independent recovery experiment 00914,Four_event_stress,4,1.0,1.0,1.0,1.0,South,"Independent 2027-01-01 snapshot; four events at days 0, 2, 4, 6. Event estimates are not additive."
SC00915,Independent recovery experiment 00915,Four_event_stress,4,1.0,1.0,1.0,1.0,South,"Independent 2027-01-01 snapshot; four events at days 0, 2, 4, 6. Event estimates are not additive."
SC00916,Independent recovery experiment 00916,Four_event_stress,4,1.0,1.0,1.0,1.0,West,"Independent 2027-01-01 snapshot; four events at days 0, 2, 4, 6. Event estimates are not additive."
SC00917,Independent recovery experiment 00917,Four_event_stress,4,1.0,1.0,1.0,1.0,East,"Independent 2027-01-01 snapshot; four events at days 0, 2, 4, 6. Event estimates are not additive."
SC00918,Independent recovery experiment 00918,Four_event_stress,4,1.0,1.0,1.0,1.0,West,"Independent 2027-01-01 snapshot; four events at days 0, 2, 4, 6. Event estimates are not additive."
SC00919,Independent recovery experiment 00919,Four_event_stress,4,1.0,1.0,1.0,1.0,North,"Independent 2027-01-01 snapshot; four events at days 0, 2, 4, 6. Event estimates are not additive."
SC00920,Independent recovery experiment 00920,Four_event_stress,4,1.0,1.0,1.0,1.0,South,"Independent 2027-01-01 snapshot; four events at days 0, 2, 4, 6. Event estimates are not additive."
SC00921,Independent recovery experiment 00921,Four_event_stress,4,1.0,1.0,1.0,1.0,South,"Independent 2027-01-01 snapshot; four events at days 0, 2, 4, 6. Event estimates are not additive."
SC00922,Independent recovery experiment 00922,Four_event_stress,4,1.0,1.0,1.0,1.0,West,"Independent 2027-01-01 snapshot; four events at days 0, 2, 4, 6. Event estimates are not additive."
SC00923,Independent recovery experiment 00923,Four_event_stress,4,1.0,1.0,1.0,1.0,North,"Independent 2027-01-01 snapshot; four events at days 0, 2, 4, 6. Event estimates are not additive."
SC00924,Independent recovery experiment 00924,Four_event_stress,4,1.0,1.0,1.0,1.0,South,"Independent 2027-01-01 snapshot; four events at days 0, 2, 4, 6. Event estimates are not additive."
SC00925,Independent recovery experiment 00925,Four_event_stress,4,1.0,1.0,1.0,1.0,South,"Independent 2027-01-01 snapshot; four events at days 0, 2, 4, 6. Event estimates are not additive."
SC00926,Independent recovery experiment 00926,Four_event_stress,4,1.0,1.0,1.0,1.0,West,"Independent 2027-01-01 snapshot; four events at days 0, 2, 4, 6. Event estimates are not additive."
SC00927,Independent recovery experiment 00927,Four_event_stress,4,1.0,1.0,1.0,1.0,East,"Independent 2027-01-01 snapshot; four events at days 0, 2, 4, 6. Event estimates are not additive."
SC00928,Independent recovery experiment 00928,Four_event_stress,4,1.0,1.0,1.0,1.0,West,"Independent 2027-01-01 snapshot; four events at days 0, 2, 4, 6. Event estimates are not additive."
SC00929,Independent recovery experiment 00929,Four_event_stress,4,1.0,1.0,1.0,1.0,North,"Independent 2027-01-01 snapshot; four events at days 0, 2, 4, 6. Event estimates are not additive."
SC00930,Independent recovery experiment 00930,Four_event_stress,4,1.0,1.0,1.0,1.0,South,"Independent 2027-01-01 snapshot; four events at days 0, 2, 4, 6. Event estimates are not additive."
SC00931,Independent recovery experiment 00931,Four_event_stress,4,1.0,1.0,1.0,1.0,South,"Independent 2027-01-01 snapshot; four events at days 0, 2, 4, 6. Event estimates are not additive."
SC00932,Independent recovery experiment 00932,Four_event_stress,4,1.0,1.0,1.0,1.0,West,"Independent 2027-01-01 snapshot; four events at days 0, 2, 4, 6. Event estimates are not additive."
SC00933,Independent recovery experiment 00933,Four_event_stress,4,1.0,1.0,1.0,1.0,North,"Independent 2027-01-01 snapshot; four events at days 0, 2, 4, 6. Event estimates are not additive."
SC00934,Independent recovery experiment 00934,Four_event_stress,4,1.0,1.0,1.0,1.0,South,"Independent 2027-01-01 snapshot; four events at days 0, 2, 4, 6. Event estimates are not additive."
SC00935,Independent recovery experiment 00935,Four_event_stress,4,1.0,1.0,1.0,1.0,South,"Independent 2027-01-01 snapshot; four events at days 0, 2, 4, 6. Event estimates are not additive."
SC00936,Independent recovery experiment 00936,Four_event_stress,4,1.0,1.0,1.0,1.0,West,"Independent 2027-01-01 snapshot; four events at days 0, 2, 4, 6. Event estimates are not additive."
SC00937,Independent recovery experiment 00937,Four_event_stress,4,1.0,1.0,1.0,1.0,East,"Independent 2027-01-01 snapshot; four events at days 0, 2, 4, 6. Event estimates are not additive."
SC00938,Independent recovery experiment 00938,Four_event_stress,4,1.0,1.0,1.0,1.0,West,"Independent 2027-01-01 snapshot; four events at days 0, 2, 4, 6. Event estimates are not additive."
SC00939,Independent recovery experiment 00939,Four_event_stress,4,1.0,1.0,1.0,1.0,North,"Independent 2027-01-01 snapshot; four events at days 0, 2, 4, 6. Event estimates are not additive."
SC00940,Independent recovery experiment 00940,Four_event_stress,4,1.0,1.0,1.0,1.0,South,"Independent 2027-01-01 snapshot; four events at days 0, 2, 4, 6. Event estimates are not additive."
SC00941,Independent recovery experiment 00941,Four_event_stress,4,1.0,1.0,1.0,1.0,South,"Independent 2027-01-01 snapshot; four events at days 0, 2, 4, 6. Event estimates are not additive."
SC00942,Independent recovery experiment 00942,Four_event_stress,4,1.0,1.0,1.0,1.0,West,"Independent 2027-01-01 snapshot; four events at days 0, 2, 4, 6. Event estimates are not additive."
SC00943,Independent recovery experiment 00943,Four_event_stress,4,1.0,1.0,1.0,1.0,North,"Independent 2027-01-01 snapshot; four events at days 0, 2, 4, 6. Event estimates are not additive."
SC00944,Independent recovery experiment 00944,Four_event_stress,4,1.0,1.0,1.0,1.0,South,"Independent 2027-01-01 snapshot; four events at days 0, 2, 4, 6. Event estimates are not additive."
SC00945,Independent recovery experiment 00945,Four_event_stress,4,1.0,1.0,1.0,1.0,South,"Independent 2027-01-01 snapshot; four events at days 0, 2, 4, 6. Event estimates are not additive."
SC00946,Independent recovery experiment 00946,Four_event_stress,4,1.0,1.0,1.0,1.0,West,"Independent 2027-01-01 snapshot; four events at days 0, 2, 4, 6. Event estimates are not additive."
SC00947,Independent recovery experiment 00947,Four_event_stress,4,1.0,1.0,1.0,1.0,East,"Independent 2027-01-01 snapshot; four events at days 0, 2, 4, 6. Event estimates are not additive."
SC00948,Independent recovery experiment 00948,Four_event_stress,4,1.0,1.0,1.0,1.0,West,"Independent 2027-01-01 snapshot; four events at days 0, 2, 4, 6. Event estimates are not additive."
SC00949,Independent recovery experiment 00949,Four_event_stress,4,1.0,1.0,1.0,1.0,North,"Independent 2027-01-01 snapshot; four events at days 0, 2, 4, 6. Event estimates are not additive."
SC00950,Independent recovery experiment 00950,Four_event_stress,4,1.0,1.0,1.0,1.0,South,"Independent 2027-01-01 snapshot; four events at days 0, 2, 4, 6. Event estimates are not additive."
SC00951,Independent recovery experiment 00951,Four_event_stress,4,1.0,1.0,1.0,1.0,South,"Independent 2027-01-01 snapshot; four events at days 0, 2, 4, 6. Event estimates are not additive."
SC00952,Independent recovery experiment 00952,Four_event_stress,4,1.0,1.0,1.0,1.0,West,"Independent 2027-01-01 snapshot; four events at days 0, 2, 4, 6. Event estimates are not additive."
SC00953,Independent recovery experiment 00953,Four_event_stress,4,1.0,1.0,1.0,1.0,North,"Independent 2027-01-01 snapshot; four events at days 0, 2, 4, 6. Event estimates are not additive."
SC00954,Independent recovery experiment 00954,Four_event_stress,4,1.0,1.0,1.0,1.0,South,"Independent 2027-01-01 snapshot; four events at days 0, 2, 4, 6. Event estimates are not additive."
SC00955,Independent recovery experiment 00955,Four_event_stress,4,1.0,1.0,1.0,1.0,South,"Independent 2027-01-01 snapshot; four events at days 0, 2, 4, 6. Event estimates are not additive."
SC00956,Independent recovery experiment 00956,Four_event_stress,4,1.0,1.0,1.0,1.0,West,"Independent 2027-01-01 snapshot; four events at days 0, 2, 4, 6. Event estimates are not additive."
SC00957,Independent recovery experiment 00957,Four_event_stress,4,1.0,1.0,1.0,1.0,East,"Independent 2027-01-01 snapshot; four events at days 0, 2, 4, 6. Event estimates are not additive."
SC00958,Independent recovery experiment 00958,Four_event_stress,4,1.0,1.0,1.0,1.0,West,"Independent 2027-01-01 snapshot; four events at days 0, 2, 4, 6. Event estimates are not additive."
SC00959,Independent recovery experiment 00959,Four_event_stress,4,1.0,1.0,1.0,1.0,North,"Independent 2027-01-01 snapshot; four events at days 0, 2, 4, 6. Event estimates are not additive."
SC00960,Independent recovery experiment 00960,Four_event_stress,4,1.0,1.0,1.0,1.0,South,"Independent 2027-01-01 snapshot; four events at days 0, 2, 4, 6. Event estimates are not additive."
SC00961,Independent recovery experiment 00961,Four_event_stress,4,1.0,1.0,1.0,1.0,South,"Independent 2027-01-01 snapshot; four events at days 0, 2, 4, 6. Event estimates are not additive."
SC00962,Independent recovery experiment 00962,Four_event_stress,4,1.0,1.0,1.0,1.0,West,"Independent 2027-01-01 snapshot; four events at days 0, 2, 4, 6. Event estimates are not additive."
SC00963,Independent recovery experiment 00963,Four_event_stress,4,1.0,1.0,1.0,1.0,North,"Independent 2027-01-01 snapshot; four events at days 0, 2, 4, 6. Event estimates are not additive."
SC00964,Independent recovery experiment 00964,Four_event_stress,4,1.0,1.0,1.0,1.0,South,"Independent 2027-01-01 snapshot; four events at days 0, 2, 4, 6. Event estimates are not additive."
SC00965,Independent recovery experiment 00965,Four_event_stress,4,1.0,1.0,1.0,1.0,South,"Independent 2027-01-01 snapshot; four events at days 0, 2, 4, 6. Event estimates are not additive."
SC00966,Independent recovery experiment 00966,Four_event_stress,4,1.0,1.0,1.0,1.0,West,"Independent 2027-01-01 snapshot; four events at days 0, 2, 4, 6. Event estimates are not additive."
SC00967,Independent recovery experiment 00967,Four_event_stress,4,1.0,1.0,1.0,1.0,East,"Independent 2027-01-01 snapshot; four events at days 0, 2, 4, 6. Event estimates are not additive."
SC00968,Independent recovery experiment 00968,Four_event_stress,4,1.0,1.0,1.0,1.0,West,"Independent 2027-01-01 snapshot; four events at days 0, 2, 4, 6. Event estimates are not additive."
SC00969,Independent recovery experiment 00969,Four_event_stress,4,1.0,1.0,1.0,1.0,North,"Independent 2027-01-01 snapshot; four events at days 0, 2, 4, 6. Event estimates are not additive."
SC00970,Independent recovery experiment 00970,Four_event_stress,4,1.0,1.0,1.0,1.0,South,"Independent 2027-01-01 snapshot; four events at days 0, 2, 4, 6. Event estimates are not additive."
SC00971,Independent recovery experiment 00971,Four_event_stress,4,1.0,1.0,1.0,1.0,South,"Independent 2027-01-01 snapshot; four events at days 0, 2, 4, 6. Event estimates are not additive."
SC00972,Independent recovery experiment 00972,Four_event_stress,4,1.0,1.0,1.0,1.0,West,"Independent 2027-01-01 snapshot; four events at days 0, 2, 4, 6. Event estimates are not additive."
SC00973,Independent recovery experiment 00973,Four_event_stress,4,1.0,1.0,1.0,1.0,North,"Independent 2027-01-01 snapshot; four events at days 0, 2, 4, 6. Event estimates are not additive."
SC00974,Independent recovery experiment 00974,Four_event_stress,4,1.0,1.0,1.0,1.0,South,"Independent 2027-01-01 snapshot; four events at days 0, 2, 4, 6. Event estimates are not additive."
SC00975,Independent recovery experiment 00975,Four_event_stress,4,1.0,1.0,1.0,1.0,South,"Independent 2027-01-01 snapshot; four events at days 0, 2, 4, 6. Event estimates are not additive."
SC00976,Independent recovery experiment 00976,Four_event_stress,4,1.0,1.0,1.0,1.0,West,"Independent 2027-01-01 snapshot; four events at days 0, 2, 4, 6. Event estimates are not additive."
SC00977,Independent recovery experiment 00977,Four_event_stress,4,1.0,1.0,1.0,1.0,East,"Independent 2027-01-01 snapshot; four events at days 0, 2, 4, 6. Event estimates are not additive."
SC00978,Independent recovery experiment 00978,Four_event_stress,4,1.0,1.0,1.0,1.0,West,"Independent 2027-01-01 snapshot; four events at days 0, 2, 4, 6. Event estimates are not additive."
SC00979,Independent recovery experiment 00979,Four_event_stress,4,1.0,1.0,1.0,1.0,North,"Independent 2027-01-01 snapshot; four events at days 0, 2, 4, 6. Event estimates are not additive."
SC00980,Independent recovery experiment 00980,Four_event_stress,4,1.0,1.0,1.0,1.0,South,"Independent 2027-01-01 snapshot; four events at days 0, 2, 4, 6. Event estimates are not additive."
SC00981,Independent recovery experiment 00981,Four_event_stress,4,1.0,1.0,1.0,1.0,South,"Independent 2027-01-01 snapshot; four events at days 0, 2, 4, 6. Event estimates are not additive."
SC00982,Independent recovery experiment 00982,Four_event_stress,4,1.0,1.0,1.0,1.0,West,"Independent 2027-01-01 snapshot; four events at days 0, 2, 4, 6. Event estimates are not additive."
SC00983,Independent recovery experiment 00983,Four_event_stress,4,1.0,1.0,1.0,1.0,North,"Independent 2027-01-01 snapshot; four events at days 0, 2, 4, 6. Event estimates are not additive."
SC00984,Independent recovery experiment 00984,Four_event_stress,4,1.0,1.0,1.0,1.0,South,"Independent 2027-01-01 snapshot; four events at days 0, 2, 4, 6. Event estimates are not additive."
SC00985,Independent recovery experiment 00985,Four_event_stress,4,1.0,1.0,1.0,1.0,South,"Independent 2027-01-01 snapshot; four events at days 0, 2, 4, 6. Event estimates are not additive."
SC00986,Independent recovery experiment 00986,Four_event_stress,4,1.0,1.0,1.0,1.0,West,"Independent 2027-01-01 snapshot; four events at days 0, 2, 4, 6. Event estimates are not additive."
SC00987,Independent recovery experiment 00987,Four_event_stress,4,1.0,1.0,1.0,1.0,East,"Independent 2027-01-01 snapshot; four events at days 0, 2, 4, 6. Event estimates are not additive."
SC00988,Independent recovery experiment 00988,Four_event_stress,4,1.0,1.0,1.0,1.0,West,"Independent 2027-01-01 snapshot; four events at days 0, 2, 4, 6. Event estimates are not additive."
SC00989,Independent recovery experiment 00989,Four_event_stress,4,1.0,1.0,1.0,1.0,North,"Independent 2027-01-01 snapshot; four events at days 0, 2, 4, 6. Event estimates are not additive."
SC00990,Independent recovery experiment 00990,Four_event_stress,4,1.0,1.0,1.0,1.0,South,"Independent 2027-01-01 snapshot; four events at days 0, 2, 4, 6. Event estimates are not additive."
SC00991,Independent recovery experiment 00991,Four_event_stress,4,1.0,1.0,1.0,1.0,South,"Independent 2027-01-01 snapshot; four events at days 0, 2, 4, 6. Event estimates are not additive."
SC00992,Independent recovery experiment 00992,Four_event_stress,4,1.0,1.0,1.0,1.0,West,"Independent 2027-01-01 snapshot; four events at days 0, 2, 4, 6. Event estimates are not additive."
SC00993,Independent recovery experiment 00993,Four_event_stress,4,1.0,1.0,1.0,1.0,North,"Independent 2027-01-01 snapshot; four events at days 0, 2, 4, 6. Event estimates are not additive."
SC00994,Independent recovery experiment 00994,Four_event_stress,4,1.0,1.0,1.0,1.0,South,"Independent 2027-01-01 snapshot; four events at days 0, 2, 4, 6. Event estimates are not additive."
SC00995,Independent recovery experiment 00995,Four_event_stress,4,1.0,1.0,1.0,1.0,South,"Independent 2027-01-01 snapshot; four events at days 0, 2, 4, 6. Event estimates are not additive."
SC00996,Independent recovery experiment 00996,Four_event_stress,4,1.0,1.0,1.0,1.0,West,"Independent 2027-01-01 snapshot; four events at days 0, 2, 4, 6. Event estimates are not additive."
SC00997,Independent recovery experiment 00997,Four_event_stress,4,1.0,1.0,1.0,1.0,East,"Independent 2027-01-01 snapshot; four events at days 0, 2, 4, 6. Event estimates are not additive."
SC00998,Independent recovery experiment 00998,Four_event_stress,4,1.0,1.0,1.0,1.0,West,"Independent 2027-01-01 snapshot; four events at days 0, 2, 4, 6. Event estimates are not additive."
SC00999,Independent recovery experiment 00999,Four_event_stress,4,1.0,1.0,1.0,1.0,North,"Independent 2027-01-01 snapshot; four events at days 0, 2, 4, 6. Event estimates are not additive."
SC01000,Independent recovery experiment 01000,Four_event_stress,4,1.0,1.0,1.0,1.0,South,"Independent 2027-01-01 snapshot; four events at days 0, 2, 4, 6. Event estimates are not additive."
SC01001,Independent recovery experiment 01001,Four_event_stress,4,1.0,1.0,1.0,1.0,South,"Independent 2027-01-01 snapshot; four events at days 0, 2, 4, 6. Event estimates are not additive."
SC01002,Independent recovery experiment 01002,Four_event_stress,4,1.0,1.0,1.0,1.0,West,"Independent 2027-01-01 snapshot; four events at days 0, 2, 4, 6. Event estimates are not additive."
SC01003,Independent recovery experiment 01003,Four_event_stress,4,1.0,1.0,1.0,1.0,North,"Independent 2027-01-01 snapshot; four events at days 0, 2, 4, 6. Event estimates are not additive."
SC01004,Independent recovery experiment 01004,Four_event_stress,4,1.0,1.0,1.0,1.0,South,"Independent 2027-01-01 snapshot; four events at days 0, 2, 4, 6. Event estimates are not additive."
SC01005,Independent recovery experiment 01005,Four_event_stress,4,1.0,1.0,1.0,1.0,South,"Independent 2027-01-01 snapshot; four events at days 0, 2, 4, 6. Event estimates are not additive."
SC01006,Independent recovery experiment 01006,Four_event_stress,4,1.0,1.0,1.0,1.0,West,"Independent 2027-01-01 snapshot; four events at days 0, 2, 4, 6. Event estimates are not additive."
SC01007,Independent recovery experiment 01007,Four_event_stress,4,1.0,1.0,1.0,1.0,East,"Independent 2027-01-01 snapshot; four events at days 0, 2, 4, 6. Event estimates are not additive."
SC01008,Independent recovery experiment 01008,Four_event_stress,4,1.0,1.0,1.0,1.0,West,"Independent 2027-01-01 snapshot; four events at days 0, 2, 4, 6. Event estimates are not additive."
SC01009,Independent recovery experiment 01009,Four_event_stress,4,1.0,1.0,1.0,1.0,North,"Independent 2027-01-01 snapshot; four events at days 0, 2, 4, 6. Event estimates are not additive."
SC01010,Independent recovery experiment 01010,Four_event_stress,4,1.0,1.0,1.0,1.0,South,"Independent 2027-01-01 snapshot; four events at days 0, 2, 4, 6. Event estimates are not additive."
SC01011,Independent recovery experiment 01011,Four_event_stress,4,1.0,1.0,1.0,1.0,South,"Independent 2027-01-01 snapshot; four events at days 0, 2, 4, 6. Event estimates are not additive."
SC01012,Independent recovery experiment 01012,Four_event_stress,4,1.0,1.0,1.0,1.0,West,"Independent 2027-01-01 snapshot; four events at days 0, 2, 4, 6. Event estimates are not additive."
SC01013,Independent recovery experiment 01013,Four_event_stress,4,1.0,1.0,1.0,1.0,North,"Independent 2027-01-01 snapshot; four events at days 0, 2, 4, 6. Event estimates are not additive."
SC01014,Independent recovery experiment 01014,Four_event_stress,4,1.0,1.0,1.0,1.0,South,"Independent 2027-01-01 snapshot; four events at days 0, 2, 4, 6. Event estimates are not additive."
SC01015,Independent recovery experiment 01015,Four_event_stress,4,1.0,1.0,1.0,1.0,South,"Independent 2027-01-01 snapshot; four events at days 0, 2, 4, 6. Event estimates are not additive."
SC01016,Independent recovery experiment 01016,Four_event_stress,4,1.0,1.0,1.0,1.0,West,"Independent 2027-01-01 snapshot; four events at days 0, 2, 4, 6. Event estimates are not additive."
SC01017,Independent recovery experiment 01017,Four_event_stress,4,1.0,1.0,1.0,1.0,East,"Independent 2027-01-01 snapshot; four events at days 0, 2, 4, 6. Event estimates are not additive."
SC01018,Independent recovery experiment 01018,Four_event_stress,4,1.0,1.0,1.0,1.0,West,"Independent 2027-01-01 snapshot; four events at days 0, 2, 4, 6. Event estimates are not additive."
SC01019,Independent recovery experiment 01019,Four_event_stress,4,1.0,1.0,1.0,1.0,North,"Independent 2027-01-01 snapshot; four events at days 0, 2, 4, 6. Event estimates are not additive."
SC01020,Independent recovery experiment 01020,Four_event_stress,4,1.0,1.0,1.0,1.0,South,"Independent 2027-01-01 snapshot; four events at days 0, 2, 4, 6. Event estimates are not additive."
SC01021,Independent recovery experiment 01021,Four_event_stress,4,1.0,1.0,1.0,1.0,South,"Independent 2027-01-01 snapshot; four events at days 0, 2, 4, 6. Event estimates are not additive."
SC01022,Independent recovery experiment 01022,Four_event_stress,4,1.0,1.0,1.0,1.0,West,"Independent 2027-01-01 snapshot; four events at days 0, 2, 4, 6. Event estimates are not additive."
SC01023,Independent recovery experiment 01023,Four_event_stress,4,1.0,1.0,1.0,1.0,North,"Independent 2027-01-01 snapshot; four events at days 0, 2, 4, 6. Event estimates are not additive."
SC01024,Independent recovery experiment 01024,Four_event_stress,4,1.0,1.0,1.0,1.0,South,"Independent 2027-01-01 snapshot; four events at days 0, 2, 4, 6. Event estimates are not additive."
SC01025,Independent recovery experiment 01025,Four_event_stress,4,1.0,1.0,1.0,1.0,South,"Independent 2027-01-01 snapshot; four events at days 0, 2, 4, 6. Event estimates are not additive."
SC01026,Independent recovery experiment 01026,Four_event_stress,4,1.0,1.0,1.0,1.0,West,"Independent 2027-01-01 snapshot; four events at days 0, 2, 4, 6. Event estimates are not additive."
SC01027,Independent recovery experiment 01027,Four_event_stress,4,1.0,1.0,1.0,1.0,East,"Independent 2027-01-01 snapshot; four events at days 0, 2, 4, 6. Event estimates are not additive."
SC01028,Independent recovery experiment 01028,Four_event_stress,4,1.0,1.0,1.0,1.0,West,"Independent 2027-01-01 snapshot; four events at days 0, 2, 4, 6. Event estimates are not additive."
SC01029,Independent recovery experiment 01029,Four_event_stress,4,1.0,1.0,1.0,1.0,North,"Independent 2027-01-01 snapshot; four events at days 0, 2, 4, 6. Event estimates are not additive."
SC01030,Independent recovery experiment 01030,Four_event_stress,4,1.0,1.0,1.0,1.0,South,"Independent 2027-01-01 snapshot; four events at days 0, 2, 4, 6. Event estimates are not additive."
SC01031,Independent recovery experiment 01031,Four_event_stress,4,1.0,1.0,1.0,1.0,South,"Independent 2027-01-01 snapshot; four events at days 0, 2, 4, 6. Event estimates are not additive."
SC01032,Independent recovery experiment 01032,Four_event_stress,4,1.0,1.0,1.0,1.0,West,"Independent 2027-01-01 snapshot; four events at days 0, 2, 4, 6. Event estimates are not additive."
SC01033,Independent recovery experiment 01033,Four_event_stress,4,1.0,1.0,1.0,1.0,North,"Independent 2027-01-01 snapshot; four events at days 0, 2, 4, 6. Event estimates are not additive."
SC01034,Independent recovery experiment 01034,Four_event_stress,4,1.0,1.0,1.0,1.0,South,"Independent 2027-01-01 snapshot; four events at days 0, 2, 4, 6. Event estimates are not additive."
SC01035,Independent recovery experiment 01035,Four_event_stress,4,1.0,1.0,1.0,1.0,South,"Independent 2027-01-01 snapshot; four events at days 0, 2, 4, 6. Event estimates are not additive."
SC01036,Independent recovery experiment 01036,Four_event_stress,4,1.0,1.0,1.0,1.0,West,"Independent 2027-01-01 snapshot; four events at days 0, 2, 4, 6. Event estimates are not additive."
SC01037,Independent recovery experiment 01037,Four_event_stress,4,1.0,1.0,1.0,1.0,East,"Independent 2027-01-01 snapshot; four events at days 0, 2, 4, 6. Event estimates are not additive."
SC01038,Independent recovery experiment 01038,Four_event_stress,4,1.0,1.0,1.0,1.0,West,"Independent 2027-01-01 snapshot; four events at days 0, 2, 4, 6. Event estimates are not additive."
SC01039,Independent recovery experiment 01039,Four_event_stress,4,1.0,1.0,1.0,1.0,North,"Independent 2027-01-01 snapshot; four events at days 0, 2, 4, 6. Event estimates are not additive."
SC01040,Independent recovery experiment 01040,Four_event_stress,4,1.0,1.0,1.0,1.0,South,"Independent 2027-01-01 snapshot; four events at days 0, 2, 4, 6. Event estimates are not additive."
SC01041,Independent recovery experiment 01041,Four_event_stress,4,1.0,1.0,1.0,1.0,South,"Independent 2027-01-01 snapshot; four events at days 0, 2, 4, 6. Event estimates are not additive."
SC01042,Independent recovery experiment 01042,Four_event_stress,4,1.0,1.0,1.0,1.0,West,"Independent 2027-01-01 snapshot; four events at days 0, 2, 4, 6. Event estimates are not additive."
SC01043,Independent recovery experiment 01043,Four_event_stress,4,1.0,1.0,1.0,1.0,North,"Independent 2027-01-01 snapshot; four events at days 0, 2, 4, 6. Event estimates are not additive."
SC01044,Independent recovery experiment 01044,Four_event_stress,4,1.0,1.0,1.0,1.0,South,"Independent 2027-01-01 snapshot; four events at days 0, 2, 4, 6. Event estimates are not additive."
SC01045,Independent recovery experiment 01045,Four_event_stress,4,1.0,1.0,1.0,1.0,South,"Independent 2027-01-01 snapshot; four events at days 0, 2, 4, 6. Event estimates are not additive."
SC01046,Independent recovery experiment 01046,Four_event_stress,4,1.0,1.0,1.0,1.0,West,"Independent 2027-01-01 snapshot; four events at days 0, 2, 4, 6. Event estimates are not additive."
SC01047,Independent recovery experiment 01047,Four_event_stress,4,1.0,1.0,1.0,1.0,East,"Independent 2027-01-01 snapshot; four events at days 0, 2, 4, 6. Event estimates are not additive."
SC01048,Independent recovery experiment 01048,Four_event_stress,4,1.0,1.0,1.0,1.0,West,"Independent 2027-01-01 snapshot; four events at days 0, 2, 4, 6. Event estimates are not additive."
SC01049,Independent recovery experiment 01049,Four_event_stress,4,1.0,1.0,1.0,1.0,North,"Independent 2027-01-01 snapshot; four events at days 0, 2, 4, 6. Event estimates are not additive."
SC01050,Independent recovery experiment 01050,Four_event_stress,4,1.0,1.0,1.0,1.0,South,"Independent 2027-01-01 snapshot; four events at days 0, 2, 4, 6. Event estimates are not additive."
SC01051,Independent recovery experiment 01051,Four_event_stress,4,1.0,1.0,1.0,1.0,South,"Independent 2027-01-01 snapshot; four events at days 0, 2, 4, 6. Event estimates are not additive."
SC01052,Independent recovery experiment 01052,Four_event_stress,4,1.0,1.0,1.0,1.0,West,"Independent 2027-01-01 snapshot; four events at days 0, 2, 4, 6. Event estimates are not additive."
SC01053,Independent recovery experiment 01053,Four_event_stress,4,1.0,1.0,1.0,1.0,North,"Independent 2027-01-01 snapshot; four events at days 0, 2, 4, 6. Event estimates are not additive."
SC01054,Independent recovery experiment 01054,Four_event_stress,4,1.0,1.0,1.0,1.0,South,"Independent 2027-01-01 snapshot; four events at days 0, 2, 4, 6. Event estimates are not additive."
SC01055,Independent recovery experiment 01055,Four_event_stress,4,1.0,1.0,1.0,1.0,South,"Independent 2027-01-01 snapshot; four events at days 0, 2, 4, 6. Event estimates are not additive."
SC01056,Independent recovery experiment 01056,Four_event_stress,4,1.0,1.0,1.0,1.0,West,"Independent 2027-01-01 snapshot; four events at days 0, 2, 4, 6. Event estimates are not additive."
SC01057,Independent recovery experiment 01057,Four_event_stress,4,1.0,1.0,1.0,1.0,East,"Independent 2027-01-01 snapshot; four events at days 0, 2, 4, 6. Event estimates are not additive."
SC01058,Independent recovery experiment 01058,Four_event_stress,4,1.0,1.0,1.0,1.0,West,"Independent 2027-01-01 snapshot; four events at days 0, 2, 4, 6. Event estimates are not additive."
SC01059,Independent recovery experiment 01059,Four_event_stress,4,1.0,1.0,1.0,1.0,North,"Independent 2027-01-01 snapshot; four events at days 0, 2, 4, 6. Event estimates are not additive."
SC01060,Independent recovery experiment 01060,Four_event_stress,4,1.0,1.0,1.0,1.0,South,"Independent 2027-01-01 snapshot; four events at days 0, 2, 4, 6. Event estimates are not additive."
SC01061,Independent recovery experiment 01061,Four_event_stress,4,1.0,1.0,1.0,1.0,South,"Independent 2027-01-01 snapshot; four events at days 0, 2, 4, 6. Event estimates are not additive."
SC01062,Independent recovery experiment 01062,Four_event_stress,4,1.0,1.0,1.0,1.0,West,"Independent 2027-01-01 snapshot; four events at days 0, 2, 4, 6. Event estimates are not additive."
SC01063,Independent recovery experiment 01063,Four_event_stress,4,1.0,1.0,1.0,1.0,North,"Independent 2027-01-01 snapshot; four events at days 0, 2, 4, 6. Event estimates are not additive."
SC01064,Independent recovery experiment 01064,Four_event_stress,4,1.0,1.0,1.0,1.0,South,"Independent 2027-01-01 snapshot; four events at days 0, 2, 4, 6. Event estimates are not additive."
SC01065,Independent recovery experiment 01065,Four_event_stress,4,1.0,1.0,1.0,1.0,South,"Independent 2027-01-01 snapshot; four events at days 0, 2, 4, 6. Event estimates are not additive."
SC01066,Independent recovery experiment 01066,Four_event_stress,4,1.0,1.0,1.0,1.0,West,"Independent 2027-01-01 snapshot; four events at days 0, 2, 4, 6. Event estimates are not additive."
SC01067,Independent recovery experiment 01067,Four_event_stress,4,1.0,1.0,1.0,1.0,East,"Independent 2027-01-01 snapshot; four events at days 0, 2, 4, 6. Event estimates are not additive."
SC01068,Independent recovery experiment 01068,Four_event_stress,4,1.0,1.0,1.0,1.0,West,"Independent 2027-01-01 snapshot; four events at days 0, 2, 4, 6. Event estimates are not additive."
SC01069,Independent recovery experiment 01069,Four_event_stress,4,1.0,1.0,1.0,1.0,North,"Independent 2027-01-01 snapshot; four events at days 0, 2, 4, 6. Event estimates are not additive."
SC01070,Independent recovery experiment 01070,Four_event_stress,4,1.0,1.0,1.0,1.0,South,"Independent 2027-01-01 snapshot; four events at days 0, 2, 4, 6. Event estimates are not additive."
SC01071,Independent recovery experiment 01071,Four_event_stress,4,1.0,1.0,1.0,1.0,South,"Independent 2027-01-01 snapshot; four events at days 0, 2, 4, 6. Event estimates are not additive."
SC01072,Independent recovery experiment 01072,Four_event_stress,4,1.0,1.0,1.0,1.0,West,"Independent 2027-01-01 snapshot; four events at days 0, 2, 4, 6. Event estimates are not additive."
SC01073,Independent recovery experiment 01073,Four_event_stress,4,1.0,1.0,1.0,1.0,North,"Independent 2027-01-01 snapshot; four events at days 0, 2, 4, 6. Event estimates are not additive."
SC01074,Independent recovery experiment 01074,Four_event_stress,4,1.0,1.0,1.0,1.0,South,"Independent 2027-01-01 snapshot; four events at days 0, 2, 4, 6. Event estimates are not additive."
SC01075,Independent recovery experiment 01075,Four_event_stress,4,1.0,1.0,1.0,1.0,South,"Independent 2027-01-01 snapshot; four events at days 0, 2, 4, 6. Event estimates are not additive."
SC01076,Independent recovery experiment 01076,Four_event_stress,4,1.0,1.0,1.0,1.0,West,"Independent 2027-01-01 snapshot; four events at days 0, 2, 4, 6. Event estimates are not additive."
SC01077,Independent recovery experiment 01077,Four_event_stress,4,1.0,1.0,1.0,1.0,East,"Independent 2027-01-01 snapshot; four events at days 0, 2, 4, 6. Event estimates are not additive."
SC01078,Independent recovery experiment 01078,Four_event_stress,4,1.0,1.0,1.0,1.0,West,"Independent 2027-01-01 snapshot; four events at days 0, 2, 4, 6. Event estimates are not additive."
SC01079,Independent recovery experiment 01079,Four_event_stress,4,1.0,1.0,1.0,1.0,North,"Independent 2027-01-01 snapshot; four events at days 0, 2, 4, 6. Event estimates are not additive."
SC01080,Independent recovery experiment 01080,Four_event_stress,4,1.0,1.0,1.0,1.0,South,"Independent 2027-01-01 snapshot; four events at days 0, 2, 4, 6. Event estimates are not additive."
SC01081,Independent recovery experiment 01081,Four_event_stress,4,1.0,1.0,1.0,1.0,South,"Independent 2027-01-01 snapshot; four events at days 0, 2, 4, 6. Event estimates are not additive."
SC01082,Independent recovery experiment 01082,Four_event_stress,4,1.0,1.0,1.0,1.0,West,"Independent 2027-01-01 snapshot; four events at days 0, 2, 4, 6. Event estimates are not additive."
SC01083,Independent recovery experiment 01083,Four_event_stress,4,1.0,1.0,1.0,1.0,North,"Independent 2027-01-01 snapshot; four events at days 0, 2, 4, 6. Event estimates are not additive."
SC01084,Independent recovery experiment 01084,Four_event_stress,4,1.0,1.0,1.0,1.0,South,"Independent 2027-01-01 snapshot; four events at days 0, 2, 4, 6. Event estimates are not additive."
SC01085,Independent recovery experiment 01085,Four_event_stress,4,1.0,1.0,1.0,1.0,South,"Independent 2027-01-01 snapshot; four events at days 0, 2, 4, 6. Event estimates are not additive."
SC01086,Independent recovery experiment 01086,Four_event_stress,4,1.0,1.0,1.0,1.0,West,"Independent 2027-01-01 snapshot; four events at days 0, 2, 4, 6. Event estimates are not additive."
SC01087,Independent recovery experiment 01087,Four_event_stress,4,1.0,1.0,1.0,1.0,East,"Independent 2027-01-01 snapshot; four events at days 0, 2, 4, 6. Event estimates are not additive."
SC01088,Independent recovery experiment 01088,Four_event_stress,4,1.0,1.0,1.0,1.0,West,"Independent 2027-01-01 snapshot; four events at days 0, 2, 4, 6. Event estimates are not additive."
SC01089,Independent recovery experiment 01089,Four_event_stress,4,1.0,1.0,1.0,1.0,North,"Independent 2027-01-01 snapshot; four events at days 0, 2, 4, 6. Event estimates are not additive."
SC01090,Independent recovery experiment 01090,Four_event_stress,4,1.0,1.0,1.0,1.0,South,"Independent 2027-01-01 snapshot; four events at days 0, 2, 4, 6. Event estimates are not additive."
SC01091,Independent recovery experiment 01091,Four_event_stress,4,1.0,1.0,1.0,1.0,South,"Independent 2027-01-01 snapshot; four events at days 0, 2, 4, 6. Event estimates are not additive."
SC01092,Independent recovery experiment 01092,Four_event_stress,4,1.0,1.0,1.0,1.0,West,"Independent 2027-01-01 snapshot; four events at days 0, 2, 4, 6. Event estimates are not additive."
SC01093,Independent recovery experiment 01093,Four_event_stress,4,1.0,1.0,1.0,1.0,North,"Independent 2027-01-01 snapshot; four events at days 0, 2, 4, 6. Event estimates are not additive."
SC01094,Independent recovery experiment 01094,Four_event_stress,4,1.0,1.0,1.0,1.0,South,"Independent 2027-01-01 snapshot; four events at days 0, 2, 4, 6. Event estimates are not additive."
SC01095,Independent recovery experiment 01095,Four_event_stress,4,1.0,1.0,1.0,1.0,South,"Independent 2027-01-01 snapshot; four events at days 0, 2, 4, 6. Event estimates are not additive."
SC01096,Independent recovery experiment 01096,Four_event_stress,4,1.0,1.0,1.0,1.0,West,"Independent 2027-01-01 snapshot; four events at days 0, 2, 4, 6. Event estimates are not additive."
SC01097,Independent recovery experiment 01097,Four_event_stress,4,1.0,1.0,1.0,1.0,East,"Independent 2027-01-01 snapshot; four events at days 0, 2, 4, 6. Event estimates are not additive."
SC01098,Independent recovery experiment 01098,Four_event_stress,4,1.0,1.0,1.0,1.0,West,"Independent 2027-01-01 snapshot; four events at days 0, 2, 4, 6. Event estimates are not additive."
SC01099,Independent recovery experiment 01099,Four_event_stress,4,1.0,1.0,1.0,1.0,North,"Independent 2027-01-01 snapshot; four events at days 0, 2, 4, 6. Event estimates are not additive."
SC01100,Independent recovery experiment 01100,Four_event_stress,4,1.0,1.0,1.0,1.0,South,"Independent 2027-01-01 snapshot; four events at days 0, 2, 4, 6. Event estimates are not additive."
SC01101,Independent recovery experiment 01101,Four_event_stress,4,1.0,1.0,1.0,1.0,South,"Independent 2027-01-01 snapshot; four events at days 0, 2, 4, 6. Event estimates are not additive."
SC01102,Independent recovery experiment 01102,Four_event_stress,4,1.0,1.0,1.0,1.0,West,"Independent 2027-01-01 snapshot; four events at days 0, 2, 4, 6. Event estimates are not additive."
SC01103,Independent recovery experiment 01103,Four_event_stress,4,1.0,1.0,1.0,1.0,North,"Independent 2027-01-01 snapshot; four events at days 0, 2, 4, 6. Event estimates are not additive."
SC01104,Independent recovery experiment 01104,Four_event_stress,4,1.0,1.0,1.0,1.0,South,"Independent 2027-01-01 snapshot; four events at days 0, 2, 4, 6. Event estimates are not additive."
SC01105,Independent recovery experiment 01105,Four_event_stress,4,1.0,1.0,1.0,1.0,South,"Independent 2027-01-01 snapshot; four events at days 0, 2, 4, 6. Event estimates are not additive."
SC01106,Independent recovery experiment 01106,Four_event_stress,4,1.0,1.0,1.0,1.0,West,"Independent 2027-01-01 snapshot; four events at days 0, 2, 4, 6. Event estimates are not additive."
SC01107,Independent recovery experiment 01107,Four_event_stress,4,1.0,1.0,1.0,1.0,East,"Independent 2027-01-01 snapshot; four events at days 0, 2, 4, 6. Event estimates are not additive."
SC01108,Independent recovery experiment 01108,Four_event_stress,4,1.0,1.0,1.0,1.0,West,"Independent 2027-01-01 snapshot; four events at days 0, 2, 4, 6. Event estimates are not additive."
SC01109,Independent recovery experiment 01109,Four_event_stress,4,1.0,1.0,1.0,1.0,North,"Independent 2027-01-01 snapshot; four events at days 0, 2, 4, 6. Event estimates are not additive."
SC01110,Independent recovery experiment 01110,Four_event_stress,4,1.0,1.0,1.0,1.0,South,"Independent 2027-01-01 snapshot; four events at days 0, 2, 4, 6. Event estimates are not additive."
SC01111,Independent recovery experiment 01111,Four_event_stress,4,1.0,1.0,1.0,1.0,South,"Independent 2027-01-01 snapshot; four events at days 0, 2, 4, 6. Event estimates are not additive."
SC01112,Independent recovery experiment 01112,Four_event_stress,4,1.0,1.0,1.0,1.0,West,"Independent 2027-01-01 snapshot; four events at days 0, 2, 4, 6. Event estimates are not additive."
SC01113,Independent recovery experiment 01113,Four_event_stress,4,1.0,1.0,1.0,1.0,North,"Independent 2027-01-01 snapshot; four events at days 0, 2, 4, 6. Event estimates are not additive."
SC01114,Independent recovery experiment 01114,Four_event_stress,4,1.0,1.0,1.0,1.0,South,"Independent 2027-01-01 snapshot; four events at days 0, 2, 4, 6. Event estimates are not additive."
SC01115,Independent recovery experiment 01115,Four_event_stress,4,1.0,1.0,1.0,1.0,South,"Independent 2027-01-01 snapshot; four events at days 0, 2, 4, 6. Event estimates are not additive."
SC01116,Independent recovery experiment 01116,Four_event_stress,4,1.0,1.0,1.0,1.0,West,"Independent 2027-01-01 snapshot; four events at days 0, 2, 4, 6. Event estimates are not additive."
SC01117,Independent recovery experiment 01117,Four_event_stress,4,1.0,1.0,1.0,1.0,East,"Independent 2027-01-01 snapshot; four events at days 0, 2, 4, 6. Event estimates are not additive."
SC01118,Independent recovery experiment 01118,Four_event_stress,4,1.0,1.0,1.0,1.0,West,"Independent 2027-01-01 snapshot; four events at days 0, 2, 4, 6. Event estimates are not additive."
SC01119,Independent recovery experiment 01119,Four_event_stress,4,1.0,1.0,1.0,1.0,North,"Independent 2027-01-01 snapshot; four events at days 0, 2, 4, 6. Event estimates are not additive."
SC01120,Independent recovery experiment 01120,Four_event_stress,4,1.0,1.0,1.0,1.0,South,"Independent 2027-01-01 snapshot; four events at days 0, 2, 4, 6. Event estimates are not additive."
SC01121,Independent recovery experiment 01121,Four_event_stress,4,1.0,1.0,1.0,1.0,South,"Independent 2027-01-01 snapshot; four events at days 0, 2, 4, 6. Event estimates are not additive."
SC01122,Independent recovery experiment 01122,Four_event_stress,4,1.0,1.0,1.0,1.0,West,"Independent 2027-01-01 snapshot; four events at days 0, 2, 4, 6. Event estimates are not additive."
SC01123,Independent recovery experiment 01123,Four_event_stress,4,1.0,1.0,1.0,1.0,North,"Independent 2027-01-01 snapshot; four events at days 0, 2, 4, 6. Event estimates are not additive."
SC01124,Independent recovery experiment 01124,Four_event_stress,4,1.0,1.0,1.0,1.0,South,"Independent 2027-01-01 snapshot; four events at days 0, 2, 4, 6. Event estimates are not additive."
SC01125,Independent recovery experiment 01125,Four_event_stress,4,1.0,1.0,1.0,1.0,South,"Independent 2027-01-01 snapshot; four events at days 0, 2, 4, 6. Event estimates are not additive."
SC01126,Independent recovery experiment 01126,Four_event_stress,4,1.0,1.0,1.0,1.0,West,"Independent 2027-01-01 snapshot; four events at days 0, 2, 4, 6. Event estimates are not additive."
SC01127,Independent recovery experiment 01127,Four_event_stress,4,1.0,1.0,1.0,1.0,East,"Independent 2027-01-01 snapshot; four events at days 0, 2, 4, 6. Event estimates are not additive."
SC01128,Independent recovery experiment 01128,Four_event_stress,4,1.0,1.0,1.0,1.0,West,"Independent 2027-01-01 snapshot; four events at days 0, 2, 4, 6. Event estimates are not additive."
SC01129,Independent recovery experiment 01129,Four_event_stress,4,1.0,1.0,1.0,1.0,North,"Independent 2027-01-01 snapshot; four events at days 0, 2, 4, 6. Event estimates are not additive."
SC01130,Independent recovery experiment 01130,Four_event_stress,4,1.0,1.0,1.0,1.0,South,"Independent 2027-01-01 snapshot; four events at days 0, 2, 4, 6. Event estimates are not additive."
SC01131,Independent recovery experiment 01131,Four_event_stress,4,1.0,1.0,1.0,1.0,South,"Independent 2027-01-01 snapshot; four events at days 0, 2, 4, 6. Event estimates are not additive."
SC01132,Independent recovery experiment 01132,Four_event_stress,4,1.0,1.0,1.0,1.0,West,"Independent 2027-01-01 snapshot; four events at days 0, 2, 4, 6. Event estimates are not additive."
SC01133,Independent recovery experiment 01133,Four_event_stress,4,1.0,1.0,1.0,1.0,North,"Independent 2027-01-01 snapshot; four events at days 0, 2, 4, 6. Event estimates are not additive."
SC01134,Independent recovery experiment 01134,Four_event_stress,4,1.0,1.0,1.0,1.0,South,"Independent 2027-01-01 snapshot; four events at days 0, 2, 4, 6. Event estimates are not additive."
SC01135,Independent recovery experiment 01135,Four_event_stress,4,1.0,1.0,1.0,1.0,South,"Independent 2027-01-01 snapshot; four events at days 0, 2, 4, 6. Event estimates are not additive."
SC01136,Independent recovery experiment 01136,Four_event_stress,4,1.0,1.0,1.0,1.0,West,"Independent 2027-01-01 snapshot; four events at days 0, 2, 4, 6. Event estimates are not additive."
SC01137,Independent recovery experiment 01137,Four_event_stress,4,1.0,1.0,1.0,1.0,East,"Independent 2027-01-01 snapshot; four events at days 0, 2, 4, 6. Event estimates are not additive."
SC01138,Independent recovery experiment 01138,Four_event_stress,4,1.0,1.0,1.0,1.0,West,"Independent 2027-01-01 snapshot; four events at days 0, 2, 4, 6. Event estimates are not additive."
SC01139,Independent recovery experiment 01139,Four_event_stress,4,1.0,1.0,1.0,1.0,North,"Independent 2027-01-01 snapshot; four events at days 0, 2, 4, 6. Event estimates are not additive."
SC01140,Independent recovery experiment 01140,Four_event_stress,4,1.0,1.0,1.0,1.0,South,"Independent 2027-01-01 snapshot; four events at days 0, 2, 4, 6. Event estimates are not additive."
SC01141,Independent recovery experiment 01141,Four_event_stress,4,1.0,1.0,1.0,1.0,South,"Independent 2027-01-01 snapshot; four events at days 0, 2, 4, 6. Event estimates are not additive."
SC01142,Independent recovery experiment 01142,Four_event_stress,4,1.0,1.0,1.0,1.0,West,"Independent 2027-01-01 snapshot; four events at days 0, 2, 4, 6. Event estimates are not additive."
SC01143,Independent recovery experiment 01143,Four_event_stress,4,1.0,1.0,1.0,1.0,North,"Independent 2027-01-01 snapshot; four events at days 0, 2, 4, 6. Event estimates are not additive."
SC01144,Independent recovery experiment 01144,Four_event_stress,4,1.0,1.0,1.0,1.0,South,"Independent 2027-01-01 snapshot; four events at days 0, 2, 4, 6. Event estimates are not additive."
SC01145,Independent recovery experiment 01145,Four_event_stress,4,1.0,1.0,1.0,1.0,South,"Independent 2027-01-01 snapshot; four events at days 0, 2, 4, 6. Event estimates are not additive."
SC01146,Independent recovery experiment 01146,Four_event_stress,4,1.0,1.0,1.0,1.0,West,"Independent 2027-01-01 snapshot; four events at days 0, 2, 4, 6. Event estimates are not additive."
SC01147,Independent recovery experiment 01147,Four_event_stress,4,1.0,1.0,1.0,1.0,East,"Independent 2027-01-01 snapshot; four events at days 0, 2, 4, 6. Event estimates are not additive."
SC01148,Independent recovery experiment 01148,Four_event_stress,4,1.0,1.0,1.0,1.0,West,"Independent 2027-01-01 snapshot; four events at days 0, 2, 4, 6. Event estimates are not additive."
SC01149,Independent recovery experiment 01149,Four_event_stress,4,1.0,1.0,1.0,1.0,North,"Independent 2027-01-01 snapshot; four events at days 0, 2, 4, 6. Event estimates are not additive."
SC01150,Independent recovery experiment 01150,Four_event_stress,4,1.0,1.0,1.0,1.0,South,"Independent 2027-01-01 snapshot; four events at days 0, 2, 4, 6. Event estimates are not additive."
SC01151,Independent recovery experiment 01151,Four_event_stress,4,1.0,1.0,1.0,1.0,South,"Independent 2027-01-01 snapshot; four events at days 0, 2, 4, 6. Event estimates are not additive."
SC01152,Independent recovery experiment 01152,Four_event_stress,4,1.0,1.0,1.0,1.0,West,"Independent 2027-01-01 snapshot; four events at days 0, 2, 4, 6. Event estimates are not additive."
SC01153,Independent recovery experiment 01153,Four_event_stress,4,1.0,1.0,1.0,1.0,North,"Independent 2027-01-01 snapshot; four events at days 0, 2, 4, 6. Event estimates are not additive."
SC01154,Independent recovery experiment 01154,Four_event_stress,4,1.0,1.0,1.0,1.0,South,"Independent 2027-01-01 snapshot; four events at days 0, 2, 4, 6. Event estimates are not additive."
SC01155,Independent recovery experiment 01155,Four_event_stress,4,1.0,1.0,1.0,1.0,South,"Independent 2027-01-01 snapshot; four events at days 0, 2, 4, 6. Event estimates are not additive."
SC01156,Independent recovery experiment 01156,Four_event_stress,4,1.0,1.0,1.0,1.0,West,"Independent 2027-01-01 snapshot; four events at days 0, 2, 4, 6. Event estimates are not additive."
SC01157,Independent recovery experiment 01157,Four_event_stress,4,1.0,1.0,1.0,1.0,East,"Independent 2027-01-01 snapshot; four events at days 0, 2, 4, 6. Event estimates are not additive."
SC01158,Independent recovery experiment 01158,Four_event_stress,4,1.0,1.0,1.0,1.0,West,"Independent 2027-01-01 snapshot; four events at days 0, 2, 4, 6. Event estimates are not additive."
SC01159,Independent recovery experiment 01159,Four_event_stress,4,1.0,1.0,1.0,1.0,North,"Independent 2027-01-01 snapshot; four events at days 0, 2, 4, 6. Event estimates are not additive."
SC01160,Independent recovery experiment 01160,Four_event_stress,4,1.0,1.0,1.0,1.0,South,"Independent 2027-01-01 snapshot; four events at days 0, 2, 4, 6. Event estimates are not additive."
SC01161,Independent recovery experiment 01161,Four_event_stress,4,1.0,1.0,1.0,1.0,South,"Independent 2027-01-01 snapshot; four events at days 0, 2, 4, 6. Event estimates are not additive."
SC01162,Independent recovery experiment 01162,Four_event_stress,4,1.0,1.0,1.0,1.0,West,"Independent 2027-01-01 snapshot; four events at days 0, 2, 4, 6. Event estimates are not additive."
SC01163,Independent recovery experiment 01163,Four_event_stress,4,1.0,1.0,1.0,1.0,North,"Independent 2027-01-01 snapshot; four events at days 0, 2, 4, 6. Event estimates are not additive."
SC01164,Independent recovery experiment 01164,Four_event_stress,4,1.0,1.0,1.0,1.0,South,"Independent 2027-01-01 snapshot; four events at days 0, 2, 4, 6. Event estimates are not additive."
SC01165,Independent recovery experiment 01165,Four_event_stress,4,1.0,1.0,1.0,1.0,South,"Independent 2027-01-01 snapshot; four events at days 0, 2, 4, 6. Event estimates are not additive."
SC01166,Independent recovery experiment 01166,Four_event_stress,4,1.0,1.0,1.0,1.0,West,"Independent 2027-01-01 snapshot; four events at days 0, 2, 4, 6. Event estimates are not additive."
SC01167,Independent recovery experiment 01167,Four_event_stress,4,1.0,1.0,1.0,1.0,East,"Independent 2027-01-01 snapshot; four events at days 0, 2, 4, 6. Event estimates are not additive."
SC01168,Independent recovery experiment 01168,Four_event_stress,4,1.0,1.0,1.0,1.0,West,"Independent 2027-01-01 snapshot; four events at days 0, 2, 4, 6. Event estimates are not additive."
SC01169,Independent recovery experiment 01169,Four_event_stress,4,1.0,1.0,1.0,1.0,North,"Independent 2027-01-01 snapshot; four events at days 0, 2, 4, 6. Event estimates are not additive."
SC01170,Independent recovery experiment 01170,Four_event_stress,4,1.0,1.0,1.0,1.0,South,"Independent 2027-01-01 snapshot; four events at days 0, 2, 4, 6. Event estimates are not additive."
SC01171,Independent recovery experiment 01171,Four_event_stress,4,1.0,1.0,1.0,1.0,South,"Independent 2027-01-01 snapshot; four events at days 0, 2, 4, 6. Event estimates are not additive."
SC01172,Independent recovery experiment 01172,Four_event_stress,4,1.0,1.0,1.0,1.0,West,"Independent 2027-01-01 snapshot; four events at days 0, 2, 4, 6. Event estimates are not additive."
SC01173,Independent recovery experiment 01173,Four_event_stress,4,1.0,1.0,1.0,1.0,North,"Independent 2027-01-01 snapshot; four events at days 0, 2, 4, 6. Event estimates are not additive."
SC01174,Independent recovery experiment 01174,Four_event_stress,4,1.0,1.0,1.0,1.0,South,"Independent 2027-01-01 snapshot; four events at days 0, 2, 4, 6. Event estimates are not additive."
SC01175,Independent recovery experiment 01175,Four_event_stress,4,1.0,1.0,1.0,1.0,South,"Independent 2027-01-01 snapshot; four events at days 0, 2, 4, 6. Event estimates are not additive."
SC01176,Independent recovery experiment 01176,Four_event_stress,4,1.0,1.0,1.0,1.0,West,"Independent 2027-01-01 snapshot; four events at days 0, 2, 4, 6. Event estimates are not additive."
SC01177,Independent recovery experiment 01177,Four_event_stress,4,1.0,1.0,1.0,1.0,East,"Independent 2027-01-01 snapshot; four events at days 0, 2, 4, 6. Event estimates are not additive."
SC01178,Independent recovery experiment 01178,Four_event_stress,4,1.0,1.0,1.0,1.0,West,"Independent 2027-01-01 snapshot; four events at days 0, 2, 4, 6. Event estimates are not additive."
SC01179,Independent recovery experiment 01179,Four_event_stress,4,1.0,1.0,1.0,1.0,North,"Independent 2027-01-01 snapshot; four events at days 0, 2, 4, 6. Event estimates are not additive."
SC01180,Independent recovery experiment 01180,Four_event_stress,4,1.0,1.0,1.0,1.0,South,"Independent 2027-01-01 snapshot; four events at days 0, 2, 4, 6. Event estimates are not additive."
SC01181,Independent recovery experiment 01181,Four_event_stress,4,1.0,1.0,1.0,1.0,South,"Independent 2027-01-01 snapshot; four events at days 0, 2, 4, 6. Event estimates are not additive."
SC01182,Independent recovery experiment 01182,Four_event_stress,4,1.0,1.0,1.0,1.0,West,"Independent 2027-01-01 snapshot; four events at days 0, 2, 4, 6. Event estimates are not additive."
SC01183,Independent recovery experiment 01183,Four_event_stress,4,1.0,1.0,1.0,1.0,North,"Independent 2027-01-01 snapshot; four events at days 0, 2, 4, 6. Event estimates are not additive."
SC01184,Independent recovery experiment 01184,Four_event_stress,4,1.0,1.0,1.0,1.0,South,"Independent 2027-01-01 snapshot; four events at days 0, 2, 4, 6. Event estimates are not additive."
SC01185,Independent recovery experiment 01185,Four_event_stress,4,1.0,1.0,1.0,1.0,South,"Independent 2027-01-01 snapshot; four events at days 0, 2, 4, 6. Event estimates are not additive."
SC01186,Independent recovery experiment 01186,Four_event_stress,4,1.0,1.0,1.0,1.0,West,"Independent 2027-01-01 snapshot; four events at days 0, 2, 4, 6. Event estimates are not additive."
SC01187,Independent recovery experiment 01187,Four_event_stress,4,1.0,1.0,1.0,1.0,East,"Independent 2027-01-01 snapshot; four events at days 0, 2, 4, 6. Event estimates are not additive."
SC01188,Independent recovery experiment 01188,Four_event_stress,4,1.0,1.0,1.0,1.0,West,"Independent 2027-01-01 snapshot; four events at days 0, 2, 4, 6. Event estimates are not additive."
SC01189,Independent recovery experiment 01189,Four_event_stress,4,1.0,1.0,1.0,1.0,North,"Independent 2027-01-01 snapshot; four events at days 0, 2, 4, 6. Event estimates are not additive."
SC01190,Independent recovery experiment 01190,Four_event_stress,4,1.0,1.0,1.0,1.0,South,"Independent 2027-01-01 snapshot; four events at days 0, 2, 4, 6. Event estimates are not additive."
SC01191,Independent recovery experiment 01191,Four_event_stress,4,1.0,1.0,1.0,1.0,South,"Independent 2027-01-01 snapshot; four events at days 0, 2, 4, 6. Event estimates are not additive."
SC01192,Independent recovery experiment 01192,Four_event_stress,4,1.0,1.0,1.0,1.0,West,"Independent 2027-01-01 snapshot; four events at days 0, 2, 4, 6. Event estimates are not additive."
SC01193,Independent recovery experiment 01193,Four_event_stress,4,1.0,1.0,1.0,1.0,North,"Independent 2027-01-01 snapshot; four events at days 0, 2, 4, 6. Event estimates are not additive."
SC01194,Independent recovery experiment 01194,Four_event_stress,4,1.0,1.0,1.0,1.0,South,"Independent 2027-01-01 snapshot; four events at days 0, 2, 4, 6. Event estimates are not additive."
SC01195,Independent recovery experiment 01195,Four_event_stress,4,1.0,1.0,1.0,1.0,South,"Independent 2027-01-01 snapshot; four events at days 0, 2, 4, 6. Event estimates are not additive."
SC01196,Independent recovery experiment 01196,Four_event_stress,4,1.0,1.0,1.0,1.0,West,"Independent 2027-01-01 snapshot; four events at days 0, 2, 4, 6. Event estimates are not additive."
SC01197,Independent recovery experiment 01197,Four_event_stress,4,1.0,1.0,1.0,1.0,East,"Independent 2027-01-01 snapshot; four events at days 0, 2, 4, 6. Event estimates are not additive."
SC01198,Independent recovery experiment 01198,Four_event_stress,4,1.0,1.0,1.0,1.0,West,"Independent 2027-01-01 snapshot; four events at days 0, 2, 4, 6. Event estimates are not additive."
SC01199,Independent recovery experiment 01199,Four_event_stress,4,1.0,1.0,1.0,1.0,North,"Independent 2027-01-01 snapshot; four events at days 0, 2, 4, 6. Event estimates are not additive."
SC01200,Independent recovery experiment 01200,Four_event_stress,4,1.0,1.0,1.0,1.0,South,"Independent 2027-01-01 snapshot; four events at days 0, 2, 4, 6. Event estimates are not additive."
SC01201,Independent recovery experiment 01201,Four_event_stress,4,1.0,1.0,1.0,1.0,South,"Independent 2027-01-01 snapshot; four events at days 0, 2, 4, 6. Event estimates are not additive."
SC01202,Independent recovery experiment 01202,Four_event_stress,4,1.0,1.0,1.0,1.0,West,"Independent 2027-01-01 snapshot; four events at days 0, 2, 4, 6. Event estimates are not additive."
SC01203,Independent recovery experiment 01203,Four_event_stress,4,1.0,1.0,1.0,1.0,North,"Independent 2027-01-01 snapshot; four events at days 0, 2, 4, 6. Event estimates are not additive."
SC01204,Independent recovery experiment 01204,Four_event_stress,4,1.0,1.0,1.0,1.0,South,"Independent 2027-01-01 snapshot; four events at days 0, 2, 4, 6. Event estimates are not additive."
SC01205,Independent recovery experiment 01205,Four_event_stress,4,1.0,1.0,1.0,1.0,South,"Independent 2027-01-01 snapshot; four events at days 0, 2, 4, 6. Event estimates are not additive."
SC01206,Independent recovery experiment 01206,Four_event_stress,4,1.0,1.0,1.0,1.0,West,"Independent 2027-01-01 snapshot; four events at days 0, 2, 4, 6. Event estimates are not additive."
SC01207,Independent recovery experiment 01207,Four_event_stress,4,1.0,1.0,1.0,1.0,East,"Independent 2027-01-01 snapshot; four events at days 0, 2, 4, 6. Event estimates are not additive."
SC01208,Independent recovery experiment 01208,Four_event_stress,4,1.0,1.0,1.0,1.0,West,"Independent 2027-01-01 snapshot; four events at days 0, 2, 4, 6. Event estimates are not additive."
SC01209,Independent recovery experiment 01209,Four_event_stress,4,1.0,1.0,1.0,1.0,North,"Independent 2027-01-01 snapshot; four events at days 0, 2, 4, 6. Event estimates are not additive."
SC01210,Independent recovery experiment 01210,Four_event_stress,4,1.0,1.0,1.0,1.0,South,"Independent 2027-01-01 snapshot; four events at days 0, 2, 4, 6. Event estimates are not additive."
SC01211,Independent recovery experiment 01211,Four_event_stress,4,1.0,1.0,1.0,1.0,South,"Independent 2027-01-01 snapshot; four events at days 0, 2, 4, 6. Event estimates are not additive."
SC01212,Independent recovery experiment 01212,Four_event_stress,4,1.0,1.0,1.0,1.0,West,"Independent 2027-01-01 snapshot; four events at days 0, 2, 4, 6. Event estimates are not additive."
SC01213,Independent recovery experiment 01213,Four_event_stress,4,1.0,1.0,1.0,1.0,North,"Independent 2027-01-01 snapshot; four events at days 0, 2, 4, 6. Event estimates are not additive."
SC01214,Independent recovery experiment 01214,Four_event_stress,4,1.0,1.0,1.0,1.0,South,"Independent 2027-01-01 snapshot; four events at days 0, 2, 4, 6. Event estimates are not additive."
SC01215,Independent recovery experiment 01215,Four_event_stress,4,1.0,1.0,1.0,1.0,South,"Independent 2027-01-01 snapshot; four events at days 0, 2, 4, 6. Event estimates are not additive."
SC01216,Independent recovery experiment 01216,Four_event_stress,4,1.0,1.0,1.0,1.0,West,"Independent 2027-01-01 snapshot; four events at days 0, 2, 4, 6. Event estimates are not additive."
SC01217,Independent recovery experiment 01217,Four_event_stress,4,1.0,1.0,1.0,1.0,East,"Independent 2027-01-01 snapshot; four events at days 0, 2, 4, 6. Event estimates are not additive."
SC01218,Independent recovery experiment 01218,Four_event_stress,4,1.0,1.0,1.0,1.0,West,"Independent 2027-01-01 snapshot; four events at days 0, 2, 4, 6. Event estimates are not additive."
SC01219,Independent recovery experiment 01219,Four_event_stress,4,1.0,1.0,1.0,1.0,North,"Independent 2027-01-01 snapshot; four events at days 0, 2, 4, 6. Event estimates are not additive."
SC01220,Independent recovery experiment 01220,Four_event_stress,4,1.0,1.0,1.0,1.0,South,"Independent 2027-01-01 snapshot; four events at days 0, 2, 4, 6. Event estimates are not additive."
SC01221,Independent recovery experiment 01221,Four_event_stress,4,1.0,1.0,1.0,1.0,South,"Independent 2027-01-01 snapshot; four events at days 0, 2, 4, 6. Event estimates are not additive."
SC01222,Independent recovery experiment 01222,Four_event_stress,4,1.0,1.0,1.0,1.0,West,"Independent 2027-01-01 snapshot; four events at days 0, 2, 4, 6. Event estimates are not additive."
SC01223,Independent recovery experiment 01223,Four_event_stress,4,1.0,1.0,1.0,1.0,North,"Independent 2027-01-01 snapshot; four events at days 0, 2, 4, 6. Event estimates are not additive."
SC01224,Independent recovery experiment 01224,Four_event_stress,4,1.0,1.0,1.0,1.0,South,"Independent 2027-01-01 snapshot; four events at days 0, 2, 4, 6. Event estimates are not additive."
SC01225,Independent recovery experiment 01225,Four_event_stress,4,1.0,1.0,1.0,1.0,South,"Independent 2027-01-01 snapshot; four events at days 0, 2, 4, 6. Event estimates are not additive."
SC01226,Independent recovery experiment 01226,Four_event_stress,4,1.0,1.0,1.0,1.0,West,"Independent 2027-01-01 snapshot; four events at days 0, 2, 4, 6. Event estimates are not additive."
SC01227,Independent recovery experiment 01227,Four_event_stress,4,1.0,1.0,1.0,1.0,East,"Independent 2027-01-01 snapshot; four events at days 0, 2, 4, 6. Event estimates are not additive."
SC01228,Independent recovery experiment 01228,Four_event_stress,4,1.0,1.0,1.0,1.0,West,"Independent 2027-01-01 snapshot; four events at days 0, 2, 4, 6. Event estimates are not additive."
SC01229,Independent recovery experiment 01229,Four_event_stress,4,1.0,1.0,1.0,1.0,North,"Independent 2027-01-01 snapshot; four events at days 0, 2, 4, 6. Event estimates are not additive."
SC01230,Independent recovery experiment 01230,Four_event_stress,4,1.0,1.0,1.0,1.0,South,"Independent 2027-01-01 snapshot; four events at days 0, 2, 4, 6. Event estimates are not additive."
SC01231,Independent recovery experiment 01231,Four_event_stress,4,1.0,1.0,1.0,1.0,South,"Independent 2027-01-01 snapshot; four events at days 0, 2, 4, 6. Event estimates are not additive."
SC01232,Independent recovery experiment 01232,Four_event_stress,4,1.0,1.0,1.0,1.0,West,"Independent 2027-01-01 snapshot; four events at days 0, 2, 4, 6. Event estimates are not additive."
SC01233,Independent recovery experiment 01233,Four_event_stress,4,1.0,1.0,1.0,1.0,North,"Independent 2027-01-01 snapshot; four events at days 0, 2, 4, 6. Event estimates are not additive."
SC01234,Independent recovery experiment 01234,Four_event_stress,4,1.0,1.0,1.0,1.0,South,"Independent 2027-01-01 snapshot; four events at days 0, 2, 4, 6. Event estimates are not additive."
SC01235,Independent recovery experiment 01235,Four_event_stress,4,1.0,1.0,1.0,1.0,South,"Independent 2027-01-01 snapshot; four events at days 0, 2, 4, 6. Event estimates are not additive."
SC01236,Independent recovery experiment 01236,Four_event_stress,4,1.0,1.0,1.0,1.0,West,"Independent 2027-01-01 snapshot; four events at days 0, 2, 4, 6. Event estimates are not additive."
SC01237,Independent recovery experiment 01237,Four_event_stress,4,1.0,1.0,1.0,1.0,East,"Independent 2027-01-01 snapshot; four events at days 0, 2, 4, 6. Event estimates are not additive."
SC01238,Independent recovery experiment 01238,Four_event_stress,4,1.0,1.0,1.0,1.0,West,"Independent 2027-01-01 snapshot; four events at days 0, 2, 4, 6. Event estimates are not additive."
SC01239,Independent recovery experiment 01239,Four_event_stress,4,1.0,1.0,1.0,1.0,North,"Independent 2027-01-01 snapshot; four events at days 0, 2, 4, 6. Event estimates are not additive."
SC01240,Independent recovery experiment 01240,Four_event_stress,4,1.0,1.0,1.0,1.0,South,"Independent 2027-01-01 snapshot; four events at days 0, 2, 4, 6. Event estimates are not additive."
SC01241,Independent recovery experiment 01241,Four_event_stress,4,1.0,1.0,1.0,1.0,South,"Independent 2027-01-01 snapshot; four events at days 0, 2, 4, 6. Event estimates are not additive."
SC01242,Independent recovery experiment 01242,Four_event_stress,4,1.0,1.0,1.0,1.0,West,"Independent 2027-01-01 snapshot; four events at days 0, 2, 4, 6. Event estimates are not additive."
SC01243,Independent recovery experiment 01243,Four_event_stress,4,1.0,1.0,1.0,1.0,North,"Independent 2027-01-01 snapshot; four events at days 0, 2, 4, 6. Event estimates are not additive."
SC01244,Independent recovery experiment 01244,Four_event_stress,4,1.0,1.0,1.0,1.0,South,"Independent 2027-01-01 snapshot; four events at days 0, 2, 4, 6. Event estimates are not additive."
SC01245,Independent recovery experiment 01245,Four_event_stress,4,1.0,1.0,1.0,1.0,South,"Independent 2027-01-01 snapshot; four events at days 0, 2, 4, 6. Event estimates are not additive."
SC01246,Independent recovery experiment 01246,Four_event_stress,4,1.0,1.0,1.0,1.0,West,"Independent 2027-01-01 snapshot; four events at days 0, 2, 4, 6. Event estimates are not additive."
SC01247,Independent recovery experiment 01247,Four_event_stress,4,1.0,1.0,1.0,1.0,East,"Independent 2027-01-01 snapshot; four events at days 0, 2, 4, 6. Event estimates are not additive."
SC01248,Independent recovery experiment 01248,Four_event_stress,4,1.0,1.0,1.0,1.0,West,"Independent 2027-01-01 snapshot; four events at days 0, 2, 4, 6. Event estimates are not additive."
SC01249,Independent recovery experiment 01249,Four_event_stress,4,1.0,1.0,1.0,1.0,North,"Independent 2027-01-01 snapshot; four events at days 0, 2, 4, 6. Event estimates are not additive."
SC01250,Independent recovery experiment 01250,Four_event_stress,4,1.0,1.0,1.0,1.0,South,"Independent 2027-01-01 snapshot; four events at days 0, 2, 4, 6. Event estimates are not additive."
SC01251,Independent recovery experiment 01251,Four_event_stress,4,1.0,1.0,1.0,1.0,South,"Independent 2027-01-01 snapshot; four events at days 0, 2, 4, 6. Event estimates are not additive."
SC01252,Independent recovery experiment 01252,Four_event_stress,4,1.0,1.0,1.0,1.0,West,"Independent 2027-01-01 snapshot; four events at days 0, 2, 4, 6. Event estimates are not additive."
SC01253,Independent recovery experiment 01253,Four_event_stress,4,1.0,1.0,1.0,1.0,North,"Independent 2027-01-01 snapshot; four events at days 0, 2, 4, 6. Event estimates are not additive."
SC01254,Independent recovery experiment 01254,Four_event_stress,4,1.0,1.0,1.0,1.0,South,"Independent 2027-01-01 snapshot; four events at days 0, 2, 4, 6. Event estimates are not additive."
SC01255,Independent recovery experiment 01255,Four_event_stress,4,1.0,1.0,1.0,1.0,South,"Independent 2027-01-01 snapshot; four events at days 0, 2, 4, 6. Event estimates are not additive."
SC01256,Independent recovery experiment 01256,Four_event_stress,4,1.0,1.0,1.0,1.0,West,"Independent 2027-01-01 snapshot; four events at days 0, 2, 4, 6. Event estimates are not additive."
SC01257,Independent recovery experiment 01257,Four_event_stress,4,1.0,1.0,1.0,1.0,East,"Independent 2027-01-01 snapshot; four events at days 0, 2, 4, 6. Event estimates are not additive."
SC01258,Independent recovery experiment 01258,Four_event_stress,4,1.0,1.0,1.0,1.0,West,"Independent 2027-01-01 snapshot; four events at days 0, 2, 4, 6. Event estimates are not additive."
SC01259,Independent recovery experiment 01259,Four_event_stress,4,1.0,1.0,1.0,1.0,North,"Independent 2027-01-01 snapshot; four events at days 0, 2, 4, 6. Event estimates are not additive."
SC01260,Independent recovery experiment 01260,Four_event_stress,4,1.0,1.0,1.0,1.0,South,"Independent 2027-01-01 snapshot; four events at days 0, 2, 4, 6. Event estimates are not additive."
SC01261,Independent recovery experiment 01261,Four_event_stress,4,1.0,1.0,1.0,1.0,South,"Independent 2027-01-01 snapshot; four events at days 0, 2, 4, 6. Event estimates are not additive."
SC01262,Independent recovery experiment 01262,Four_event_stress,4,1.0,1.0,1.0,1.0,West,"Independent 2027-01-01 snapshot; four events at days 0, 2, 4, 6. Event estimates are not additive."
SC01263,Independent recovery experiment 01263,Four_event_stress,4,1.0,1.0,1.0,1.0,North,"Independent 2027-01-01 snapshot; four events at days 0, 2, 4, 6. Event estimates are not additive."
SC01264,Independent recovery experiment 01264,Four_event_stress,4,1.0,1.0,1.0,1.0,South,"Independent 2027-01-01 snapshot; four events at days 0, 2, 4, 6. Event estimates are not additive."
SC01265,Independent recovery experiment 01265,Four_event_stress,4,1.0,1.0,1.0,1.0,South,"Independent 2027-01-01 snapshot; four events at days 0, 2, 4, 6. Event estimates are not additive."
SC01266,Independent recovery experiment 01266,Four_event_stress,4,1.0,1.0,1.0,1.0,West,"Independent 2027-01-01 snapshot; four events at days 0, 2, 4, 6. Event estimates are not additive."
SC01267,Independent recovery experiment 01267,Four_event_stress,4,1.0,1.0,1.0,1.0,East,"Independent 2027-01-01 snapshot; four events at days 0, 2, 4, 6. Event estimates are not additive."
SC01268,Independent recovery experiment 01268,Four_event_stress,4,1.0,1.0,1.0,1.0,West,"Independent 2027-01-01 snapshot; four events at days 0, 2, 4, 6. Event estimates are not additive."
SC01269,Independent recovery experiment 01269,Four_event_stress,4,1.0,1.0,1.0,1.0,North,"Independent 2027-01-01 snapshot; four events at days 0, 2, 4, 6. Event estimates are not additive."
SC01270,Independent recovery experiment 01270,Four_event_stress,4,1.0,1.0,1.0,1.0,South,"Independent 2027-01-01 snapshot; four events at days 0, 2, 4, 6. Event estimates are not additive."
SC01271,Independent recovery experiment 01271,Four_event_stress,4,1.0,1.0,1.0,1.0,South,"Independent 2027-01-01 snapshot; four events at days 0, 2, 4, 6. Event estimates are not additive."
SC01272,Independent recovery experiment 01272,Four_event_stress,4,1.0,1.0,1.0,1.0,West,"Independent 2027-01-01 snapshot; four events at days 0, 2, 4, 6. Event estimates are not additive."
SC01273,Independent recovery experiment 01273,Four_event_stress,4,1.0,1.0,1.0,1.0,North,"Independent 2027-01-01 snapshot; four events at days 0, 2, 4, 6. Event estimates are not additive."
SC01274,Independent recovery experiment 01274,Four_event_stress,4,1.0,1.0,1.0,1.0,South,"Independent 2027-01-01 snapshot; four events at days 0, 2, 4, 6. Event estimates are not additive."
SC01275,Independent recovery experiment 01275,Four_event_stress,4,1.0,1.0,1.0,1.0,South,"Independent 2027-01-01 snapshot; four events at days 0, 2, 4, 6. Event estimates are not additive."
SC01276,Independent recovery experiment 01276,Four_event_stress,4,1.0,1.0,1.0,1.0,West,"Independent 2027-01-01 snapshot; four events at days 0, 2, 4, 6. Event estimates are not additive."
SC01277,Independent recovery experiment 01277,Four_event_stress,4,1.0,1.0,1.0,1.0,East,"Independent 2027-01-01 snapshot; four events at days 0, 2, 4, 6. Event estimates are not additive."
SC01278,Independent recovery experiment 01278,Four_event_stress,4,1.0,1.0,1.0,1.0,West,"Independent 2027-01-01 snapshot; four events at days 0, 2, 4, 6. Event estimates are not additive."
SC01279,Independent recovery experiment 01279,Four_event_stress,4,1.0,1.0,1.0,1.0,North,"Independent 2027-01-01 snapshot; four events at days 0, 2, 4, 6. Event estimates are not additive."
SC01280,Independent recovery experiment 01280,Four_event_stress,4,1.0,1.0,1.0,1.0,South,"Independent 2027-01-01 snapshot; four events at days 0, 2, 4, 6. Event estimates are not additive."
SC01281,Independent recovery experiment 01281,Four_event_stress,4,1.0,1.0,1.0,1.0,South,"Independent 2027-01-01 snapshot; four events at days 0, 2, 4, 6. Event estimates are not additive."
SC01282,Independent recovery experiment 01282,Four_event_stress,4,1.0,1.0,1.0,1.0,West,"Independent 2027-01-01 snapshot; four events at days 0, 2, 4, 6. Event estimates are not additive."
SC01283,Independent recovery experiment 01283,Four_event_stress,4,1.0,1.0,1.0,1.0,North,"Independent 2027-01-01 snapshot; four events at days 0, 2, 4, 6. Event estimates are not additive."
SC01284,Independent recovery experiment 01284,Four_event_stress,4,1.0,1.0,1.0,1.0,South,"Independent 2027-01-01 snapshot; four events at days 0, 2, 4, 6. Event estimates are not additive."
SC01285,Independent recovery experiment 01285,Four_event_stress,4,1.0,1.0,1.0,1.0,South,"Independent 2027-01-01 snapshot; four events at days 0, 2, 4, 6. Event estimates are not additive."
SC01286,Independent recovery experiment 01286,Four_event_stress,4,1.0,1.0,1.0,1.0,West,"Independent 2027-01-01 snapshot; four events at days 0, 2, 4, 6. Event estimates are not additive."
SC01287,Independent recovery experiment 01287,Four_event_stress,4,1.0,1.0,1.0,1.0,East,"Independent 2027-01-01 snapshot; four events at days 0, 2, 4, 6. Event estimates are not additive."
SC01288,Independent recovery experiment 01288,Four_event_stress,4,1.0,1.0,1.0,1.0,West,"Independent 2027-01-01 snapshot; four events at days 0, 2, 4, 6. Event estimates are not additive."
SC01289,Independent recovery experiment 01289,Four_event_stress,4,1.0,1.0,1.0,1.0,North,"Independent 2027-01-01 snapshot; four events at days 0, 2, 4, 6. Event estimates are not additive."
SC01290,Independent recovery experiment 01290,Four_event_stress,4,1.0,1.0,1.0,1.0,South,"Independent 2027-01-01 snapshot; four events at days 0, 2, 4, 6. Event estimates are not additive."
SC01291,Independent recovery experiment 01291,Four_event_stress,4,1.0,1.0,1.0,1.0,South,"Independent 2027-01-01 snapshot; four events at days 0, 2, 4, 6. Event estimates are not additive."
SC01292,Independent recovery experiment 01292,Four_event_stress,4,1.0,1.0,1.0,1.0,West,"Independent 2027-01-01 snapshot; four events at days 0, 2, 4, 6. Event estimates are not additive."
SC01293,Independent recovery experiment 01293,Four_event_stress,4,1.0,1.0,1.0,1.0,North,"Independent 2027-01-01 snapshot; four events at days 0, 2, 4, 6. Event estimates are not additive."
SC01294,Independent recovery experiment 01294,Four_event_stress,4,1.0,1.0,1.0,1.0,South,"Independent 2027-01-01 snapshot; four events at days 0, 2, 4, 6. Event estimates are not additive."
SC01295,Independent recovery experiment 01295,Four_event_stress,4,1.0,1.0,1.0,1.0,South,"Independent 2027-01-01 snapshot; four events at days 0, 2, 4, 6. Event estimates are not additive."
SC01296,Independent recovery experiment 01296,Four_event_stress,4,1.0,1.0,1.0,1.0,West,"Independent 2027-01-01 snapshot; four events at days 0, 2, 4, 6. Event estimates are not additive."
SC01297,Independent recovery experiment 01297,Four_event_stress,4,1.0,1.0,1.0,1.0,East,"Independent 2027-01-01 snapshot; four events at days 0, 2, 4, 6. Event estimates are not additive."
SC01298,Independent recovery experiment 01298,Four_event_stress,4,1.0,1.0,1.0,1.0,West,"Independent 2027-01-01 snapshot; four events at days 0, 2, 4, 6. Event estimates are not additive."
SC01299,Independent recovery experiment 01299,Four_event_stress,4,1.0,1.0,1.0,1.0,North,"Independent 2027-01-01 snapshot; four events at days 0, 2, 4, 6. Event estimates are not additive."
SC01300,Independent recovery experiment 01300,Four_event_stress,4,1.0,1.0,1.0,1.0,South,"Independent 2027-01-01 snapshot; four events at days 0, 2, 4, 6. Event estimates are not additive."
SC01301,Independent recovery experiment 01301,Four_event_stress,4,1.0,1.0,1.0,1.0,South,"Independent 2027-01-01 snapshot; four events at days 0, 2, 4, 6. Event estimates are not additive."
SC01302,Independent recovery experiment 01302,Four_event_stress,4,1.0,1.0,1.0,1.0,West,"Independent 2027-01-01 snapshot; four events at days 0, 2, 4, 6. Event estimates are not additive."
SC01303,Independent recovery experiment 01303,Four_event_stress,4,1.0,1.0,1.0,1.0,North,"Independent 2027-01-01 snapshot; four events at days 0, 2, 4, 6. Event estimates are not additive."
SC01304,Independent recovery experiment 01304,Four_event_stress,4,1.0,1.0,1.0,1.0,South,"Independent 2027-01-01 snapshot; four events at days 0, 2, 4, 6. Event estimates are not additive."
SC01305,Independent recovery experiment 01305,Four_event_stress,4,1.0,1.0,1.0,1.0,South,"Independent 2027-01-01 snapshot; four events at days 0, 2, 4, 6. Event estimates are not additive."
SC01306,Independent recovery experiment 01306,Four_event_stress,4,1.0,1.0,1.0,1.0,West,"Independent 2027-01-01 snapshot; four events at days 0, 2, 4, 6. Event estimates are not additive."
SC01307,Independent recovery experiment 01307,Four_event_stress,4,1.0,1.0,1.0,1.0,East,"Independent 2027-01-01 snapshot; four events at days 0, 2, 4, 6. Event estimates are not additive."
SC01308,Independent recovery experiment 01308,Four_event_stress,4,1.0,1.0,1.0,1.0,West,"Independent 2027-01-01 snapshot; four events at days 0, 2, 4, 6. Event estimates are not additive."
SC01309,Independent recovery experiment 01309,Four_event_stress,4,1.0,1.0,1.0,1.0,North,"Independent 2027-01-01 snapshot; four events at days 0, 2, 4, 6. Event estimates are not additive."
SC01310,Independent recovery experiment 01310,Four_event_stress,4,1.0,1.0,1.0,1.0,South,"Independent 2027-01-01 snapshot; four events at days 0, 2, 4, 6. Event estimates are not additive."
SC01311,Independent recovery experiment 01311,Four_event_stress,4,1.0,1.0,1.0,1.0,South,"Independent 2027-01-01 snapshot; four events at days 0, 2, 4, 6. Event estimates are not additive."
SC01312,Independent recovery experiment 01312,Four_event_stress,4,1.0,1.0,1.0,1.0,West,"Independent 2027-01-01 snapshot; four events at days 0, 2, 4, 6. Event estimates are not additive."
SC01313,Independent recovery experiment 01313,Four_event_stress,4,1.0,1.0,1.0,1.0,North,"Independent 2027-01-01 snapshot; four events at days 0, 2, 4, 6. Event estimates are not additive."
SC01314,Independent recovery experiment 01314,Four_event_stress,4,1.0,1.0,1.0,1.0,South,"Independent 2027-01-01 snapshot; four events at days 0, 2, 4, 6. Event estimates are not additive."
SC01315,Independent recovery experiment 01315,Four_event_stress,4,1.0,1.0,1.0,1.0,South,"Independent 2027-01-01 snapshot; four events at days 0, 2, 4, 6. Event estimates are not additive."
SC01316,Independent recovery experiment 01316,Four_event_stress,4,1.0,1.0,1.0,1.0,West,"Independent 2027-01-01 snapshot; four events at days 0, 2, 4, 6. Event estimates are not additive."
SC01317,Independent recovery experiment 01317,Four_event_stress,4,1.0,1.0,1.0,1.0,East,"Independent 2027-01-01 snapshot; four events at days 0, 2, 4, 6. Event estimates are not additive."
SC01318,Independent recovery experiment 01318,Four_event_stress,4,1.0,1.0,1.0,1.0,West,"Independent 2027-01-01 snapshot; four events at days 0, 2, 4, 6. Event estimates are not additive."
SC01319,Independent recovery experiment 01319,Four_event_stress,4,1.0,1.0,1.0,1.0,North,"Independent 2027-01-01 snapshot; four events at days 0, 2, 4, 6. Event estimates are not additive."
SC01320,Independent recovery experiment 01320,Four_event_stress,4,1.0,1.0,1.0,1.0,South,"Independent 2027-01-01 snapshot; four events at days 0, 2, 4, 6. Event estimates are not additive."
SC01321,Independent recovery experiment 01321,Four_event_stress,4,1.0,1.0,1.0,1.0,South,"Independent 2027-01-01 snapshot; four events at days 0, 2, 4, 6. Event estimates are not additive."
SC01322,Independent recovery experiment 01322,Four_event_stress,4,1.0,1.0,1.0,1.0,West,"Independent 2027-01-01 snapshot; four events at days 0, 2, 4, 6. Event estimates are not additive."
SC01323,Independent recovery experiment 01323,Four_event_stress,4,1.0,1.0,1.0,1.0,North,"Independent 2027-01-01 snapshot; four events at days 0, 2, 4, 6. Event estimates are not additive."
SC01324,Independent recovery experiment 01324,Four_event_stress,4,1.0,1.0,1.0,1.0,South,"Independent 2027-01-01 snapshot; four events at days 0, 2, 4, 6. Event estimates are not additive."
SC01325,Independent recovery experiment 01325,Four_event_stress,4,1.0,1.0,1.0,1.0,South,"Independent 2027-01-01 snapshot; four events at days 0, 2, 4, 6. Event estimates are not additive."
SC01326,Independent recovery experiment 01326,Four_event_stress,4,1.0,1.0,1.0,1.0,West,"Independent 2027-01-01 snapshot; four events at days 0, 2, 4, 6. Event estimates are not additive."
SC01327,Independent recovery experiment 01327,Four_event_stress,4,1.0,1.0,1.0,1.0,East,"Independent 2027-01-01 snapshot; four events at days 0, 2, 4, 6. Event estimates are not additive."
SC01328,Independent recovery experiment 01328,Four_event_stress,4,1.0,1.0,1.0,1.0,West,"Independent 2027-01-01 snapshot; four events at days 0, 2, 4, 6. Event estimates are not additive."
SC01329,Independent recovery experiment 01329,Four_event_stress,4,1.0,1.0,1.0,1.0,North,"Independent 2027-01-01 snapshot; four events at days 0, 2, 4, 6. Event estimates are not additive."
SC01330,Independent recovery experiment 01330,Four_event_stress,4,1.0,1.0,1.0,1.0,South,"Independent 2027-01-01 snapshot; four events at days 0, 2, 4, 6. Event estimates are not additive."
SC01331,Independent recovery experiment 01331,Four_event_stress,4,1.0,1.0,1.0,1.0,South,"Independent 2027-01-01 snapshot; four events at days 0, 2, 4, 6. Event estimates are not additive."
SC01332,Independent recovery experiment 01332,Four_event_stress,4,1.0,1.0,1.0,1.0,West,"Independent 2027-01-01 snapshot; four events at days 0, 2, 4, 6. Event estimates are not additive."
SC01333,Independent recovery experiment 01333,Four_event_stress,4,1.0,1.0,1.0,1.0,North,"Independent 2027-01-01 snapshot; four events at days 0, 2, 4, 6. Event estimates are not additive."
SC01334,Independent recovery experiment 01334,Four_event_stress,4,1.0,1.0,1.0,1.0,South,"Independent 2027-01-01 snapshot; four events at days 0, 2, 4, 6. Event estimates are not additive."
SC01335,Independent recovery experiment 01335,Four_event_stress,4,1.0,1.0,1.0,1.0,South,"Independent 2027-01-01 snapshot; four events at days 0, 2, 4, 6. Event estimates are not additive."
SC01336,Independent recovery experiment 01336,Four_event_stress,4,1.0,1.0,1.0,1.0,West,"Independent 2027-01-01 snapshot; four events at days 0, 2, 4, 6. Event estimates are not additive."
SC01337,Independent recovery experiment 01337,Four_event_stress,4,1.0,1.0,1.0,1.0,East,"Independent 2027-01-01 snapshot; four events at days 0, 2, 4, 6. Event estimates are not additive."
SC01338,Independent recovery experiment 01338,Four_event_stress,4,1.0,1.0,1.0,1.0,West,"Independent 2027-01-01 snapshot; four events at days 0, 2, 4, 6. Event estimates are not additive."
SC01339,Independent recovery experiment 01339,Four_event_stress,4,1.0,1.0,1.0,1.0,North,"Independent 2027-01-01 snapshot; four events at days 0, 2, 4, 6. Event estimates are not additive."
SC01340,Independent recovery experiment 01340,Four_event_stress,4,1.0,1.0,1.0,1.0,South,"Independent 2027-01-01 snapshot; four events at days 0, 2, 4, 6. Event estimates are not additive."
SC01341,Independent recovery experiment 01341,Four_event_stress,4,1.0,1.0,1.0,1.0,South,"Independent 2027-01-01 snapshot; four events at days 0, 2, 4, 6. Event estimates are not additive."
SC01342,Independent recovery experiment 01342,Four_event_stress,4,1.0,1.0,1.0,1.0,West,"Independent 2027-01-01 snapshot; four events at days 0, 2, 4, 6. Event estimates are not additive."
SC01343,Independent recovery experiment 01343,Four_event_stress,4,1.0,1.0,1.0,1.0,North,"Independent 2027-01-01 snapshot; four events at days 0, 2, 4, 6. Event estimates are not additive."
SC01344,Independent recovery experiment 01344,Four_event_stress,4,1.0,1.0,1.0,1.0,South,"Independent 2027-01-01 snapshot; four events at days 0, 2, 4, 6. Event estimates are not additive."
SC01345,Independent recovery experiment 01345,Four_event_stress,4,1.0,1.0,1.0,1.0,South,"Independent 2027-01-01 snapshot; four events at days 0, 2, 4, 6. Event estimates are not additive."
SC01346,Independent recovery experiment 01346,Four_event_stress,4,1.0,1.0,1.0,1.0,West,"Independent 2027-01-01 snapshot; four events at days 0, 2, 4, 6. Event estimates are not additive."
SC01347,Independent recovery experiment 01347,Four_event_stress,4,1.0,1.0,1.0,1.0,East,"Independent 2027-01-01 snapshot; four events at days 0, 2, 4, 6. Event estimates are not additive."
SC01348,Independent recovery experiment 01348,Four_event_stress,4,1.0,1.0,1.0,1.0,West,"Independent 2027-01-01 snapshot; four events at days 0, 2, 4, 6. Event estimates are not additive."
SC01349,Independent recovery experiment 01349,Four_event_stress,4,1.0,1.0,1.0,1.0,North,"Independent 2027-01-01 snapshot; four events at days 0, 2, 4, 6. Event estimates are not additive."
SC01350,Independent recovery experiment 01350,Four_event_stress,4,1.0,1.0,1.0,1.0,South,"Independent 2027-01-01 snapshot; four events at days 0, 2, 4, 6. Event estimates are not additive."
SC01351,Independent recovery experiment 01351,Four_event_stress,4,1.0,1.0,1.0,1.0,South,"Independent 2027-01-01 snapshot; four events at days 0, 2, 4, 6. Event estimates are not additive."
SC01352,Independent recovery experiment 01352,Four_event_stress,4,1.0,1.0,1.0,1.0,West,"Independent 2027-01-01 snapshot; four events at days 0, 2, 4, 6. Event estimates are not additive."
SC01353,Independent recovery experiment 01353,Four_event_stress,4,1.0,1.0,1.0,1.0,North,"Independent 2027-01-01 snapshot; four events at days 0, 2, 4, 6. Event estimates are not additive."
SC01354,Independent recovery experiment 01354,Four_event_stress,4,1.0,1.0,1.0,1.0,South,"Independent 2027-01-01 snapshot; four events at days 0, 2, 4, 6. Event estimates are not additive."
SC01355,Independent recovery experiment 01355,Four_event_stress,4,1.0,1.0,1.0,1.0,South,"Independent 2027-01-01 snapshot; four events at days 0, 2, 4, 6. Event estimates are not additive."
SC01356,Independent recovery experiment 01356,Four_event_stress,4,1.0,1.0,1.0,1.0,West,"Independent 2027-01-01 snapshot; four events at days 0, 2, 4, 6. Event estimates are not additive."
SC01357,Independent recovery experiment 01357,Four_event_stress,4,1.0,1.0,1.0,1.0,East,"Independent 2027-01-01 snapshot; four events at days 0, 2, 4, 6. Event estimates are not additive."
SC01358,Independent recovery experiment 01358,Four_event_stress,4,1.0,1.0,1.0,1.0,West,"Independent 2027-01-01 snapshot; four events at days 0, 2, 4, 6. Event estimates are not additive."
SC01359,Independent recovery experiment 01359,Four_event_stress,4,1.0,1.0,1.0,1.0,North,"Independent 2027-01-01 snapshot; four events at days 0, 2, 4, 6. Event estimates are not additive."
SC01360,Independent recovery experiment 01360,Four_event_stress,4,1.0,1.0,1.0,1.0,South,"Independent 2027-01-01 snapshot; four events at days 0, 2, 4, 6. Event estimates are not additive."
SC01361,Independent recovery experiment 01361,Four_event_stress,4,1.0,1.0,1.0,1.0,South,"Independent 2027-01-01 snapshot; four events at days 0, 2, 4, 6. Event estimates are not additive."
SC01362,Independent recovery experiment 01362,Four_event_stress,4,1.0,1.0,1.0,1.0,West,"Independent 2027-01-01 snapshot; four events at days 0, 2, 4, 6. Event estimates are not additive."
SC01363,Independent recovery experiment 01363,Four_event_stress,4,1.0,1.0,1.0,1.0,North,"Independent 2027-01-01 snapshot; four events at days 0, 2, 4, 6. Event estimates are not additive."
SC01364,Independent recovery experiment 01364,Four_event_stress,4,1.0,1.0,1.0,1.0,South,"Independent 2027-01-01 snapshot; four events at days 0, 2, 4, 6. Event estimates are not additive."
SC01365,Independent recovery experiment 01365,Four_event_stress,4,1.0,1.0,1.0,1.0,South,"Independent 2027-01-01 snapshot; four events at days 0, 2, 4, 6. Event estimates are not additive."
SC01366,Independent recovery experiment 01366,Four_event_stress,4,1.0,1.0,1.0,1.0,West,"Independent 2027-01-01 snapshot; four events at days 0, 2, 4, 6. Event estimates are not additive."
SC01367,Independent recovery experiment 01367,Four_event_stress,4,1.0,1.0,1.0,1.0,East,"Independent 2027-01-01 snapshot; four events at days 0, 2, 4, 6. Event estimates are not additive."
SC01368,Independent recovery experiment 01368,Four_event_stress,4,1.0,1.0,1.0,1.0,West,"Independent 2027-01-01 snapshot; four events at days 0, 2, 4, 6. Event estimates are not additive."
SC01369,Independent recovery experiment 01369,Four_event_stress,4,1.0,1.0,1.0,1.0,North,"Independent 2027-01-01 snapshot; four events at days 0, 2, 4, 6. Event estimates are not additive."
SC01370,Independent recovery experiment 01370,Four_event_stress,4,1.0,1.0,1.0,1.0,South,"Independent 2027-01-01 snapshot; four events at days 0, 2, 4, 6. Event estimates are not additive."
SC01371,Independent recovery experiment 01371,Four_event_stress,4,1.0,1.0,1.0,1.0,South,"Independent 2027-01-01 snapshot; four events at days 0, 2, 4, 6. Event estimates are not additive."
SC01372,Independent recovery experiment 01372,Four_event_stress,4,1.0,1.0,1.0,1.0,West,"Independent 2027-01-01 snapshot; four events at days 0, 2, 4, 6. Event estimates are not additive."
SC01373,Independent recovery experiment 01373,Four_event_stress,4,1.0,1.0,1.0,1.0,North,"Independent 2027-01-01 snapshot; four events at days 0, 2, 4, 6. Event estimates are not additive."
SC01374,Independent recovery experiment 01374,Four_event_stress,4,1.0,1.0,1.0,1.0,South,"Independent 2027-01-01 snapshot; four events at days 0, 2, 4, 6. Event estimates are not additive."
SC01375,Independent recovery experiment 01375,Four_event_stress,4,1.0,1.0,1.0,1.0,South,"Independent 2027-01-01 snapshot; four events at days 0, 2, 4, 6. Event estimates are not additive."
SC01376,Independent recovery experiment 01376,Four_event_stress,4,1.0,1.0,1.0,1.0,West,"Independent 2027-01-01 snapshot; four events at days 0, 2, 4, 6. Event estimates are not additive."
SC01377,Independent recovery experiment 01377,Four_event_stress,4,1.0,1.0,1.0,1.0,East,"Independent 2027-01-01 snapshot; four events at days 0, 2, 4, 6. Event estimates are not additive."
SC01378,Independent recovery experiment 01378,Four_event_stress,4,1.0,1.0,1.0,1.0,West,"Independent 2027-01-01 snapshot; four events at days 0, 2, 4, 6. Event estimates are not additive."
SC01379,Independent recovery experiment 01379,Four_event_stress,4,1.0,1.0,1.0,1.0,North,"Independent 2027-01-01 snapshot; four events at days 0, 2, 4, 6. Event estimates are not additive."
SC01380,Independent recovery experiment 01380,Four_event_stress,4,1.0,1.0,1.0,1.0,South,"Independent 2027-01-01 snapshot; four events at days 0, 2, 4, 6. Event estimates are not additive."
SC01381,Independent recovery experiment 01381,Four_event_stress,4,1.0,1.0,1.0,1.0,South,"Independent 2027-01-01 snapshot; four events at days 0, 2, 4, 6. Event estimates are not additive."
SC01382,Independent recovery experiment 01382,Four_event_stress,4,1.0,1.0,1.0,1.0,West,"Independent 2027-01-01 snapshot; four events at days 0, 2, 4, 6. Event estimates are not additive."
SC01383,Independent recovery experiment 01383,Four_event_stress,4,1.0,1.0,1.0,1.0,North,"Independent 2027-01-01 snapshot; four events at days 0, 2, 4, 6. Event estimates are not additive."
SC01384,Independent recovery experiment 01384,Four_event_stress,4,1.0,1.0,1.0,1.0,South,"Independent 2027-01-01 snapshot; four events at days 0, 2, 4, 6. Event estimates are not additive."
SC01385,Independent recovery experiment 01385,Four_event_stress,4,1.0,1.0,1.0,1.0,South,"Independent 2027-01-01 snapshot; four events at days 0, 2, 4, 6. Event estimates are not additive."
SC01386,Independent recovery experiment 01386,Four_event_stress,4,1.0,1.0,1.0,1.0,West,"Independent 2027-01-01 snapshot; four events at days 0, 2, 4, 6. Event estimates are not additive."
SC01387,Independent recovery experiment 01387,Four_event_stress,4,1.0,1.0,1.0,1.0,East,"Independent 2027-01-01 snapshot; four events at days 0, 2, 4, 6. Event estimates are not additive."
SC01388,Independent recovery experiment 01388,Four_event_stress,4,1.0,1.0,1.0,1.0,West,"Independent 2027-01-01 snapshot; four events at days 0, 2, 4, 6. Event estimates are not additive."
SC01389,Independent recovery experiment 01389,Four_event_stress,4,1.0,1.0,1.0,1.0,North,"Independent 2027-01-01 snapshot; four events at days 0, 2, 4, 6. Event estimates are not additive."
SC01390,Independent recovery experiment 01390,Four_event_stress,4,1.0,1.0,1.0,1.0,South,"Independent 2027-01-01 snapshot; four events at days 0, 2, 4, 6. Event estimates are not additive."
SC01391,Independent recovery experiment 01391,Four_event_stress,4,1.0,1.0,1.0,1.0,South,"Independent 2027-01-01 snapshot; four events at days 0, 2, 4, 6. Event estimates are not additive."
SC01392,Independent recovery experiment 01392,Four_event_stress,4,1.0,1.0,1.0,1.0,West,"Independent 2027-01-01 snapshot; four events at days 0, 2, 4, 6. Event estimates are not additive."
SC01393,Independent recovery experiment 01393,Four_event_stress,4,1.0,1.0,1.0,1.0,North,"Independent 2027-01-01 snapshot; four events at days 0, 2, 4, 6. Event estimates are not additive."
SC01394,Independent recovery experiment 01394,Four_event_stress,4,1.0,1.0,1.0,1.0,South,"Independent 2027-01-01 snapshot; four events at days 0, 2, 4, 6. Event estimates are not additive."
SC01395,Independent recovery experiment 01395,Four_event_stress,4,1.0,1.0,1.0,1.0,South,"Independent 2027-01-01 snapshot; four events at days 0, 2, 4, 6. Event estimates are not additive."
SC01396,Independent recovery experiment 01396,Four_event_stress,4,1.0,1.0,1.0,1.0,West,"Independent 2027-01-01 snapshot; four events at days 0, 2, 4, 6. Event estimates are not additive."
SC01397,Independent recovery experiment 01397,Four_event_stress,4,1.0,1.0,1.0,1.0,East,"Independent 2027-01-01 snapshot; four events at days 0, 2, 4, 6. Event estimates are not additive."
SC01398,Independent recovery experiment 01398,Four_event_stress,4,1.0,1.0,1.0,1.0,West,"Independent 2027-01-01 snapshot; four events at days 0, 2, 4, 6. Event estimates are not additive."
SC01399,Independent recovery experiment 01399,Four_event_stress,4,1.0,1.0,1.0,1.0,North,"Independent 2027-01-01 snapshot; four events at days 0, 2, 4, 6. Event estimates are not additive."
SC01400,Independent recovery experiment 01400,Four_event_stress,4,1.0,1.0,1.0,1.0,South,"Independent 2027-01-01 snapshot; four events at days 0, 2, 4, 6. Event estimates are not additive."
SC01401,Independent recovery experiment 01401,Four_event_stress,4,1.0,1.0,1.0,1.0,South,"Independent 2027-01-01 snapshot; four events at days 0, 2, 4, 6. Event estimates are not additive."
SC01402,Independent recovery experiment 01402,Four_event_stress,4,1.0,1.0,1.0,1.0,West,"Independent 2027-01-01 snapshot; four events at days 0, 2, 4, 6. Event estimates are not additive."
SC01403,Independent recovery experiment 01403,Four_event_stress,4,1.0,1.0,1.0,1.0,North,"Independent 2027-01-01 snapshot; four events at days 0, 2, 4, 6. Event estimates are not additive."
SC01404,Independent recovery experiment 01404,Four_event_stress,4,1.0,1.0,1.0,1.0,South,"Independent 2027-01-01 snapshot; four events at days 0, 2, 4, 6. Event estimates are not additive."
SC01405,Independent recovery experiment 01405,Four_event_stress,4,1.0,1.0,1.0,1.0,South,"Independent 2027-01-01 snapshot; four events at days 0, 2, 4, 6. Event estimates are not additive."
SC01406,Independent recovery experiment 01406,Four_event_stress,4,1.0,1.0,1.0,1.0,West,"Independent 2027-01-01 snapshot; four events at days 0, 2, 4, 6. Event estimates are not additive."
SC01407,Independent recovery experiment 01407,Four_event_stress,4,1.0,1.0,1.0,1.0,East,"Independent 2027-01-01 snapshot; four events at days 0, 2, 4, 6. Event estimates are not additive."
SC01408,Independent recovery experiment 01408,Four_event_stress,4,1.0,1.0,1.0,1.0,West,"Independent 2027-01-01 snapshot; four events at days 0, 2, 4, 6. Event estimates are not additive."
SC01409,Independent recovery experiment 01409,Four_event_stress,4,1.0,1.0,1.0,1.0,North,"Independent 2027-01-01 snapshot; four events at days 0, 2, 4, 6. Event estimates are not additive."
SC01410,Independent recovery experiment 01410,Four_event_stress,4,1.0,1.0,1.0,1.0,South,"Independent 2027-01-01 snapshot; four events at days 0, 2, 4, 6. Event estimates are not additive."
SC01411,Independent recovery experiment 01411,Four_event_stress,4,1.0,1.0,1.0,1.0,South,"Independent 2027-01-01 snapshot; four events at days 0, 2, 4, 6. Event estimates are not additive."
SC01412,Independent recovery experiment 01412,Four_event_stress,4,1.0,1.0,1.0,1.0,West,"Independent 2027-01-01 snapshot; four events at days 0, 2, 4, 6. Event estimates are not additive."
SC01413,Independent recovery experiment 01413,Four_event_stress,4,1.0,1.0,1.0,1.0,North,"Independent 2027-01-01 snapshot; four events at days 0, 2, 4, 6. Event estimates are not additive."
SC01414,Independent recovery experiment 01414,Four_event_stress,4,1.0,1.0,1.0,1.0,South,"Independent 2027-01-01 snapshot; four events at days 0, 2, 4, 6. Event estimates are not additive."
SC01415,Independent recovery experiment 01415,Four_event_stress,4,1.0,1.0,1.0,1.0,South,"Independent 2027-01-01 snapshot; four events at days 0, 2, 4, 6. Event estimates are not additive."
SC01416,Independent recovery experiment 01416,Four_event_stress,4,1.0,1.0,1.0,1.0,West,"Independent 2027-01-01 snapshot; four events at days 0, 2, 4, 6. Event estimates are not additive."
SC01417,Independent recovery experiment 01417,Four_event_stress,4,1.0,1.0,1.0,1.0,East,"Independent 2027-01-01 snapshot; four events at days 0, 2, 4, 6. Event estimates are not additive."
SC01418,Independent recovery experiment 01418,Four_event_stress,4,1.0,1.0,1.0,1.0,West,"Independent 2027-01-01 snapshot; four events at days 0, 2, 4, 6. Event estimates are not additive."
SC01419,Independent recovery experiment 01419,Four_event_stress,4,1.0,1.0,1.0,1.0,North,"Independent 2027-01-01 snapshot; four events at days 0, 2, 4, 6. Event estimates are not additive."
SC01420,Independent recovery experiment 01420,Four_event_stress,4,1.0,1.0,1.0,1.0,South,"Independent 2027-01-01 snapshot; four events at days 0, 2, 4, 6. Event estimates are not additive."
SC01421,Independent recovery experiment 01421,Four_event_stress,4,1.0,1.0,1.0,1.0,South,"Independent 2027-01-01 snapshot; four events at days 0, 2, 4, 6. Event estimates are not additive."
SC01422,Independent recovery experiment 01422,Four_event_stress,4,1.0,1.0,1.0,1.0,West,"Independent 2027-01-01 snapshot; four events at days 0, 2, 4, 6. Event estimates are not additive."
SC01423,Independent recovery experiment 01423,Four_event_stress,4,1.0,1.0,1.0,1.0,North,"Independent 2027-01-01 snapshot; four events at days 0, 2, 4, 6. Event estimates are not additive."
SC01424,Independent recovery experiment 01424,Four_event_stress,4,1.0,1.0,1.0,1.0,South,"Independent 2027-01-01 snapshot; four events at days 0, 2, 4, 6. Event estimates are not additive."
SC01425,Independent recovery experiment 01425,Four_event_stress,4,1.0,1.0,1.0,1.0,South,"Independent 2027-01-01 snapshot; four events at days 0, 2, 4, 6. Event estimates are not additive."
SC01426,Independent recovery experiment 01426,Four_event_stress,4,1.0,1.0,1.0,1.0,West,"Independent 2027-01-01 snapshot; four events at days 0, 2, 4, 6. Event estimates are not additive."
SC01427,Independent recovery experiment 01427,Four_event_stress,4,1.0,1.0,1.0,1.0,East,"Independent 2027-01-01 snapshot; four events at days 0, 2, 4, 6. Event estimates are not additive."
SC01428,Independent recovery experiment 01428,Four_event_stress,4,1.0,1.0,1.0,1.0,West,"Independent 2027-01-01 snapshot; four events at days 0, 2, 4, 6. Event estimates are not additive."
SC01429,Independent recovery experiment 01429,Four_event_stress,4,1.0,1.0,1.0,1.0,North,"Independent 2027-01-01 snapshot; four events at days 0, 2, 4, 6. Event estimates are not additive."
SC01430,Independent recovery experiment 01430,Four_event_stress,4,1.0,1.0,1.0,1.0,South,"Independent 2027-01-01 snapshot; four events at days 0, 2, 4, 6. Event estimates are not additive."
SC01431,Independent recovery experiment 01431,Four_event_stress,4,1.0,1.0,1.0,1.0,South,"Independent 2027-01-01 snapshot; four events at days 0, 2, 4, 6. Event estimates are not additive."
SC01432,Independent recovery experiment 01432,Four_event_stress,4,1.0,1.0,1.0,1.0,West,"Independent 2027-01-01 snapshot; four events at days 0, 2, 4, 6. Event estimates are not additive."
SC01433,Independent recovery experiment 01433,Four_event_stress,4,1.0,1.0,1.0,1.0,North,"Independent 2027-01-01 snapshot; four events at days 0, 2, 4, 6. Event estimates are not additive."
SC01434,Independent recovery experiment 01434,Four_event_stress,4,1.0,1.0,1.0,1.0,South,"Independent 2027-01-01 snapshot; four events at days 0, 2, 4, 6. Event estimates are not additive."
SC01435,Independent recovery experiment 01435,Four_event_stress,4,1.0,1.0,1.0,1.0,South,"Independent 2027-01-01 snapshot; four events at days 0, 2, 4, 6. Event estimates are not additive."
SC01436,Independent recovery experiment 01436,Four_event_stress,4,1.0,1.0,1.0,1.0,West,"Independent 2027-01-01 snapshot; four events at days 0, 2, 4, 6. Event estimates are not additive."
SC01437,Independent recovery experiment 01437,Four_event_stress,4,1.0,1.0,1.0,1.0,East,"Independent 2027-01-01 snapshot; four events at days 0, 2, 4, 6. Event estimates are not additive."
SC01438,Independent recovery experiment 01438,Four_event_stress,4,1.0,1.0,1.0,1.0,West,"Independent 2027-01-01 snapshot; four events at days 0, 2, 4, 6. Event estimates are not additive."
SC01439,Independent recovery experiment 01439,Four_event_stress,4,1.0,1.0,1.0,1.0,North,"Independent 2027-01-01 snapshot; four events at days 0, 2, 4, 6. Event estimates are not additive."
SC01440,Independent recovery experiment 01440,Four_event_stress,4,1.0,1.0,1.0,1.0,South,"Independent 2027-01-01 snapshot; four events at days 0, 2, 4, 6. Event estimates are not additive."
SC01441,Independent recovery experiment 01441,Four_event_stress,4,1.0,1.0,1.0,1.0,South,"Independent 2027-01-01 snapshot; four events at days 0, 2, 4, 6. Event estimates are not additive."
SC01442,Independent recovery experiment 01442,Four_event_stress,4,1.0,1.0,1.0,1.0,West,"Independent 2027-01-01 snapshot; four events at days 0, 2, 4, 6. Event estimates are not additive."
SC01443,Independent recovery experiment 01443,Four_event_stress,4,1.0,1.0,1.0,1.0,North,"Independent 2027-01-01 snapshot; four events at days 0, 2, 4, 6. Event estimates are not additive."
SC01444,Independent recovery experiment 01444,Four_event_stress,4,1.0,1.0,1.0,1.0,South,"Independent 2027-01-01 snapshot; four events at days 0, 2, 4, 6. Event estimates are not additive."
SC01445,Independent recovery experiment 01445,Four_event_stress,4,1.0,1.0,1.0,1.0,South,"Independent 2027-01-01 snapshot; four events at days 0, 2, 4, 6. Event estimates are not additive."
SC01446,Independent recovery experiment 01446,Four_event_stress,4,1.0,1.0,1.0,1.0,West,"Independent 2027-01-01 snapshot; four events at days 0, 2, 4, 6. Event estimates are not additive."
SC01447,Independent recovery experiment 01447,Four_event_stress,4,1.0,1.0,1.0,1.0,East,"Independent 2027-01-01 snapshot; four events at days 0, 2, 4, 6. Event estimates are not additive."
SC01448,Independent recovery experiment 01448,Four_event_stress,4,1.0,1.0,1.0,1.0,West,"Independent 2027-01-01 snapshot; four events at days 0, 2, 4, 6. Event estimates are not additive."
SC01449,Independent recovery experiment 01449,Four_event_stress,4,1.0,1.0,1.0,1.0,North,"Independent 2027-01-01 snapshot; four events at days 0, 2, 4, 6. Event estimates are not additive."
SC01450,Independent recovery experiment 01450,Four_event_stress,4,1.0,1.0,1.0,1.0,South,"Independent 2027-01-01 snapshot; four events at days 0, 2, 4, 6. Event estimates are not additive."
SC01451,Independent recovery experiment 01451,Four_event_stress,4,1.0,1.0,1.0,1.0,South,"Independent 2027-01-01 snapshot; four events at days 0, 2, 4, 6. Event estimates are not additive."
SC01452,Independent recovery experiment 01452,Four_event_stress,4,1.0,1.0,1.0,1.0,West,"Independent 2027-01-01 snapshot; four events at days 0, 2, 4, 6. Event estimates are not additive."
SC01453,Independent recovery experiment 01453,Four_event_stress,4,1.0,1.0,1.0,1.0,North,"Independent 2027-01-01 snapshot; four events at days 0, 2, 4, 6. Event estimates are not additive."
SC01454,Independent recovery experiment 01454,Four_event_stress,4,1.0,1.0,1.0,1.0,South,"Independent 2027-01-01 snapshot; four events at days 0, 2, 4, 6. Event estimates are not additive."
SC01455,Independent recovery experiment 01455,Four_event_stress,4,1.0,1.0,1.0,1.0,South,"Independent 2027-01-01 snapshot; four events at days 0, 2, 4, 6. Event estimates are not additive."
SC01456,Independent recovery experiment 01456,Four_event_stress,4,1.0,1.0,1.0,1.0,West,"Independent 2027-01-01 snapshot; four events at days 0, 2, 4, 6. Event estimates are not additive."
SC01457,Independent recovery experiment 01457,Four_event_stress,4,1.0,1.0,1.0,1.0,East,"Independent 2027-01-01 snapshot; four events at days 0, 2, 4, 6. Event estimates are not additive."
SC01458,Independent recovery experiment 01458,Four_event_stress,4,1.0,1.0,1.0,1.0,West,"Independent 2027-01-01 snapshot; four events at days 0, 2, 4, 6. Event estimates are not additive."
SC01459,Independent recovery experiment 01459,Four_event_stress,4,1.0,1.0,1.0,1.0,North,"Independent 2027-01-01 snapshot; four events at days 0, 2, 4, 6. Event estimates are not additive."
SC01460,Independent recovery experiment 01460,Four_event_stress,4,1.0,1.0,1.0,1.0,South,"Independent 2027-01-01 snapshot; four events at days 0, 2, 4, 6. Event estimates are not additive."
SC01461,Independent recovery experiment 01461,Four_event_stress,4,1.0,1.0,1.0,1.0,South,"Independent 2027-01-01 snapshot; four events at days 0, 2, 4, 6. Event estimates are not additive."
SC01462,Independent recovery experiment 01462,Four_event_stress,4,1.0,1.0,1.0,1.0,West,"Independent 2027-01-01 snapshot; four events at days 0, 2, 4, 6. Event estimates are not additive."
SC01463,Independent recovery experiment 01463,Four_event_stress,4,1.0,1.0,1.0,1.0,North,"Independent 2027-01-01 snapshot; four events at days 0, 2, 4, 6. Event estimates are not additive."
SC01464,Independent recovery experiment 01464,Four_event_stress,4,1.0,1.0,1.0,1.0,South,"Independent 2027-01-01 snapshot; four events at days 0, 2, 4, 6. Event estimates are not additive."
SC01465,Independent recovery experiment 01465,Four_event_stress,4,1.0,1.0,1.0,1.0,South,"Independent 2027-01-01 snapshot; four events at days 0, 2, 4, 6. Event estimates are not additive."
SC01466,Independent recovery experiment 01466,Four_event_stress,4,1.0,1.0,1.0,1.0,West,"Independent 2027-01-01 snapshot; four events at days 0, 2, 4, 6. Event estimates are not additive."
SC01467,Independent recovery experiment 01467,Four_event_stress,4,1.0,1.0,1.0,1.0,East,"Independent 2027-01-01 snapshot; four events at days 0, 2, 4, 6. Event estimates are not additive."
SC01468,Independent recovery experiment 01468,Four_event_stress,4,1.0,1.0,1.0,1.0,West,"Independent 2027-01-01 snapshot; four events at days 0, 2, 4, 6. Event estimates are not additive."
SC01469,Independent recovery experiment 01469,Four_event_stress,4,1.0,1.0,1.0,1.0,North,"Independent 2027-01-01 snapshot; four events at days 0, 2, 4, 6. Event estimates are not additive."
SC01470,Independent recovery experiment 01470,Four_event_stress,4,1.0,1.0,1.0,1.0,South,"Independent 2027-01-01 snapshot; four events at days 0, 2, 4, 6. Event estimates are not additive."
SC01471,Independent recovery experiment 01471,Four_event_stress,4,1.0,1.0,1.0,1.0,South,"Independent 2027-01-01 snapshot; four events at days 0, 2, 4, 6. Event estimates are not additive."
SC01472,Independent recovery experiment 01472,Four_event_stress,4,1.0,1.0,1.0,1.0,West,"Independent 2027-01-01 snapshot; four events at days 0, 2, 4, 6. Event estimates are not additive."
SC01473,Independent recovery experiment 01473,Four_event_stress,4,1.0,1.0,1.0,1.0,North,"Independent 2027-01-01 snapshot; four events at days 0, 2, 4, 6. Event estimates are not additive."
SC01474,Independent recovery experiment 01474,Four_event_stress,4,1.0,1.0,1.0,1.0,South,"Independent 2027-01-01 snapshot; four events at days 0, 2, 4, 6. Event estimates are not additive."
SC01475,Independent recovery experiment 01475,Four_event_stress,4,1.0,1.0,1.0,1.0,South,"Independent 2027-01-01 snapshot; four events at days 0, 2, 4, 6. Event estimates are not additive."
SC01476,Independent recovery experiment 01476,Four_event_stress,4,1.0,1.0,1.0,1.0,West,"Independent 2027-01-01 snapshot; four events at days 0, 2, 4, 6. Event estimates are not additive."
SC01477,Independent recovery experiment 01477,Four_event_stress,4,1.0,1.0,1.0,1.0,East,"Independent 2027-01-01 snapshot; four events at days 0, 2, 4, 6. Event estimates are not additive."
SC01478,Independent recovery experiment 01478,Four_event_stress,4,1.0,1.0,1.0,1.0,West,"Independent 2027-01-01 snapshot; four events at days 0, 2, 4, 6. Event estimates are not additive."
SC01479,Independent recovery experiment 01479,Four_event_stress,4,1.0,1.0,1.0,1.0,North,"Independent 2027-01-01 snapshot; four events at days 0, 2, 4, 6. Event estimates are not additive."
SC01480,Independent recovery experiment 01480,Four_event_stress,4,1.0,1.0,1.0,1.0,South,"Independent 2027-01-01 snapshot; four events at days 0, 2, 4, 6. Event estimates are not additive."
SC01481,Independent recovery experiment 01481,Four_event_stress,4,1.0,1.0,1.0,1.0,South,"Independent 2027-01-01 snapshot; four events at days 0, 2, 4, 6. Event estimates are not additive."
SC01482,Independent recovery experiment 01482,Four_event_stress,4,1.0,1.0,1.0,1.0,West,"Independent 2027-01-01 snapshot; four events at days 0, 2, 4, 6. Event estimates are not additive."
SC01483,Independent recovery experiment 01483,Four_event_stress,4,1.0,1.0,1.0,1.0,North,"Independent 2027-01-01 snapshot; four events at days 0, 2, 4, 6. Event estimates are not additive."
SC01484,Independent recovery experiment 01484,Four_event_stress,4,1.0,1.0,1.0,1.0,South,"Independent 2027-01-01 snapshot; four events at days 0, 2, 4, 6. Event estimates are not additive."
SC01485,Independent recovery experiment 01485,Four_event_stress,4,1.0,1.0,1.0,1.0,South,"Independent 2027-01-01 snapshot; four events at days 0, 2, 4, 6. Event estimates are not additive."
SC01486,Independent recovery experiment 01486,Four_event_stress,4,1.0,1.0,1.0,1.0,West,"Independent 2027-01-01 snapshot; four events at days 0, 2, 4, 6. Event estimates are not additive."
SC01487,Independent recovery experiment 01487,Four_event_stress,4,1.0,1.0,1.0,1.0,East,"Independent 2027-01-01 snapshot; four events at days 0, 2, 4, 6. Event estimates are not additive."
SC01488,Independent recovery experiment 01488,Four_event_stress,4,1.0,1.0,1.0,1.0,West,"Independent 2027-01-01 snapshot; four events at days 0, 2, 4, 6. Event estimates are not additive."
SC01489,Independent recovery experiment 01489,Four_event_stress,4,1.0,1.0,1.0,1.0,North,"Independent 2027-01-01 snapshot; four events at days 0, 2, 4, 6. Event estimates are not additive."
SC01490,Independent recovery experiment 01490,Four_event_stress,4,1.0,1.0,1.0,1.0,South,"Independent 2027-01-01 snapshot; four events at days 0, 2, 4, 6. Event estimates are not additive."
SC01491,Independent recovery experiment 01491,Four_event_stress,4,1.0,1.0,1.0,1.0,South,"Independent 2027-01-01 snapshot; four events at days 0, 2, 4, 6. Event estimates are not additive."
SC01492,Independent recovery experiment 01492,Four_event_stress,4,1.0,1.0,1.0,1.0,West,"Independent 2027-01-01 snapshot; four events at days 0, 2, 4, 6. Event estimates are not additive."
SC01493,Independent recovery experiment 01493,Four_event_stress,4,1.0,1.0,1.0,1.0,North,"Independent 2027-01-01 snapshot; four events at days 0, 2, 4, 6. Event estimates are not additive."
SC01494,Independent recovery experiment 01494,Four_event_stress,4,1.0,1.0,1.0,1.0,South,"Independent 2027-01-01 snapshot; four events at days 0, 2, 4, 6. Event estimates are not additive."
SC01495,Independent recovery experiment 01495,Four_event_stress,4,1.0,1.0,1.0,1.0,South,"Independent 2027-01-01 snapshot; four events at days 0, 2, 4, 6. Event estimates are not additive."
SC01496,Independent recovery experiment 01496,Four_event_stress,4,1.0,1.0,1.0,1.0,West,"Independent 2027-01-01 snapshot; four events at days 0, 2, 4, 6. Event estimates are not additive."
SC01497,Independent recovery experiment 01497,Four_event_stress,4,1.0,1.0,1.0,1.0,East,"Independent 2027-01-01 snapshot; four events at days 0, 2, 4, 6. Event estimates are not additive."
SC01498,Independent recovery experiment 01498,Four_event_stress,4,1.0,1.0,1.0,1.0,West,"Independent 2027-01-01 snapshot; four events at days 0, 2, 4, 6. Event estimates are not additive."
SC01499,Independent recovery experiment 01499,Four_event_stress,4,1.0,1.0,1.0,1.0,North,"Independent 2027-01-01 snapshot; four events at days 0, 2, 4, 6. Event estimates are not additive."
SC01500,Independent recovery experiment 01500,Four_event_stress,4,1.0,1.0,1.0,1.0,South,"Independent 2027-01-01 snapshot; four events at days 0, 2, 4, 6. Event estimates are not additive."
SC01501,Independent recovery experiment 01501,Four_event_stress,4,1.0,1.0,1.0,1.0,South,"Independent 2027-01-01 snapshot; four events at days 0, 2, 4, 6. Event estimates are not additive."
SC01502,Independent recovery experiment 01502,Four_event_stress,4,1.0,1.0,1.0,1.0,West,"Independent 2027-01-01 snapshot; four events at days 0, 2, 4, 6. Event estimates are not additive."
SC01503,Independent recovery experiment 01503,Four_event_stress,4,1.0,1.0,1.0,1.0,North,"Independent 2027-01-01 snapshot; four events at days 0, 2, 4, 6. Event estimates are not additive."
SC01504,Independent recovery experiment 01504,Four_event_stress,4,1.0,1.0,1.0,1.0,South,"Independent 2027-01-01 snapshot; four events at days 0, 2, 4, 6. Event estimates are not additive."
SC01505,Independent recovery experiment 01505,Four_event_stress,4,1.0,1.0,1.0,1.0,South,"Independent 2027-01-01 snapshot; four events at days 0, 2, 4, 6. Event estimates are not additive."
SC01506,Independent recovery experiment 01506,Four_event_stress,4,1.0,1.0,1.0,1.0,West,"Independent 2027-01-01 snapshot; four events at days 0, 2, 4, 6. Event estimates are not additive."
SC01507,Independent recovery experiment 01507,Four_event_stress,4,1.0,1.0,1.0,1.0,East,"Independent 2027-01-01 snapshot; four events at days 0, 2, 4, 6. Event estimates are not additive."
SC01508,Independent recovery experiment 01508,Four_event_stress,4,1.0,1.0,1.0,1.0,West,"Independent 2027-01-01 snapshot; four events at days 0, 2, 4, 6. Event estimates are not additive."
SC01509,Independent recovery experiment 01509,Four_event_stress,4,1.0,1.0,1.0,1.0,North,"Independent 2027-01-01 snapshot; four events at days 0, 2, 4, 6. Event estimates are not additive."
SC01510,Independent recovery experiment 01510,Four_event_stress,4,1.0,1.0,1.0,1.0,South,"Independent 2027-01-01 snapshot; four events at days 0, 2, 4, 6. Event estimates are not additive."
SC01511,Independent recovery experiment 01511,Four_event_stress,4,1.0,1.0,1.0,1.0,South,"Independent 2027-01-01 snapshot; four events at days 0, 2, 4, 6. Event estimates are not additive."
SC01512,Independent recovery experiment 01512,Four_event_stress,4,1.0,1.0,1.0,1.0,West,"Independent 2027-01-01 snapshot; four events at days 0, 2, 4, 6. Event estimates are not additive."
SC01513,Independent recovery experiment 01513,Four_event_stress,4,1.0,1.0,1.0,1.0,North,"Independent 2027-01-01 snapshot; four events at days 0, 2, 4, 6. Event estimates are not additive."
SC01514,Independent recovery experiment 01514,Four_event_stress,4,1.0,1.0,1.0,1.0,South,"Independent 2027-01-01 snapshot; four events at days 0, 2, 4, 6. Event estimates are not additive."
SC01515,Independent recovery experiment 01515,Four_event_stress,4,1.0,1.0,1.0,1.0,South,"Independent 2027-01-01 snapshot; four events at days 0, 2, 4, 6. Event estimates are not additive."
SC01516,Independent recovery experiment 01516,Four_event_stress,4,1.0,1.0,1.0,1.0,West,"Independent 2027-01-01 snapshot; four events at days 0, 2, 4, 6. Event estimates are not additive."
SC01517,Independent recovery experiment 01517,Four_event_stress,4,1.0,1.0,1.0,1.0,East,"Independent 2027-01-01 snapshot; four events at days 0, 2, 4, 6. Event estimates are not additive."
SC01518,Independent recovery experiment 01518,Four_event_stress,4,1.0,1.0,1.0,1.0,West,"Independent 2027-01-01 snapshot; four events at days 0, 2, 4, 6. Event estimates are not additive."
SC01519,Independent recovery experiment 01519,Four_event_stress,4,1.0,1.0,1.0,1.0,North,"Independent 2027-01-01 snapshot; four events at days 0, 2, 4, 6. Event estimates are not additive."
SC01520,Independent recovery experiment 01520,Four_event_stress,4,1.0,1.0,1.0,1.0,South,"Independent 2027-01-01 snapshot; four events at days 0, 2, 4, 6. Event estimates are not additive."
SC01521,Independent recovery experiment 01521,Four_event_stress,4,1.0,1.0,1.0,1.0,South,"Independent 2027-01-01 snapshot; four events at days 0, 2, 4, 6. Event estimates are not additive."
SC01522,Independent recovery experiment 01522,Four_event_stress,4,1.0,1.0,1.0,1.0,West,"Independent 2027-01-01 snapshot; four events at days 0, 2, 4, 6. Event estimates are not additive."
SC01523,Independent recovery experiment 01523,Four_event_stress,4,1.0,1.0,1.0,1.0,North,"Independent 2027-01-01 snapshot; four events at days 0, 2, 4, 6. Event estimates are not additive."
SC01524,Independent recovery experiment 01524,Four_event_stress,4,1.0,1.0,1.0,1.0,South,"Independent 2027-01-01 snapshot; four events at days 0, 2, 4, 6. Event estimates are not additive."
SC01525,Independent recovery experiment 01525,Four_event_stress,4,1.0,1.0,1.0,1.0,South,"Independent 2027-01-01 snapshot; four events at days 0, 2, 4, 6. Event estimates are not additive."
SC01526,Independent recovery experiment 01526,Four_event_stress,4,1.0,1.0,1.0,1.0,West,"Independent 2027-01-01 snapshot; four events at days 0, 2, 4, 6. Event estimates are not additive."
SC01527,Independent recovery experiment 01527,Four_event_stress,4,1.0,1.0,1.0,1.0,East,"Independent 2027-01-01 snapshot; four events at days 0, 2, 4, 6. Event estimates are not additive."
SC01528,Independent recovery experiment 01528,Four_event_stress,4,1.0,1.0,1.0,1.0,West,"Independent 2027-01-01 snapshot; four events at days 0, 2, 4, 6. Event estimates are not additive."
SC01529,Independent recovery experiment 01529,Four_event_stress,4,1.0,1.0,1.0,1.0,North,"Independent 2027-01-01 snapshot; four events at days 0, 2, 4, 6. Event estimates are not additive."
SC01530,Independent recovery experiment 01530,Four_event_stress,4,1.0,1.0,1.0,1.0,South,"Independent 2027-01-01 snapshot; four events at days 0, 2, 4, 6. Event estimates are not additive."
SC01531,Independent recovery experiment 01531,Four_event_stress,4,1.0,1.0,1.0,1.0,South,"Independent 2027-01-01 snapshot; four events at days 0, 2, 4, 6. Event estimates are not additive."
SC01532,Independent recovery experiment 01532,Four_event_stress,4,1.0,1.0,1.0,1.0,West,"Independent 2027-01-01 snapshot; four events at days 0, 2, 4, 6. Event estimates are not additive."
SC01533,Independent recovery experiment 01533,Four_event_stress,4,1.0,1.0,1.0,1.0,North,"Independent 2027-01-01 snapshot; four events at days 0, 2, 4, 6. Event estimates are not additive."
SC01534,Independent recovery experiment 01534,Four_event_stress,4,1.0,1.0,1.0,1.0,South,"Independent 2027-01-01 snapshot; four events at days 0, 2, 4, 6. Event estimates are not additive."
SC01535,Independent recovery experiment 01535,Four_event_stress,4,1.0,1.0,1.0,1.0,South,"Independent 2027-01-01 snapshot; four events at days 0, 2, 4, 6. Event estimates are not additive."
SC01536,Independent recovery experiment 01536,Four_event_stress,4,1.0,1.0,1.0,1.0,West,"Independent 2027-01-01 snapshot; four events at days 0, 2, 4, 6. Event estimates are not additive."
SC01537,Independent recovery experiment 01537,Four_event_stress,4,1.0,1.0,1.0,1.0,East,"Independent 2027-01-01 snapshot; four events at days 0, 2, 4, 6. Event estimates are not additive."
SC01538,Independent recovery experiment 01538,Four_event_stress,4,1.0,1.0,1.0,1.0,West,"Independent 2027-01-01 snapshot; four events at days 0, 2, 4, 6. Event estimates are not additive."
SC01539,Independent recovery experiment 01539,Four_event_stress,4,1.0,1.0,1.0,1.0,North,"Independent 2027-01-01 snapshot; four events at days 0, 2, 4, 6. Event estimates are not additive."
SC01540,Independent recovery experiment 01540,Four_event_stress,4,1.0,1.0,1.0,1.0,South,"Independent 2027-01-01 snapshot; four events at days 0, 2, 4, 6. Event estimates are not additive."
SC01541,Independent recovery experiment 01541,Four_event_stress,4,1.0,1.0,1.0,1.0,South,"Independent 2027-01-01 snapshot; four events at days 0, 2, 4, 6. Event estimates are not additive."
SC01542,Independent recovery experiment 01542,Four_event_stress,4,1.0,1.0,1.0,1.0,West,"Independent 2027-01-01 snapshot; four events at days 0, 2, 4, 6. Event estimates are not additive."
SC01543,Independent recovery experiment 01543,Four_event_stress,4,1.0,1.0,1.0,1.0,North,"Independent 2027-01-01 snapshot; four events at days 0, 2, 4, 6. Event estimates are not additive."
SC01544,Independent recovery experiment 01544,Four_event_stress,4,1.0,1.0,1.0,1.0,South,"Independent 2027-01-01 snapshot; four events at days 0, 2, 4, 6. Event estimates are not additive."
SC01545,Independent recovery experiment 01545,Four_event_stress,4,1.0,1.0,1.0,1.0,South,"Independent 2027-01-01 snapshot; four events at days 0, 2, 4, 6. Event estimates are not additive."
SC01546,Independent recovery experiment 01546,Four_event_stress,4,1.0,1.0,1.0,1.0,West,"Independent 2027-01-01 snapshot; four events at days 0, 2, 4, 6. Event estimates are not additive."
SC01547,Independent recovery experiment 01547,Four_event_stress,4,1.0,1.0,1.0,1.0,East,"Independent 2027-01-01 snapshot; four events at days 0, 2, 4, 6. Event estimates are not additive."
SC01548,Independent recovery experiment 01548,Four_event_stress,4,1.0,1.0,1.0,1.0,West,"Independent 2027-01-01 snapshot; four events at days 0, 2, 4, 6. Event estimates are not additive."
SC01549,Independent recovery experiment 01549,Four_event_stress,4,1.0,1.0,1.0,1.0,North,"Independent 2027-01-01 snapshot; four events at days 0, 2, 4, 6. Event estimates are not additive."
SC01550,Independent recovery experiment 01550,Four_event_stress,4,1.0,1.0,1.0,1.0,South,"Independent 2027-01-01 snapshot; four events at days 0, 2, 4, 6. Event estimates are not additive."
SC01551,Independent recovery experiment 01551,Four_event_stress,4,1.0,1.0,1.0,1.0,South,"Independent 2027-01-01 snapshot; four events at days 0, 2, 4, 6. Event estimates are not additive."
SC01552,Independent recovery experiment 01552,Four_event_stress,4,1.0,1.0,1.0,1.0,West,"Independent 2027-01-01 snapshot; four events at days 0, 2, 4, 6. Event estimates are not additive."
SC01553,Independent recovery experiment 01553,Four_event_stress,4,1.0,1.0,1.0,1.0,North,"Independent 2027-01-01 snapshot; four events at days 0, 2, 4, 6. Event estimates are not additive."
SC01554,Independent recovery experiment 01554,Four_event_stress,4,1.0,1.0,1.0,1.0,South,"Independent 2027-01-01 snapshot; four events at days 0, 2, 4, 6. Event estimates are not additive."
SC01555,Independent recovery experiment 01555,Four_event_stress,4,1.0,1.0,1.0,1.0,South,"Independent 2027-01-01 snapshot; four events at days 0, 2, 4, 6. Event estimates are not additive."
SC01556,Independent recovery experiment 01556,Four_event_stress,4,1.0,1.0,1.0,1.0,West,"Independent 2027-01-01 snapshot; four events at days 0, 2, 4, 6. Event estimates are not additive."
SC01557,Independent recovery experiment 01557,Four_event_stress,4,1.0,1.0,1.0,1.0,East,"Independent 2027-01-01 snapshot; four events at days 0, 2, 4, 6. Event estimates are not additive."
SC01558,Independent recovery experiment 01558,Four_event_stress,4,1.0,1.0,1.0,1.0,West,"Independent 2027-01-01 snapshot; four events at days 0, 2, 4, 6. Event estimates are not additive."
SC01559,Independent recovery experiment 01559,Four_event_stress,4,1.0,1.0,1.0,1.0,North,"Independent 2027-01-01 snapshot; four events at days 0, 2, 4, 6. Event estimates are not additive."
SC01560,Independent recovery experiment 01560,Four_event_stress,4,1.0,1.0,1.0,1.0,South,"Independent 2027-01-01 snapshot; four events at days 0, 2, 4, 6. Event estimates are not additive."
SC01561,Independent recovery experiment 01561,Four_event_stress,4,1.0,1.0,1.0,1.0,South,"Independent 2027-01-01 snapshot; four events at days 0, 2, 4, 6. Event estimates are not additive."
SC01562,Independent recovery experiment 01562,Four_event_stress,4,1.0,1.0,1.0,1.0,West,"Independent 2027-01-01 snapshot; four events at days 0, 2, 4, 6. Event estimates are not additive."
SC01563,Independent recovery experiment 01563,Four_event_stress,4,1.0,1.0,1.0,1.0,North,"Independent 2027-01-01 snapshot; four events at days 0, 2, 4, 6. Event estimates are not additive."
SC01564,Independent recovery experiment 01564,Four_event_stress,4,1.0,1.0,1.0,1.0,South,"Independent 2027-01-01 snapshot; four events at days 0, 2, 4, 6. Event estimates are not additive."
SC01565,Independent recovery experiment 01565,Four_event_stress,4,1.0,1.0,1.0,1.0,South,"Independent 2027-01-01 snapshot; four events at days 0, 2, 4, 6. Event estimates are not additive."
SC01566,Independent recovery experiment 01566,Four_event_stress,4,1.0,1.0,1.0,1.0,West,"Independent 2027-01-01 snapshot; four events at days 0, 2, 4, 6. Event estimates are not additive."
SC01567,Independent recovery experiment 01567,Four_event_stress,4,1.0,1.0,1.0,1.0,East,"Independent 2027-01-01 snapshot; four events at days 0, 2, 4, 6. Event estimates are not additive."
SC01568,Independent recovery experiment 01568,Four_event_stress,4,1.0,1.0,1.0,1.0,West,"Independent 2027-01-01 snapshot; four events at days 0, 2, 4, 6. Event estimates are not additive."
SC01569,Independent recovery experiment 01569,Four_event_stress,4,1.0,1.0,1.0,1.0,North,"Independent 2027-01-01 snapshot; four events at days 0, 2, 4, 6. Event estimates are not additive."
SC01570,Independent recovery experiment 01570,Four_event_stress,4,1.0,1.0,1.0,1.0,South,"Independent 2027-01-01 snapshot; four events at days 0, 2, 4, 6. Event estimates are not additive."
SC01571,Independent recovery experiment 01571,Four_event_stress,4,1.0,1.0,1.0,1.0,South,"Independent 2027-01-01 snapshot; four events at days 0, 2, 4, 6. Event estimates are not additive."
SC01572,Independent recovery experiment 01572,Four_event_stress,4,1.0,1.0,1.0,1.0,West,"Independent 2027-01-01 snapshot; four events at days 0, 2, 4, 6. Event estimates are not additive."
SC01573,Independent recovery experiment 01573,Four_event_stress,4,1.0,1.0,1.0,1.0,North,"Independent 2027-01-01 snapshot; four events at days 0, 2, 4, 6. Event estimates are not additive."
SC01574,Independent recovery experiment 01574,Four_event_stress,4,1.0,1.0,1.0,1.0,South,"Independent 2027-01-01 snapshot; four events at days 0, 2, 4, 6. Event estimates are not additive."
SC01575,Independent recovery experiment 01575,Four_event_stress,4,1.0,1.0,1.0,1.0,South,"Independent 2027-01-01 snapshot; four events at days 0, 2, 4, 6. Event estimates are not additive."
SC01576,Independent recovery experiment 01576,Four_event_stress,4,1.0,1.0,1.0,1.0,West,"Independent 2027-01-01 snapshot; four events at days 0, 2, 4, 6. Event estimates are not additive."
SC01577,Independent recovery experiment 01577,Four_event_stress,4,1.0,1.0,1.0,1.0,East,"Independent 2027-01-01 snapshot; four events at days 0, 2, 4, 6. Event estimates are not additive."
SC01578,Independent recovery experiment 01578,Four_event_stress,4,1.0,1.0,1.0,1.0,West,"Independent 2027-01-01 snapshot; four events at days 0, 2, 4, 6. Event estimates are not additive."
SC01579,Independent recovery experiment 01579,Four_event_stress,4,1.0,1.0,1.0,1.0,North,"Independent 2027-01-01 snapshot; four events at days 0, 2, 4, 6. Event estimates are not additive."
SC01580,Independent recovery experiment 01580,Four_event_stress,4,1.0,1.0,1.0,1.0,South,"Independent 2027-01-01 snapshot; four events at days 0, 2, 4, 6. Event estimates are not additive."
SC01581,Independent recovery experiment 01581,Four_event_stress,4,1.0,1.0,1.0,1.0,South,"Independent 2027-01-01 snapshot; four events at days 0, 2, 4, 6. Event estimates are not additive."
SC01582,Independent recovery experiment 01582,Four_event_stress,4,1.0,1.0,1.0,1.0,West,"Independent 2027-01-01 snapshot; four events at days 0, 2, 4, 6. Event estimates are not additive."
SC01583,Independent recovery experiment 01583,Four_event_stress,4,1.0,1.0,1.0,1.0,North,"Independent 2027-01-01 snapshot; four events at days 0, 2, 4, 6. Event estimates are not additive."
SC01584,Independent recovery experiment 01584,Four_event_stress,4,1.0,1.0,1.0,1.0,South,"Independent 2027-01-01 snapshot; four events at days 0, 2, 4, 6. Event estimates are not additive."
SC01585,Independent recovery experiment 01585,Four_event_stress,4,1.0,1.0,1.0,1.0,South,"Independent 2027-01-01 snapshot; four events at days 0, 2, 4, 6. Event estimates are not additive."
SC01586,Independent recovery experiment 01586,Four_event_stress,4,1.0,1.0,1.0,1.0,West,"Independent 2027-01-01 snapshot; four events at days 0, 2, 4, 6. Event estimates are not additive."
SC01587,Independent recovery experiment 01587,Four_event_stress,4,1.0,1.0,1.0,1.0,East,"Independent 2027-01-01 snapshot; four events at days 0, 2, 4, 6. Event estimates are not additive."
SC01588,Independent recovery experiment 01588,Four_event_stress,4,1.0,1.0,1.0,1.0,West,"Independent 2027-01-01 snapshot; four events at days 0, 2, 4, 6. Event estimates are not additive."
SC01589,Independent recovery experiment 01589,Four_event_stress,4,1.0,1.0,1.0,1.0,North,"Independent 2027-01-01 snapshot; four events at days 0, 2, 4, 6. Event estimates are not additive."
SC01590,Independent recovery experiment 01590,Four_event_stress,4,1.0,1.0,1.0,1.0,South,"Independent 2027-01-01 snapshot; four events at days 0, 2, 4, 6. Event estimates are not additive."
SC01591,Independent recovery experiment 01591,Four_event_stress,4,1.0,1.0,1.0,1.0,South,"Independent 2027-01-01 snapshot; four events at days 0, 2, 4, 6. Event estimates are not additive."
SC01592,Independent recovery experiment 01592,Four_event_stress,4,1.0,1.0,1.0,1.0,West,"Independent 2027-01-01 snapshot; four events at days 0, 2, 4, 6. Event estimates are not additive."
SC01593,Independent recovery experiment 01593,Four_event_stress,4,1.0,1.0,1.0,1.0,North,"Independent 2027-01-01 snapshot; four events at days 0, 2, 4, 6. Event estimates are not additive."
SC01594,Independent recovery experiment 01594,Four_event_stress,4,1.0,1.0,1.0,1.0,South,"Independent 2027-01-01 snapshot; four events at days 0, 2, 4, 6. Event estimates are not additive."
SC01595,Independent recovery experiment 01595,Four_event_stress,4,1.0,1.0,1.0,1.0,South,"Independent 2027-01-01 snapshot; four events at days 0, 2, 4, 6. Event estimates are not additive."
SC01596,Independent recovery experiment 01596,Four_event_stress,4,1.0,1.0,1.0,1.0,West,"Independent 2027-01-01 snapshot; four events at days 0, 2, 4, 6. Event estimates are not additive."
SC01597,Independent recovery experiment 01597,Four_event_stress,4,1.0,1.0,1.0,1.0,East,"Independent 2027-01-01 snapshot; four events at days 0, 2, 4, 6. Event estimates are not additive."
SC01598,Independent recovery experiment 01598,Four_event_stress,4,1.0,1.0,1.0,1.0,West,"Independent 2027-01-01 snapshot; four events at days 0, 2, 4, 6. Event estimates are not additive."
SC01599,Independent recovery experiment 01599,Four_event_stress,4,1.0,1.0,1.0,1.0,North,"Independent 2027-01-01 snapshot; four events at days 0, 2, 4, 6. Event estimates are not additive."
SC01600,Independent recovery experiment 01600,Four_event_stress,4,1.0,1.0,1.0,1.0,South,"Independent 2027-01-01 snapshot; four events at days 0, 2, 4, 6. Event estimates are not additive."
SC01601,Independent recovery experiment 01601,Four_event_stress,4,1.0,1.0,1.0,1.0,South,"Independent 2027-01-01 snapshot; four events at days 0, 2, 4, 6. Event estimates are not additive."
SC01602,Independent recovery experiment 01602,Four_event_stress,4,1.0,1.0,1.0,1.0,West,"Independent 2027-01-01 snapshot; four events at days 0, 2, 4, 6. Event estimates are not additive."
SC01603,Independent recovery experiment 01603,Four_event_stress,4,1.0,1.0,1.0,1.0,North,"Independent 2027-01-01 snapshot; four events at days 0, 2, 4, 6. Event estimates are not additive."
SC01604,Independent recovery experiment 01604,Four_event_stress,4,1.0,1.0,1.0,1.0,South,"Independent 2027-01-01 snapshot; four events at days 0, 2, 4, 6. Event estimates are not additive."
SC01605,Independent recovery experiment 01605,Four_event_stress,4,1.0,1.0,1.0,1.0,South,"Independent 2027-01-01 snapshot; four events at days 0, 2, 4, 6. Event estimates are not additive."
SC01606,Independent recovery experiment 01606,Four_event_stress,4,1.0,1.0,1.0,1.0,West,"Independent 2027-01-01 snapshot; four events at days 0, 2, 4, 6. Event estimates are not additive."
SC01607,Independent recovery experiment 01607,Four_event_stress,4,1.0,1.0,1.0,1.0,East,"Independent 2027-01-01 snapshot; four events at days 0, 2, 4, 6. Event estimates are not additive."
SC01608,Independent recovery experiment 01608,Four_event_stress,4,1.0,1.0,1.0,1.0,West,"Independent 2027-01-01 snapshot; four events at days 0, 2, 4, 6. Event estimates are not additive."
SC01609,Independent recovery experiment 01609,Four_event_stress,4,1.0,1.0,1.0,1.0,North,"Independent 2027-01-01 snapshot; four events at days 0, 2, 4, 6. Event estimates are not additive."
SC01610,Independent recovery experiment 01610,Four_event_stress,4,1.0,1.0,1.0,1.0,South,"Independent 2027-01-01 snapshot; four events at days 0, 2, 4, 6. Event estimates are not additive."
SC01611,Independent recovery experiment 01611,Four_event_stress,4,1.0,1.0,1.0,1.0,South,"Independent 2027-01-01 snapshot; four events at days 0, 2, 4, 6. Event estimates are not additive."
SC01612,Independent recovery experiment 01612,Four_event_stress,4,1.0,1.0,1.0,1.0,West,"Independent 2027-01-01 snapshot; four events at days 0, 2, 4, 6. Event estimates are not additive."
SC01613,Independent recovery experiment 01613,Four_event_stress,4,1.0,1.0,1.0,1.0,North,"Independent 2027-01-01 snapshot; four events at days 0, 2, 4, 6. Event estimates are not additive."
SC01614,Independent recovery experiment 01614,Four_event_stress,4,1.0,1.0,1.0,1.0,South,"Independent 2027-01-01 snapshot; four events at days 0, 2, 4, 6. Event estimates are not additive."
SC01615,Independent recovery experiment 01615,Four_event_stress,4,1.0,1.0,1.0,1.0,South,"Independent 2027-01-01 snapshot; four events at days 0, 2, 4, 6. Event estimates are not additive."
SC01616,Independent recovery experiment 01616,Four_event_stress,4,1.0,1.0,1.0,1.0,West,"Independent 2027-01-01 snapshot; four events at days 0, 2, 4, 6. Event estimates are not additive."
SC01617,Independent recovery experiment 01617,Four_event_stress,4,1.0,1.0,1.0,1.0,East,"Independent 2027-01-01 snapshot; four events at days 0, 2, 4, 6. Event estimates are not additive."
SC01618,Independent recovery experiment 01618,Four_event_stress,4,1.0,1.0,1.0,1.0,West,"Independent 2027-01-01 snapshot; four events at days 0, 2, 4, 6. Event estimates are not additive."
SC01619,Independent recovery experiment 01619,Four_event_stress,4,1.0,1.0,1.0,1.0,North,"Independent 2027-01-01 snapshot; four events at days 0, 2, 4, 6. Event estimates are not additive."
SC01620,Independent recovery experiment 01620,Four_event_stress,4,1.0,1.0,1.0,1.0,South,"Independent 2027-01-01 snapshot; four events at days 0, 2, 4, 6. Event estimates are not additive."
SC01621,Independent recovery experiment 01621,Four_event_stress,4,1.0,1.0,1.0,1.0,South,"Independent 2027-01-01 snapshot; four events at days 0, 2, 4, 6. Event estimates are not additive."
SC01622,Independent recovery experiment 01622,Four_event_stress,4,1.0,1.0,1.0,1.0,West,"Independent 2027-01-01 snapshot; four events at days 0, 2, 4, 6. Event estimates are not additive."
SC01623,Independent recovery experiment 01623,Four_event_stress,4,1.0,1.0,1.0,1.0,North,"Independent 2027-01-01 snapshot; four events at days 0, 2, 4, 6. Event estimates are not additive."
SC01624,Independent recovery experiment 01624,Four_event_stress,4,1.0,1.0,1.0,1.0,South,"Independent 2027-01-01 snapshot; four events at days 0, 2, 4, 6. Event estimates are not additive."
SC01625,Independent recovery experiment 01625,Four_event_stress,4,1.0,1.0,1.0,1.0,South,"Independent 2027-01-01 snapshot; four events at days 0, 2, 4, 6. Event estimates are not additive."
SC01626,Independent recovery experiment 01626,Four_event_stress,4,1.0,1.0,1.0,1.0,West,"Independent 2027-01-01 snapshot; four events at days 0, 2, 4, 6. Event estimates are not additive."
SC01627,Independent recovery experiment 01627,Four_event_stress,4,1.0,1.0,1.0,1.0,East,"Independent 2027-01-01 snapshot; four events at days 0, 2, 4, 6. Event estimates are not additive."
SC01628,Independent recovery experiment 01628,Four_event_stress,4,1.0,1.0,1.0,1.0,West,"Independent 2027-01-01 snapshot; four events at days 0, 2, 4, 6. Event estimates are not additive."
SC01629,Independent recovery experiment 01629,Four_event_stress,4,1.0,1.0,1.0,1.0,North,"Independent 2027-01-01 snapshot; four events at days 0, 2, 4, 6. Event estimates are not additive."
SC01630,Independent recovery experiment 01630,Four_event_stress,4,1.0,1.0,1.0,1.0,South,"Independent 2027-01-01 snapshot; four events at days 0, 2, 4, 6. Event estimates are not additive."
SC01631,Independent recovery experiment 01631,Four_event_stress,4,1.0,1.0,1.0,1.0,South,"Independent 2027-01-01 snapshot; four events at days 0, 2, 4, 6. Event estimates are not additive."
SC01632,Independent recovery experiment 01632,Four_event_stress,4,1.0,1.0,1.0,1.0,West,"Independent 2027-01-01 snapshot; four events at days 0, 2, 4, 6. Event estimates are not additive."
SC01633,Independent recovery experiment 01633,Four_event_stress,4,1.0,1.0,1.0,1.0,North,"Independent 2027-01-01 snapshot; four events at days 0, 2, 4, 6. Event estimates are not additive."
SC01634,Independent recovery experiment 01634,Four_event_stress,4,1.0,1.0,1.0,1.0,South,"Independent 2027-01-01 snapshot; four events at days 0, 2, 4, 6. Event estimates are not additive."
SC01635,Independent recovery experiment 01635,Four_event_stress,4,1.0,1.0,1.0,1.0,South,"Independent 2027-01-01 snapshot; four events at days 0, 2, 4, 6. Event estimates are not additive."
SC01636,Independent recovery experiment 01636,Four_event_stress,4,1.0,1.0,1.0,1.0,West,"Independent 2027-01-01 snapshot; four events at days 0, 2, 4, 6. Event estimates are not additive."
SC01637,Independent recovery experiment 01637,Four_event_stress,4,1.0,1.0,1.0,1.0,East,"Independent 2027-01-01 snapshot; four events at days 0, 2, 4, 6. Event estimates are not additive."
SC01638,Independent recovery experiment 01638,Four_event_stress,4,1.0,1.0,1.0,1.0,West,"Independent 2027-01-01 snapshot; four events at days 0, 2, 4, 6. Event estimates are not additive."
SC01639,Independent recovery experiment 01639,Four_event_stress,4,1.0,1.0,1.0,1.0,North,"Independent 2027-01-01 snapshot; four events at days 0, 2, 4, 6. Event estimates are not additive."
SC01640,Independent recovery experiment 01640,Four_event_stress,4,1.0,1.0,1.0,1.0,South,"Independent 2027-01-01 snapshot; four events at days 0, 2, 4, 6. Event estimates are not additive."
SC01641,Independent recovery experiment 01641,Four_event_stress,4,1.0,1.0,1.0,1.0,South,"Independent 2027-01-01 snapshot; four events at days 0, 2, 4, 6. Event estimates are not additive."
SC01642,Independent recovery experiment 01642,Four_event_stress,4,1.0,1.0,1.0,1.0,West,"Independent 2027-01-01 snapshot; four events at days 0, 2, 4, 6. Event estimates are not additive."
SC01643,Independent recovery experiment 01643,Four_event_stress,4,1.0,1.0,1.0,1.0,North,"Independent 2027-01-01 snapshot; four events at days 0, 2, 4, 6. Event estimates are not additive."
SC01644,Independent recovery experiment 01644,Four_event_stress,4,1.0,1.0,1.0,1.0,South,"Independent 2027-01-01 snapshot; four events at days 0, 2, 4, 6. Event estimates are not additive."
SC01645,Independent recovery experiment 01645,Four_event_stress,4,1.0,1.0,1.0,1.0,South,"Independent 2027-01-01 snapshot; four events at days 0, 2, 4, 6. Event estimates are not additive."
SC01646,Independent recovery experiment 01646,Four_event_stress,4,1.0,1.0,1.0,1.0,West,"Independent 2027-01-01 snapshot; four events at days 0, 2, 4, 6. Event estimates are not additive."
SC01647,Independent recovery experiment 01647,Four_event_stress,4,1.0,1.0,1.0,1.0,East,"Independent 2027-01-01 snapshot; four events at days 0, 2, 4, 6. Event estimates are not additive."
SC01648,Independent recovery experiment 01648,Four_event_stress,4,1.0,1.0,1.0,1.0,West,"Independent 2027-01-01 snapshot; four events at days 0, 2, 4, 6. Event estimates are not additive."
SC01649,Independent recovery experiment 01649,Four_event_stress,4,1.0,1.0,1.0,1.0,North,"Independent 2027-01-01 snapshot; four events at days 0, 2, 4, 6. Event estimates are not additive."
SC01650,Independent recovery experiment 01650,Four_event_stress,4,1.0,1.0,1.0,1.0,South,"Independent 2027-01-01 snapshot; four events at days 0, 2, 4, 6. Event estimates are not additive."
SC01651,Independent recovery experiment 01651,Four_event_stress,4,1.0,1.0,1.0,1.0,South,"Independent 2027-01-01 snapshot; four events at days 0, 2, 4, 6. Event estimates are not additive."
SC01652,Independent recovery experiment 01652,Four_event_stress,4,1.0,1.0,1.0,1.0,West,"Independent 2027-01-01 snapshot; four events at days 0, 2, 4, 6. Event estimates are not additive."
SC01653,Independent recovery experiment 01653,Four_event_stress,4,1.0,1.0,1.0,1.0,North,"Independent 2027-01-01 snapshot; four events at days 0, 2, 4, 6. Event estimates are not additive."
SC01654,Independent recovery experiment 01654,Four_event_stress,4,1.0,1.0,1.0,1.0,South,"Independent 2027-01-01 snapshot; four events at days 0, 2, 4, 6. Event estimates are not additive."
SC01655,Independent recovery experiment 01655,Four_event_stress,4,1.0,1.0,1.0,1.0,South,"Independent 2027-01-01 snapshot; four events at days 0, 2, 4, 6. Event estimates are not additive."
SC01656,Independent recovery experiment 01656,Four_event_stress,4,1.0,1.0,1.0,1.0,West,"Independent 2027-01-01 snapshot; four events at days 0, 2, 4, 6. Event estimates are not additive."
SC01657,Independent recovery experiment 01657,Four_event_stress,4,1.0,1.0,1.0,1.0,East,"Independent 2027-01-01 snapshot; four events at days 0, 2, 4, 6. Event estimates are not additive."
SC01658,Independent recovery experiment 01658,Four_event_stress,4,1.0,1.0,1.0,1.0,West,"Independent 2027-01-01 snapshot; four events at days 0, 2, 4, 6. Event estimates are not additive."
SC01659,Independent recovery experiment 01659,Four_event_stress,4,1.0,1.0,1.0,1.0,North,"Independent 2027-01-01 snapshot; four events at days 0, 2, 4, 6. Event estimates are not additive."
SC01660,Independent recovery experiment 01660,Four_event_stress,4,1.0,1.0,1.0,1.0,South,"Independent 2027-01-01 snapshot; four events at days 0, 2, 4, 6. Event estimates are not additive."
SC01661,Independent recovery experiment 01661,Four_event_stress,4,1.0,1.0,1.0,1.0,South,"Independent 2027-01-01 snapshot; four events at days 0, 2, 4, 6. Event estimates are not additive."
SC01662,Independent recovery experiment 01662,Four_event_stress,4,1.0,1.0,1.0,1.0,West,"Independent 2027-01-01 snapshot; four events at days 0, 2, 4, 6. Event estimates are not additive."
SC01663,Independent recovery experiment 01663,Four_event_stress,4,1.0,1.0,1.0,1.0,North,"Independent 2027-01-01 snapshot; four events at days 0, 2, 4, 6. Event estimates are not additive."
SC01664,Independent recovery experiment 01664,Four_event_stress,4,1.0,1.0,1.0,1.0,South,"Independent 2027-01-01 snapshot; four events at days 0, 2, 4, 6. Event estimates are not additive."
SC01665,Independent recovery experiment 01665,Four_event_stress,4,1.0,1.0,1.0,1.0,South,"Independent 2027-01-01 snapshot; four events at days 0, 2, 4, 6. Event estimates are not additive."
SC01666,Independent recovery experiment 01666,Four_event_stress,4,1.0,1.0,1.0,1.0,West,"Independent 2027-01-01 snapshot; four events at days 0, 2, 4, 6. Event estimates are not additive."
SC01667,Independent recovery experiment 01667,Four_event_stress,4,1.0,1.0,1.0,1.0,East,"Independent 2027-01-01 snapshot; four events at days 0, 2, 4, 6. Event estimates are not additive."
SC01668,Independent recovery experiment 01668,Four_event_stress,4,1.0,1.0,1.0,1.0,West,"Independent 2027-01-01 snapshot; four events at days 0, 2, 4, 6. Event estimates are not additive."
SC01669,Independent recovery experiment 01669,Four_event_stress,4,1.0,1.0,1.0,1.0,North,"Independent 2027-01-01 snapshot; four events at days 0, 2, 4, 6. Event estimates are not additive."
SC01670,Independent recovery experiment 01670,Four_event_stress,4,1.0,1.0,1.0,1.0,South,"Independent 2027-01-01 snapshot; four events at days 0, 2, 4, 6. Event estimates are not additive."
SC01671,Independent recovery experiment 01671,Four_event_stress,4,1.0,1.0,1.0,1.0,South,"Independent 2027-01-01 snapshot; four events at days 0, 2, 4, 6. Event estimates are not additive."
SC01672,Independent recovery experiment 01672,Four_event_stress,4,1.0,1.0,1.0,1.0,West,"Independent 2027-01-01 snapshot; four events at days 0, 2, 4, 6. Event estimates are not additive."
SC01673,Independent recovery experiment 01673,Four_event_stress,4,1.0,1.0,1.0,1.0,North,"Independent 2027-01-01 snapshot; four events at days 0, 2, 4, 6. Event estimates are not additive."
SC01674,Independent recovery experiment 01674,Four_event_stress,4,1.0,1.0,1.0,1.0,South,"Independent 2027-01-01 snapshot; four events at days 0, 2, 4, 6. Event estimates are not additive."
SC01675,Independent recovery experiment 01675,Four_event_stress,4,1.0,1.0,1.0,1.0,South,"Independent 2027-01-01 snapshot; four events at days 0, 2, 4, 6. Event estimates are not additive."
SC01676,Independent recovery experiment 01676,Four_event_stress,4,1.0,1.0,1.0,1.0,West,"Independent 2027-01-01 snapshot; four events at days 0, 2, 4, 6. Event estimates are not additive."
SC01677,Independent recovery experiment 01677,Four_event_stress,4,1.0,1.0,1.0,1.0,East,"Independent 2027-01-01 snapshot; four events at days 0, 2, 4, 6. Event estimates are not additive."
SC01678,Independent recovery experiment 01678,Four_event_stress,4,1.0,1.0,1.0,1.0,West,"Independent 2027-01-01 snapshot; four events at days 0, 2, 4, 6. Event estimates are not additive."
SC01679,Independent recovery experiment 01679,Four_event_stress,4,1.0,1.0,1.0,1.0,North,"Independent 2027-01-01 snapshot; four events at days 0, 2, 4, 6. Event estimates are not additive."
SC01680,Independent recovery experiment 01680,Four_event_stress,4,1.0,1.0,1.0,1.0,South,"Independent 2027-01-01 snapshot; four events at days 0, 2, 4, 6. Event estimates are not additive."
SC01681,Independent recovery experiment 01681,Four_event_stress,4,1.0,1.0,1.0,1.0,South,"Independent 2027-01-01 snapshot; four events at days 0, 2, 4, 6. Event estimates are not additive."
SC01682,Independent recovery experiment 01682,Four_event_stress,4,1.0,1.0,1.0,1.0,West,"Independent 2027-01-01 snapshot; four events at days 0, 2, 4, 6. Event estimates are not additive."
SC01683,Independent recovery experiment 01683,Four_event_stress,4,1.0,1.0,1.0,1.0,North,"Independent 2027-01-01 snapshot; four events at days 0, 2, 4, 6. Event estimates are not additive."
SC01684,Independent recovery experiment 01684,Four_event_stress,4,1.0,1.0,1.0,1.0,South,"Independent 2027-01-01 snapshot; four events at days 0, 2, 4, 6. Event estimates are not additive."
SC01685,Independent recovery experiment 01685,Four_event_stress,4,1.0,1.0,1.0,1.0,South,"Independent 2027-01-01 snapshot; four events at days 0, 2, 4, 6. Event estimates are not additive."
SC01686,Independent recovery experiment 01686,Four_event_stress,4,1.0,1.0,1.0,1.0,West,"Independent 2027-01-01 snapshot; four events at days 0, 2, 4, 6. Event estimates are not additive."
SC01687,Independent recovery experiment 01687,Four_event_stress,4,1.0,1.0,1.0,1.0,East,"Independent 2027-01-01 snapshot; four events at days 0, 2, 4, 6. Event estimates are not additive."
SC01688,Independent recovery experiment 01688,Four_event_stress,4,1.0,1.0,1.0,1.0,West,"Independent 2027-01-01 snapshot; four events at days 0, 2, 4, 6. Event estimates are not additive."
SC01689,Independent recovery experiment 01689,Four_event_stress,4,1.0,1.0,1.0,1.0,North,"Independent 2027-01-01 snapshot; four events at days 0, 2, 4, 6. Event estimates are not additive."
SC01690,Independent recovery experiment 01690,Four_event_stress,4,1.0,1.0,1.0,1.0,South,"Independent 2027-01-01 snapshot; four events at days 0, 2, 4, 6. Event estimates are not additive."
SC01691,Independent recovery experiment 01691,Four_event_stress,4,1.0,1.0,1.0,1.0,South,"Independent 2027-01-01 snapshot; four events at days 0, 2, 4, 6. Event estimates are not additive."
SC01692,Independent recovery experiment 01692,Four_event_stress,4,1.0,1.0,1.0,1.0,West,"Independent 2027-01-01 snapshot; four events at days 0, 2, 4, 6. Event estimates are not additive."
SC01693,Independent recovery experiment 01693,Four_event_stress,4,1.0,1.0,1.0,1.0,North,"Independent 2027-01-01 snapshot; four events at days 0, 2, 4, 6. Event estimates are not additive."
SC01694,Independent recovery experiment 01694,Four_event_stress,4,1.0,1.0,1.0,1.0,South,"Independent 2027-01-01 snapshot; four events at days 0, 2, 4, 6. Event estimates are not additive."
SC01695,Independent recovery experiment 01695,Four_event_stress,4,1.0,1.0,1.0,1.0,South,"Independent 2027-01-01 snapshot; four events at days 0, 2, 4, 6. Event estimates are not additive."
SC01696,Independent recovery experiment 01696,Four_event_stress,4,1.0,1.0,1.0,1.0,West,"Independent 2027-01-01 snapshot; four events at days 0, 2, 4, 6. Event estimates are not additive."
SC01697,Independent recovery experiment 01697,Four_event_stress,4,1.0,1.0,1.0,1.0,East,"Independent 2027-01-01 snapshot; four events at days 0, 2, 4, 6. Event estimates are not additive."
SC01698,Independent recovery experiment 01698,Four_event_stress,4,1.0,1.0,1.0,1.0,West,"Independent 2027-01-01 snapshot; four events at days 0, 2, 4, 6. Event estimates are not additive."
SC01699,Independent recovery experiment 01699,Four_event_stress,4,1.0,1.0,1.0,1.0,North,"Independent 2027-01-01 snapshot; four events at days 0, 2, 4, 6. Event estimates are not additive."
SC01700,Independent recovery experiment 01700,Four_event_stress,4,1.0,1.0,1.0,1.0,South,"Independent 2027-01-01 snapshot; four events at days 0, 2, 4, 6. Event estimates are not additive."
SC01701,Independent recovery experiment 01701,Four_event_stress,4,1.0,1.0,1.0,1.0,South,"Independent 2027-01-01 snapshot; four events at days 0, 2, 4, 6. Event estimates are not additive."
SC01702,Independent recovery experiment 01702,Four_event_stress,4,1.0,1.0,1.0,1.0,West,"Independent 2027-01-01 snapshot; four events at days 0, 2, 4, 6. Event estimates are not additive."
SC01703,Independent recovery experiment 01703,Four_event_stress,4,1.0,1.0,1.0,1.0,North,"Independent 2027-01-01 snapshot; four events at days 0, 2, 4, 6. Event estimates are not additive."
SC01704,Independent recovery experiment 01704,Four_event_stress,4,1.0,1.0,1.0,1.0,South,"Independent 2027-01-01 snapshot; four events at days 0, 2, 4, 6. Event estimates are not additive."
SC01705,Independent recovery experiment 01705,Four_event_stress,4,1.0,1.0,1.0,1.0,South,"Independent 2027-01-01 snapshot; four events at days 0, 2, 4, 6. Event estimates are not additive."
SC01706,Independent recovery experiment 01706,Four_event_stress,4,1.0,1.0,1.0,1.0,West,"Independent 2027-01-01 snapshot; four events at days 0, 2, 4, 6. Event estimates are not additive."
SC01707,Independent recovery experiment 01707,Four_event_stress,4,1.0,1.0,1.0,1.0,East,"Independent 2027-01-01 snapshot; four events at days 0, 2, 4, 6. Event estimates are not additive."
SC01708,Independent recovery experiment 01708,Four_event_stress,4,1.0,1.0,1.0,1.0,West,"Independent 2027-01-01 snapshot; four events at days 0, 2, 4, 6. Event estimates are not additive."
SC01709,Independent recovery experiment 01709,Four_event_stress,4,1.0,1.0,1.0,1.0,North,"Independent 2027-01-01 snapshot; four events at days 0, 2, 4, 6. Event estimates are not additive."
SC01710,Independent recovery experiment 01710,Four_event_stress,4,1.0,1.0,1.0,1.0,South,"Independent 2027-01-01 snapshot; four events at days 0, 2, 4, 6. Event estimates are not additive."
SC01711,Independent recovery experiment 01711,Four_event_stress,4,1.0,1.0,1.0,1.0,South,"Independent 2027-01-01 snapshot; four events at days 0, 2, 4, 6. Event estimates are not additive."
SC01712,Independent recovery experiment 01712,Four_event_stress,4,1.0,1.0,1.0,1.0,West,"Independent 2027-01-01 snapshot; four events at days 0, 2, 4, 6. Event estimates are not additive."
SC01713,Independent recovery experiment 01713,Four_event_stress,4,1.0,1.0,1.0,1.0,North,"Independent 2027-01-01 snapshot; four events at days 0, 2, 4, 6. Event estimates are not additive."
SC01714,Independent recovery experiment 01714,Four_event_stress,4,1.0,1.0,1.0,1.0,South,"Independent 2027-01-01 snapshot; four events at days 0, 2, 4, 6. Event estimates are not additive."
SC01715,Independent recovery experiment 01715,Four_event_stress,4,1.0,1.0,1.0,1.0,South,"Independent 2027-01-01 snapshot; four events at days 0, 2, 4, 6. Event estimates are not additive."
SC01716,Independent recovery experiment 01716,Four_event_stress,4,1.0,1.0,1.0,1.0,West,"Independent 2027-01-01 snapshot; four events at days 0, 2, 4, 6. Event estimates are not additive."
SC01717,Independent recovery experiment 01717,Four_event_stress,4,1.0,1.0,1.0,1.0,East,"Independent 2027-01-01 snapshot; four events at days 0, 2, 4, 6. Event estimates are not additive."
SC01718,Independent recovery experiment 01718,Four_event_stress,4,1.0,1.0,1.0,1.0,West,"Independent 2027-01-01 snapshot; four events at days 0, 2, 4, 6. Event estimates are not additive."
SC01719,Independent recovery experiment 01719,Four_event_stress,4,1.0,1.0,1.0,1.0,North,"Independent 2027-01-01 snapshot; four events at days 0, 2, 4, 6. Event estimates are not additive."
SC01720,Independent recovery experiment 01720,Four_event_stress,4,1.0,1.0,1.0,1.0,South,"Independent 2027-01-01 snapshot; four events at days 0, 2, 4, 6. Event estimates are not additive."
SC01721,Independent recovery experiment 01721,Four_event_stress,4,1.0,1.0,1.0,1.0,South,"Independent 2027-01-01 snapshot; four events at days 0, 2, 4, 6. Event estimates are not additive."
SC01722,Independent recovery experiment 01722,Four_event_stress,4,1.0,1.0,1.0,1.0,West,"Independent 2027-01-01 snapshot; four events at days 0, 2, 4, 6. Event estimates are not additive."
SC01723,Independent recovery experiment 01723,Four_event_stress,4,1.0,1.0,1.0,1.0,North,"Independent 2027-01-01 snapshot; four events at days 0, 2, 4, 6. Event estimates are not additive."
SC01724,Independent recovery experiment 01724,Four_event_stress,4,1.0,1.0,1.0,1.0,South,"Independent 2027-01-01 snapshot; four events at days 0, 2, 4, 6. Event estimates are not additive."
SC01725,Independent recovery experiment 01725,Four_event_stress,4,1.0,1.0,1.0,1.0,South,"Independent 2027-01-01 snapshot; four events at days 0, 2, 4, 6. Event estimates are not additive."
SC01726,Independent recovery experiment 01726,Four_event_stress,4,1.0,1.0,1.0,1.0,West,"Independent 2027-01-01 snapshot; four events at days 0, 2, 4, 6. Event estimates are not additive."
SC01727,Independent recovery experiment 01727,Four_event_stress,4,1.0,1.0,1.0,1.0,East,"Independent 2027-01-01 snapshot; four events at days 0, 2, 4, 6. Event estimates are not additive."
SC01728,Independent recovery experiment 01728,Four_event_stress,4,1.0,1.0,1.0,1.0,West,"Independent 2027-01-01 snapshot; four events at days 0, 2, 4, 6. Event estimates are not additive."
SC01729,Independent recovery experiment 01729,Four_event_stress,4,1.0,1.0,1.0,1.0,North,"Independent 2027-01-01 snapshot; four events at days 0, 2, 4, 6. Event estimates are not additive."
SC01730,Independent recovery experiment 01730,Four_event_stress,4,1.0,1.0,1.0,1.0,South,"Independent 2027-01-01 snapshot; four events at days 0, 2, 4, 6. Event estimates are not additive."
SC01731,Independent recovery experiment 01731,Four_event_stress,4,1.0,1.0,1.0,1.0,South,"Independent 2027-01-01 snapshot; four events at days 0, 2, 4, 6. Event estimates are not additive."
SC01732,Independent recovery experiment 01732,Four_event_stress,4,1.0,1.0,1.0,1.0,West,"Independent 2027-01-01 snapshot; four events at days 0, 2, 4, 6. Event estimates are not additive."
SC01733,Independent recovery experiment 01733,Four_event_stress,4,1.0,1.0,1.0,1.0,North,"Independent 2027-01-01 snapshot; four events at days 0, 2, 4, 6. Event estimates are not additive."
SC01734,Independent recovery experiment 01734,Four_event_stress,4,1.0,1.0,1.0,1.0,South,"Independent 2027-01-01 snapshot; four events at days 0, 2, 4, 6. Event estimates are not additive."
SC01735,Independent recovery experiment 01735,Four_event_stress,4,1.0,1.0,1.0,1.0,South,"Independent 2027-01-01 snapshot; four events at days 0, 2, 4, 6. Event estimates are not additive."
SC01736,Independent recovery experiment 01736,Four_event_stress,4,1.0,1.0,1.0,1.0,West,"Independent 2027-01-01 snapshot; four events at days 0, 2, 4, 6. Event estimates are not additive."
SC01737,Independent recovery experiment 01737,Four_event_stress,4,1.0,1.0,1.0,1.0,East,"Independent 2027-01-01 snapshot; four events at days 0, 2, 4, 6. Event estimates are not additive."
SC01738,Independent recovery experiment 01738,Four_event_stress,4,1.0,1.0,1.0,1.0,West,"Independent 2027-01-01 snapshot; four events at days 0, 2, 4, 6. Event estimates are not additive."
SC01739,Independent recovery experiment 01739,Four_event_stress,4,1.0,1.0,1.0,1.0,North,"Independent 2027-01-01 snapshot; four events at days 0, 2, 4, 6. Event estimates are not additive."
SC01740,Independent recovery experiment 01740,Four_event_stress,4,1.0,1.0,1.0,1.0,South,"Independent 2027-01-01 snapshot; four events at days 0, 2, 4, 6. Event estimates are not additive."
SC01741,Independent recovery experiment 01741,Four_event_stress,4,1.0,1.0,1.0,1.0,South,"Independent 2027-01-01 snapshot; four events at days 0, 2, 4, 6. Event estimates are not additive."
SC01742,Independent recovery experiment 01742,Four_event_stress,4,1.0,1.0,1.0,1.0,West,"Independent 2027-01-01 snapshot; four events at days 0, 2, 4, 6. Event estimates are not additive."
SC01743,Independent recovery experiment 01743,Four_event_stress,4,1.0,1.0,1.0,1.0,North,"Independent 2027-01-01 snapshot; four events at days 0, 2, 4, 6. Event estimates are not additive."
SC01744,Independent recovery experiment 01744,Four_event_stress,4,1.0,1.0,1.0,1.0,South,"Independent 2027-01-01 snapshot; four events at days 0, 2, 4, 6. Event estimates are not additive."
SC01745,Independent recovery experiment 01745,Four_event_stress,4,1.0,1.0,1.0,1.0,South,"Independent 2027-01-01 snapshot; four events at days 0, 2, 4, 6. Event estimates are not additive."
SC01746,Independent recovery experiment 01746,Four_event_stress,4,1.0,1.0,1.0,1.0,West,"Independent 2027-01-01 snapshot; four events at days 0, 2, 4, 6. Event estimates are not additive."
SC01747,Independent recovery experiment 01747,Four_event_stress,4,1.0,1.0,1.0,1.0,East,"Independent 2027-01-01 snapshot; four events at days 0, 2, 4, 6. Event estimates are not additive."
SC01748,Independent recovery experiment 01748,Four_event_stress,4,1.0,1.0,1.0,1.0,West,"Independent 2027-01-01 snapshot; four events at days 0, 2, 4, 6. Event estimates are not additive."
SC01749,Independent recovery experiment 01749,Four_event_stress,4,1.0,1.0,1.0,1.0,North,"Independent 2027-01-01 snapshot; four events at days 0, 2, 4, 6. Event estimates are not additive."
SC01750,Independent recovery experiment 01750,Four_event_stress,4,1.0,1.0,1.0,1.0,South,"Independent 2027-01-01 snapshot; four events at days 0, 2, 4, 6. Event estimates are not additive."
SC01751,Independent recovery experiment 01751,Four_event_stress,4,1.0,1.0,1.0,1.0,South,"Independent 2027-01-01 snapshot; four events at days 0, 2, 4, 6. Event estimates are not additive."
SC01752,Independent recovery experiment 01752,Four_event_stress,4,1.0,1.0,1.0,1.0,West,"Independent 2027-01-01 snapshot; four events at days 0, 2, 4, 6. Event estimates are not additive."
SC01753,Independent recovery experiment 01753,Four_event_stress,4,1.0,1.0,1.0,1.0,North,"Independent 2027-01-01 snapshot; four events at days 0, 2, 4, 6. Event estimates are not additive."
SC01754,Independent recovery experiment 01754,Four_event_stress,4,1.0,1.0,1.0,1.0,South,"Independent 2027-01-01 snapshot; four events at days 0, 2, 4, 6. Event estimates are not additive."
SC01755,Independent recovery experiment 01755,Four_event_stress,4,1.0,1.0,1.0,1.0,South,"Independent 2027-01-01 snapshot; four events at days 0, 2, 4, 6. Event estimates are not additive."
SC01756,Independent recovery experiment 01756,Four_event_stress,4,1.0,1.0,1.0,1.0,West,"Independent 2027-01-01 snapshot; four events at days 0, 2, 4, 6. Event estimates are not additive."
SC01757,Independent recovery experiment 01757,Four_event_stress,4,1.0,1.0,1.0,1.0,East,"Independent 2027-01-01 snapshot; four events at days 0, 2, 4, 6. Event estimates are not additive."
SC01758,Independent recovery experiment 01758,Four_event_stress,4,1.0,1.0,1.0,1.0,West,"Independent 2027-01-01 snapshot; four events at days 0, 2, 4, 6. Event estimates are not additive."
SC01759,Independent recovery experiment 01759,Four_event_stress,4,1.0,1.0,1.0,1.0,North,"Independent 2027-01-01 snapshot; four events at days 0, 2, 4, 6. Event estimates are not additive."
SC01760,Independent recovery experiment 01760,Four_event_stress,4,1.0,1.0,1.0,1.0,South,"Independent 2027-01-01 snapshot; four events at days 0, 2, 4, 6. Event estimates are not additive."
SC01761,Independent recovery experiment 01761,Four_event_stress,4,1.0,1.0,1.0,1.0,South,"Independent 2027-01-01 snapshot; four events at days 0, 2, 4, 6. Event estimates are not additive."
SC01762,Independent recovery experiment 01762,Four_event_stress,4,1.0,1.0,1.0,1.0,West,"Independent 2027-01-01 snapshot; four events at days 0, 2, 4, 6. Event estimates are not additive."
SC01763,Independent recovery experiment 01763,Four_event_stress,4,1.0,1.0,1.0,1.0,North,"Independent 2027-01-01 snapshot; four events at days 0, 2, 4, 6. Event estimates are not additive."
SC01764,Independent recovery experiment 01764,Four_event_stress,4,1.0,1.0,1.0,1.0,South,"Independent 2027-01-01 snapshot; four events at days 0, 2, 4, 6. Event estimates are not additive."
SC01765,Independent recovery experiment 01765,Four_event_stress,4,1.0,1.0,1.0,1.0,South,"Independent 2027-01-01 snapshot; four events at days 0, 2, 4, 6. Event estimates are not additive."
SC01766,Independent recovery experiment 01766,Four_event_stress,4,1.0,1.0,1.0,1.0,West,"Independent 2027-01-01 snapshot; four events at days 0, 2, 4, 6. Event estimates are not additive."
SC01767,Independent recovery experiment 01767,Four_event_stress,4,1.0,1.0,1.0,1.0,East,"Independent 2027-01-01 snapshot; four events at days 0, 2, 4, 6. Event estimates are not additive."
SC01768,Independent recovery experiment 01768,Four_event_stress,4,1.0,1.0,1.0,1.0,West,"Independent 2027-01-01 snapshot; four events at days 0, 2, 4, 6. Event estimates are not additive."
SC01769,Independent recovery experiment 01769,Four_event_stress,4,1.0,1.0,1.0,1.0,North,"Independent 2027-01-01 snapshot; four events at days 0, 2, 4, 6. Event estimates are not additive."
SC01770,Independent recovery experiment 01770,Four_event_stress,4,1.0,1.0,1.0,1.0,South,"Independent 2027-01-01 snapshot; four events at days 0, 2, 4, 6. Event estimates are not additive."
SC01771,Independent recovery experiment 01771,Four_event_stress,4,1.0,1.0,1.0,1.0,South,"Independent 2027-01-01 snapshot; four events at days 0, 2, 4, 6. Event estimates are not additive."
SC01772,Independent recovery experiment 01772,Four_event_stress,4,1.0,1.0,1.0,1.0,West,"Independent 2027-01-01 snapshot; four events at days 0, 2, 4, 6. Event estimates are not additive."
SC01773,Independent recovery experiment 01773,Four_event_stress,4,1.0,1.0,1.0,1.0,North,"Independent 2027-01-01 snapshot; four events at days 0, 2, 4, 6. Event estimates are not additive."
SC01774,Independent recovery experiment 01774,Four_event_stress,4,1.0,1.0,1.0,1.0,South,"Independent 2027-01-01 snapshot; four events at days 0, 2, 4, 6. Event estimates are not additive."
SC01775,Independent recovery experiment 01775,Four_event_stress,4,1.0,1.0,1.0,1.0,South,"Independent 2027-01-01 snapshot; four events at days 0, 2, 4, 6. Event estimates are not additive."
SC01776,Independent recovery experiment 01776,Four_event_stress,4,1.0,1.0,1.0,1.0,West,"Independent 2027-01-01 snapshot; four events at days 0, 2, 4, 6. Event estimates are not additive."
SC01777,Independent recovery experiment 01777,Four_event_stress,4,1.0,1.0,1.0,1.0,East,"Independent 2027-01-01 snapshot; four events at days 0, 2, 4, 6. Event estimates are not additive."
SC01778,Independent recovery experiment 01778,Four_event_stress,4,1.0,1.0,1.0,1.0,West,"Independent 2027-01-01 snapshot; four events at days 0, 2, 4, 6. Event estimates are not additive."
SC01779,Independent recovery experiment 01779,Four_event_stress,4,1.0,1.0,1.0,1.0,North,"Independent 2027-01-01 snapshot; four events at days 0, 2, 4, 6. Event estimates are not additive."
SC01780,Independent recovery experiment 01780,Four_event_stress,4,1.0,1.0,1.0,1.0,South,"Independent 2027-01-01 snapshot; four events at days 0, 2, 4, 6. Event estimates are not additive."
SC01781,Independent recovery experiment 01781,Four_event_stress,4,1.0,1.0,1.0,1.0,South,"Independent 2027-01-01 snapshot; four events at days 0, 2, 4, 6. Event estimates are not additive."
SC01782,Independent recovery experiment 01782,Four_event_stress,4,1.0,1.0,1.0,1.0,West,"Independent 2027-01-01 snapshot; four events at days 0, 2, 4, 6. Event estimates are not additive."
SC01783,Independent recovery experiment 01783,Four_event_stress,4,1.0,1.0,1.0,1.0,North,"Independent 2027-01-01 snapshot; four events at days 0, 2, 4, 6. Event estimates are not additive."
SC01784,Independent recovery experiment 01784,Four_event_stress,4,1.0,1.0,1.0,1.0,South,"Independent 2027-01-01 snapshot; four events at days 0, 2, 4, 6. Event estimates are not additive."
SC01785,Independent recovery experiment 01785,Four_event_stress,4,1.0,1.0,1.0,1.0,South,"Independent 2027-01-01 snapshot; four events at days 0, 2, 4, 6. Event estimates are not additive."
SC01786,Independent recovery experiment 01786,Four_event_stress,4,1.0,1.0,1.0,1.0,West,"Independent 2027-01-01 snapshot; four events at days 0, 2, 4, 6. Event estimates are not additive."
SC01787,Independent recovery experiment 01787,Four_event_stress,4,1.0,1.0,1.0,1.0,East,"Independent 2027-01-01 snapshot; four events at days 0, 2, 4, 6. Event estimates are not additive."
SC01788,Independent recovery experiment 01788,Four_event_stress,4,1.0,1.0,1.0,1.0,West,"Independent 2027-01-01 snapshot; four events at days 0, 2, 4, 6. Event estimates are not additive."
SC01789,Independent recovery experiment 01789,Four_event_stress,4,1.0,1.0,1.0,1.0,North,"Independent 2027-01-01 snapshot; four events at days 0, 2, 4, 6. Event estimates are not additive."
SC01790,Independent recovery experiment 01790,Four_event_stress,4,1.0,1.0,1.0,1.0,South,"Independent 2027-01-01 snapshot; four events at days 0, 2, 4, 6. Event estimates are not additive."
SC01791,Independent recovery experiment 01791,Four_event_stress,4,1.0,1.0,1.0,1.0,South,"Independent 2027-01-01 snapshot; four events at days 0, 2, 4, 6. Event estimates are not additive."
SC01792,Independent recovery experiment 01792,Four_event_stress,4,1.0,1.0,1.0,1.0,West,"Independent 2027-01-01 snapshot; four events at days 0, 2, 4, 6. Event estimates are not additive."
SC01793,Independent recovery experiment 01793,Four_event_stress,4,1.0,1.0,1.0,1.0,North,"Independent 2027-01-01 snapshot; four events at days 0, 2, 4, 6. Event estimates are not additive."
SC01794,Independent recovery experiment 01794,Four_event_stress,4,1.0,1.0,1.0,1.0,South,"Independent 2027-01-01 snapshot; four events at days 0, 2, 4, 6. Event estimates are not additive."
SC01795,Independent recovery experiment 01795,Four_event_stress,4,1.0,1.0,1.0,1.0,South,"Independent 2027-01-01 snapshot; four events at days 0, 2, 4, 6. Event estimates are not additive."
SC01796,Independent recovery experiment 01796,Four_event_stress,4,1.0,1.0,1.0,1.0,West,"Independent 2027-01-01 snapshot; four events at days 0, 2, 4, 6. Event estimates are not additive."
SC01797,Independent recovery experiment 01797,Four_event_stress,4,1.0,1.0,1.0,1.0,East,"Independent 2027-01-01 snapshot; four events at days 0, 2, 4, 6. Event estimates are not additive."
SC01798,Independent recovery experiment 01798,Four_event_stress,4,1.0,1.0,1.0,1.0,West,"Independent 2027-01-01 snapshot; four events at days 0, 2, 4, 6. Event estimates are not additive."
SC01799,Independent recovery experiment 01799,Four_event_stress,4,1.0,1.0,1.0,1.0,North,"Independent 2027-01-01 snapshot; four events at days 0, 2, 4, 6. Event estimates are not additive."
SC01800,Independent recovery experiment 01800,Four_event_stress,4,1.0,1.0,1.0,1.0,South,"Independent 2027-01-01 snapshot; four events at days 0, 2, 4, 6. Event estimates are not additive."
SC01801,Independent recovery experiment 01801,Four_event_stress,4,1.0,1.0,1.0,1.0,South,"Independent 2027-01-01 snapshot; four events at days 0, 2, 4, 6. Event estimates are not additive."
SC01802,Independent recovery experiment 01802,Four_event_stress,4,1.0,1.0,1.0,1.0,West,"Independent 2027-01-01 snapshot; four events at days 0, 2, 4, 6. Event estimates are not additive."
SC01803,Independent recovery experiment 01803,Four_event_stress,4,1.0,1.0,1.0,1.0,North,"Independent 2027-01-01 snapshot; four events at days 0, 2, 4, 6. Event estimates are not additive."
SC01804,Independent recovery experiment 01804,Four_event_stress,4,1.0,1.0,1.0,1.0,South,"Independent 2027-01-01 snapshot; four events at days 0, 2, 4, 6. Event estimates are not additive."
SC01805,Independent recovery experiment 01805,Four_event_stress,4,1.0,1.0,1.0,1.0,South,"Independent 2027-01-01 snapshot; four events at days 0, 2, 4, 6. Event estimates are not additive."
SC01806,Independent recovery experiment 01806,Four_event_stress,4,1.0,1.0,1.0,1.0,West,"Independent 2027-01-01 snapshot; four events at days 0, 2, 4, 6. Event estimates are not additive."
SC01807,Independent recovery experiment 01807,Four_event_stress,4,1.0,1.0,1.0,1.0,East,"Independent 2027-01-01 snapshot; four events at days 0, 2, 4, 6. Event estimates are not additive."
SC01808,Independent recovery experiment 01808,Four_event_stress,4,1.0,1.0,1.0,1.0,West,"Independent 2027-01-01 snapshot; four events at days 0, 2, 4, 6. Event estimates are not additive."
SC01809,Independent recovery experiment 01809,Four_event_stress,4,1.0,1.0,1.0,1.0,North,"Independent 2027-01-01 snapshot; four events at days 0, 2, 4, 6. Event estimates are not additive."
SC01810,Independent recovery experiment 01810,Four_event_stress,4,1.0,1.0,1.0,1.0,South,"Independent 2027-01-01 snapshot; four events at days 0, 2, 4, 6. Event estimates are not additive."
SC01811,Independent recovery experiment 01811,Four_event_stress,4,1.0,1.0,1.0,1.0,South,"Independent 2027-01-01 snapshot; four events at days 0, 2, 4, 6. Event estimates are not additive."
SC01812,Independent recovery experiment 01812,Four_event_stress,4,1.0,1.0,1.0,1.0,West,"Independent 2027-01-01 snapshot; four events at days 0, 2, 4, 6. Event estimates are not additive."
SC01813,Independent recovery experiment 01813,Four_event_stress,4,1.0,1.0,1.0,1.0,North,"Independent 2027-01-01 snapshot; four events at days 0, 2, 4, 6. Event estimates are not additive."
SC01814,Independent recovery experiment 01814,Four_event_stress,4,1.0,1.0,1.0,1.0,South,"Independent 2027-01-01 snapshot; four events at days 0, 2, 4, 6. Event estimates are not additive."
SC01815,Independent recovery experiment 01815,Four_event_stress,4,1.0,1.0,1.0,1.0,South,"Independent 2027-01-01 snapshot; four events at days 0, 2, 4, 6. Event estimates are not additive."
SC01816,Independent recovery experiment 01816,Four_event_stress,4,1.0,1.0,1.0,1.0,West,"Independent 2027-01-01 snapshot; four events at days 0, 2, 4, 6. Event estimates are not additive."
SC01817,Independent recovery experiment 01817,Four_event_stress,4,1.0,1.0,1.0,1.0,East,"Independent 2027-01-01 snapshot; four events at days 0, 2, 4, 6. Event estimates are not additive."
SC01818,Independent recovery experiment 01818,Four_event_stress,4,1.0,1.0,1.0,1.0,West,"Independent 2027-01-01 snapshot; four events at days 0, 2, 4, 6. Event estimates are not additive."
SC01819,Independent recovery experiment 01819,Four_event_stress,4,1.0,1.0,1.0,1.0,North,"Independent 2027-01-01 snapshot; four events at days 0, 2, 4, 6. Event estimates are not additive."
SC01820,Independent recovery experiment 01820,Four_event_stress,4,1.0,1.0,1.0,1.0,South,"Independent 2027-01-01 snapshot; four events at days 0, 2, 4, 6. Event estimates are not additive."
SC01821,Independent recovery experiment 01821,Four_event_stress,4,1.0,1.0,1.0,1.0,South,"Independent 2027-01-01 snapshot; four events at days 0, 2, 4, 6. Event estimates are not additive."
SC01822,Independent recovery experiment 01822,Four_event_stress,4,1.0,1.0,1.0,1.0,West,"Independent 2027-01-01 snapshot; four events at days 0, 2, 4, 6. Event estimates are not additive."
SC01823,Independent recovery experiment 01823,Four_event_stress,4,1.0,1.0,1.0,1.0,North,"Independent 2027-01-01 snapshot; four events at days 0, 2, 4, 6. Event estimates are not additive."
SC01824,Independent recovery experiment 01824,Four_event_stress,4,1.0,1.0,1.0,1.0,South,"Independent 2027-01-01 snapshot; four events at days 0, 2, 4, 6. Event estimates are not additive."
SC01825,Independent recovery experiment 01825,Four_event_stress,4,1.0,1.0,1.0,1.0,South,"Independent 2027-01-01 snapshot; four events at days 0, 2, 4, 6. Event estimates are not additive."
SC01826,Independent recovery experiment 01826,Four_event_stress,4,1.0,1.0,1.0,1.0,West,"Independent 2027-01-01 snapshot; four events at days 0, 2, 4, 6. Event estimates are not additive."
SC01827,Independent recovery experiment 01827,Four_event_stress,4,1.0,1.0,1.0,1.0,East,"Independent 2027-01-01 snapshot; four events at days 0, 2, 4, 6. Event estimates are not additive."
SC01828,Independent recovery experiment 01828,Four_event_stress,4,1.0,1.0,1.0,1.0,West,"Independent 2027-01-01 snapshot; four events at days 0, 2, 4, 6. Event estimates are not additive."
SC01829,Independent recovery experiment 01829,Four_event_stress,4,1.0,1.0,1.0,1.0,North,"Independent 2027-01-01 snapshot; four events at days 0, 2, 4, 6. Event estimates are not additive."
SC01830,Independent recovery experiment 01830,Four_event_stress,4,1.0,1.0,1.0,1.0,South,"Independent 2027-01-01 snapshot; four events at days 0, 2, 4, 6. Event estimates are not additive."
SC01831,Independent recovery experiment 01831,Four_event_stress,4,1.0,1.0,1.0,1.0,South,"Independent 2027-01-01 snapshot; four events at days 0, 2, 4, 6. Event estimates are not additive."
SC01832,Independent recovery experiment 01832,Four_event_stress,4,1.0,1.0,1.0,1.0,West,"Independent 2027-01-01 snapshot; four events at days 0, 2, 4, 6. Event estimates are not additive."
SC01833,Independent recovery experiment 01833,Four_event_stress,4,1.0,1.0,1.0,1.0,North,"Independent 2027-01-01 snapshot; four events at days 0, 2, 4, 6. Event estimates are not additive."
SC01834,Independent recovery experiment 01834,Four_event_stress,4,1.0,1.0,1.0,1.0,South,"Independent 2027-01-01 snapshot; four events at days 0, 2, 4, 6. Event estimates are not additive."
SC01835,Independent recovery experiment 01835,Four_event_stress,4,1.0,1.0,1.0,1.0,South,"Independent 2027-01-01 snapshot; four events at days 0, 2, 4, 6. Event estimates are not additive."
SC01836,Independent recovery experiment 01836,Four_event_stress,4,1.0,1.0,1.0,1.0,West,"Independent 2027-01-01 snapshot; four events at days 0, 2, 4, 6. Event estimates are not additive."
SC01837,Independent recovery experiment 01837,Four_event_stress,4,1.0,1.0,1.0,1.0,East,"Independent 2027-01-01 snapshot; four events at days 0, 2, 4, 6. Event estimates are not additive."
SC01838,Independent recovery experiment 01838,Four_event_stress,4,1.0,1.0,1.0,1.0,West,"Independent 2027-01-01 snapshot; four events at days 0, 2, 4, 6. Event estimates are not additive."
SC01839,Independent recovery experiment 01839,Four_event_stress,4,1.0,1.0,1.0,1.0,North,"Independent 2027-01-01 snapshot; four events at days 0, 2, 4, 6. Event estimates are not additive."
SC01840,Independent recovery experiment 01840,Four_event_stress,4,1.0,1.0,1.0,1.0,South,"Independent 2027-01-01 snapshot; four events at days 0, 2, 4, 6. Event estimates are not additive."
SC01841,Independent recovery experiment 01841,Four_event_stress,4,1.0,1.0,1.0,1.0,South,"Independent 2027-01-01 snapshot; four events at days 0, 2, 4, 6. Event estimates are not additive."
SC01842,Independent recovery experiment 01842,Four_event_stress,4,1.0,1.0,1.0,1.0,West,"Independent 2027-01-01 snapshot; four events at days 0, 2, 4, 6. Event estimates are not additive."
SC01843,Independent recovery experiment 01843,Four_event_stress,4,1.0,1.0,1.0,1.0,North,"Independent 2027-01-01 snapshot; four events at days 0, 2, 4, 6. Event estimates are not additive."
SC01844,Independent recovery experiment 01844,Four_event_stress,4,1.0,1.0,1.0,1.0,South,"Independent 2027-01-01 snapshot; four events at days 0, 2, 4, 6. Event estimates are not additive."
SC01845,Independent recovery experiment 01845,Four_event_stress,4,1.0,1.0,1.0,1.0,South,"Independent 2027-01-01 snapshot; four events at days 0, 2, 4, 6. Event estimates are not additive."
SC01846,Independent recovery experiment 01846,Four_event_stress,4,1.0,1.0,1.0,1.0,West,"Independent 2027-01-01 snapshot; four events at days 0, 2, 4, 6. Event estimates are not additive."
SC01847,Independent recovery experiment 01847,Four_event_stress,4,1.0,1.0,1.0,1.0,East,"Independent 2027-01-01 snapshot; four events at days 0, 2, 4, 6. Event estimates are not additive."
SC01848,Independent recovery experiment 01848,Four_event_stress,4,1.0,1.0,1.0,1.0,West,"Independent 2027-01-01 snapshot; four events at days 0, 2, 4, 6. Event estimates are not additive."
SC01849,Independent recovery experiment 01849,Four_event_stress,4,1.0,1.0,1.0,1.0,North,"Independent 2027-01-01 snapshot; four events at days 0, 2, 4, 6. Event estimates are not additive."
SC01850,Independent recovery experiment 01850,Four_event_stress,4,1.0,1.0,1.0,1.0,South,"Independent 2027-01-01 snapshot; four events at days 0, 2, 4, 6. Event estimates are not additive."
SC01851,Independent recovery experiment 01851,Four_event_stress,4,1.0,1.0,1.0,1.0,South,"Independent 2027-01-01 snapshot; four events at days 0, 2, 4, 6. Event estimates are not additive."
SC01852,Independent recovery experiment 01852,Four_event_stress,4,1.0,1.0,1.0,1.0,West,"Independent 2027-01-01 snapshot; four events at days 0, 2, 4, 6. Event estimates are not additive."
SC01853,Independent recovery experiment 01853,Four_event_stress,4,1.0,1.0,1.0,1.0,North,"Independent 2027-01-01 snapshot; four events at days 0, 2, 4, 6. Event estimates are not additive."
SC01854,Independent recovery experiment 01854,Four_event_stress,4,1.0,1.0,1.0,1.0,South,"Independent 2027-01-01 snapshot; four events at days 0, 2, 4, 6. Event estimates are not additive."
SC01855,Independent recovery experiment 01855,Four_event_stress,4,1.0,1.0,1.0,1.0,South,"Independent 2027-01-01 snapshot; four events at days 0, 2, 4, 6. Event estimates are not additive."
SC01856,Independent recovery experiment 01856,Four_event_stress,4,1.0,1.0,1.0,1.0,West,"Independent 2027-01-01 snapshot; four events at days 0, 2, 4, 6. Event estimates are not additive."
SC01857,Independent recovery experiment 01857,Four_event_stress,4,1.0,1.0,1.0,1.0,East,"Independent 2027-01-01 snapshot; four events at days 0, 2, 4, 6. Event estimates are not additive."
SC01858,Independent recovery experiment 01858,Four_event_stress,4,1.0,1.0,1.0,1.0,West,"Independent 2027-01-01 snapshot; four events at days 0, 2, 4, 6. Event estimates are not additive."
SC01859,Independent recovery experiment 01859,Four_event_stress,4,1.0,1.0,1.0,1.0,North,"Independent 2027-01-01 snapshot; four events at days 0, 2, 4, 6. Event estimates are not additive."
SC01860,Independent recovery experiment 01860,Four_event_stress,4,1.0,1.0,1.0,1.0,South,"Independent 2027-01-01 snapshot; four events at days 0, 2, 4, 6. Event estimates are not additive."
SC01861,Independent recovery experiment 01861,Four_event_stress,4,1.0,1.0,1.0,1.0,South,"Independent 2027-01-01 snapshot; four events at days 0, 2, 4, 6. Event estimates are not additive."
SC01862,Independent recovery experiment 01862,Four_event_stress,4,1.0,1.0,1.0,1.0,West,"Independent 2027-01-01 snapshot; four events at days 0, 2, 4, 6. Event estimates are not additive."
SC01863,Independent recovery experiment 01863,Four_event_stress,4,1.0,1.0,1.0,1.0,North,"Independent 2027-01-01 snapshot; four events at days 0, 2, 4, 6. Event estimates are not additive."
SC01864,Independent recovery experiment 01864,Four_event_stress,4,1.0,1.0,1.0,1.0,South,"Independent 2027-01-01 snapshot; four events at days 0, 2, 4, 6. Event estimates are not additive."
SC01865,Independent recovery experiment 01865,Four_event_stress,4,1.0,1.0,1.0,1.0,South,"Independent 2027-01-01 snapshot; four events at days 0, 2, 4, 6. Event estimates are not additive."
SC01866,Independent recovery experiment 01866,Four_event_stress,4,1.0,1.0,1.0,1.0,West,"Independent 2027-01-01 snapshot; four events at days 0, 2, 4, 6. Event estimates are not additive."
SC01867,Independent recovery experiment 01867,Four_event_stress,4,1.0,1.0,1.0,1.0,East,"Independent 2027-01-01 snapshot; four events at days 0, 2, 4, 6. Event estimates are not additive."
SC01868,Independent recovery experiment 01868,Four_event_stress,4,1.0,1.0,1.0,1.0,West,"Independent 2027-01-01 snapshot; four events at days 0, 2, 4, 6. Event estimates are not additive."
SC01869,Independent recovery experiment 01869,Four_event_stress,4,1.0,1.0,1.0,1.0,North,"Independent 2027-01-01 snapshot; four events at days 0, 2, 4, 6. Event estimates are not additive."
SC01870,Independent recovery experiment 01870,Four_event_stress,4,1.0,1.0,1.0,1.0,South,"Independent 2027-01-01 snapshot; four events at days 0, 2, 4, 6. Event estimates are not additive."
SC01871,Independent recovery experiment 01871,Four_event_stress,4,1.0,1.0,1.0,1.0,South,"Independent 2027-01-01 snapshot; four events at days 0, 2, 4, 6. Event estimates are not additive."
SC01872,Independent recovery experiment 01872,Four_event_stress,4,1.0,1.0,1.0,1.0,West,"Independent 2027-01-01 snapshot; four events at days 0, 2, 4, 6. Event estimates are not additive."
SC01873,Independent recovery experiment 01873,Four_event_stress,4,1.0,1.0,1.0,1.0,North,"Independent 2027-01-01 snapshot; four events at days 0, 2, 4, 6. Event estimates are not additive."
SC01874,Independent recovery experiment 01874,Four_event_stress,4,1.0,1.0,1.0,1.0,South,"Independent 2027-01-01 snapshot; four events at days 0, 2, 4, 6. Event estimates are not additive."
SC01875,Independent recovery experiment 01875,Four_event_stress,4,1.0,1.0,1.0,1.0,South,"Independent 2027-01-01 snapshot; four events at days 0, 2, 4, 6. Event estimates are not additive."
SC01876,Independent recovery experiment 01876,Four_event_stress,4,1.0,1.0,1.0,1.0,West,"Independent 2027-01-01 snapshot; four events at days 0, 2, 4, 6. Event estimates are not additive."
SC01877,Independent recovery experiment 01877,Four_event_stress,4,1.0,1.0,1.0,1.0,East,"Independent 2027-01-01 snapshot; four events at days 0, 2, 4, 6. Event estimates are not additive."
SC01878,Independent recovery experiment 01878,Four_event_stress,4,1.0,1.0,1.0,1.0,West,"Independent 2027-01-01 snapshot; four events at days 0, 2, 4, 6. Event estimates are not additive."
SC01879,Independent recovery experiment 01879,Four_event_stress,4,1.0,1.0,1.0,1.0,North,"Independent 2027-01-01 snapshot; four events at days 0, 2, 4, 6. Event estimates are not additive."
SC01880,Independent recovery experiment 01880,Four_event_stress,4,1.0,1.0,1.0,1.0,South,"Independent 2027-01-01 snapshot; four events at days 0, 2, 4, 6. Event estimates are not additive."
SC01881,Independent recovery experiment 01881,Four_event_stress,4,1.0,1.0,1.0,1.0,South,"Independent 2027-01-01 snapshot; four events at days 0, 2, 4, 6. Event estimates are not additive."
SC01882,Independent recovery experiment 01882,Four_event_stress,4,1.0,1.0,1.0,1.0,West,"Independent 2027-01-01 snapshot; four events at days 0, 2, 4, 6. Event estimates are not additive."
SC01883,Independent recovery experiment 01883,Four_event_stress,4,1.0,1.0,1.0,1.0,North,"Independent 2027-01-01 snapshot; four events at days 0, 2, 4, 6. Event estimates are not additive."
SC01884,Independent recovery experiment 01884,Four_event_stress,4,1.0,1.0,1.0,1.0,South,"Independent 2027-01-01 snapshot; four events at days 0, 2, 4, 6. Event estimates are not additive."
SC01885,Independent recovery experiment 01885,Four_event_stress,4,1.0,1.0,1.0,1.0,South,"Independent 2027-01-01 snapshot; four events at days 0, 2, 4, 6. Event estimates are not additive."
SC01886,Independent recovery experiment 01886,Four_event_stress,4,1.0,1.0,1.0,1.0,West,"Independent 2027-01-01 snapshot; four events at days 0, 2, 4, 6. Event estimates are not additive."
SC01887,Independent recovery experiment 01887,Four_event_stress,4,1.0,1.0,1.0,1.0,East,"Independent 2027-01-01 snapshot; four events at days 0, 2, 4, 6. Event estimates are not additive."
SC01888,Independent recovery experiment 01888,Four_event_stress,4,1.0,1.0,1.0,1.0,West,"Independent 2027-01-01 snapshot; four events at days 0, 2, 4, 6. Event estimates are not additive."
SC01889,Independent recovery experiment 01889,Four_event_stress,4,1.0,1.0,1.0,1.0,North,"Independent 2027-01-01 snapshot; four events at days 0, 2, 4, 6. Event estimates are not additive."
SC01890,Independent recovery experiment 01890,Four_event_stress,4,1.0,1.0,1.0,1.0,South,"Independent 2027-01-01 snapshot; four events at days 0, 2, 4, 6. Event estimates are not additive."
SC01891,Independent recovery experiment 01891,Four_event_stress,4,1.0,1.0,1.0,1.0,South,"Independent 2027-01-01 snapshot; four events at days 0, 2, 4, 6. Event estimates are not additive."
SC01892,Independent recovery experiment 01892,Four_event_stress,4,1.0,1.0,1.0,1.0,West,"Independent 2027-01-01 snapshot; four events at days 0, 2, 4, 6. Event estimates are not additive."
SC01893,Independent recovery experiment 01893,Four_event_stress,4,1.0,1.0,1.0,1.0,North,"Independent 2027-01-01 snapshot; four events at days 0, 2, 4, 6. Event estimates are not additive."
SC01894,Independent recovery experiment 01894,Four_event_stress,4,1.0,1.0,1.0,1.0,South,"Independent 2027-01-01 snapshot; four events at days 0, 2, 4, 6. Event estimates are not additive."
SC01895,Independent recovery experiment 01895,Four_event_stress,4,1.0,1.0,1.0,1.0,South,"Independent 2027-01-01 snapshot; four events at days 0, 2, 4, 6. Event estimates are not additive."
SC01896,Independent recovery experiment 01896,Four_event_stress,4,1.0,1.0,1.0,1.0,West,"Independent 2027-01-01 snapshot; four events at days 0, 2, 4, 6. Event estimates are not additive."
SC01897,Independent recovery experiment 01897,Four_event_stress,4,1.0,1.0,1.0,1.0,East,"Independent 2027-01-01 snapshot; four events at days 0, 2, 4, 6. Event estimates are not additive."
SC01898,Independent recovery experiment 01898,Four_event_stress,4,1.0,1.0,1.0,1.0,West,"Independent 2027-01-01 snapshot; four events at days 0, 2, 4, 6. Event estimates are not additive."
SC01899,Independent recovery experiment 01899,Four_event_stress,4,1.0,1.0,1.0,1.0,North,"Independent 2027-01-01 snapshot; four events at days 0, 2, 4, 6. Event estimates are not additive."
SC01900,Independent recovery experiment 01900,Four_event_stress,4,1.0,1.0,1.0,1.0,South,"Independent 2027-01-01 snapshot; four events at days 0, 2, 4, 6. Event estimates are not additive."
SC01901,Independent recovery experiment 01901,Four_event_stress,4,1.0,1.0,1.0,1.0,South,"Independent 2027-01-01 snapshot; four events at days 0, 2, 4, 6. Event estimates are not additive."
SC01902,Independent recovery experiment 01902,Four_event_stress,4,1.0,1.0,1.0,1.0,West,"Independent 2027-01-01 snapshot; four events at days 0, 2, 4, 6. Event estimates are not additive."
SC01903,Independent recovery experiment 01903,Four_event_stress,4,1.0,1.0,1.0,1.0,North,"Independent 2027-01-01 snapshot; four events at days 0, 2, 4, 6. Event estimates are not additive."
SC01904,Independent recovery experiment 01904,Four_event_stress,4,1.0,1.0,1.0,1.0,South,"Independent 2027-01-01 snapshot; four events at days 0, 2, 4, 6. Event estimates are not additive."
SC01905,Independent recovery experiment 01905,Four_event_stress,4,1.0,1.0,1.0,1.0,South,"Independent 2027-01-01 snapshot; four events at days 0, 2, 4, 6. Event estimates are not additive."
SC01906,Independent recovery experiment 01906,Four_event_stress,4,1.0,1.0,1.0,1.0,West,"Independent 2027-01-01 snapshot; four events at days 0, 2, 4, 6. Event estimates are not additive."
SC01907,Independent recovery experiment 01907,Four_event_stress,4,1.0,1.0,1.0,1.0,East,"Independent 2027-01-01 snapshot; four events at days 0, 2, 4, 6. Event estimates are not additive."
SC01908,Independent recovery experiment 01908,Four_event_stress,4,1.0,1.0,1.0,1.0,West,"Independent 2027-01-01 snapshot; four events at days 0, 2, 4, 6. Event estimates are not additive."
SC01909,Independent recovery experiment 01909,Four_event_stress,4,1.0,1.0,1.0,1.0,North,"Independent 2027-01-01 snapshot; four events at days 0, 2, 4, 6. Event estimates are not additive."
SC01910,Independent recovery experiment 01910,Four_event_stress,4,1.0,1.0,1.0,1.0,South,"Independent 2027-01-01 snapshot; four events at days 0, 2, 4, 6. Event estimates are not additive."
SC01911,Independent recovery experiment 01911,Four_event_stress,4,1.0,1.0,1.0,1.0,South,"Independent 2027-01-01 snapshot; four events at days 0, 2, 4, 6. Event estimates are not additive."
SC01912,Independent recovery experiment 01912,Four_event_stress,4,1.0,1.0,1.0,1.0,West,"Independent 2027-01-01 snapshot; four events at days 0, 2, 4, 6. Event estimates are not additive."
SC01913,Independent recovery experiment 01913,Four_event_stress,4,1.0,1.0,1.0,1.0,North,"Independent 2027-01-01 snapshot; four events at days 0, 2, 4, 6. Event estimates are not additive."
SC01914,Independent recovery experiment 01914,Four_event_stress,4,1.0,1.0,1.0,1.0,South,"Independent 2027-01-01 snapshot; four events at days 0, 2, 4, 6. Event estimates are not additive."
SC01915,Independent recovery experiment 01915,Four_event_stress,4,1.0,1.0,1.0,1.0,South,"Independent 2027-01-01 snapshot; four events at days 0, 2, 4, 6. Event estimates are not additive."
SC01916,Independent recovery experiment 01916,Four_event_stress,4,1.0,1.0,1.0,1.0,West,"Independent 2027-01-01 snapshot; four events at days 0, 2, 4, 6. Event estimates are not additive."
SC01917,Independent recovery experiment 01917,Four_event_stress,4,1.0,1.0,1.0,1.0,East,"Independent 2027-01-01 snapshot; four events at days 0, 2, 4, 6. Event estimates are not additive."
SC01918,Independent recovery experiment 01918,Four_event_stress,4,1.0,1.0,1.0,1.0,West,"Independent 2027-01-01 snapshot; four events at days 0, 2, 4, 6. Event estimates are not additive."
SC01919,Independent recovery experiment 01919,Four_event_stress,4,1.0,1.0,1.0,1.0,North,"Independent 2027-01-01 snapshot; four events at days 0, 2, 4, 6. Event estimates are not additive."
SC01920,Independent recovery experiment 01920,Four_event_stress,4,1.0,1.0,1.0,1.0,South,"Independent 2027-01-01 snapshot; four events at days 0, 2, 4, 6. Event estimates are not additive."
SC01921,Independent recovery experiment 01921,Four_event_stress,4,1.0,1.0,1.0,1.0,South,"Independent 2027-01-01 snapshot; four events at days 0, 2, 4, 6. Event estimates are not additive."
SC01922,Independent recovery experiment 01922,Four_event_stress,4,1.0,1.0,1.0,1.0,West,"Independent 2027-01-01 snapshot; four events at days 0, 2, 4, 6. Event estimates are not additive."
SC01923,Independent recovery experiment 01923,Four_event_stress,4,1.0,1.0,1.0,1.0,North,"Independent 2027-01-01 snapshot; four events at days 0, 2, 4, 6. Event estimates are not additive."
SC01924,Independent recovery experiment 01924,Four_event_stress,4,1.0,1.0,1.0,1.0,South,"Independent 2027-01-01 snapshot; four events at days 0, 2, 4, 6. Event estimates are not additive."
SC01925,Independent recovery experiment 01925,Four_event_stress,4,1.0,1.0,1.0,1.0,South,"Independent 2027-01-01 snapshot; four events at days 0, 2, 4, 6. Event estimates are not additive."
SC01926,Independent recovery experiment 01926,Four_event_stress,4,1.0,1.0,1.0,1.0,West,"Independent 2027-01-01 snapshot; four events at days 0, 2, 4, 6. Event estimates are not additive."
SC01927,Independent recovery experiment 01927,Four_event_stress,4,1.0,1.0,1.0,1.0,East,"Independent 2027-01-01 snapshot; four events at days 0, 2, 4, 6. Event estimates are not additive."
SC01928,Independent recovery experiment 01928,Four_event_stress,4,1.0,1.0,1.0,1.0,West,"Independent 2027-01-01 snapshot; four events at days 0, 2, 4, 6. Event estimates are not additive."
SC01929,Independent recovery experiment 01929,Four_event_stress,4,1.0,1.0,1.0,1.0,North,"Independent 2027-01-01 snapshot; four events at days 0, 2, 4, 6. Event estimates are not additive."
SC01930,Independent recovery experiment 01930,Four_event_stress,4,1.0,1.0,1.0,1.0,South,"Independent 2027-01-01 snapshot; four events at days 0, 2, 4, 6. Event estimates are not additive."
SC01931,Independent recovery experiment 01931,Four_event_stress,4,1.0,1.0,1.0,1.0,South,"Independent 2027-01-01 snapshot; four events at days 0, 2, 4, 6. Event estimates are not additive."
SC01932,Independent recovery experiment 01932,Four_event_stress,4,1.0,1.0,1.0,1.0,West,"Independent 2027-01-01 snapshot; four events at days 0, 2, 4, 6. Event estimates are not additive."
SC01933,Independent recovery experiment 01933,Four_event_stress,4,1.0,1.0,1.0,1.0,North,"Independent 2027-01-01 snapshot; four events at days 0, 2, 4, 6. Event estimates are not additive."
SC01934,Independent recovery experiment 01934,Four_event_stress,4,1.0,1.0,1.0,1.0,South,"Independent 2027-01-01 snapshot; four events at days 0, 2, 4, 6. Event estimates are not additive."
SC01935,Independent recovery experiment 01935,Four_event_stress,4,1.0,1.0,1.0,1.0,South,"Independent 2027-01-01 snapshot; four events at days 0, 2, 4, 6. Event estimates are not additive."
SC01936,Independent recovery experiment 01936,Four_event_stress,4,1.0,1.0,1.0,1.0,West,"Independent 2027-01-01 snapshot; four events at days 0, 2, 4, 6. Event estimates are not additive."
SC01937,Independent recovery experiment 01937,Four_event_stress,4,1.0,1.0,1.0,1.0,East,"Independent 2027-01-01 snapshot; four events at days 0, 2, 4, 6. Event estimates are not additive."
SC01938,Independent recovery experiment 01938,Four_event_stress,4,1.0,1.0,1.0,1.0,West,"Independent 2027-01-01 snapshot; four events at days 0, 2, 4, 6. Event estimates are not additive."
SC01939,Independent recovery experiment 01939,Four_event_stress,4,1.0,1.0,1.0,1.0,North,"Independent 2027-01-01 snapshot; four events at days 0, 2, 4, 6. Event estimates are not additive."
SC01940,Independent recovery experiment 01940,Four_event_stress,4,1.0,1.0,1.0,1.0,South,"Independent 2027-01-01 snapshot; four events at days 0, 2, 4, 6. Event estimates are not additive."
SC01941,Independent recovery experiment 01941,Four_event_stress,4,1.0,1.0,1.0,1.0,South,"Independent 2027-01-01 snapshot; four events at days 0, 2, 4, 6. Event estimates are not additive."
SC01942,Independent recovery experiment 01942,Four_event_stress,4,1.0,1.0,1.0,1.0,West,"Independent 2027-01-01 snapshot; four events at days 0, 2, 4, 6. Event estimates are not additive."
SC01943,Independent recovery experiment 01943,Four_event_stress,4,1.0,1.0,1.0,1.0,North,"Independent 2027-01-01 snapshot; four events at days 0, 2, 4, 6. Event estimates are not additive."
SC01944,Independent recovery experiment 01944,Four_event_stress,4,1.0,1.0,1.0,1.0,South,"Independent 2027-01-01 snapshot; four events at days 0, 2, 4, 6. Event estimates are not additive."
SC01945,Independent recovery experiment 01945,Four_event_stress,4,1.0,1.0,1.0,1.0,South,"Independent 2027-01-01 snapshot; four events at days 0, 2, 4, 6. Event estimates are not additive."
SC01946,Independent recovery experiment 01946,Four_event_stress,4,1.0,1.0,1.0,1.0,West,"Independent 2027-01-01 snapshot; four events at days 0, 2, 4, 6. Event estimates are not additive."
SC01947,Independent recovery experiment 01947,Four_event_stress,4,1.0,1.0,1.0,1.0,East,"Independent 2027-01-01 snapshot; four events at days 0, 2, 4, 6. Event estimates are not additive."
SC01948,Independent recovery experiment 01948,Four_event_stress,4,1.0,1.0,1.0,1.0,West,"Independent 2027-01-01 snapshot; four events at days 0, 2, 4, 6. Event estimates are not additive."
SC01949,Independent recovery experiment 01949,Four_event_stress,4,1.0,1.0,1.0,1.0,North,"Independent 2027-01-01 snapshot; four events at days 0, 2, 4, 6. Event estimates are not additive."
SC01950,Independent recovery experiment 01950,Four_event_stress,4,1.0,1.0,1.0,1.0,South,"Independent 2027-01-01 snapshot; four events at days 0, 2, 4, 6. Event estimates are not additive."
SC01951,Independent recovery experiment 01951,Four_event_stress,4,1.0,1.0,1.0,1.0,South,"Independent 2027-01-01 snapshot; four events at days 0, 2, 4, 6. Event estimates are not additive."
SC01952,Independent recovery experiment 01952,Four_event_stress,4,1.0,1.0,1.0,1.0,West,"Independent 2027-01-01 snapshot; four events at days 0, 2, 4, 6. Event estimates are not additive."
SC01953,Independent recovery experiment 01953,Four_event_stress,4,1.0,1.0,1.0,1.0,North,"Independent 2027-01-01 snapshot; four events at days 0, 2, 4, 6. Event estimates are not additive."
SC01954,Independent recovery experiment 01954,Four_event_stress,4,1.0,1.0,1.0,1.0,South,"Independent 2027-01-01 snapshot; four events at days 0, 2, 4, 6. Event estimates are not additive."
SC01955,Independent recovery experiment 01955,Four_event_stress,4,1.0,1.0,1.0,1.0,South,"Independent 2027-01-01 snapshot; four events at days 0, 2, 4, 6. Event estimates are not additive."
SC01956,Independent recovery experiment 01956,Four_event_stress,4,1.0,1.0,1.0,1.0,West,"Independent 2027-01-01 snapshot; four events at days 0, 2, 4, 6. Event estimates are not additive."
SC01957,Independent recovery experiment 01957,Four_event_stress,4,1.0,1.0,1.0,1.0,East,"Independent 2027-01-01 snapshot; four events at days 0, 2, 4, 6. Event estimates are not additive."
SC01958,Independent recovery experiment 01958,Four_event_stress,4,1.0,1.0,1.0,1.0,West,"Independent 2027-01-01 snapshot; four events at days 0, 2, 4, 6. Event estimates are not additive."
SC01959,Independent recovery experiment 01959,Four_event_stress,4,1.0,1.0,1.0,1.0,North,"Independent 2027-01-01 snapshot; four events at days 0, 2, 4, 6. Event estimates are not additive."
SC01960,Independent recovery experiment 01960,Four_event_stress,4,1.0,1.0,1.0,1.0,South,"Independent 2027-01-01 snapshot; four events at days 0, 2, 4, 6. Event estimates are not additive."
SC01961,Independent recovery experiment 01961,Four_event_stress,4,1.0,1.0,1.0,1.0,South,"Independent 2027-01-01 snapshot; four events at days 0, 2, 4, 6. Event estimates are not additive."
SC01962,Independent recovery experiment 01962,Four_event_stress,4,1.0,1.0,1.0,1.0,West,"Independent 2027-01-01 snapshot; four events at days 0, 2, 4, 6. Event estimates are not additive."
SC01963,Independent recovery experiment 01963,Four_event_stress,4,1.0,1.0,1.0,1.0,North,"Independent 2027-01-01 snapshot; four events at days 0, 2, 4, 6. Event estimates are not additive."
SC01964,Independent recovery experiment 01964,Four_event_stress,4,1.0,1.0,1.0,1.0,South,"Independent 2027-01-01 snapshot; four events at days 0, 2, 4, 6. Event estimates are not additive."
SC01965,Independent recovery experiment 01965,Four_event_stress,4,1.0,1.0,1.0,1.0,South,"Independent 2027-01-01 snapshot; four events at days 0, 2, 4, 6. Event estimates are not additive."
SC01966,Independent recovery experiment 01966,Four_event_stress,4,1.0,1.0,1.0,1.0,West,"Independent 2027-01-01 snapshot; four events at days 0, 2, 4, 6. Event estimates are not additive."
SC01967,Independent recovery experiment 01967,Four_event_stress,4,1.0,1.0,1.0,1.0,East,"Independent 2027-01-01 snapshot; four events at days 0, 2, 4, 6. Event estimates are not additive."
SC01968,Independent recovery experiment 01968,Four_event_stress,4,1.0,1.0,1.0,1.0,West,"Independent 2027-01-01 snapshot; four events at days 0, 2, 4, 6. Event estimates are not additive."
SC01969,Independent recovery experiment 01969,Four_event_stress,4,1.0,1.0,1.0,1.0,North,"Independent 2027-01-01 snapshot; four events at days 0, 2, 4, 6. Event estimates are not additive."
SC01970,Independent recovery experiment 01970,Four_event_stress,4,1.0,1.0,1.0,1.0,South,"Independent 2027-01-01 snapshot; four events at days 0, 2, 4, 6. Event estimates are not additive."
SC01971,Independent recovery experiment 01971,Four_event_stress,4,1.0,1.0,1.0,1.0,South,"Independent 2027-01-01 snapshot; four events at days 0, 2, 4, 6. Event estimates are not additive."
SC01972,Independent recovery experiment 01972,Four_event_stress,4,1.0,1.0,1.0,1.0,West,"Independent 2027-01-01 snapshot; four events at days 0, 2, 4, 6. Event estimates are not additive."
SC01973,Independent recovery experiment 01973,Four_event_stress,4,1.0,1.0,1.0,1.0,North,"Independent 2027-01-01 snapshot; four events at days 0, 2, 4, 6. Event estimates are not additive."
SC01974,Independent recovery experiment 01974,Four_event_stress,4,1.0,1.0,1.0,1.0,South,"Independent 2027-01-01 snapshot; four events at days 0, 2, 4, 6. Event estimates are not additive."
SC01975,Independent recovery experiment 01975,Four_event_stress,4,1.0,1.0,1.0,1.0,South,"Independent 2027-01-01 snapshot; four events at days 0, 2, 4, 6. Event estimates are not additive."
SC01976,Independent recovery experiment 01976,Four_event_stress,4,1.0,1.0,1.0,1.0,West,"Independent 2027-01-01 snapshot; four events at days 0, 2, 4, 6. Event estimates are not additive."
SC01977,Independent recovery experiment 01977,Four_event_stress,4,1.0,1.0,1.0,1.0,East,"Independent 2027-01-01 snapshot; four events at days 0, 2, 4, 6. Event estimates are not additive."
SC01978,Independent recovery experiment 01978,Four_event_stress,4,1.0,1.0,1.0,1.0,West,"Independent 2027-01-01 snapshot; four events at days 0, 2, 4, 6. Event estimates are not additive."
SC01979,Independent recovery experiment 01979,Four_event_stress,4,1.0,1.0,1.0,1.0,North,"Independent 2027-01-01 snapshot; four events at days 0, 2, 4, 6. Event estimates are not additive."
SC01980,Independent recovery experiment 01980,Four_event_stress,4,1.0,1.0,1.0,1.0,South,"Independent 2027-01-01 snapshot; four events at days 0, 2, 4, 6. Event estimates are not additive."
SC01981,Independent recovery experiment 01981,Four_event_stress,4,1.0,1.0,1.0,1.0,South,"Independent 2027-01-01 snapshot; four events at days 0, 2, 4, 6. Event estimates are not additive."
SC01982,Independent recovery experiment 01982,Four_event_stress,4,1.0,1.0,1.0,1.0,West,"Independent 2027-01-01 snapshot; four events at days 0, 2, 4, 6. Event estimates are not additive."
SC01983,Independent recovery experiment 01983,Four_event_stress,4,1.0,1.0,1.0,1.0,North,"Independent 2027-01-01 snapshot; four events at days 0, 2, 4, 6. Event estimates are not additive."
SC01984,Independent recovery experiment 01984,Four_event_stress,4,1.0,1.0,1.0,1.0,South,"Independent 2027-01-01 snapshot; four events at days 0, 2, 4, 6. Event estimates are not additive."
SC01985,Independent recovery experiment 01985,Four_event_stress,4,1.0,1.0,1.0,1.0,South,"Independent 2027-01-01 snapshot; four events at days 0, 2, 4, 6. Event estimates are not additive."
SC01986,Independent recovery experiment 01986,Four_event_stress,4,1.0,1.0,1.0,1.0,West,"Independent 2027-01-01 snapshot; four events at days 0, 2, 4, 6. Event estimates are not additive."
SC01987,Independent recovery experiment 01987,Four_event_stress,4,1.0,1.0,1.0,1.0,East,"Independent 2027-01-01 snapshot; four events at days 0, 2, 4, 6. Event estimates are not additive."
SC01988,Independent recovery experiment 01988,Four_event_stress,4,1.0,1.0,1.0,1.0,West,"Independent 2027-01-01 snapshot; four events at days 0, 2, 4, 6. Event estimates are not additive."
SC01989,Independent recovery experiment 01989,Four_event_stress,4,1.0,1.0,1.0,1.0,North,"Independent 2027-01-01 snapshot; four events at days 0, 2, 4, 6. Event estimates are not additive."
SC01990,Independent recovery experiment 01990,Four_event_stress,4,1.0,1.0,1.0,1.0,South,"Independent 2027-01-01 snapshot; four events at days 0, 2, 4, 6. Event estimates are not additive."
SC01991,Independent recovery experiment 01991,Four_event_stress,4,1.0,1.0,1.0,1.0,South,"Independent 2027-01-01 snapshot; four events at days 0, 2, 4, 6. Event estimates are not additive."
SC01992,Independent recovery experiment 01992,Four_event_stress,4,1.0,1.0,1.0,1.0,West,"Independent 2027-01-01 snapshot; four events at days 0, 2, 4, 6. Event estimates are not additive."
SC01993,Independent recovery experiment 01993,Four_event_stress,4,1.0,1.0,1.0,1.0,North,"Independent 2027-01-01 snapshot; four events at days 0, 2, 4, 6. Event estimates are not additive."
SC01994,Independent recovery experiment 01994,Four_event_stress,4,1.0,1.0,1.0,1.0,South,"Independent 2027-01-01 snapshot; four events at days 0, 2, 4, 6. Event estimates are not additive."
SC01995,Independent recovery experiment 01995,Four_event_stress,4,1.0,1.0,1.0,1.0,South,"Independent 2027-01-01 snapshot; four events at days 0, 2, 4, 6. Event estimates are not additive."
SC01996,Independent recovery experiment 01996,Four_event_stress,4,1.0,1.0,1.0,1.0,West,"Independent 2027-01-01 snapshot; four events at days 0, 2, 4, 6. Event estimates are not additive."
SC01997,Independent recovery experiment 01997,Four_event_stress,4,1.0,1.0,1.0,1.0,East,"Independent 2027-01-01 snapshot; four events at days 0, 2, 4, 6. Event estimates are not additive."
SC01998,Independent recovery experiment 01998,Four_event_stress,4,1.0,1.0,1.0,1.0,West,"Independent 2027-01-01 snapshot; four events at days 0, 2, 4, 6. Event estimates are not additive."
SC01999,Independent recovery experiment 01999,Four_event_stress,4,1.0,1.0,1.0,1.0,North,"Independent 2027-01-01 snapshot; four events at days 0, 2, 4, 6. Event estimates are not additive."
SC02000,Independent recovery experiment 02000,Four_event_stress,4,1.0,1.0,1.0,1.0,South,"Independent 2027-01-01 snapshot; four events at days 0, 2, 4, 6. Event estimates are not additive."
SC02001,Independent recovery experiment 02001,Four_event_stress,4,1.0,1.0,1.0,1.0,South,"Independent 2027-01-01 snapshot; four events at days 0, 2, 4, 6. Event estimates are not additive."
SC02002,Independent recovery experiment 02002,Four_event_stress,4,1.0,1.0,1.0,1.0,West,"Independent 2027-01-01 snapshot; four events at days 0, 2, 4, 6. Event estimates are not additive."
SC02003,Independent recovery experiment 02003,Four_event_stress,4,1.0,1.0,1.0,1.0,North,"Independent 2027-01-01 snapshot; four events at days 0, 2, 4, 6. Event estimates are not additive."
SC02004,Independent recovery experiment 02004,Four_event_stress,4,1.0,1.0,1.0,1.0,South,"Independent 2027-01-01 snapshot; four events at days 0, 2, 4, 6. Event estimates are not additive."
SC02005,Independent recovery experiment 02005,Four_event_stress,4,1.0,1.0,1.0,1.0,South,"Independent 2027-01-01 snapshot; four events at days 0, 2, 4, 6. Event estimates are not additive."
SC02006,Independent recovery experiment 02006,Four_event_stress,4,1.0,1.0,1.0,1.0,West,"Independent 2027-01-01 snapshot; four events at days 0, 2, 4, 6. Event estimates are not additive."
SC02007,Independent recovery experiment 02007,Four_event_stress,4,1.0,1.0,1.0,1.0,East,"Independent 2027-01-01 snapshot; four events at days 0, 2, 4, 6. Event estimates are not additive."
SC02008,Independent recovery experiment 02008,Four_event_stress,4,1.0,1.0,1.0,1.0,West,"Independent 2027-01-01 snapshot; four events at days 0, 2, 4, 6. Event estimates are not additive."
SC02009,Independent recovery experiment 02009,Four_event_stress,4,1.0,1.0,1.0,1.0,North,"Independent 2027-01-01 snapshot; four events at days 0, 2, 4, 6. Event estimates are not additive."
SC02010,Independent recovery experiment 02010,Four_event_stress,4,1.0,1.0,1.0,1.0,South,"Independent 2027-01-01 snapshot; four events at days 0, 2, 4, 6. Event estimates are not additive."
SC02011,Independent recovery experiment 02011,Four_event_stress,4,1.0,1.0,1.0,1.0,South,"Independent 2027-01-01 snapshot; four events at days 0, 2, 4, 6. Event estimates are not additive."
SC02012,Independent recovery experiment 02012,Four_event_stress,4,1.0,1.0,1.0,1.0,West,"Independent 2027-01-01 snapshot; four events at days 0, 2, 4, 6. Event estimates are not additive."
SC02013,Independent recovery experiment 02013,Four_event_stress,4,1.0,1.0,1.0,1.0,North,"Independent 2027-01-01 snapshot; four events at days 0, 2, 4, 6. Event estimates are not additive."
SC02014,Independent recovery experiment 02014,Four_event_stress,4,1.0,1.0,1.0,1.0,South,"Independent 2027-01-01 snapshot; four events at days 0, 2, 4, 6. Event estimates are not additive."
SC02015,Independent recovery experiment 02015,Four_event_stress,4,1.0,1.0,1.0,1.0,South,"Independent 2027-01-01 snapshot; four events at days 0, 2, 4, 6. Event estimates are not additive."
SC02016,Independent recovery experiment 02016,Four_event_stress,4,1.0,1.0,1.0,1.0,West,"Independent 2027-01-01 snapshot; four events at days 0, 2, 4, 6. Event estimates are not additive."
SC02017,Independent recovery experiment 02017,Four_event_stress,4,1.0,1.0,1.0,1.0,East,"Independent 2027-01-01 snapshot; four events at days 0, 2, 4, 6. Event estimates are not additive."
SC02018,Independent recovery experiment 02018,Four_event_stress,4,1.0,1.0,1.0,1.0,West,"Independent 2027-01-01 snapshot; four events at days 0, 2, 4, 6. Event estimates are not additive."
SC02019,Independent recovery experiment 02019,Four_event_stress,4,1.0,1.0,1.0,1.0,North,"Independent 2027-01-01 snapshot; four events at days 0, 2, 4, 6. Event estimates are not additive."
SC02020,Independent recovery experiment 02020,Four_event_stress,4,1.0,1.0,1.0,1.0,South,"Independent 2027-01-01 snapshot; four events at days 0, 2, 4, 6. Event estimates are not additive."
SC02021,Independent recovery experiment 02021,Four_event_stress,4,1.0,1.0,1.0,1.0,South,"Independent 2027-01-01 snapshot; four events at days 0, 2, 4, 6. Event estimates are not additive."
SC02022,Independent recovery experiment 02022,Four_event_stress,4,1.0,1.0,1.0,1.0,West,"Independent 2027-01-01 snapshot; four events at days 0, 2, 4, 6. Event estimates are not additive."
SC02023,Independent recovery experiment 02023,Four_event_stress,4,1.0,1.0,1.0,1.0,North,"Independent 2027-01-01 snapshot; four events at days 0, 2, 4, 6. Event estimates are not additive."
SC02024,Independent recovery experiment 02024,Four_event_stress,4,1.0,1.0,1.0,1.0,South,"Independent 2027-01-01 snapshot; four events at days 0, 2, 4, 6. Event estimates are not additive."
SC02025,Independent recovery experiment 02025,Four_event_stress,4,1.0,1.0,1.0,1.0,South,"Independent 2027-01-01 snapshot; four events at days 0, 2, 4, 6. Event estimates are not additive."
SC02026,Independent recovery experiment 02026,Four_event_stress,4,1.0,1.0,1.0,1.0,West,"Independent 2027-01-01 snapshot; four events at days 0, 2, 4, 6. Event estimates are not additive."
SC02027,Independent recovery experiment 02027,Four_event_stress,4,1.0,1.0,1.0,1.0,East,"Independent 2027-01-01 snapshot; four events at days 0, 2, 4, 6. Event estimates are not additive."
SC02028,Independent recovery experiment 02028,Four_event_stress,4,1.0,1.0,1.0,1.0,West,"Independent 2027-01-01 snapshot; four events at days 0, 2, 4, 6. Event estimates are not additive."
SC02029,Independent recovery experiment 02029,Four_event_stress,4,1.0,1.0,1.0,1.0,North,"Independent 2027-01-01 snapshot; four events at days 0, 2, 4, 6. Event estimates are not additive."
SC02030,Independent recovery experiment 02030,Four_event_stress,4,1.0,1.0,1.0,1.0,South,"Independent 2027-01-01 snapshot; four events at days 0, 2, 4, 6. Event estimates are not additive."
SC02031,Independent recovery experiment 02031,Four_event_stress,4,1.0,1.0,1.0,1.0,South,"Independent 2027-01-01 snapshot; four events at days 0, 2, 4, 6. Event estimates are not additive."
SC02032,Independent recovery experiment 02032,Four_event_stress,4,1.0,1.0,1.0,1.0,West,"Independent 2027-01-01 snapshot; four events at days 0, 2, 4, 6. Event estimates are not additive."
SC02033,Independent recovery experiment 02033,Four_event_stress,4,1.0,1.0,1.0,1.0,North,"Independent 2027-01-01 snapshot; four events at days 0, 2, 4, 6. Event estimates are not additive."
SC02034,Independent recovery experiment 02034,Four_event_stress,4,1.0,1.0,1.0,1.0,South,"Independent 2027-01-01 snapshot; four events at days 0, 2, 4, 6. Event estimates are not additive."
SC02035,Independent recovery experiment 02035,Four_event_stress,4,1.0,1.0,1.0,1.0,South,"Independent 2027-01-01 snapshot; four events at days 0, 2, 4, 6. Event estimates are not additive."
SC02036,Independent recovery experiment 02036,Four_event_stress,4,1.0,1.0,1.0,1.0,West,"Independent 2027-01-01 snapshot; four events at days 0, 2, 4, 6. Event estimates are not additive."
SC02037,Independent recovery experiment 02037,Four_event_stress,4,1.0,1.0,1.0,1.0,East,"Independent 2027-01-01 snapshot; four events at days 0, 2, 4, 6. Event estimates are not additive."
SC02038,Independent recovery experiment 02038,Four_event_stress,4,1.0,1.0,1.0,1.0,West,"Independent 2027-01-01 snapshot; four events at days 0, 2, 4, 6. Event estimates are not additive."
SC02039,Independent recovery experiment 02039,Four_event_stress,4,1.0,1.0,1.0,1.0,North,"Independent 2027-01-01 snapshot; four events at days 0, 2, 4, 6. Event estimates are not additive."
SC02040,Independent recovery experiment 02040,Four_event_stress,4,1.0,1.0,1.0,1.0,South,"Independent 2027-01-01 snapshot; four events at days 0, 2, 4, 6. Event estimates are not additive."
SC02041,Independent recovery experiment 02041,Four_event_stress,4,1.0,1.0,1.0,1.0,South,"Independent 2027-01-01 snapshot; four events at days 0, 2, 4, 6. Event estimates are not additive."
SC02042,Independent recovery experiment 02042,Four_event_stress,4,1.0,1.0,1.0,1.0,West,"Independent 2027-01-01 snapshot; four events at days 0, 2, 4, 6. Event estimates are not additive."
SC02043,Independent recovery experiment 02043,Four_event_stress,4,1.0,1.0,1.0,1.0,North,"Independent 2027-01-01 snapshot; four events at days 0, 2, 4, 6. Event estimates are not additive."
SC02044,Independent recovery experiment 02044,Four_event_stress,4,1.0,1.0,1.0,1.0,South,"Independent 2027-01-01 snapshot; four events at days 0, 2, 4, 6. Event estimates are not additive."
SC02045,Independent recovery experiment 02045,Four_event_stress,4,1.0,1.0,1.0,1.0,South,"Independent 2027-01-01 snapshot; four events at days 0, 2, 4, 6. Event estimates are not additive."
SC02046,Independent recovery experiment 02046,Four_event_stress,4,1.0,1.0,1.0,1.0,West,"Independent 2027-01-01 snapshot; four events at days 0, 2, 4, 6. Event estimates are not additive."
SC02047,Independent recovery experiment 02047,Four_event_stress,4,1.0,1.0,1.0,1.0,East,"Independent 2027-01-01 snapshot; four events at days 0, 2, 4, 6. Event estimates are not additive."
SC02048,Independent recovery experiment 02048,Four_event_stress,4,1.0,1.0,1.0,1.0,West,"Independent 2027-01-01 snapshot; four events at days 0, 2, 4, 6. Event estimates are not additive."
SC02049,Independent recovery experiment 02049,Four_event_stress,4,1.0,1.0,1.0,1.0,North,"Independent 2027-01-01 snapshot; four events at days 0, 2, 4, 6. Event estimates are not additive."
SC02050,Independent recovery experiment 02050,Four_event_stress,4,1.0,1.0,1.0,1.0,South,"Independent 2027-01-01 snapshot; four events at days 0, 2, 4, 6. Event estimates are not additive."
SC02051,Independent recovery experiment 02051,Four_event_stress,4,1.0,1.0,1.0,1.0,South,"Independent 2027-01-01 snapshot; four events at days 0, 2, 4, 6. Event estimates are not additive."
SC02052,Independent recovery experiment 02052,Four_event_stress,4,1.0,1.0,1.0,1.0,West,"Independent 2027-01-01 snapshot; four events at days 0, 2, 4, 6. Event estimates are not additive."
SC02053,Independent recovery experiment 02053,Four_event_stress,4,1.0,1.0,1.0,1.0,North,"Independent 2027-01-01 snapshot; four events at days 0, 2, 4, 6. Event estimates are not additive."
SC02054,Independent recovery experiment 02054,Four_event_stress,4,1.0,1.0,1.0,1.0,South,"Independent 2027-01-01 snapshot; four events at days 0, 2, 4, 6. Event estimates are not additive."
SC02055,Independent recovery experiment 02055,Four_event_stress,4,1.0,1.0,1.0,1.0,South,"Independent 2027-01-01 snapshot; four events at days 0, 2, 4, 6. Event estimates are not additive."
SC02056,Independent recovery experiment 02056,Four_event_stress,4,1.0,1.0,1.0,1.0,West,"Independent 2027-01-01 snapshot; four events at days 0, 2, 4, 6. Event estimates are not additive."
SC02057,Independent recovery experiment 02057,Four_event_stress,4,1.0,1.0,1.0,1.0,East,"Independent 2027-01-01 snapshot; four events at days 0, 2, 4, 6. Event estimates are not additive."
SC02058,Independent recovery experiment 02058,Four_event_stress,4,1.0,1.0,1.0,1.0,West,"Independent 2027-01-01 snapshot; four events at days 0, 2, 4, 6. Event estimates are not additive."
SC02059,Independent recovery experiment 02059,Four_event_stress,4,1.0,1.0,1.0,1.0,North,"Independent 2027-01-01 snapshot; four events at days 0, 2, 4, 6. Event estimates are not additive."
SC02060,Independent recovery experiment 02060,Four_event_stress,4,1.0,1.0,1.0,1.0,South,"Independent 2027-01-01 snapshot; four events at days 0, 2, 4, 6. Event estimates are not additive."
SC02061,Independent recovery experiment 02061,Four_event_stress,4,1.0,1.0,1.0,1.0,South,"Independent 2027-01-01 snapshot; four events at days 0, 2, 4, 6. Event estimates are not additive."
SC02062,Independent recovery experiment 02062,Four_event_stress,4,1.0,1.0,1.0,1.0,West,"Independent 2027-01-01 snapshot; four events at days 0, 2, 4, 6. Event estimates are not additive."
SC02063,Independent recovery experiment 02063,Four_event_stress,4,1.0,1.0,1.0,1.0,North,"Independent 2027-01-01 snapshot; four events at days 0, 2, 4, 6. Event estimates are not additive."
SC02064,Independent recovery experiment 02064,Four_event_stress,4,1.0,1.0,1.0,1.0,South,"Independent 2027-01-01 snapshot; four events at days 0, 2, 4, 6. Event estimates are not additive."
SC02065,Independent recovery experiment 02065,Four_event_stress,4,1.0,1.0,1.0,1.0,South,"Independent 2027-01-01 snapshot; four events at days 0, 2, 4, 6. Event estimates are not additive."
SC02066,Independent recovery experiment 02066,Four_event_stress,4,1.0,1.0,1.0,1.0,West,"Independent 2027-01-01 snapshot; four events at days 0, 2, 4, 6. Event estimates are not additive."
SC02067,Independent recovery experiment 02067,Four_event_stress,4,1.0,1.0,1.0,1.0,East,"Independent 2027-01-01 snapshot; four events at days 0, 2, 4, 6. Event estimates are not additive."
SC02068,Independent recovery experiment 02068,Four_event_stress,4,1.0,1.0,1.0,1.0,West,"Independent 2027-01-01 snapshot; four events at days 0, 2, 4, 6. Event estimates are not additive."
SC02069,Independent recovery experiment 02069,Four_event_stress,4,1.0,1.0,1.0,1.0,North,"Independent 2027-01-01 snapshot; four events at days 0, 2, 4, 6. Event estimates are not additive."
SC02070,Independent recovery experiment 02070,Four_event_stress,4,1.0,1.0,1.0,1.0,South,"Independent 2027-01-01 snapshot; four events at days 0, 2, 4, 6. Event estimates are not additive."
SC02071,Independent recovery experiment 02071,Four_event_stress,4,1.0,1.0,1.0,1.0,South,"Independent 2027-01-01 snapshot; four events at days 0, 2, 4, 6. Event estimates are not additive."
SC02072,Independent recovery experiment 02072,Four_event_stress,4,1.0,1.0,1.0,1.0,West,"Independent 2027-01-01 snapshot; four events at days 0, 2, 4, 6. Event estimates are not additive."
SC02073,Independent recovery experiment 02073,Four_event_stress,4,1.0,1.0,1.0,1.0,North,"Independent 2027-01-01 snapshot; four events at days 0, 2, 4, 6. Event estimates are not additive."
SC02074,Independent recovery experiment 02074,Four_event_stress,4,1.0,1.0,1.0,1.0,South,"Independent 2027-01-01 snapshot; four events at days 0, 2, 4, 6. Event estimates are not additive."
SC02075,Independent recovery experiment 02075,Four_event_stress,4,1.0,1.0,1.0,1.0,South,"Independent 2027-01-01 snapshot; four events at days 0, 2, 4, 6. Event estimates are not additive."
SC02076,Independent recovery experiment 02076,Four_event_stress,4,1.0,1.0,1.0,1.0,West,"Independent 2027-01-01 snapshot; four events at days 0, 2, 4, 6. Event estimates are not additive."
SC02077,Independent recovery experiment 02077,Four_event_stress,4,1.0,1.0,1.0,1.0,East,"Independent 2027-01-01 snapshot; four events at days 0, 2, 4, 6. Event estimates are not additive."
SC02078,Independent recovery experiment 02078,Four_event_stress,4,1.0,1.0,1.0,1.0,West,"Independent 2027-01-01 snapshot; four events at days 0, 2, 4, 6. Event estimates are not additive."
SC02079,Independent recovery experiment 02079,Four_event_stress,4,1.0,1.0,1.0,1.0,North,"Independent 2027-01-01 snapshot; four events at days 0, 2, 4, 6. Event estimates are not additive."
SC02080,Independent recovery experiment 02080,Four_event_stress,4,1.0,1.0,1.0,1.0,South,"Independent 2027-01-01 snapshot; four events at days 0, 2, 4, 6. Event estimates are not additive."
SC02081,Independent recovery experiment 02081,Four_event_stress,4,1.0,1.0,1.0,1.0,South,"Independent 2027-01-01 snapshot; four events at days 0, 2, 4, 6. Event estimates are not additive."
SC02082,Independent recovery experiment 02082,Four_event_stress,4,1.0,1.0,1.0,1.0,West,"Independent 2027-01-01 snapshot; four events at days 0, 2, 4, 6. Event estimates are not additive."
SC02083,Independent recovery experiment 02083,Four_event_stress,4,1.0,1.0,1.0,1.0,North,"Independent 2027-01-01 snapshot; four events at days 0, 2, 4, 6. Event estimates are not additive."
SC02084,Independent recovery experiment 02084,Four_event_stress,4,1.0,1.0,1.0,1.0,South,"Independent 2027-01-01 snapshot; four events at days 0, 2, 4, 6. Event estimates are not additive."
SC02085,Independent recovery experiment 02085,Four_event_stress,4,1.0,1.0,1.0,1.0,South,"Independent 2027-01-01 snapshot; four events at days 0, 2, 4, 6. Event estimates are not additive."
SC02086,Independent recovery experiment 02086,Four_event_stress,4,1.0,1.0,1.0,1.0,West,"Independent 2027-01-01 snapshot; four events at days 0, 2, 4, 6. Event estimates are not additive."
SC02087,Independent recovery experiment 02087,Four_event_stress,4,1.0,1.0,1.0,1.0,East,"Independent 2027-01-01 snapshot; four events at days 0, 2, 4, 6. Event estimates are not additive."
SC02088,Independent recovery experiment 02088,Four_event_stress,4,1.0,1.0,1.0,1.0,West,"Independent 2027-01-01 snapshot; four events at days 0, 2, 4, 6. Event estimates are not additive."
SC02089,Independent recovery experiment 02089,Four_event_stress,4,1.0,1.0,1.0,1.0,North,"Independent 2027-01-01 snapshot; four events at days 0, 2, 4, 6. Event estimates are not additive."
SC02090,Independent recovery experiment 02090,Four_event_stress,4,1.0,1.0,1.0,1.0,South,"Independent 2027-01-01 snapshot; four events at days 0, 2, 4, 6. Event estimates are not additive."
SC02091,Independent recovery experiment 02091,Four_event_stress,4,1.0,1.0,1.0,1.0,South,"Independent 2027-01-01 snapshot; four events at days 0, 2, 4, 6. Event estimates are not additive."
SC02092,Independent recovery experiment 02092,Four_event_stress,4,1.0,1.0,1.0,1.0,West,"Independent 2027-01-01 snapshot; four events at days 0, 2, 4, 6. Event estimates are not additive."
SC02093,Independent recovery experiment 02093,Four_event_stress,4,1.0,1.0,1.0,1.0,North,"Independent 2027-01-01 snapshot; four events at days 0, 2, 4, 6. Event estimates are not additive."
SC02094,Independent recovery experiment 02094,Four_event_stress,4,1.0,1.0,1.0,1.0,South,"Independent 2027-01-01 snapshot; four events at days 0, 2, 4, 6. Event estimates are not additive."
SC02095,Independent recovery experiment 02095,Four_event_stress,4,1.0,1.0,1.0,1.0,South,"Independent 2027-01-01 snapshot; four events at days 0, 2, 4, 6. Event estimates are not additive."
SC02096,Independent recovery experiment 02096,Four_event_stress,4,1.0,1.0,1.0,1.0,West,"Independent 2027-01-01 snapshot; four events at days 0, 2, 4, 6. Event estimates are not additive."
SC02097,Independent recovery experiment 02097,Four_event_stress,4,1.0,1.0,1.0,1.0,East,"Independent 2027-01-01 snapshot; four events at days 0, 2, 4, 6. Event estimates are not additive."
SC02098,Independent recovery experiment 02098,Four_event_stress,4,1.0,1.0,1.0,1.0,West,"Independent 2027-01-01 snapshot; four events at days 0, 2, 4, 6. Event estimates are not additive."
SC02099,Independent recovery experiment 02099,Four_event_stress,4,1.0,1.0,1.0,1.0,North,"Independent 2027-01-01 snapshot; four events at days 0, 2, 4, 6. Event estimates are not additive."
SC02100,Independent recovery experiment 02100,Four_event_stress,4,1.0,1.0,1.0,1.0,South,"Independent 2027-01-01 snapshot; four events at days 0, 2, 4, 6. Event estimates are not additive."
SC02101,Independent recovery experiment 02101,Four_event_stress,4,1.0,1.0,1.0,1.0,South,"Independent 2027-01-01 snapshot; four events at days 0, 2, 4, 6. Event estimates are not additive."
SC02102,Independent recovery experiment 02102,Four_event_stress,4,1.0,1.0,1.0,1.0,West,"Independent 2027-01-01 snapshot; four events at days 0, 2, 4, 6. Event estimates are not additive."
SC02103,Independent recovery experiment 02103,Four_event_stress,4,1.0,1.0,1.0,1.0,North,"Independent 2027-01-01 snapshot; four events at days 0, 2, 4, 6. Event estimates are not additive."
SC02104,Independent recovery experiment 02104,Four_event_stress,4,1.0,1.0,1.0,1.0,South,"Independent 2027-01-01 snapshot; four events at days 0, 2, 4, 6. Event estimates are not additive."
SC02105,Independent recovery experiment 02105,Four_event_stress,4,1.0,1.0,1.0,1.0,South,"Independent 2027-01-01 snapshot; four events at days 0, 2, 4, 6. Event estimates are not additive."
SC02106,Independent recovery experiment 02106,Four_event_stress,4,1.0,1.0,1.0,1.0,West,"Independent 2027-01-01 snapshot; four events at days 0, 2, 4, 6. Event estimates are not additive."
SC02107,Independent recovery experiment 02107,Four_event_stress,4,1.0,1.0,1.0,1.0,East,"Independent 2027-01-01 snapshot; four events at days 0, 2, 4, 6. Event estimates are not additive."
SC02108,Independent recovery experiment 02108,Four_event_stress,4,1.0,1.0,1.0,1.0,West,"Independent 2027-01-01 snapshot; four events at days 0, 2, 4, 6. Event estimates are not additive."
SC02109,Independent recovery experiment 02109,Four_event_stress,4,1.0,1.0,1.0,1.0,North,"Independent 2027-01-01 snapshot; four events at days 0, 2, 4, 6. Event estimates are not additive."
SC02110,Independent recovery experiment 02110,Four_event_stress,4,1.0,1.0,1.0,1.0,South,"Independent 2027-01-01 snapshot; four events at days 0, 2, 4, 6. Event estimates are not additive."
SC02111,Independent recovery experiment 02111,Four_event_stress,4,1.0,1.0,1.0,1.0,South,"Independent 2027-01-01 snapshot; four events at days 0, 2, 4, 6. Event estimates are not additive."
SC02112,Independent recovery experiment 02112,Four_event_stress,4,1.0,1.0,1.0,1.0,West,"Independent 2027-01-01 snapshot; four events at days 0, 2, 4, 6. Event estimates are not additive."
SC02113,Independent recovery experiment 02113,Four_event_stress,4,1.0,1.0,1.0,1.0,North,"Independent 2027-01-01 snapshot; four events at days 0, 2, 4, 6. Event estimates are not additive."
SC02114,Independent recovery experiment 02114,Four_event_stress,4,1.0,1.0,1.0,1.0,South,"Independent 2027-01-01 snapshot; four events at days 0, 2, 4, 6. Event estimates are not additive."
SC02115,Independent recovery experiment 02115,Four_event_stress,4,1.0,1.0,1.0,1.0,South,"Independent 2027-01-01 snapshot; four events at days 0, 2, 4, 6. Event estimates are not additive."
SC02116,Independent recovery experiment 02116,Four_event_stress,4,1.0,1.0,1.0,1.0,West,"Independent 2027-01-01 snapshot; four events at days 0, 2, 4, 6. Event estimates are not additive."
SC02117,Independent recovery experiment 02117,Four_event_stress,4,1.0,1.0,1.0,1.0,East,"Independent 2027-01-01 snapshot; four events at days 0, 2, 4, 6. Event estimates are not additive."
SC02118,Independent recovery experiment 02118,Four_event_stress,4,1.0,1.0,1.0,1.0,West,"Independent 2027-01-01 snapshot; four events at days 0, 2, 4, 6. Event estimates are not additive."
SC02119,Independent recovery experiment 02119,Four_event_stress,4,1.0,1.0,1.0,1.0,North,"Independent 2027-01-01 snapshot; four events at days 0, 2, 4, 6. Event estimates are not additive."
SC02120,Independent recovery experiment 02120,Four_event_stress,4,1.0,1.0,1.0,1.0,South,"Independent 2027-01-01 snapshot; four events at days 0, 2, 4, 6. Event estimates are not additive."
SC02121,Independent recovery experiment 02121,Four_event_stress,4,1.0,1.0,1.0,1.0,South,"Independent 2027-01-01 snapshot; four events at days 0, 2, 4, 6. Event estimates are not additive."
SC02122,Independent recovery experiment 02122,Four_event_stress,4,1.0,1.0,1.0,1.0,West,"Independent 2027-01-01 snapshot; four events at days 0, 2, 4, 6. Event estimates are not additive."
SC02123,Independent recovery experiment 02123,Four_event_stress,4,1.0,1.0,1.0,1.0,North,"Independent 2027-01-01 snapshot; four events at days 0, 2, 4, 6. Event estimates are not additive."
SC02124,Independent recovery experiment 02124,Four_event_stress,4,1.0,1.0,1.0,1.0,South,"Independent 2027-01-01 snapshot; four events at days 0, 2, 4, 6. Event estimates are not additive."
SC02125,Independent recovery experiment 02125,Four_event_stress,4,1.0,1.0,1.0,1.0,South,"Independent 2027-01-01 snapshot; four events at days 0, 2, 4, 6. Event estimates are not additive."
SC02126,Independent recovery experiment 02126,Four_event_stress,4,1.0,1.0,1.0,1.0,West,"Independent 2027-01-01 snapshot; four events at days 0, 2, 4, 6. Event estimates are not additive."
SC02127,Independent recovery experiment 02127,Four_event_stress,4,1.0,1.0,1.0,1.0,East,"Independent 2027-01-01 snapshot; four events at days 0, 2, 4, 6. Event estimates are not additive."
SC02128,Independent recovery experiment 02128,Four_event_stress,4,1.0,1.0,1.0,1.0,West,"Independent 2027-01-01 snapshot; four events at days 0, 2, 4, 6. Event estimates are not additive."
SC02129,Independent recovery experiment 02129,Four_event_stress,4,1.0,1.0,1.0,1.0,North,"Independent 2027-01-01 snapshot; four events at days 0, 2, 4, 6. Event estimates are not additive."
SC02130,Independent recovery experiment 02130,Four_event_stress,4,1.0,1.0,1.0,1.0,South,"Independent 2027-01-01 snapshot; four events at days 0, 2, 4, 6. Event estimates are not additive."
SC02131,Independent recovery experiment 02131,Four_event_stress,4,1.0,1.0,1.0,1.0,South,"Independent 2027-01-01 snapshot; four events at days 0, 2, 4, 6. Event estimates are not additive."
SC02132,Independent recovery experiment 02132,Four_event_stress,4,1.0,1.0,1.0,1.0,West,"Independent 2027-01-01 snapshot; four events at days 0, 2, 4, 6. Event estimates are not additive."
SC02133,Independent recovery experiment 02133,Four_event_stress,4,1.0,1.0,1.0,1.0,North,"Independent 2027-01-01 snapshot; four events at days 0, 2, 4, 6. Event estimates are not additive."
SC02134,Independent recovery experiment 02134,Four_event_stress,4,1.0,1.0,1.0,1.0,South,"Independent 2027-01-01 snapshot; four events at days 0, 2, 4, 6. Event estimates are not additive."
SC02135,Independent recovery experiment 02135,Four_event_stress,4,1.0,1.0,1.0,1.0,South,"Independent 2027-01-01 snapshot; four events at days 0, 2, 4, 6. Event estimates are not additive."
SC02136,Independent recovery experiment 02136,Four_event_stress,4,1.0,1.0,1.0,1.0,West,"Independent 2027-01-01 snapshot; four events at days 0, 2, 4, 6. Event estimates are not additive."
SC02137,Independent recovery experiment 02137,Four_event_stress,4,1.0,1.0,1.0,1.0,East,"Independent 2027-01-01 snapshot; four events at days 0, 2, 4, 6. Event estimates are not additive."
SC02138,Independent recovery experiment 02138,Four_event_stress,4,1.0,1.0,1.0,1.0,West,"Independent 2027-01-01 snapshot; four events at days 0, 2, 4, 6. Event estimates are not additive."
SC02139,Independent recovery experiment 02139,Four_event_stress,4,1.0,1.0,1.0,1.0,North,"Independent 2027-01-01 snapshot; four events at days 0, 2, 4, 6. Event estimates are not additive."
SC02140,Independent recovery experiment 02140,Four_event_stress,4,1.0,1.0,1.0,1.0,South,"Independent 2027-01-01 snapshot; four events at days 0, 2, 4, 6. Event estimates are not additive."
SC02141,Independent recovery experiment 02141,Four_event_stress,4,1.0,1.0,1.0,1.0,South,"Independent 2027-01-01 snapshot; four events at days 0, 2, 4, 6. Event estimates are not additive."
SC02142,Independent recovery experiment 02142,Four_event_stress,4,1.0,1.0,1.0,1.0,West,"Independent 2027-01-01 snapshot; four events at days 0, 2, 4, 6. Event estimates are not additive."
SC02143,Independent recovery experiment 02143,Four_event_stress,4,1.0,1.0,1.0,1.0,North,"Independent 2027-01-01 snapshot; four events at days 0, 2, 4, 6. Event estimates are not additive."
SC02144,Independent recovery experiment 02144,Four_event_stress,4,1.0,1.0,1.0,1.0,South,"Independent 2027-01-01 snapshot; four events at days 0, 2, 4, 6. Event estimates are not additive."
SC02145,Independent recovery experiment 02145,Four_event_stress,4,1.0,1.0,1.0,1.0,South,"Independent 2027-01-01 snapshot; four events at days 0, 2, 4, 6. Event estimates are not additive."
SC02146,Independent recovery experiment 02146,Four_event_stress,4,1.0,1.0,1.0,1.0,West,"Independent 2027-01-01 snapshot; four events at days 0, 2, 4, 6. Event estimates are not additive."
SC02147,Independent recovery experiment 02147,Four_event_stress,4,1.0,1.0,1.0,1.0,East,"Independent 2027-01-01 snapshot; four events at days 0, 2, 4, 6. Event estimates are not additive."
SC02148,Independent recovery experiment 02148,Four_event_stress,4,1.0,1.0,1.0,1.0,West,"Independent 2027-01-01 snapshot; four events at days 0, 2, 4, 6. Event estimates are not additive."
SC02149,Independent recovery experiment 02149,Four_event_stress,4,1.0,1.0,1.0,1.0,North,"Independent 2027-01-01 snapshot; four events at days 0, 2, 4, 6. Event estimates are not additive."
SC02150,Independent recovery experiment 02150,Four_event_stress,4,1.0,1.0,1.0,1.0,South,"Independent 2027-01-01 snapshot; four events at days 0, 2, 4, 6. Event estimates are not additive."
SC02151,Independent recovery experiment 02151,Four_event_stress,4,1.0,1.0,1.0,1.0,South,"Independent 2027-01-01 snapshot; four events at days 0, 2, 4, 6. Event estimates are not additive."
SC02152,Independent recovery experiment 02152,Four_event_stress,4,1.0,1.0,1.0,1.0,West,"Independent 2027-01-01 snapshot; four events at days 0, 2, 4, 6. Event estimates are not additive."
SC02153,Independent recovery experiment 02153,Four_event_stress,4,1.0,1.0,1.0,1.0,North,"Independent 2027-01-01 snapshot; four events at days 0, 2, 4, 6. Event estimates are not additive."
SC02154,Independent recovery experiment 02154,Four_event_stress,4,1.0,1.0,1.0,1.0,South,"Independent 2027-01-01 snapshot; four events at days 0, 2, 4, 6. Event estimates are not additive."
SC02155,Independent recovery experiment 02155,Four_event_stress,4,1.0,1.0,1.0,1.0,South,"Independent 2027-01-01 snapshot; four events at days 0, 2, 4, 6. Event estimates are not additive."
SC02156,Independent recovery experiment 02156,Four_event_stress,4,1.0,1.0,1.0,1.0,West,"Independent 2027-01-01 snapshot; four events at days 0, 2, 4, 6. Event estimates are not additive."
SC02157,Independent recovery experiment 02157,Four_event_stress,4,1.0,1.0,1.0,1.0,East,"Independent 2027-01-01 snapshot; four events at days 0, 2, 4, 6. Event estimates are not additive."
SC02158,Independent recovery experiment 02158,Four_event_stress,4,1.0,1.0,1.0,1.0,West,"Independent 2027-01-01 snapshot; four events at days 0, 2, 4, 6. Event estimates are not additive."
SC02159,Independent recovery experiment 02159,Four_event_stress,4,1.0,1.0,1.0,1.0,North,"Independent 2027-01-01 snapshot; four events at days 0, 2, 4, 6. Event estimates are not additive."
SC02160,Independent recovery experiment 02160,Four_event_stress,4,1.0,1.0,1.0,1.0,South,"Independent 2027-01-01 snapshot; four events at days 0, 2, 4, 6. Event estimates are not additive."
SC02161,Independent recovery experiment 02161,Four_event_stress,4,1.0,1.0,1.0,1.0,South,"Independent 2027-01-01 snapshot; four events at days 0, 2, 4, 6. Event estimates are not additive."
SC02162,Independent recovery experiment 02162,Four_event_stress,4,1.0,1.0,1.0,1.0,West,"Independent 2027-01-01 snapshot; four events at days 0, 2, 4, 6. Event estimates are not additive."
SC02163,Independent recovery experiment 02163,Four_event_stress,4,1.0,1.0,1.0,1.0,North,"Independent 2027-01-01 snapshot; four events at days 0, 2, 4, 6. Event estimates are not additive."
SC02164,Independent recovery experiment 02164,Four_event_stress,4,1.0,1.0,1.0,1.0,South,"Independent 2027-01-01 snapshot; four events at days 0, 2, 4, 6. Event estimates are not additive."
SC02165,Independent recovery experiment 02165,Four_event_stress,4,1.0,1.0,1.0,1.0,South,"Independent 2027-01-01 snapshot; four events at days 0, 2, 4, 6. Event estimates are not additive."
SC02166,Independent recovery experiment 02166,Four_event_stress,4,1.0,1.0,1.0,1.0,West,"Independent 2027-01-01 snapshot; four events at days 0, 2, 4, 6. Event estimates are not additive."
SC02167,Independent recovery experiment 02167,Four_event_stress,4,1.0,1.0,1.0,1.0,East,"Independent 2027-01-01 snapshot; four events at days 0, 2, 4, 6. Event estimates are not additive."
SC02168,Independent recovery experiment 02168,Four_event_stress,4,1.0,1.0,1.0,1.0,West,"Independent 2027-01-01 snapshot; four events at days 0, 2, 4, 6. Event estimates are not additive."
SC02169,Independent recovery experiment 02169,Four_event_stress,4,1.0,1.0,1.0,1.0,North,"Independent 2027-01-01 snapshot; four events at days 0, 2, 4, 6. Event estimates are not additive."
SC02170,Independent recovery experiment 02170,Four_event_stress,4,1.0,1.0,1.0,1.0,South,"Independent 2027-01-01 snapshot; four events at days 0, 2, 4, 6. Event estimates are not additive."
SC02171,Independent recovery experiment 02171,Four_event_stress,4,1.0,1.0,1.0,1.0,South,"Independent 2027-01-01 snapshot; four events at days 0, 2, 4, 6. Event estimates are not additive."
SC02172,Independent recovery experiment 02172,Four_event_stress,4,1.0,1.0,1.0,1.0,West,"Independent 2027-01-01 snapshot; four events at days 0, 2, 4, 6. Event estimates are not additive."
SC02173,Independent recovery experiment 02173,Four_event_stress,4,1.0,1.0,1.0,1.0,North,"Independent 2027-01-01 snapshot; four events at days 0, 2, 4, 6. Event estimates are not additive."
SC02174,Independent recovery experiment 02174,Four_event_stress,4,1.0,1.0,1.0,1.0,South,"Independent 2027-01-01 snapshot; four events at days 0, 2, 4, 6. Event estimates are not additive."
SC02175,Independent recovery experiment 02175,Four_event_stress,4,1.0,1.0,1.0,1.0,South,"Independent 2027-01-01 snapshot; four events at days 0, 2, 4, 6. Event estimates are not additive."
SC02176,Independent recovery experiment 02176,Four_event_stress,4,1.0,1.0,1.0,1.0,West,"Independent 2027-01-01 snapshot; four events at days 0, 2, 4, 6. Event estimates are not additive."
SC02177,Independent recovery experiment 02177,Four_event_stress,4,1.0,1.0,1.0,1.0,East,"Independent 2027-01-01 snapshot; four events at days 0, 2, 4, 6. Event estimates are not additive."
SC02178,Independent recovery experiment 02178,Four_event_stress,4,1.0,1.0,1.0,1.0,West,"Independent 2027-01-01 snapshot; four events at days 0, 2, 4, 6. Event estimates are not additive."
SC02179,Independent recovery experiment 02179,Four_event_stress,4,1.0,1.0,1.0,1.0,North,"Independent 2027-01-01 snapshot; four events at days 0, 2, 4, 6. Event estimates are not additive."
SC02180,Independent recovery experiment 02180,Four_event_stress,4,1.0,1.0,1.0,1.0,South,"Independent 2027-01-01 snapshot; four events at days 0, 2, 4, 6. Event estimates are not additive."
SC02181,Independent recovery experiment 02181,Four_event_stress,4,1.0,1.0,1.0,1.0,South,"Independent 2027-01-01 snapshot; four events at days 0, 2, 4, 6. Event estimates are not additive."
SC02182,Independent recovery experiment 02182,Four_event_stress,4,1.0,1.0,1.0,1.0,West,"Independent 2027-01-01 snapshot; four events at days 0, 2, 4, 6. Event estimates are not additive."
SC02183,Independent recovery experiment 02183,Four_event_stress,4,1.0,1.0,1.0,1.0,North,"Independent 2027-01-01 snapshot; four events at days 0, 2, 4, 6. Event estimates are not additive."
SC02184,Independent recovery experiment 02184,Four_event_stress,4,1.0,1.0,1.0,1.0,South,"Independent 2027-01-01 snapshot; four events at days 0, 2, 4, 6. Event estimates are not additive."
SC02185,Independent recovery experiment 02185,Four_event_stress,4,1.0,1.0,1.0,1.0,South,"Independent 2027-01-01 snapshot; four events at days 0, 2, 4, 6. Event estimates are not additive."
SC02186,Independent recovery experiment 02186,Four_event_stress,4,1.0,1.0,1.0,1.0,West,"Independent 2027-01-01 snapshot; four events at days 0, 2, 4, 6. Event estimates are not additive."
SC02187,Independent recovery experiment 02187,Four_event_stress,4,1.0,1.0,1.0,1.0,East,"Independent 2027-01-01 snapshot; four events at days 0, 2, 4, 6. Event estimates are not additive."
SC02188,Independent recovery experiment 02188,Four_event_stress,4,1.0,1.0,1.0,1.0,West,"Independent 2027-01-01 snapshot; four events at days 0, 2, 4, 6. Event estimates are not additive."
SC02189,Independent recovery experiment 02189,Four_event_stress,4,1.0,1.0,1.0,1.0,North,"Independent 2027-01-01 snapshot; four events at days 0, 2, 4, 6. Event estimates are not additive."
SC02190,Independent recovery experiment 02190,Four_event_stress,4,1.0,1.0,1.0,1.0,South,"Independent 2027-01-01 snapshot; four events at days 0, 2, 4, 6. Event estimates are not additive."
SC02191,Independent recovery experiment 02191,Four_event_stress,4,1.0,1.0,1.0,1.0,South,"Independent 2027-01-01 snapshot; four events at days 0, 2, 4, 6. Event estimates are not additive."
SC02192,Independent recovery experiment 02192,Four_event_stress,4,1.0,1.0,1.0,1.0,West,"Independent 2027-01-01 snapshot; four events at days 0, 2, 4, 6. Event estimates are not additive."
SC02193,Independent recovery experiment 02193,Four_event_stress,4,1.0,1.0,1.0,1.0,North,"Independent 2027-01-01 snapshot; four events at days 0, 2, 4, 6. Event estimates are not additive."
SC02194,Independent recovery experiment 02194,Four_event_stress,4,1.0,1.0,1.0,1.0,South,"Independent 2027-01-01 snapshot; four events at days 0, 2, 4, 6. Event estimates are not additive."
SC02195,Independent recovery experiment 02195,Four_event_stress,4,1.0,1.0,1.0,1.0,South,"Independent 2027-01-01 snapshot; four events at days 0, 2, 4, 6. Event estimates are not additive."
SC02196,Independent recovery experiment 02196,Four_event_stress,4,1.0,1.0,1.0,1.0,West,"Independent 2027-01-01 snapshot; four events at days 0, 2, 4, 6. Event estimates are not additive."
SC02197,Independent recovery experiment 02197,Four_event_stress,4,1.0,1.0,1.0,1.0,East,"Independent 2027-01-01 snapshot; four events at days 0, 2, 4, 6. Event estimates are not additive."
SC02198,Independent recovery experiment 02198,Four_event_stress,4,1.0,1.0,1.0,1.0,West,"Independent 2027-01-01 snapshot; four events at days 0, 2, 4, 6. Event estimates are not additive."
SC02199,Independent recovery experiment 02199,Four_event_stress,4,1.0,1.0,1.0,1.0,North,"Independent 2027-01-01 snapshot; four events at days 0, 2, 4, 6. Event estimates are not additive."
SC02200,Independent recovery experiment 02200,Four_event_stress,4,1.0,1.0,1.0,1.0,South,"Independent 2027-01-01 snapshot; four events at days 0, 2, 4, 6. Event estimates are not additive."
SC02201,Independent recovery experiment 02201,Four_event_stress,4,1.0,1.0,1.0,1.0,South,"Independent 2027-01-01 snapshot; four events at days 0, 2, 4, 6. Event estimates are not additive."
SC02202,Independent recovery experiment 02202,Four_event_stress,4,1.0,1.0,1.0,1.0,West,"Independent 2027-01-01 snapshot; four events at days 0, 2, 4, 6. Event estimates are not additive."
SC02203,Independent recovery experiment 02203,Four_event_stress,4,1.0,1.0,1.0,1.0,North,"Independent 2027-01-01 snapshot; four events at days 0, 2, 4, 6. Event estimates are not additive."
SC02204,Independent recovery experiment 02204,Four_event_stress,4,1.0,1.0,1.0,1.0,South,"Independent 2027-01-01 snapshot; four events at days 0, 2, 4, 6. Event estimates are not additive."
SC02205,Independent recovery experiment 02205,Four_event_stress,4,1.0,1.0,1.0,1.0,South,"Independent 2027-01-01 snapshot; four events at days 0, 2, 4, 6. Event estimates are not additive."
SC02206,Independent recovery experiment 02206,Four_event_stress,4,1.0,1.0,1.0,1.0,West,"Independent 2027-01-01 snapshot; four events at days 0, 2, 4, 6. Event estimates are not additive."
SC02207,Independent recovery experiment 02207,Four_event_stress,4,1.0,1.0,1.0,1.0,East,"Independent 2027-01-01 snapshot; four events at days 0, 2, 4, 6. Event estimates are not additive."
SC02208,Independent recovery experiment 02208,Four_event_stress,4,1.0,1.0,1.0,1.0,West,"Independent 2027-01-01 snapshot; four events at days 0, 2, 4, 6. Event estimates are not additive."
SC02209,Independent recovery experiment 02209,Four_event_stress,4,1.0,1.0,1.0,1.0,North,"Independent 2027-01-01 snapshot; four events at days 0, 2, 4, 6. Event estimates are not additive."
SC02210,Independent recovery experiment 02210,Four_event_stress,4,1.0,1.0,1.0,1.0,South,"Independent 2027-01-01 snapshot; four events at days 0, 2, 4, 6. Event estimates are not additive."
SC02211,Independent recovery experiment 02211,Four_event_stress,4,1.0,1.0,1.0,1.0,South,"Independent 2027-01-01 snapshot; four events at days 0, 2, 4, 6. Event estimates are not additive."
SC02212,Independent recovery experiment 02212,Four_event_stress,4,1.0,1.0,1.0,1.0,West,"Independent 2027-01-01 snapshot; four events at days 0, 2, 4, 6. Event estimates are not additive."
SC02213,Independent recovery experiment 02213,Four_event_stress,4,1.0,1.0,1.0,1.0,North,"Independent 2027-01-01 snapshot; four events at days 0, 2, 4, 6. Event estimates are not additive."
SC02214,Independent recovery experiment 02214,Four_event_stress,4,1.0,1.0,1.0,1.0,South,"Independent 2027-01-01 snapshot; four events at days 0, 2, 4, 6. Event estimates are not additive."
SC02215,Independent recovery experiment 02215,Four_event_stress,4,1.0,1.0,1.0,1.0,South,"Independent 2027-01-01 snapshot; four events at days 0, 2, 4, 6. Event estimates are not additive."
SC02216,Independent recovery experiment 02216,Four_event_stress,4,1.0,1.0,1.0,1.0,West,"Independent 2027-01-01 snapshot; four events at days 0, 2, 4, 6. Event estimates are not additive."
SC02217,Independent recovery experiment 02217,Four_event_stress,4,1.0,1.0,1.0,1.0,East,"Independent 2027-01-01 snapshot; four events at days 0, 2, 4, 6. Event estimates are not additive."
SC02218,Independent recovery experiment 02218,Four_event_stress,4,1.0,1.0,1.0,1.0,West,"Independent 2027-01-01 snapshot; four events at days 0, 2, 4, 6. Event estimates are not additive."
SC02219,Independent recovery experiment 02219,Four_event_stress,4,1.0,1.0,1.0,1.0,North,"Independent 2027-01-01 snapshot; four events at days 0, 2, 4, 6. Event estimates are not additive."
SC02220,Independent recovery experiment 02220,Four_event_stress,4,1.0,1.0,1.0,1.0,South,"Independent 2027-01-01 snapshot; four events at days 0, 2, 4, 6. Event estimates are not additive."
SC02221,Independent recovery experiment 02221,Four_event_stress,4,1.0,1.0,1.0,1.0,South,"Independent 2027-01-01 snapshot; four events at days 0, 2, 4, 6. Event estimates are not additive."
SC02222,Independent recovery experiment 02222,Four_event_stress,4,1.0,1.0,1.0,1.0,West,"Independent 2027-01-01 snapshot; four events at days 0, 2, 4, 6. Event estimates are not additive."
SC02223,Independent recovery experiment 02223,Four_event_stress,4,1.0,1.0,1.0,1.0,North,"Independent 2027-01-01 snapshot; four events at days 0, 2, 4, 6. Event estimates are not additive."
SC02224,Independent recovery experiment 02224,Four_event_stress,4,1.0,1.0,1.0,1.0,South,"Independent 2027-01-01 snapshot; four events at days 0, 2, 4, 6. Event estimates are not additive."
SC02225,Independent recovery experiment 02225,Four_event_stress,4,1.0,1.0,1.0,1.0,South,"Independent 2027-01-01 snapshot; four events at days 0, 2, 4, 6. Event estimates are not additive."
SC02226,Independent recovery experiment 02226,Four_event_stress,4,1.0,1.0,1.0,1.0,West,"Independent 2027-01-01 snapshot; four events at days 0, 2, 4, 6. Event estimates are not additive."
SC02227,Independent recovery experiment 02227,Four_event_stress,4,1.0,1.0,1.0,1.0,East,"Independent 2027-01-01 snapshot; four events at days 0, 2, 4, 6. Event estimates are not additive."
SC02228,Independent recovery experiment 02228,Four_event_stress,4,1.0,1.0,1.0,1.0,West,"Independent 2027-01-01 snapshot; four events at days 0, 2, 4, 6. Event estimates are not additive."
SC02229,Independent recovery experiment 02229,Four_event_stress,4,1.0,1.0,1.0,1.0,North,"Independent 2027-01-01 snapshot; four events at days 0, 2, 4, 6. Event estimates are not additive."
SC02230,Independent recovery experiment 02230,Four_event_stress,4,1.0,1.0,1.0,1.0,South,"Independent 2027-01-01 snapshot; four events at days 0, 2, 4, 6. Event estimates are not additive."
SC02231,Independent recovery experiment 02231,Four_event_stress,4,1.0,1.0,1.0,1.0,South,"Independent 2027-01-01 snapshot; four events at days 0, 2, 4, 6. Event estimates are not additive."
SC02232,Independent recovery experiment 02232,Four_event_stress,4,1.0,1.0,1.0,1.0,West,"Independent 2027-01-01 snapshot; four events at days 0, 2, 4, 6. Event estimates are not additive."
SC02233,Independent recovery experiment 02233,Four_event_stress,4,1.0,1.0,1.0,1.0,North,"Independent 2027-01-01 snapshot; four events at days 0, 2, 4, 6. Event estimates are not additive."
SC02234,Independent recovery experiment 02234,Four_event_stress,4,1.0,1.0,1.0,1.0,South,"Independent 2027-01-01 snapshot; four events at days 0, 2, 4, 6. Event estimates are not additive."
SC02235,Independent recovery experiment 02235,Four_event_stress,4,1.0,1.0,1.0,1.0,South,"Independent 2027-01-01 snapshot; four events at days 0, 2, 4, 6. Event estimates are not additive."
SC02236,Independent recovery experiment 02236,Four_event_stress,4,1.0,1.0,1.0,1.0,West,"Independent 2027-01-01 snapshot; four events at days 0, 2, 4, 6. Event estimates are not additive."
SC02237,Independent recovery experiment 02237,Four_event_stress,4,1.0,1.0,1.0,1.0,East,"Independent 2027-01-01 snapshot; four events at days 0, 2, 4, 6. Event estimates are not additive."
SC02238,Independent recovery experiment 02238,Four_event_stress,4,1.0,1.0,1.0,1.0,West,"Independent 2027-01-01 snapshot; four events at days 0, 2, 4, 6. Event estimates are not additive."
SC02239,Independent recovery experiment 02239,Four_event_stress,4,1.0,1.0,1.0,1.0,North,"Independent 2027-01-01 snapshot; four events at days 0, 2, 4, 6. Event estimates are not additive."
SC02240,Independent recovery experiment 02240,Four_event_stress,4,1.0,1.0,1.0,1.0,South,"Independent 2027-01-01 snapshot; four events at days 0, 2, 4, 6. Event estimates are not additive."
SC02241,Independent recovery experiment 02241,Four_event_stress,4,1.0,1.0,1.0,1.0,South,"Independent 2027-01-01 snapshot; four events at days 0, 2, 4, 6. Event estimates are not additive."
SC02242,Independent recovery experiment 02242,Four_event_stress,4,1.0,1.0,1.0,1.0,West,"Independent 2027-01-01 snapshot; four events at days 0, 2, 4, 6. Event estimates are not additive."
SC02243,Independent recovery experiment 02243,Four_event_stress,4,1.0,1.0,1.0,1.0,North,"Independent 2027-01-01 snapshot; four events at days 0, 2, 4, 6. Event estimates are not additive."
SC02244,Independent recovery experiment 02244,Four_event_stress,4,1.0,1.0,1.0,1.0,South,"Independent 2027-01-01 snapshot; four events at days 0, 2, 4, 6. Event estimates are not additive."
SC02245,Independent recovery experiment 02245,Four_event_stress,4,1.0,1.0,1.0,1.0,South,"Independent 2027-01-01 snapshot; four events at days 0, 2, 4, 6. Event estimates are not additive."
SC02246,Independent recovery experiment 02246,Four_event_stress,4,1.0,1.0,1.0,1.0,West,"Independent 2027-01-01 snapshot; four events at days 0, 2, 4, 6. Event estimates are not additive."
SC02247,Independent recovery experiment 02247,Four_event_stress,4,1.0,1.0,1.0,1.0,East,"Independent 2027-01-01 snapshot; four events at days 0, 2, 4, 6. Event estimates are not additive."
SC02248,Independent recovery experiment 02248,Four_event_stress,4,1.0,1.0,1.0,1.0,West,"Independent 2027-01-01 snapshot; four events at days 0, 2, 4, 6. Event estimates are not additive."
SC02249,Independent recovery experiment 02249,Four_event_stress,4,1.0,1.0,1.0,1.0,North,"Independent 2027-01-01 snapshot; four events at days 0, 2, 4, 6. Event estimates are not additive."
SC02250,Independent recovery experiment 02250,Four_event_stress,4,1.0,1.0,1.0,1.0,South,"Independent 2027-01-01 snapshot; four events at days 0, 2, 4, 6. Event estimates are not additive."
SC02251,Independent recovery experiment 02251,Four_event_stress,4,1.0,1.0,1.0,1.0,South,"Independent 2027-01-01 snapshot; four events at days 0, 2, 4, 6. Event estimates are not additive."
SC02252,Independent recovery experiment 02252,Four_event_stress,4,1.0,1.0,1.0,1.0,West,"Independent 2027-01-01 snapshot; four events at days 0, 2, 4, 6. Event estimates are not additive."
SC02253,Independent recovery experiment 02253,Four_event_stress,4,1.0,1.0,1.0,1.0,North,"Independent 2027-01-01 snapshot; four events at days 0, 2, 4, 6. Event estimates are not additive."
SC02254,Independent recovery experiment 02254,Four_event_stress,4,1.0,1.0,1.0,1.0,South,"Independent 2027-01-01 snapshot; four events at days 0, 2, 4, 6. Event estimates are not additive."
SC02255,Independent recovery experiment 02255,Four_event_stress,4,1.0,1.0,1.0,1.0,South,"Independent 2027-01-01 snapshot; four events at days 0, 2, 4, 6. Event estimates are not additive."
SC02256,Independent recovery experiment 02256,Four_event_stress,4,1.0,1.0,1.0,1.0,West,"Independent 2027-01-01 snapshot; four events at days 0, 2, 4, 6. Event estimates are not additive."
SC02257,Independent recovery experiment 02257,Four_event_stress,4,1.0,1.0,1.0,1.0,East,"Independent 2027-01-01 snapshot; four events at days 0, 2, 4, 6. Event estimates are not additive."
SC02258,Independent recovery experiment 02258,Four_event_stress,4,1.0,1.0,1.0,1.0,West,"Independent 2027-01-01 snapshot; four events at days 0, 2, 4, 6. Event estimates are not additive."
SC02259,Independent recovery experiment 02259,Four_event_stress,4,1.0,1.0,1.0,1.0,North,"Independent 2027-01-01 snapshot; four events at days 0, 2, 4, 6. Event estimates are not additive."
SC02260,Independent recovery experiment 02260,Four_event_stress,4,1.0,1.0,1.0,1.0,South,"Independent 2027-01-01 snapshot; four events at days 0, 2, 4, 6. Event estimates are not additive."
SC02261,Independent recovery experiment 02261,Four_event_stress,4,1.0,1.0,1.0,1.0,South,"Independent 2027-01-01 snapshot; four events at days 0, 2, 4, 6. Event estimates are not additive."
SC02262,Independent recovery experiment 02262,Four_event_stress,4,1.0,1.0,1.0,1.0,West,"Independent 2027-01-01 snapshot; four events at days 0, 2, 4, 6. Event estimates are not additive."
SC02263,Independent recovery experiment 02263,Four_event_stress,4,1.0,1.0,1.0,1.0,North,"Independent 2027-01-01 snapshot; four events at days 0, 2, 4, 6. Event estimates are not additive."
SC02264,Independent recovery experiment 02264,Four_event_stress,4,1.0,1.0,1.0,1.0,South,"Independent 2027-01-01 snapshot; four events at days 0, 2, 4, 6. Event estimates are not additive."
SC02265,Independent recovery experiment 02265,Four_event_stress,4,1.0,1.0,1.0,1.0,South,"Independent 2027-01-01 snapshot; four events at days 0, 2, 4, 6. Event estimates are not additive."
SC02266,Independent recovery experiment 02266,Four_event_stress,4,1.0,1.0,1.0,1.0,West,"Independent 2027-01-01 snapshot; four events at days 0, 2, 4, 6. Event estimates are not additive."
SC02267,Independent recovery experiment 02267,Four_event_stress,4,1.0,1.0,1.0,1.0,East,"Independent 2027-01-01 snapshot; four events at days 0, 2, 4, 6. Event estimates are not additive."
SC02268,Independent recovery experiment 02268,Four_event_stress,4,1.0,1.0,1.0,1.0,West,"Independent 2027-01-01 snapshot; four events at days 0, 2, 4, 6. Event estimates are not additive."
SC02269,Independent recovery experiment 02269,Four_event_stress,4,1.0,1.0,1.0,1.0,North,"Independent 2027-01-01 snapshot; four events at days 0, 2, 4, 6. Event estimates are not additive."
SC02270,Independent recovery experiment 02270,Four_event_stress,4,1.0,1.0,1.0,1.0,South,"Independent 2027-01-01 snapshot; four events at days 0, 2, 4, 6. Event estimates are not additive."
SC02271,Independent recovery experiment 02271,Four_event_stress,4,1.0,1.0,1.0,1.0,South,"Independent 2027-01-01 snapshot; four events at days 0, 2, 4, 6. Event estimates are not additive."
SC02272,Independent recovery experiment 02272,Four_event_stress,4,1.0,1.0,1.0,1.0,West,"Independent 2027-01-01 snapshot; four events at days 0, 2, 4, 6. Event estimates are not additive."
SC02273,Independent recovery experiment 02273,Four_event_stress,4,1.0,1.0,1.0,1.0,North,"Independent 2027-01-01 snapshot; four events at days 0, 2, 4, 6. Event estimates are not additive."
SC02274,Independent recovery experiment 02274,Four_event_stress,4,1.0,1.0,1.0,1.0,South,"Independent 2027-01-01 snapshot; four events at days 0, 2, 4, 6. Event estimates are not additive."
SC02275,Independent recovery experiment 02275,Four_event_stress,4,1.0,1.0,1.0,1.0,South,"Independent 2027-01-01 snapshot; four events at days 0, 2, 4, 6. Event estimates are not additive."
SC02276,Independent recovery experiment 02276,Four_event_stress,4,1.0,1.0,1.0,1.0,West,"Independent 2027-01-01 snapshot; four events at days 0, 2, 4, 6. Event estimates are not additive."
SC02277,Independent recovery experiment 02277,Four_event_stress,4,1.0,1.0,1.0,1.0,East,"Independent 2027-01-01 snapshot; four events at days 0, 2, 4, 6. Event estimates are not additive."
SC02278,Independent recovery experiment 02278,Four_event_stress,4,1.0,1.0,1.0,1.0,West,"Independent 2027-01-01 snapshot; four events at days 0, 2, 4, 6. Event estimates are not additive."
SC02279,Independent recovery experiment 02279,Four_event_stress,4,1.0,1.0,1.0,1.0,North,"Independent 2027-01-01 snapshot; four events at days 0, 2, 4, 6. Event estimates are not additive."
SC02280,Independent recovery experiment 02280,Four_event_stress,4,1.0,1.0,1.0,1.0,South,"Independent 2027-01-01 snapshot; four events at days 0, 2, 4, 6. Event estimates are not additive."
SC02281,Independent recovery experiment 02281,Four_event_stress,4,1.0,1.0,1.0,1.0,South,"Independent 2027-01-01 snapshot; four events at days 0, 2, 4, 6. Event estimates are not additive."
SC02282,Independent recovery experiment 02282,Four_event_stress,4,1.0,1.0,1.0,1.0,West,"Independent 2027-01-01 snapshot; four events at days 0, 2, 4, 6. Event estimates are not additive."
SC02283,Independent recovery experiment 02283,Four_event_stress,4,1.0,1.0,1.0,1.0,North,"Independent 2027-01-01 snapshot; four events at days 0, 2, 4, 6. Event estimates are not additive."
SC02284,Independent recovery experiment 02284,Four_event_stress,4,1.0,1.0,1.0,1.0,South,"Independent 2027-01-01 snapshot; four events at days 0, 2, 4, 6. Event estimates are not additive."
SC02285,Independent recovery experiment 02285,Four_event_stress,4,1.0,1.0,1.0,1.0,South,"Independent 2027-01-01 snapshot; four events at days 0, 2, 4, 6. Event estimates are not additive."
SC02286,Independent recovery experiment 02286,Four_event_stress,4,1.0,1.0,1.0,1.0,West,"Independent 2027-01-01 snapshot; four events at days 0, 2, 4, 6. Event estimates are not additive."
SC02287,Independent recovery experiment 02287,Four_event_stress,4,1.0,1.0,1.0,1.0,East,"Independent 2027-01-01 snapshot; four events at days 0, 2, 4, 6. Event estimates are not additive."
SC02288,Independent recovery experiment 02288,Four_event_stress,4,1.0,1.0,1.0,1.0,West,"Independent 2027-01-01 snapshot; four events at days 0, 2, 4, 6. Event estimates are not additive."
SC02289,Independent recovery experiment 02289,Four_event_stress,4,1.0,1.0,1.0,1.0,North,"Independent 2027-01-01 snapshot; four events at days 0, 2, 4, 6. Event estimates are not additive."
SC02290,Independent recovery experiment 02290,Four_event_stress,4,1.0,1.0,1.0,1.0,South,"Independent 2027-01-01 snapshot; four events at days 0, 2, 4, 6. Event estimates are not additive."
SC02291,Independent recovery experiment 02291,Four_event_stress,4,1.0,1.0,1.0,1.0,South,"Independent 2027-01-01 snapshot; four events at days 0, 2, 4, 6. Event estimates are not additive."
SC02292,Independent recovery experiment 02292,Four_event_stress,4,1.0,1.0,1.0,1.0,West,"Independent 2027-01-01 snapshot; four events at days 0, 2, 4, 6. Event estimates are not additive."
SC02293,Independent recovery experiment 02293,Four_event_stress,4,1.0,1.0,1.0,1.0,North,"Independent 2027-01-01 snapshot; four events at days 0, 2, 4, 6. Event estimates are not additive."
SC02294,Independent recovery experiment 02294,Four_event_stress,4,1.0,1.0,1.0,1.0,South,"Independent 2027-01-01 snapshot; four events at days 0, 2, 4, 6. Event estimates are not additive."
SC02295,Independent recovery experiment 02295,Four_event_stress,4,1.0,1.0,1.0,1.0,South,"Independent 2027-01-01 snapshot; four events at days 0, 2, 4, 6. Event estimates are not additive."
SC02296,Independent recovery experiment 02296,Four_event_stress,4,1.0,1.0,1.0,1.0,West,"Independent 2027-01-01 snapshot; four events at days 0, 2, 4, 6. Event estimates are not additive."
SC02297,Independent recovery experiment 02297,Four_event_stress,4,1.0,1.0,1.0,1.0,East,"Independent 2027-01-01 snapshot; four events at days 0, 2, 4, 6. Event estimates are not additive."
SC02298,Independent recovery experiment 02298,Four_event_stress,4,1.0,1.0,1.0,1.0,West,"Independent 2027-01-01 snapshot; four events at days 0, 2, 4, 6. Event estimates are not additive."
SC02299,Independent recovery experiment 02299,Four_event_stress,4,1.0,1.0,1.0,1.0,North,"Independent 2027-01-01 snapshot; four events at days 0, 2, 4, 6. Event estimates are not additive."
SC02300,Independent recovery experiment 02300,Four_event_stress,4,1.0,1.0,1.0,1.0,South,"Independent 2027-01-01 snapshot; four events at days 0, 2, 4, 6. Event estimates are not additive."
SC02301,Independent recovery experiment 02301,Four_event_stress,4,1.0,1.0,1.0,1.0,South,"Independent 2027-01-01 snapshot; four events at days 0, 2, 4, 6. Event estimates are not additive."
SC02302,Independent recovery experiment 02302,Four_event_stress,4,1.0,1.0,1.0,1.0,West,"Independent 2027-01-01 snapshot; four events at days 0, 2, 4, 6. Event estimates are not additive."
SC02303,Independent recovery experiment 02303,Four_event_stress,4,1.0,1.0,1.0,1.0,North,"Independent 2027-01-01 snapshot; four events at days 0, 2, 4, 6. Event estimates are not additive."
SC02304,Independent recovery experiment 02304,Four_event_stress,4,1.0,1.0,1.0,1.0,South,"Independent 2027-01-01 snapshot; four events at days 0, 2, 4, 6. Event estimates are not additive."
SC02305,Independent recovery experiment 02305,Four_event_stress,4,1.0,1.0,1.0,1.0,South,"Independent 2027-01-01 snapshot; four events at days 0, 2, 4, 6. Event estimates are not additive."
SC02306,Independent recovery experiment 02306,Four_event_stress,4,1.0,1.0,1.0,1.0,West,"Independent 2027-01-01 snapshot; four events at days 0, 2, 4, 6. Event estimates are not additive."
SC02307,Independent recovery experiment 02307,Four_event_stress,4,1.0,1.0,1.0,1.0,East,"Independent 2027-01-01 snapshot; four events at days 0, 2, 4, 6. Event estimates are not additive."
SC02308,Independent recovery experiment 02308,Four_event_stress,4,1.0,1.0,1.0,1.0,West,"Independent 2027-01-01 snapshot; four events at days 0, 2, 4, 6. Event estimates are not additive."
SC02309,Independent recovery experiment 02309,Four_event_stress,4,1.0,1.0,1.0,1.0,North,"Independent 2027-01-01 snapshot; four events at days 0, 2, 4, 6. Event estimates are not additive."
SC02310,Independent recovery experiment 02310,Four_event_stress,4,1.0,1.0,1.0,1.0,South,"Independent 2027-01-01 snapshot; four events at days 0, 2, 4, 6. Event estimates are not additive."
SC02311,Independent recovery experiment 02311,Four_event_stress,4,1.0,1.0,1.0,1.0,South,"Independent 2027-01-01 snapshot; four events at days 0, 2, 4, 6. Event estimates are not additive."
SC02312,Independent recovery experiment 02312,Four_event_stress,4,1.0,1.0,1.0,1.0,West,"Independent 2027-01-01 snapshot; four events at days 0, 2, 4, 6. Event estimates are not additive."
SC02313,Independent recovery experiment 02313,Four_event_stress,4,1.0,1.0,1.0,1.0,North,"Independent 2027-01-01 snapshot; four events at days 0, 2, 4, 6. Event estimates are not additive."
SC02314,Independent recovery experiment 02314,Four_event_stress,4,1.0,1.0,1.0,1.0,South,"Independent 2027-01-01 snapshot; four events at days 0, 2, 4, 6. Event estimates are not additive."
SC02315,Independent recovery experiment 02315,Four_event_stress,4,1.0,1.0,1.0,1.0,South,"Independent 2027-01-01 snapshot; four events at days 0, 2, 4, 6. Event estimates are not additive."
SC02316,Independent recovery experiment 02316,Four_event_stress,4,1.0,1.0,1.0,1.0,West,"Independent 2027-01-01 snapshot; four events at days 0, 2, 4, 6. Event estimates are not additive."
SC02317,Independent recovery experiment 02317,Four_event_stress,4,1.0,1.0,1.0,1.0,East,"Independent 2027-01-01 snapshot; four events at days 0, 2, 4, 6. Event estimates are not additive."
SC02318,Independent recovery experiment 02318,Four_event_stress,4,1.0,1.0,1.0,1.0,West,"Independent 2027-01-01 snapshot; four events at days 0, 2, 4, 6. Event estimates are not additive."
SC02319,Independent recovery experiment 02319,Four_event_stress,4,1.0,1.0,1.0,1.0,North,"Independent 2027-01-01 snapshot; four events at days 0, 2, 4, 6. Event estimates are not additive."
SC02320,Independent recovery experiment 02320,Four_event_stress,4,1.0,1.0,1.0,1.0,South,"Independent 2027-01-01 snapshot; four events at days 0, 2, 4, 6. Event estimates are not additive."
SC02321,Independent recovery experiment 02321,Four_event_stress,4,1.0,1.0,1.0,1.0,South,"Independent 2027-01-01 snapshot; four events at days 0, 2, 4, 6. Event estimates are not additive."
SC02322,Independent recovery experiment 02322,Four_event_stress,4,1.0,1.0,1.0,1.0,West,"Independent 2027-01-01 snapshot; four events at days 0, 2, 4, 6. Event estimates are not additive."
SC02323,Independent recovery experiment 02323,Four_event_stress,4,1.0,1.0,1.0,1.0,North,"Independent 2027-01-01 snapshot; four events at days 0, 2, 4, 6. Event estimates are not additive."
SC02324,Independent recovery experiment 02324,Four_event_stress,4,1.0,1.0,1.0,1.0,South,"Independent 2027-01-01 snapshot; four events at days 0, 2, 4, 6. Event estimates are not additive."
SC02325,Independent recovery experiment 02325,Four_event_stress,4,1.0,1.0,1.0,1.0,South,"Independent 2027-01-01 snapshot; four events at days 0, 2, 4, 6. Event estimates are not additive."
SC02326,Independent recovery experiment 02326,Four_event_stress,4,1.0,1.0,1.0,1.0,West,"Independent 2027-01-01 snapshot; four events at days 0, 2, 4, 6. Event estimates are not additive."
SC02327,Independent recovery experiment 02327,Four_event_stress,4,1.0,1.0,1.0,1.0,East,"Independent 2027-01-01 snapshot; four events at days 0, 2, 4, 6. Event estimates are not additive."
SC02328,Independent recovery experiment 02328,Four_event_stress,4,1.0,1.0,1.0,1.0,West,"Independent 2027-01-01 snapshot; four events at days 0, 2, 4, 6. Event estimates are not additive."
SC02329,Independent recovery experiment 02329,Four_event_stress,4,1.0,1.0,1.0,1.0,North,"Independent 2027-01-01 snapshot; four events at days 0, 2, 4, 6. Event estimates are not additive."
SC02330,Independent recovery experiment 02330,Four_event_stress,4,1.0,1.0,1.0,1.0,South,"Independent 2027-01-01 snapshot; four events at days 0, 2, 4, 6. Event estimates are not additive."
SC02331,Independent recovery experiment 02331,Four_event_stress,4,1.0,1.0,1.0,1.0,South,"Independent 2027-01-01 snapshot; four events at days 0, 2, 4, 6. Event estimates are not additive."
SC02332,Independent recovery experiment 02332,Four_event_stress,4,1.0,1.0,1.0,1.0,West,"Independent 2027-01-01 snapshot; four events at days 0, 2, 4, 6. Event estimates are not additive."
SC02333,Independent recovery experiment 02333,Four_event_stress,4,1.0,1.0,1.0,1.0,North,"Independent 2027-01-01 snapshot; four events at days 0, 2, 4, 6. Event estimates are not additive."
SC02334,Independent recovery experiment 02334,Four_event_stress,4,1.0,1.0,1.0,1.0,South,"Independent 2027-01-01 snapshot; four events at days 0, 2, 4, 6. Event estimates are not additive."
SC02335,Independent recovery experiment 02335,Four_event_stress,4,1.0,1.0,1.0,1.0,South,"Independent 2027-01-01 snapshot; four events at days 0, 2, 4, 6. Event estimates are not additive."
SC02336,Independent recovery experiment 02336,Four_event_stress,4,1.0,1.0,1.0,1.0,West,"Independent 2027-01-01 snapshot; four events at days 0, 2, 4, 6. Event estimates are not additive."
SC02337,Independent recovery experiment 02337,Four_event_stress,4,1.0,1.0,1.0,1.0,East,"Independent 2027-01-01 snapshot; four events at days 0, 2, 4, 6. Event estimates are not additive."
SC02338,Independent recovery experiment 02338,Four_event_stress,4,1.0,1.0,1.0,1.0,West,"Independent 2027-01-01 snapshot; four events at days 0, 2, 4, 6. Event estimates are not additive."
SC02339,Independent recovery experiment 02339,Four_event_stress,4,1.0,1.0,1.0,1.0,North,"Independent 2027-01-01 snapshot; four events at days 0, 2, 4, 6. Event estimates are not additive."
SC02340,Independent recovery experiment 02340,Four_event_stress,4,1.0,1.0,1.0,1.0,South,"Independent 2027-01-01 snapshot; four events at days 0, 2, 4, 6. Event estimates are not additive."
SC02341,Independent recovery experiment 02341,Four_event_stress,4,1.0,1.0,1.0,1.0,South,"Independent 2027-01-01 snapshot; four events at days 0, 2, 4, 6. Event estimates are not additive."
SC02342,Independent recovery experiment 02342,Four_event_stress,4,1.0,1.0,1.0,1.0,West,"Independent 2027-01-01 snapshot; four events at days 0, 2, 4, 6. Event estimates are not additive."
SC02343,Independent recovery experiment 02343,Four_event_stress,4,1.0,1.0,1.0,1.0,North,"Independent 2027-01-01 snapshot; four events at days 0, 2, 4, 6. Event estimates are not additive."
SC02344,Independent recovery experiment 02344,Four_event_stress,4,1.0,1.0,1.0,1.0,South,"Independent 2027-01-01 snapshot; four events at days 0, 2, 4, 6. Event estimates are not additive."
SC02345,Independent recovery experiment 02345,Four_event_stress,4,1.0,1.0,1.0,1.0,South,"Independent 2027-01-01 snapshot; four events at days 0, 2, 4, 6. Event estimates are not additive."
SC02346,Independent recovery experiment 02346,Four_event_stress,4,1.0,1.0,1.0,1.0,West,"Independent 2027-01-01 snapshot; four events at days 0, 2, 4, 6. Event estimates are not additive."
SC02347,Independent recovery experiment 02347,Four_event_stress,4,1.0,1.0,1.0,1.0,East,"Independent 2027-01-01 snapshot; four events at days 0, 2, 4, 6. Event estimates are not additive."
SC02348,Independent recovery experiment 02348,Four_event_stress,4,1.0,1.0,1.0,1.0,West,"Independent 2027-01-01 snapshot; four events at days 0, 2, 4, 6. Event estimates are not additive."
SC02349,Independent recovery experiment 02349,Four_event_stress,4,1.0,1.0,1.0,1.0,North,"Independent 2027-01-01 snapshot; four events at days 0, 2, 4, 6. Event estimates are not additive."
SC02350,Independent recovery experiment 02350,Four_event_stress,4,1.0,1.0,1.0,1.0,South,"Independent 2027-01-01 snapshot; four events at days 0, 2, 4, 6. Event estimates are not additive."
SC02351,Independent recovery experiment 02351,Four_event_stress,4,1.0,1.0,1.0,1.0,South,"Independent 2027-01-01 snapshot; four events at days 0, 2, 4, 6. Event estimates are not additive."
SC02352,Independent recovery experiment 02352,Four_event_stress,4,1.0,1.0,1.0,1.0,West,"Independent 2027-01-01 snapshot; four events at days 0, 2, 4, 6. Event estimates are not additive."
SC02353,Independent recovery experiment 02353,Four_event_stress,4,1.0,1.0,1.0,1.0,North,"Independent 2027-01-01 snapshot; four events at days 0, 2, 4, 6. Event estimates are not additive."
SC02354,Independent recovery experiment 02354,Four_event_stress,4,1.0,1.0,1.0,1.0,South,"Independent 2027-01-01 snapshot; four events at days 0, 2, 4, 6. Event estimates are not additive."
SC02355,Independent recovery experiment 02355,Four_event_stress,4,1.0,1.0,1.0,1.0,South,"Independent 2027-01-01 snapshot; four events at days 0, 2, 4, 6. Event estimates are not additive."
SC02356,Independent recovery experiment 02356,Four_event_stress,4,1.0,1.0,1.0,1.0,West,"Independent 2027-01-01 snapshot; four events at days 0, 2, 4, 6. Event estimates are not additive."
SC02357,Independent recovery experiment 02357,Four_event_stress,4,1.0,1.0,1.0,1.0,East,"Independent 2027-01-01 snapshot; four events at days 0, 2, 4, 6. Event estimates are not additive."
SC02358,Independent recovery experiment 02358,Four_event_stress,4,1.0,1.0,1.0,1.0,West,"Independent 2027-01-01 snapshot; four events at days 0, 2, 4, 6. Event estimates are not additive."
SC02359,Independent recovery experiment 02359,Four_event_stress,4,1.0,1.0,1.0,1.0,North,"Independent 2027-01-01 snapshot; four events at days 0, 2, 4, 6. Event estimates are not additive."
SC02360,Independent recovery experiment 02360,Four_event_stress,4,1.0,1.0,1.0,1.0,South,"Independent 2027-01-01 snapshot; four events at days 0, 2, 4, 6. Event estimates are not additive."
SC02361,Independent recovery experiment 02361,Four_event_stress,4,1.0,1.0,1.0,1.0,South,"Independent 2027-01-01 snapshot; four events at days 0, 2, 4, 6. Event estimates are not additive."
SC02362,Independent recovery experiment 02362,Four_event_stress,4,1.0,1.0,1.0,1.0,West,"Independent 2027-01-01 snapshot; four events at days 0, 2, 4, 6. Event estimates are not additive."
SC02363,Independent recovery experiment 02363,Four_event_stress,4,1.0,1.0,1.0,1.0,North,"Independent 2027-01-01 snapshot; four events at days 0, 2, 4, 6. Event estimates are not additive."
SC02364,Independent recovery experiment 02364,Four_event_stress,4,1.0,1.0,1.0,1.0,South,"Independent 2027-01-01 snapshot; four events at days 0, 2, 4, 6. Event estimates are not additive."
SC02365,Independent recovery experiment 02365,Four_event_stress,4,1.0,1.0,1.0,1.0,South,"Independent 2027-01-01 snapshot; four events at days 0, 2, 4, 6. Event estimates are not additive."
SC02366,Independent recovery experiment 02366,Four_event_stress,4,1.0,1.0,1.0,1.0,West,"Independent 2027-01-01 snapshot; four events at days 0, 2, 4, 6. Event estimates are not additive."
SC02367,Independent recovery experiment 02367,Four_event_stress,4,1.0,1.0,1.0,1.0,East,"Independent 2027-01-01 snapshot; four events at days 0, 2, 4, 6. Event estimates are not additive."
SC02368,Independent recovery experiment 02368,Four_event_stress,4,1.0,1.0,1.0,1.0,West,"Independent 2027-01-01 snapshot; four events at days 0, 2, 4, 6. Event estimates are not additive."
SC02369,Independent recovery experiment 02369,Four_event_stress,4,1.0,1.0,1.0,1.0,North,"Independent 2027-01-01 snapshot; four events at days 0, 2, 4, 6. Event estimates are not additive."
SC02370,Independent recovery experiment 02370,Four_event_stress,4,1.0,1.0,1.0,1.0,South,"Independent 2027-01-01 snapshot; four events at days 0, 2, 4, 6. Event estimates are not additive."
SC02371,Independent recovery experiment 02371,Four_event_stress,4,1.0,1.0,1.0,1.0,South,"Independent 2027-01-01 snapshot; four events at days 0, 2, 4, 6. Event estimates are not additive."
SC02372,Independent recovery experiment 02372,Four_event_stress,4,1.0,1.0,1.0,1.0,West,"Independent 2027-01-01 snapshot; four events at days 0, 2, 4, 6. Event estimates are not additive."
SC02373,Independent recovery experiment 02373,Four_event_stress,4,1.0,1.0,1.0,1.0,North,"Independent 2027-01-01 snapshot; four events at days 0, 2, 4, 6. Event estimates are not additive."
SC02374,Independent recovery experiment 02374,Four_event_stress,4,1.0,1.0,1.0,1.0,South,"Independent 2027-01-01 snapshot; four events at days 0, 2, 4, 6. Event estimates are not additive."
SC02375,Independent recovery experiment 02375,Four_event_stress,4,1.0,1.0,1.0,1.0,South,"Independent 2027-01-01 snapshot; four events at days 0, 2, 4, 6. Event estimates are not additive."
SC02376,Independent recovery experiment 02376,Four_event_stress,4,1.0,1.0,1.0,1.0,West,"Independent 2027-01-01 snapshot; four events at days 0, 2, 4, 6. Event estimates are not additive."
SC02377,Independent recovery experiment 02377,Four_event_stress,4,1.0,1.0,1.0,1.0,East,"Independent 2027-01-01 snapshot; four events at days 0, 2, 4, 6. Event estimates are not additive."
SC02378,Independent recovery experiment 02378,Four_event_stress,4,1.0,1.0,1.0,1.0,West,"Independent 2027-01-01 snapshot; four events at days 0, 2, 4, 6. Event estimates are not additive."
SC02379,Independent recovery experiment 02379,Four_event_stress,4,1.0,1.0,1.0,1.0,North,"Independent 2027-01-01 snapshot; four events at days 0, 2, 4, 6. Event estimates are not additive."
SC02380,Independent recovery experiment 02380,Four_event_stress,4,1.0,1.0,1.0,1.0,South,"Independent 2027-01-01 snapshot; four events at days 0, 2, 4, 6. Event estimates are not additive."
SC02381,Independent recovery experiment 02381,Four_event_stress,4,1.0,1.0,1.0,1.0,South,"Independent 2027-01-01 snapshot; four events at days 0, 2, 4, 6. Event estimates are not additive."
SC02382,Independent recovery experiment 02382,Four_event_stress,4,1.0,1.0,1.0,1.0,West,"Independent 2027-01-01 snapshot; four events at days 0, 2, 4, 6. Event estimates are not additive."
SC02383,Independent recovery experiment 02383,Four_event_stress,4,1.0,1.0,1.0,1.0,North,"Independent 2027-01-01 snapshot; four events at days 0, 2, 4, 6. Event estimates are not additive."
SC02384,Independent recovery experiment 02384,Four_event_stress,4,1.0,1.0,1.0,1.0,South,"Independent 2027-01-01 snapshot; four events at days 0, 2, 4, 6. Event estimates are not additive."
SC02385,Independent recovery experiment 02385,Four_event_stress,4,1.0,1.0,1.0,1.0,South,"Independent 2027-01-01 snapshot; four events at days 0, 2, 4, 6. Event estimates are not additive."
SC02386,Independent recovery experiment 02386,Four_event_stress,4,1.0,1.0,1.0,1.0,West,"Independent 2027-01-01 snapshot; four events at days 0, 2, 4, 6. Event estimates are not additive."
SC02387,Independent recovery experiment 02387,Four_event_stress,4,1.0,1.0,1.0,1.0,East,"Independent 2027-01-01 snapshot; four events at days 0, 2, 4, 6. Event estimates are not additive."
SC02388,Independent recovery experiment 02388,Four_event_stress,4,1.0,1.0,1.0,1.0,West,"Independent 2027-01-01 snapshot; four events at days 0, 2, 4, 6. Event estimates are not additive."
SC02389,Independent recovery experiment 02389,Four_event_stress,4,1.0,1.0,1.0,1.0,North,"Independent 2027-01-01 snapshot; four events at days 0, 2, 4, 6. Event estimates are not additive."
SC02390,Independent recovery experiment 02390,Four_event_stress,4,1.0,1.0,1.0,1.0,South,"Independent 2027-01-01 snapshot; four events at days 0, 2, 4, 6. Event estimates are not additive."
SC02391,Independent recovery experiment 02391,Four_event_stress,4,1.0,1.0,1.0,1.0,South,"Independent 2027-01-01 snapshot; four events at days 0, 2, 4, 6. Event estimates are not additive."
SC02392,Independent recovery experiment 02392,Four_event_stress,4,1.0,1.0,1.0,1.0,West,"Independent 2027-01-01 snapshot; four events at days 0, 2, 4, 6. Event estimates are not additive."
SC02393,Independent recovery experiment 02393,Four_event_stress,4,1.0,1.0,1.0,1.0,North,"Independent 2027-01-01 snapshot; four events at days 0, 2, 4, 6. Event estimates are not additive."
SC02394,Independent recovery experiment 02394,Four_event_stress,4,1.0,1.0,1.0,1.0,South,"Independent 2027-01-01 snapshot; four events at days 0, 2, 4, 6. Event estimates are not additive."
SC02395,Independent recovery experiment 02395,Four_event_stress,4,1.0,1.0,1.0,1.0,South,"Independent 2027-01-01 snapshot; four events at days 0, 2, 4, 6. Event estimates are not additive."
SC02396,Independent recovery experiment 02396,Four_event_stress,4,1.0,1.0,1.0,1.0,West,"Independent 2027-01-01 snapshot; four events at days 0, 2, 4, 6. Event estimates are not additive."
SC02397,Independent recovery experiment 02397,Four_event_stress,4,1.0,1.0,1.0,1.0,East,"Independent 2027-01-01 snapshot; four events at days 0, 2, 4, 6. Event estimates are not additive."
SC02398,Independent recovery experiment 02398,Four_event_stress,4,1.0,1.0,1.0,1.0,West,"Independent 2027-01-01 snapshot; four events at days 0, 2, 4, 6. Event estimates are not additive."
SC02399,Independent recovery experiment 02399,Four_event_stress,4,1.0,1.0,1.0,1.0,North,"Independent 2027-01-01 snapshot; four events at days 0, 2, 4, 6. Event estimates are not additive."
SC02400,Independent recovery experiment 02400,Four_event_stress,4,1.0,1.0,1.0,1.0,South,"Independent 2027-01-01 snapshot; four events at days 0, 2, 4, 6. Event estimates are not additive."
SC02401,Independent recovery experiment 02401,Four_event_stress,4,1.0,1.0,1.0,1.0,South,"Independent 2027-01-01 snapshot; four events at days 0, 2, 4, 6. Event estimates are not additive."
SC02402,Independent recovery experiment 02402,Four_event_stress,4,1.0,1.0,1.0,1.0,West,"Independent 2027-01-01 snapshot; four events at days 0, 2, 4, 6. Event estimates are not additive."
SC02403,Independent recovery experiment 02403,Four_event_stress,4,1.0,1.0,1.0,1.0,North,"Independent 2027-01-01 snapshot; four events at days 0, 2, 4, 6. Event estimates are not additive."
SC02404,Independent recovery experiment 02404,Four_event_stress,4,1.0,1.0,1.0,1.0,South,"Independent 2027-01-01 snapshot; four events at days 0, 2, 4, 6. Event estimates are not additive."
SC02405,Independent recovery experiment 02405,Four_event_stress,4,1.0,1.0,1.0,1.0,South,"Independent 2027-01-01 snapshot; four events at days 0, 2, 4, 6. Event estimates are not additive."
SC02406,Independent recovery experiment 02406,Four_event_stress,4,1.0,1.0,1.0,1.0,West,"Independent 2027-01-01 snapshot; four events at days 0, 2, 4, 6. Event estimates are not additive."
SC02407,Independent recovery experiment 02407,Four_event_stress,4,1.0,1.0,1.0,1.0,East,"Independent 2027-01-01 snapshot; four events at days 0, 2, 4, 6. Event estimates are not additive."
SC02408,Independent recovery experiment 02408,Four_event_stress,4,1.0,1.0,1.0,1.0,West,"Independent 2027-01-01 snapshot; four events at days 0, 2, 4, 6. Event estimates are not additive."
SC02409,Independent recovery experiment 02409,Four_event_stress,4,1.0,1.0,1.0,1.0,North,"Independent 2027-01-01 snapshot; four events at days 0, 2, 4, 6. Event estimates are not additive."
SC02410,Independent recovery experiment 02410,Four_event_stress,4,1.0,1.0,1.0,1.0,South,"Independent 2027-01-01 snapshot; four events at days 0, 2, 4, 6. Event estimates are not additive."
SC02411,Independent recovery experiment 02411,Four_event_stress,4,1.0,1.0,1.0,1.0,South,"Independent 2027-01-01 snapshot; four events at days 0, 2, 4, 6. Event estimates are not additive."
SC02412,Independent recovery experiment 02412,Four_event_stress,4,1.0,1.0,1.0,1.0,West,"Independent 2027-01-01 snapshot; four events at days 0, 2, 4, 6. Event estimates are not additive."
SC02413,Independent recovery experiment 02413,Four_event_stress,4,1.0,1.0,1.0,1.0,North,"Independent 2027-01-01 snapshot; four events at days 0, 2, 4, 6. Event estimates are not additive."
SC02414,Independent recovery experiment 02414,Four_event_stress,4,1.0,1.0,1.0,1.0,South,"Independent 2027-01-01 snapshot; four events at days 0, 2, 4, 6. Event estimates are not additive."
SC02415,Independent recovery experiment 02415,Four_event_stress,4,1.0,1.0,1.0,1.0,South,"Independent 2027-01-01 snapshot; four events at days 0, 2, 4, 6. Event estimates are not additive."
SC02416,Independent recovery experiment 02416,Four_event_stress,4,1.0,1.0,1.0,1.0,West,"Independent 2027-01-01 snapshot; four events at days 0, 2, 4, 6. Event estimates are not additive."
SC02417,Independent recovery experiment 02417,Four_event_stress,4,1.0,1.0,1.0,1.0,East,"Independent 2027-01-01 snapshot; four events at days 0, 2, 4, 6. Event estimates are not additive."
SC02418,Independent recovery experiment 02418,Four_event_stress,4,1.0,1.0,1.0,1.0,West,"Independent 2027-01-01 snapshot; four events at days 0, 2, 4, 6. Event estimates are not additive."
SC02419,Independent recovery experiment 02419,Four_event_stress,4,1.0,1.0,1.0,1.0,North,"Independent 2027-01-01 snapshot; four events at days 0, 2, 4, 6. Event estimates are not additive."
SC02420,Independent recovery experiment 02420,Four_event_stress,4,1.0,1.0,1.0,1.0,South,"Independent 2027-01-01 snapshot; four events at days 0, 2, 4, 6. Event estimates are not additive."
SC02421,Independent recovery experiment 02421,Four_event_stress,4,1.0,1.0,1.0,1.0,South,"Independent 2027-01-01 snapshot; four events at days 0, 2, 4, 6. Event estimates are not additive."
SC02422,Independent recovery experiment 02422,Four_event_stress,4,1.0,1.0,1.0,1.0,West,"Independent 2027-01-01 snapshot; four events at days 0, 2, 4, 6. Event estimates are not additive."
SC02423,Independent recovery experiment 02423,Four_event_stress,4,1.0,1.0,1.0,1.0,North,"Independent 2027-01-01 snapshot; four events at days 0, 2, 4, 6. Event estimates are not additive."
SC02424,Independent recovery experiment 02424,Four_event_stress,4,1.0,1.0,1.0,1.0,South,"Independent 2027-01-01 snapshot; four events at days 0, 2, 4, 6. Event estimates are not additive."
SC02425,Independent recovery experiment 02425,Four_event_stress,4,1.0,1.0,1.0,1.0,South,"Independent 2027-01-01 snapshot; four events at days 0, 2, 4, 6. Event estimates are not additive."
SC02426,Independent recovery experiment 02426,Four_event_stress,4,1.0,1.0,1.0,1.0,West,"Independent 2027-01-01 snapshot; four events at days 0, 2, 4, 6. Event estimates are not additive."
SC02427,Independent recovery experiment 02427,Four_event_stress,4,1.0,1.0,1.0,1.0,East,"Independent 2027-01-01 snapshot; four events at days 0, 2, 4, 6. Event estimates are not additive."
SC02428,Independent recovery experiment 02428,Four_event_stress,4,1.0,1.0,1.0,1.0,West,"Independent 2027-01-01 snapshot; four events at days 0, 2, 4, 6. Event estimates are not additive."
SC02429,Independent recovery experiment 02429,Four_event_stress,4,1.0,1.0,1.0,1.0,North,"Independent 2027-01-01 snapshot; four events at days 0, 2, 4, 6. Event estimates are not additive."
SC02430,Independent recovery experiment 02430,Four_event_stress,4,1.0,1.0,1.0,1.0,South,"Independent 2027-01-01 snapshot; four events at days 0, 2, 4, 6. Event estimates are not additive."
SC02431,Independent recovery experiment 02431,Four_event_stress,4,1.0,1.0,1.0,1.0,South,"Independent 2027-01-01 snapshot; four events at days 0, 2, 4, 6. Event estimates are not additive."
SC02432,Independent recovery experiment 02432,Four_event_stress,4,1.0,1.0,1.0,1.0,West,"Independent 2027-01-01 snapshot; four events at days 0, 2, 4, 6. Event estimates are not additive."
SC02433,Independent recovery experiment 02433,Four_event_stress,4,1.0,1.0,1.0,1.0,North,"Independent 2027-01-01 snapshot; four events at days 0, 2, 4, 6. Event estimates are not additive."
SC02434,Independent recovery experiment 02434,Four_event_stress,4,1.0,1.0,1.0,1.0,South,"Independent 2027-01-01 snapshot; four events at days 0, 2, 4, 6. Event estimates are not additive."
SC02435,Independent recovery experiment 02435,Four_event_stress,4,1.0,1.0,1.0,1.0,South,"Independent 2027-01-01 snapshot; four events at days 0, 2, 4, 6. Event estimates are not additive."
SC02436,Independent recovery experiment 02436,Four_event_stress,4,1.0,1.0,1.0,1.0,West,"Independent 2027-01-01 snapshot; four events at days 0, 2, 4, 6. Event estimates are not additive."
SC02437,Independent recovery experiment 02437,Four_event_stress,4,1.0,1.0,1.0,1.0,East,"Independent 2027-01-01 snapshot; four events at days 0, 2, 4, 6. Event estimates are not additive."
SC02438,Independent recovery experiment 02438,Four_event_stress,4,1.0,1.0,1.0,1.0,West,"Independent 2027-01-01 snapshot; four events at days 0, 2, 4, 6. Event estimates are not additive."
SC02439,Independent recovery experiment 02439,Four_event_stress,4,1.0,1.0,1.0,1.0,North,"Independent 2027-01-01 snapshot; four events at days 0, 2, 4, 6. Event estimates are not additive."
SC02440,Independent recovery experiment 02440,Four_event_stress,4,1.0,1.0,1.0,1.0,South,"Independent 2027-01-01 snapshot; four events at days 0, 2, 4, 6. Event estimates are not additive."
SC02441,Independent recovery experiment 02441,Four_event_stress,4,1.0,1.0,1.0,1.0,South,"Independent 2027-01-01 snapshot; four events at days 0, 2, 4, 6. Event estimates are not additive."
SC02442,Independent recovery experiment 02442,Four_event_stress,4,1.0,1.0,1.0,1.0,West,"Independent 2027-01-01 snapshot; four events at days 0, 2, 4, 6. Event estimates are not additive."
SC02443,Independent recovery experiment 02443,Four_event_stress,4,1.0,1.0,1.0,1.0,North,"Independent 2027-01-01 snapshot; four events at days 0, 2, 4, 6. Event estimates are not additive."
SC02444,Independent recovery experiment 02444,Four_event_stress,4,1.0,1.0,1.0,1.0,South,"Independent 2027-01-01 snapshot; four events at days 0, 2, 4, 6. Event estimates are not additive."
SC02445,Independent recovery experiment 02445,Four_event_stress,4,1.0,1.0,1.0,1.0,South,"Independent 2027-01-01 snapshot; four events at days 0, 2, 4, 6. Event estimates are not additive."
SC02446,Independent recovery experiment 02446,Four_event_stress,4,1.0,1.0,1.0,1.0,West,"Independent 2027-01-01 snapshot; four events at days 0, 2, 4, 6. Event estimates are not additive."
SC02447,Independent recovery experiment 02447,Four_event_stress,4,1.0,1.0,1.0,1.0,East,"Independent 2027-01-01 snapshot; four events at days 0, 2, 4, 6. Event estimates are not additive."
SC02448,Independent recovery experiment 02448,Four_event_stress,4,1.0,1.0,1.0,1.0,West,"Independent 2027-01-01 snapshot; four events at days 0, 2, 4, 6. Event estimates are not additive."
SC02449,Independent recovery experiment 02449,Four_event_stress,4,1.0,1.0,1.0,1.0,North,"Independent 2027-01-01 snapshot; four events at days 0, 2, 4, 6. Event estimates are not additive."
SC02450,Independent recovery experiment 02450,Four_event_stress,4,1.0,1.0,1.0,1.0,South,"Independent 2027-01-01 snapshot; four events at days 0, 2, 4, 6. Event estimates are not additive."
SC02451,Independent recovery experiment 02451,Four_event_stress,4,1.0,1.0,1.0,1.0,South,"Independent 2027-01-01 snapshot; four events at days 0, 2, 4, 6. Event estimates are not additive."
SC02452,Independent recovery experiment 02452,Four_event_stress,4,1.0,1.0,1.0,1.0,West,"Independent 2027-01-01 snapshot; four events at days 0, 2, 4, 6. Event estimates are not additive."
SC02453,Independent recovery experiment 02453,Four_event_stress,4,1.0,1.0,1.0,1.0,North,"Independent 2027-01-01 snapshot; four events at days 0, 2, 4, 6. Event estimates are not additive."
SC02454,Independent recovery experiment 02454,Four_event_stress,4,1.0,1.0,1.0,1.0,South,"Independent 2027-01-01 snapshot; four events at days 0, 2, 4, 6. Event estimates are not additive."
SC02455,Independent recovery experiment 02455,Four_event_stress,4,1.0,1.0,1.0,1.0,South,"Independent 2027-01-01 snapshot; four events at days 0, 2, 4, 6. Event estimates are not additive."
SC02456,Independent recovery experiment 02456,Four_event_stress,4,1.0,1.0,1.0,1.0,West,"Independent 2027-01-01 snapshot; four events at days 0, 2, 4, 6. Event estimates are not additive."
SC02457,Independent recovery experiment 02457,Four_event_stress,4,1.0,1.0,1.0,1.0,East,"Independent 2027-01-01 snapshot; four events at days 0, 2, 4, 6. Event estimates are not additive."
SC02458,Independent recovery experiment 02458,Four_event_stress,4,1.0,1.0,1.0,1.0,West,"Independent 2027-01-01 snapshot; four events at days 0, 2, 4, 6. Event estimates are not additive."
SC02459,Independent recovery experiment 02459,Four_event_stress,4,1.0,1.0,1.0,1.0,North,"Independent 2027-01-01 snapshot; four events at days 0, 2, 4, 6. Event estimates are not additive."
SC02460,Independent recovery experiment 02460,Four_event_stress,4,1.0,1.0,1.0,1.0,South,"Independent 2027-01-01 snapshot; four events at days 0, 2, 4, 6. Event estimates are not additive."
SC02461,Independent recovery experiment 02461,Four_event_stress,4,1.0,1.0,1.0,1.0,South,"Independent 2027-01-01 snapshot; four events at days 0, 2, 4, 6. Event estimates are not additive."
SC02462,Independent recovery experiment 02462,Four_event_stress,4,1.0,1.0,1.0,1.0,West,"Independent 2027-01-01 snapshot; four events at days 0, 2, 4, 6. Event estimates are not additive."
SC02463,Independent recovery experiment 02463,Four_event_stress,4,1.0,1.0,1.0,1.0,North,"Independent 2027-01-01 snapshot; four events at days 0, 2, 4, 6. Event estimates are not additive."
SC02464,Independent recovery experiment 02464,Four_event_stress,4,1.0,1.0,1.0,1.0,South,"Independent 2027-01-01 snapshot; four events at days 0, 2, 4, 6. Event estimates are not additive."
SC02465,Independent recovery experiment 02465,Four_event_stress,4,1.0,1.0,1.0,1.0,South,"Independent 2027-01-01 snapshot; four events at days 0, 2, 4, 6. Event estimates are not additive."
SC02466,Independent recovery experiment 02466,Four_event_stress,4,1.0,1.0,1.0,1.0,West,"Independent 2027-01-01 snapshot; four events at days 0, 2, 4, 6. Event estimates are not additive."
SC02467,Independent recovery experiment 02467,Four_event_stress,4,1.0,1.0,1.0,1.0,East,"Independent 2027-01-01 snapshot; four events at days 0, 2, 4, 6. Event estimates are not additive."
SC02468,Independent recovery experiment 02468,Four_event_stress,4,1.0,1.0,1.0,1.0,West,"Independent 2027-01-01 snapshot; four events at days 0, 2, 4, 6. Event estimates are not additive."
SC02469,Independent recovery experiment 02469,Four_event_stress,4,1.0,1.0,1.0,1.0,North,"Independent 2027-01-01 snapshot; four events at days 0, 2, 4, 6. Event estimates are not additive."
SC02470,Independent recovery experiment 02470,Four_event_stress,4,1.0,1.0,1.0,1.0,South,"Independent 2027-01-01 snapshot; four events at days 0, 2, 4, 6. Event estimates are not additive."
SC02471,Independent recovery experiment 02471,Four_event_stress,4,1.0,1.0,1.0,1.0,South,"Independent 2027-01-01 snapshot; four events at days 0, 2, 4, 6. Event estimates are not additive."
SC02472,Independent recovery experiment 02472,Four_event_stress,4,1.0,1.0,1.0,1.0,West,"Independent 2027-01-01 snapshot; four events at days 0, 2, 4, 6. Event estimates are not additive."
SC02473,Independent recovery experiment 02473,Four_event_stress,4,1.0,1.0,1.0,1.0,North,"Independent 2027-01-01 snapshot; four events at days 0, 2, 4, 6. Event estimates are not additive."
SC02474,Independent recovery experiment 02474,Four_event_stress,4,1.0,1.0,1.0,1.0,South,"Independent 2027-01-01 snapshot; four events at days 0, 2, 4, 6. Event estimates are not additive."
SC02475,Independent recovery experiment 02475,Four_event_stress,4,1.0,1.0,1.0,1.0,South,"Independent 2027-01-01 snapshot; four events at days 0, 2, 4, 6. Event estimates are not additive."
SC02476,Independent recovery experiment 02476,Four_event_stress,4,1.0,1.0,1.0,1.0,West,"Independent 2027-01-01 snapshot; four events at days 0, 2, 4, 6. Event estimates are not additive."
SC02477,Independent recovery experiment 02477,Four_event_stress,4,1.0,1.0,1.0,1.0,East,"Independent 2027-01-01 snapshot; four events at days 0, 2, 4, 6. Event estimates are not additive."
SC02478,Independent recovery experiment 02478,Four_event_stress,4,1.0,1.0,1.0,1.0,West,"Independent 2027-01-01 snapshot; four events at days 0, 2, 4, 6. Event estimates are not additive."
SC02479,Independent recovery experiment 02479,Four_event_stress,4,1.0,1.0,1.0,1.0,North,"Independent 2027-01-01 snapshot; four events at days 0, 2, 4, 6. Event estimates are not additive."
SC02480,Independent recovery experiment 02480,Four_event_stress,4,1.0,1.0,1.0,1.0,South,"Independent 2027-01-01 snapshot; four events at days 0, 2, 4, 6. Event estimates are not additive."
SC02481,Independent recovery experiment 02481,Four_event_stress,4,1.0,1.0,1.0,1.0,South,"Independent 2027-01-01 snapshot; four events at days 0, 2, 4, 6. Event estimates are not additive."
SC02482,Independent recovery experiment 02482,Four_event_stress,4,1.0,1.0,1.0,1.0,West,"Independent 2027-01-01 snapshot; four events at days 0, 2, 4, 6. Event estimates are not additive."
SC02483,Independent recovery experiment 02483,Four_event_stress,4,1.0,1.0,1.0,1.0,North,"Independent 2027-01-01 snapshot; four events at days 0, 2, 4, 6. Event estimates are not additive."
SC02484,Independent recovery experiment 02484,Four_event_stress,4,1.0,1.0,1.0,1.0,South,"Independent 2027-01-01 snapshot; four events at days 0, 2, 4, 6. Event estimates are not additive."
SC02485,Independent recovery experiment 02485,Four_event_stress,4,1.0,1.0,1.0,1.0,South,"Independent 2027-01-01 snapshot; four events at days 0, 2, 4, 6. Event estimates are not additive."
SC02486,Independent recovery experiment 02486,Four_event_stress,4,1.0,1.0,1.0,1.0,West,"Independent 2027-01-01 snapshot; four events at days 0, 2, 4, 6. Event estimates are not additive."
SC02487,Independent recovery experiment 02487,Four_event_stress,4,1.0,1.0,1.0,1.0,East,"Independent 2027-01-01 snapshot; four events at days 0, 2, 4, 6. Event estimates are not additive."
SC02488,Independent recovery experiment 02488,Four_event_stress,4,1.0,1.0,1.0,1.0,West,"Independent 2027-01-01 snapshot; four events at days 0, 2, 4, 6. Event estimates are not additive."
SC02489,Independent recovery experiment 02489,Four_event_stress,4,1.0,1.0,1.0,1.0,North,"Independent 2027-01-01 snapshot; four events at days 0, 2, 4, 6. Event estimates are not additive."
SC02490,Independent recovery experiment 02490,Four_event_stress,4,1.0,1.0,1.0,1.0,South,"Independent 2027-01-01 snapshot; four events at days 0, 2, 4, 6. Event estimates are not additive."
SC02491,Independent recovery experiment 02491,Four_event_stress,4,1.0,1.0,1.0,1.0,South,"Independent 2027-01-01 snapshot; four events at days 0, 2, 4, 6. Event estimates are not additive."
SC02492,Independent recovery experiment 02492,Four_event_stress,4,1.0,1.0,1.0,1.0,West,"Independent 2027-01-01 snapshot; four events at days 0, 2, 4, 6. Event estimates are not additive."
SC02493,Independent recovery experiment 02493,Four_event_stress,4,1.0,1.0,1.0,1.0,North,"Independent 2027-01-01 snapshot; four events at days 0, 2, 4, 6. Event estimates are not additive."
SC02494,Independent recovery experiment 02494,Four_event_stress,4,1.0,1.0,1.0,1.0,South,"Independent 2027-01-01 snapshot; four events at days 0, 2, 4, 6. Event estimates are not additive."
SC02495,Independent recovery experiment 02495,Four_event_stress,4,1.0,1.0,1.0,1.0,South,"Independent 2027-01-01 snapshot; four events at days 0, 2, 4, 6. Event estimates are not additive."
SC02496,Independent recovery experiment 02496,Four_event_stress,4,1.0,1.0,1.0,1.0,West,"Independent 2027-01-01 snapshot; four events at days 0, 2, 4, 6. Event estimates are not additive."
SC02497,Independent recovery experiment 02497,Four_event_stress,4,1.0,1.0,1.0,1.0,East,"Independent 2027-01-01 snapshot; four events at days 0, 2, 4, 6. Event estimates are not additive."
SC02498,Independent recovery experiment 02498,Four_event_stress,4,1.0,1.0,1.0,1.0,West,"Independent 2027-01-01 snapshot; four events at days 0, 2, 4, 6. Event estimates are not additive."
SC02499,Independent recovery experiment 02499,Four_event_stress,4,1.0,1.0,1.0,1.0,North,"Independent 2027-01-01 snapshot; four events at days 0, 2, 4, 6. Event estimates are not additive."
SC02500,Independent recovery experiment 02500,Four_event_stress,4,1.0,1.0,1.0,1.0,South,"Independent 2027-01-01 snapshot; four events at days 0, 2, 4, 6. Event estimates are not additive."
SC02501,Independent recovery experiment 02501,Four_event_stress,4,1.0,1.0,1.0,1.0,South,"Independent 2027-01-01 snapshot; four events at days 0, 2, 4, 6. Event estimates are not additive."
SC02502,Independent recovery experiment 02502,Four_event_stress,4,1.0,1.0,1.0,1.0,West,"Independent 2027-01-01 snapshot; four events at days 0, 2, 4, 6. Event estimates are not additive."
SC02503,Independent recovery experiment 02503,Four_event_stress,4,1.0,1.0,1.0,1.0,North,"Independent 2027-01-01 snapshot; four events at days 0, 2, 4, 6. Event estimates are not additive."
SC02504,Independent recovery experiment 02504,Four_event_stress,4,1.0,1.0,1.0,1.0,South,"Independent 2027-01-01 snapshot; four events at days 0, 2, 4, 6. Event estimates are not additive."
SC02505,Independent recovery experiment 02505,Four_event_stress,4,1.0,1.0,1.0,1.0,South,"Independent 2027-01-01 snapshot; four events at days 0, 2, 4, 6. Event estimates are not additive."
SC02506,Independent recovery experiment 02506,Four_event_stress,4,1.0,1.0,1.0,1.0,West,"Independent 2027-01-01 snapshot; four events at days 0, 2, 4, 6. Event estimates are not additive."
SC02507,Independent recovery experiment 02507,Four_event_stress,4,1.0,1.0,1.0,1.0,East,"Independent 2027-01-01 snapshot; four events at days 0, 2, 4, 6. Event estimates are not additive."
SC02508,Independent recovery experiment 02508,Four_event_stress,4,1.0,1.0,1.0,1.0,West,"Independent 2027-01-01 snapshot; four events at days 0, 2, 4, 6. Event estimates are not additive."
SC02509,Independent recovery experiment 02509,Four_event_stress,4,1.0,1.0,1.0,1.0,North,"Independent 2027-01-01 snapshot; four events at days 0, 2, 4, 6. Event estimates are not additive."
SC02510,Independent recovery experiment 02510,Four_event_stress,4,1.0,1.0,1.0,1.0,South,"Independent 2027-01-01 snapshot; four events at days 0, 2, 4, 6. Event estimates are not additive."
SC02511,Independent recovery experiment 02511,Four_event_stress,4,1.0,1.0,1.0,1.0,South,"Independent 2027-01-01 snapshot; four events at days 0, 2, 4, 6. Event estimates are not additive."
SC02512,Independent recovery experiment 02512,Four_event_stress,4,1.0,1.0,1.0,1.0,West,"Independent 2027-01-01 snapshot; four events at days 0, 2, 4, 6. Event estimates are not additive."
SC02513,Independent recovery experiment 02513,Four_event_stress,4,1.0,1.0,1.0,1.0,North,"Independent 2027-01-01 snapshot; four events at days 0, 2, 4, 6. Event estimates are not additive."
SC02514,Independent recovery experiment 02514,Four_event_stress,4,1.0,1.0,1.0,1.0,South,"Independent 2027-01-01 snapshot; four events at days 0, 2, 4, 6. Event estimates are not additive."
SC02515,Independent recovery experiment 02515,Four_event_stress,4,1.0,1.0,1.0,1.0,South,"Independent 2027-01-01 snapshot; four events at days 0, 2, 4, 6. Event estimates are not additive."
SC02516,Independent recovery experiment 02516,Four_event_stress,4,1.0,1.0,1.0,1.0,West,"Independent 2027-01-01 snapshot; four events at days 0, 2, 4, 6. Event estimates are not additive."
SC02517,Independent recovery experiment 02517,Four_event_stress,4,1.0,1.0,1.0,1.0,East,"Independent 2027-01-01 snapshot; four events at days 0, 2, 4, 6. Event estimates are not additive."
SC02518,Independent recovery experiment 02518,Four_event_stress,4,1.0,1.0,1.0,1.0,West,"Independent 2027-01-01 snapshot; four events at days 0, 2, 4, 6. Event estimates are not additive."
SC02519,Independent recovery experiment 02519,Four_event_stress,4,1.0,1.0,1.0,1.0,North,"Independent 2027-01-01 snapshot; four events at days 0, 2, 4, 6. Event estimates are not additive."
SC02520,Independent recovery experiment 02520,Four_event_stress,4,1.0,1.0,1.0,1.0,South,"Independent 2027-01-01 snapshot; four events at days 0, 2, 4, 6. Event estimates are not additive."
SC02521,Independent recovery experiment 02521,Four_event_stress,4,1.0,1.0,1.0,1.0,South,"Independent 2027-01-01 snapshot; four events at days 0, 2, 4, 6. Event estimates are not additive."
SC02522,Independent recovery experiment 02522,Four_event_stress,4,1.0,1.0,1.0,1.0,West,"Independent 2027-01-01 snapshot; four events at days 0, 2, 4, 6. Event estimates are not additive."
SC02523,Independent recovery experiment 02523,Four_event_stress,4,1.0,1.0,1.0,1.0,North,"Independent 2027-01-01 snapshot; four events at days 0, 2, 4, 6. Event estimates are not additive."
SC02524,Independent recovery experiment 02524,Four_event_stress,4,1.0,1.0,1.0,1.0,South,"Independent 2027-01-01 snapshot; four events at days 0, 2, 4, 6. Event estimates are not additive."
SC02525,Independent recovery experiment 02525,Four_event_stress,4,1.0,1.0,1.0,1.0,South,"Independent 2027-01-01 snapshot; four events at days 0, 2, 4, 6. Event estimates are not additive."
SC02526,Independent recovery experiment 02526,Four_event_stress,4,1.0,1.0,1.0,1.0,West,"Independent 2027-01-01 snapshot; four events at days 0, 2, 4, 6. Event estimates are not additive."
SC02527,Independent recovery experiment 02527,Four_event_stress,4,1.0,1.0,1.0,1.0,East,"Independent 2027-01-01 snapshot; four events at days 0, 2, 4, 6. Event estimates are not additive."
SC02528,Independent recovery experiment 02528,Four_event_stress,4,1.0,1.0,1.0,1.0,West,"Independent 2027-01-01 snapshot; four events at days 0, 2, 4, 6. Event estimates are not additive."
SC02529,Independent recovery experiment 02529,Four_event_stress,4,1.0,1.0,1.0,1.0,North,"Independent 2027-01-01 snapshot; four events at days 0, 2, 4, 6. Event estimates are not additive."
SC02530,Independent recovery experiment 02530,Four_event_stress,4,1.0,1.0,1.0,1.0,South,"Independent 2027-01-01 snapshot; four events at days 0, 2, 4, 6. Event estimates are not additive."
SC02531,Independent recovery experiment 02531,Four_event_stress,4,1.0,1.0,1.0,1.0,South,"Independent 2027-01-01 snapshot; four events at days 0, 2, 4, 6. Event estimates are not additive."
SC02532,Independent recovery experiment 02532,Four_event_stress,4,1.0,1.0,1.0,1.0,West,"Independent 2027-01-01 snapshot; four events at days 0, 2, 4, 6. Event estimates are not additive."
SC02533,Independent recovery experiment 02533,Four_event_stress,4,1.0,1.0,1.0,1.0,North,"Independent 2027-01-01 snapshot; four events at days 0, 2, 4, 6. Event estimates are not additive."
SC02534,Independent recovery experiment 02534,Four_event_stress,4,1.0,1.0,1.0,1.0,South,"Independent 2027-01-01 snapshot; four events at days 0, 2, 4, 6. Event estimates are not additive."
SC02535,Independent recovery experiment 02535,Four_event_stress,4,1.0,1.0,1.0,1.0,South,"Independent 2027-01-01 snapshot; four events at days 0, 2, 4, 6. Event estimates are not additive."
SC02536,Independent recovery experiment 02536,Four_event_stress,4,1.0,1.0,1.0,1.0,West,"Independent 2027-01-01 snapshot; four events at days 0, 2, 4, 6. Event estimates are not additive."
SC02537,Independent recovery experiment 02537,Four_event_stress,4,1.0,1.0,1.0,1.0,East,"Independent 2027-01-01 snapshot; four events at days 0, 2, 4, 6. Event estimates are not additive."
SC02538,Independent recovery experiment 02538,Four_event_stress,4,1.0,1.0,1.0,1.0,West,"Independent 2027-01-01 snapshot; four events at days 0, 2, 4, 6. Event estimates are not additive."
SC02539,Independent recovery experiment 02539,Four_event_stress,4,1.0,1.0,1.0,1.0,North,"Independent 2027-01-01 snapshot; four events at days 0, 2, 4, 6. Event estimates are not additive."
SC02540,Independent recovery experiment 02540,Four_event_stress,4,1.0,1.0,1.0,1.0,South,"Independent 2027-01-01 snapshot; four events at days 0, 2, 4, 6. Event estimates are not additive."
SC02541,Independent recovery experiment 02541,Four_event_stress,4,1.0,1.0,1.0,1.0,South,"Independent 2027-01-01 snapshot; four events at days 0, 2, 4, 6. Event estimates are not additive."
SC02542,Independent recovery experiment 02542,Four_event_stress,4,1.0,1.0,1.0,1.0,West,"Independent 2027-01-01 snapshot; four events at days 0, 2, 4, 6. Event estimates are not additive."
SC02543,Independent recovery experiment 02543,Four_event_stress,4,1.0,1.0,1.0,1.0,North,"Independent 2027-01-01 snapshot; four events at days 0, 2, 4, 6. Event estimates are not additive."
SC02544,Independent recovery experiment 02544,Four_event_stress,4,1.0,1.0,1.0,1.0,South,"Independent 2027-01-01 snapshot; four events at days 0, 2, 4, 6. Event estimates are not additive."
SC02545,Independent recovery experiment 02545,Four_event_stress,4,1.0,1.0,1.0,1.0,South,"Independent 2027-01-01 snapshot; four events at days 0, 2, 4, 6. Event estimates are not additive."
SC02546,Independent recovery experiment 02546,Four_event_stress,4,1.0,1.0,1.0,1.0,West,"Independent 2027-01-01 snapshot; four events at days 0, 2, 4, 6. Event estimates are not additive."
SC02547,Independent recovery experiment 02547,Four_event_stress,4,1.0,1.0,1.0,1.0,East,"Independent 2027-01-01 snapshot; four events at days 0, 2, 4, 6. Event estimates are not additive."
SC02548,Independent recovery experiment 02548,Four_event_stress,4,1.0,1.0,1.0,1.0,West,"Independent 2027-01-01 snapshot; four events at days 0, 2, 4, 6. Event estimates are not additive."
SC02549,Independent recovery experiment 02549,Four_event_stress,4,1.0,1.0,1.0,1.0,North,"Independent 2027-01-01 snapshot; four events at days 0, 2, 4, 6. Event estimates are not additive."
SC02550,Independent recovery experiment 02550,Four_event_stress,4,1.0,1.0,1.0,1.0,South,"Independent 2027-01-01 snapshot; four events at days 0, 2, 4, 6. Event estimates are not additive."
SC02551,Independent recovery experiment 02551,Four_event_stress,4,1.0,1.0,1.0,1.0,South,"Independent 2027-01-01 snapshot; four events at days 0, 2, 4, 6. Event estimates are not additive."
SC02552,Independent recovery experiment 02552,Four_event_stress,4,1.0,1.0,1.0,1.0,West,"Independent 2027-01-01 snapshot; four events at days 0, 2, 4, 6. Event estimates are not additive."
SC02553,Independent recovery experiment 02553,Four_event_stress,4,1.0,1.0,1.0,1.0,North,"Independent 2027-01-01 snapshot; four events at days 0, 2, 4, 6. Event estimates are not additive."
SC02554,Independent recovery experiment 02554,Four_event_stress,4,1.0,1.0,1.0,1.0,South,"Independent 2027-01-01 snapshot; four events at days 0, 2, 4, 6. Event estimates are not additive."
SC02555,Independent recovery experiment 02555,Four_event_stress,4,1.0,1.0,1.0,1.0,South,"Independent 2027-01-01 snapshot; four events at days 0, 2, 4, 6. Event estimates are not additive."
SC02556,Independent recovery experiment 02556,Four_event_stress,4,1.0,1.0,1.0,1.0,West,"Independent 2027-01-01 snapshot; four events at days 0, 2, 4, 6. Event estimates are not additive."
SC02557,Independent recovery experiment 02557,Four_event_stress,4,1.0,1.0,1.0,1.0,East,"Independent 2027-01-01 snapshot; four events at days 0, 2, 4, 6. Event estimates are not additive."
SC02558,Independent recovery experiment 02558,Four_event_stress,4,1.0,1.0,1.0,1.0,West,"Independent 2027-01-01 snapshot; four events at days 0, 2, 4, 6. Event estimates are not additive."
SC02559,Independent recovery experiment 02559,Four_event_stress,4,1.0,1.0,1.0,1.0,North,"Independent 2027-01-01 snapshot; four events at days 0, 2, 4, 6. Event estimates are not additive."
SC02560,Independent recovery experiment 02560,Four_event_stress,4,1.0,1.0,1.0,1.0,South,"Independent 2027-01-01 snapshot; four events at days 0, 2, 4, 6. Event estimates are not additive."
SC02561,Independent recovery experiment 02561,Four_event_stress,4,1.0,1.0,1.0,1.0,South,"Independent 2027-01-01 snapshot; four events at days 0, 2, 4, 6. Event estimates are not additive."
SC02562,Independent recovery experiment 02562,Four_event_stress,4,1.0,1.0,1.0,1.0,West,"Independent 2027-01-01 snapshot; four events at days 0, 2, 4, 6. Event estimates are not additive."
SC02563,Independent recovery experiment 02563,Four_event_stress,4,1.0,1.0,1.0,1.0,North,"Independent 2027-01-01 snapshot; four events at days 0, 2, 4, 6. Event estimates are not additive."
SC02564,Independent recovery experiment 02564,Four_event_stress,4,1.0,1.0,1.0,1.0,South,"Independent 2027-01-01 snapshot; four events at days 0, 2, 4, 6. Event estimates are not additive."
SC02565,Independent recovery experiment 02565,Four_event_stress,4,1.0,1.0,1.0,1.0,South,"Independent 2027-01-01 snapshot; four events at days 0, 2, 4, 6. Event estimates are not additive."
SC02566,Independent recovery experiment 02566,Four_event_stress,4,1.0,1.0,1.0,1.0,West,"Independent 2027-01-01 snapshot; four events at days 0, 2, 4, 6. Event estimates are not additive."
SC02567,Independent recovery experiment 02567,Four_event_stress,4,1.0,1.0,1.0,1.0,East,"Independent 2027-01-01 snapshot; four events at days 0, 2, 4, 6. Event estimates are not additive."
SC02568,Independent recovery experiment 02568,Four_event_stress,4,1.0,1.0,1.0,1.0,West,"Independent 2027-01-01 snapshot; four events at days 0, 2, 4, 6. Event estimates are not additive."
SC02569,Independent recovery experiment 02569,Four_event_stress,4,1.0,1.0,1.0,1.0,North,"Independent 2027-01-01 snapshot; four events at days 0, 2, 4, 6. Event estimates are not additive."
SC02570,Independent recovery experiment 02570,Four_event_stress,4,1.0,1.0,1.0,1.0,South,"Independent 2027-01-01 snapshot; four events at days 0, 2, 4, 6. Event estimates are not additive."
SC02571,Independent recovery experiment 02571,Four_event_stress,4,1.0,1.0,1.0,1.0,South,"Independent 2027-01-01 snapshot; four events at days 0, 2, 4, 6. Event estimates are not additive."
SC02572,Independent recovery experiment 02572,Four_event_stress,4,1.0,1.0,1.0,1.0,West,"Independent 2027-01-01 snapshot; four events at days 0, 2, 4, 6. Event estimates are not additive."
SC02573,Independent recovery experiment 02573,Four_event_stress,4,1.0,1.0,1.0,1.0,North,"Independent 2027-01-01 snapshot; four events at days 0, 2, 4, 6. Event estimates are not additive."
SC02574,Independent recovery experiment 02574,Four_event_stress,4,1.0,1.0,1.0,1.0,South,"Independent 2027-01-01 snapshot; four events at days 0, 2, 4, 6. Event estimates are not additive."
SC02575,Independent recovery experiment 02575,Four_event_stress,4,1.0,1.0,1.0,1.0,South,"Independent 2027-01-01 snapshot; four events at days 0, 2, 4, 6. Event estimates are not additive."
SC02576,Independent recovery experiment 02576,Four_event_stress,4,1.0,1.0,1.0,1.0,West,"Independent 2027-01-01 snapshot; four events at days 0, 2, 4, 6. Event estimates are not additive."
SC02577,Independent recovery experiment 02577,Four_event_stress,4,1.0,1.0,1.0,1.0,East,"Independent 2027-01-01 snapshot; four events at days 0, 2, 4, 6. Event estimates are not additive."
SC02578,Independent recovery experiment 02578,Four_event_stress,4,1.0,1.0,1.0,1.0,West,"Independent 2027-01-01 snapshot; four events at days 0, 2, 4, 6. Event estimates are not additive."
SC02579,Independent recovery experiment 02579,Four_event_stress,4,1.0,1.0,1.0,1.0,North,"Independent 2027-01-01 snapshot; four events at days 0, 2, 4, 6. Event estimates are not additive."
SC02580,Independent recovery experiment 02580,Four_event_stress,4,1.0,1.0,1.0,1.0,South,"Independent 2027-01-01 snapshot; four events at days 0, 2, 4, 6. Event estimates are not additive."
SC02581,Independent recovery experiment 02581,Four_event_stress,4,1.0,1.0,1.0,1.0,South,"Independent 2027-01-01 snapshot; four events at days 0, 2, 4, 6. Event estimates are not additive."
SC02582,Independent recovery experiment 02582,Four_event_stress,4,1.0,1.0,1.0,1.0,West,"Independent 2027-01-01 snapshot; four events at days 0, 2, 4, 6. Event estimates are not additive."
SC02583,Independent recovery experiment 02583,Four_event_stress,4,1.0,1.0,1.0,1.0,North,"Independent 2027-01-01 snapshot; four events at days 0, 2, 4, 6. Event estimates are not additive."
SC02584,Independent recovery experiment 02584,Four_event_stress,4,1.0,1.0,1.0,1.0,South,"Independent 2027-01-01 snapshot; four events at days 0, 2, 4, 6. Event estimates are not additive."
SC02585,Independent recovery experiment 02585,Four_event_stress,4,1.0,1.0,1.0,1.0,South,"Independent 2027-01-01 snapshot; four events at days 0, 2, 4, 6. Event estimates are not additive."
SC02586,Independent recovery experiment 02586,Four_event_stress,4,1.0,1.0,1.0,1.0,West,"Independent 2027-01-01 snapshot; four events at days 0, 2, 4, 6. Event estimates are not additive."
SC02587,Independent recovery experiment 02587,Four_event_stress,4,1.0,1.0,1.0,1.0,East,"Independent 2027-01-01 snapshot; four events at days 0, 2, 4, 6. Event estimates are not additive."
SC02588,Independent recovery experiment 02588,Four_event_stress,4,1.0,1.0,1.0,1.0,West,"Independent 2027-01-01 snapshot; four events at days 0, 2, 4, 6. Event estimates are not additive."
SC02589,Independent recovery experiment 02589,Four_event_stress,4,1.0,1.0,1.0,1.0,North,"Independent 2027-01-01 snapshot; four events at days 0, 2, 4, 6. Event estimates are not additive."
SC02590,Independent recovery experiment 02590,Four_event_stress,4,1.0,1.0,1.0,1.0,South,"Independent 2027-01-01 snapshot; four events at days 0, 2, 4, 6. Event estimates are not additive."
SC02591,Independent recovery experiment 02591,Four_event_stress,4,1.0,1.0,1.0,1.0,South,"Independent 2027-01-01 snapshot; four events at days 0, 2, 4, 6. Event estimates are not additive."
SC02592,Independent recovery experiment 02592,Four_event_stress,4,1.0,1.0,1.0,1.0,West,"Independent 2027-01-01 snapshot; four events at days 0, 2, 4, 6. Event estimates are not additive."
SC02593,Independent recovery experiment 02593,Four_event_stress,4,1.0,1.0,1.0,1.0,North,"Independent 2027-01-01 snapshot; four events at days 0, 2, 4, 6. Event estimates are not additive."
SC02594,Independent recovery experiment 02594,Four_event_stress,4,1.0,1.0,1.0,1.0,South,"Independent 2027-01-01 snapshot; four events at days 0, 2, 4, 6. Event estimates are not additive."
SC02595,Independent recovery experiment 02595,Four_event_stress,4,1.0,1.0,1.0,1.0,South,"Independent 2027-01-01 snapshot; four events at days 0, 2, 4, 6. Event estimates are not additive."
SC02596,Independent recovery experiment 02596,Four_event_stress,4,1.0,1.0,1.0,1.0,West,"Independent 2027-01-01 snapshot; four events at days 0, 2, 4, 6. Event estimates are not additive."
SC02597,Independent recovery experiment 02597,Four_event_stress,4,1.0,1.0,1.0,1.0,East,"Independent 2027-01-01 snapshot; four events at days 0, 2, 4, 6. Event estimates are not additive."
SC02598,Independent recovery experiment 02598,Four_event_stress,4,1.0,1.0,1.0,1.0,West,"Independent 2027-01-01 snapshot; four events at days 0, 2, 4, 6. Event estimates are not additive."
SC02599,Independent recovery experiment 02599,Four_event_stress,4,1.0,1.0,1.0,1.0,North,"Independent 2027-01-01 snapshot; four events at days 0, 2, 4, 6. Event estimates are not additive."
SC02600,Independent recovery experiment 02600,Four_event_stress,4,1.0,1.0,1.0,1.0,South,"Independent 2027-01-01 snapshot; four events at days 0, 2, 4, 6. Event estimates are not additive."
SC02601,Independent recovery experiment 02601,Four_event_stress,4,1.0,1.0,1.0,1.0,South,"Independent 2027-01-01 snapshot; four events at days 0, 2, 4, 6. Event estimates are not additive."
SC02602,Independent recovery experiment 02602,Four_event_stress,4,1.0,1.0,1.0,1.0,West,"Independent 2027-01-01 snapshot; four events at days 0, 2, 4, 6. Event estimates are not additive."
SC02603,Independent recovery experiment 02603,Four_event_stress,4,1.0,1.0,1.0,1.0,North,"Independent 2027-01-01 snapshot; four events at days 0, 2, 4, 6. Event estimates are not additive."
SC02604,Independent recovery experiment 02604,Four_event_stress,4,1.0,1.0,1.0,1.0,South,"Independent 2027-01-01 snapshot; four events at days 0, 2, 4, 6. Event estimates are not additive."
SC02605,Independent recovery experiment 02605,Four_event_stress,4,1.0,1.0,1.0,1.0,South,"Independent 2027-01-01 snapshot; four events at days 0, 2, 4, 6. Event estimates are not additive."
SC02606,Independent recovery experiment 02606,Four_event_stress,4,1.0,1.0,1.0,1.0,West,"Independent 2027-01-01 snapshot; four events at days 0, 2, 4, 6. Event estimates are not additive."
SC02607,Independent recovery experiment 02607,Four_event_stress,4,1.0,1.0,1.0,1.0,East,"Independent 2027-01-01 snapshot; four events at days 0, 2, 4, 6. Event estimates are not additive."
SC02608,Independent recovery experiment 02608,Four_event_stress,4,1.0,1.0,1.0,1.0,West,"Independent 2027-01-01 snapshot; four events at days 0, 2, 4, 6. Event estimates are not additive."
SC02609,Independent recovery experiment 02609,Four_event_stress,4,1.0,1.0,1.0,1.0,North,"Independent 2027-01-01 snapshot; four events at days 0, 2, 4, 6. Event estimates are not additive."
SC02610,Independent recovery experiment 02610,Four_event_stress,4,1.0,1.0,1.0,1.0,South,"Independent 2027-01-01 snapshot; four events at days 0, 2, 4, 6. Event estimates are not additive."
SC02611,Independent recovery experiment 02611,Four_event_stress,4,1.0,1.0,1.0,1.0,South,"Independent 2027-01-01 snapshot; four events at days 0, 2, 4, 6. Event estimates are not additive."
SC02612,Independent recovery experiment 02612,Four_event_stress,4,1.0,1.0,1.0,1.0,West,"Independent 2027-01-01 snapshot; four events at days 0, 2, 4, 6. Event estimates are not additive."
SC02613,Independent recovery experiment 02613,Four_event_stress,4,1.0,1.0,1.0,1.0,North,"Independent 2027-01-01 snapshot; four events at days 0, 2, 4, 6. Event estimates are not additive."
SC02614,Independent recovery experiment 02614,Four_event_stress,4,1.0,1.0,1.0,1.0,South,"Independent 2027-01-01 snapshot; four events at days 0, 2, 4, 6. Event estimates are not additive."
SC02615,Independent recovery experiment 02615,Four_event_stress,4,1.0,1.0,1.0,1.0,South,"Independent 2027-01-01 snapshot; four events at days 0, 2, 4, 6. Event estimates are not additive."
SC02616,Independent recovery experiment 02616,Four_event_stress,4,1.0,1.0,1.0,1.0,West,"Independent 2027-01-01 snapshot; four events at days 0, 2, 4, 6. Event estimates are not additive."
SC02617,Independent recovery experiment 02617,Four_event_stress,4,1.0,1.0,1.0,1.0,East,"Independent 2027-01-01 snapshot; four events at days 0, 2, 4, 6. Event estimates are not additive."
SC02618,Independent recovery experiment 02618,Four_event_stress,4,1.0,1.0,1.0,1.0,West,"Independent 2027-01-01 snapshot; four events at days 0, 2, 4, 6. Event estimates are not additive."
SC02619,Independent recovery experiment 02619,Four_event_stress,4,1.0,1.0,1.0,1.0,North,"Independent 2027-01-01 snapshot; four events at days 0, 2, 4, 6. Event estimates are not additive."
SC02620,Independent recovery experiment 02620,Four_event_stress,4,1.0,1.0,1.0,1.0,South,"Independent 2027-01-01 snapshot; four events at days 0, 2, 4, 6. Event estimates are not additive."
SC02621,Independent recovery experiment 02621,Four_event_stress,4,1.0,1.0,1.0,1.0,South,"Independent 2027-01-01 snapshot; four events at days 0, 2, 4, 6. Event estimates are not additive."
SC02622,Independent recovery experiment 02622,Four_event_stress,4,1.0,1.0,1.0,1.0,West,"Independent 2027-01-01 snapshot; four events at days 0, 2, 4, 6. Event estimates are not additive."
SC02623,Independent recovery experiment 02623,Four_event_stress,4,1.0,1.0,1.0,1.0,North,"Independent 2027-01-01 snapshot; four events at days 0, 2, 4, 6. Event estimates are not additive."
SC02624,Independent recovery experiment 02624,Four_event_stress,4,1.0,1.0,1.0,1.0,South,"Independent 2027-01-01 snapshot; four events at days 0, 2, 4, 6. Event estimates are not additive."
SC02625,Independent recovery experiment 02625,Four_event_stress,4,1.0,1.0,1.0,1.0,South,"Independent 2027-01-01 snapshot; four events at days 0, 2, 4, 6. Event estimates are not additive."
SC02626,Independent recovery experiment 02626,Four_event_stress,4,1.0,1.0,1.0,1.0,West,"Independent 2027-01-01 snapshot; four events at days 0, 2, 4, 6. Event estimates are not additive."
SC02627,Independent recovery experiment 02627,Four_event_stress,4,1.0,1.0,1.0,1.0,East,"Independent 2027-01-01 snapshot; four events at days 0, 2, 4, 6. Event estimates are not additive."
SC02628,Independent recovery experiment 02628,Four_event_stress,4,1.0,1.0,1.0,1.0,West,"Independent 2027-01-01 snapshot; four events at days 0, 2, 4, 6. Event estimates are not additive."
SC02629,Independent recovery experiment 02629,Four_event_stress,4,1.0,1.0,1.0,1.0,North,"Independent 2027-01-01 snapshot; four events at days 0, 2, 4, 6. Event estimates are not additive."
SC02630,Independent recovery experiment 02630,Four_event_stress,4,1.0,1.0,1.0,1.0,South,"Independent 2027-01-01 snapshot; four events at days 0, 2, 4, 6. Event estimates are not additive."
SC02631,Independent recovery experiment 02631,Four_event_stress,4,1.0,1.0,1.0,1.0,South,"Independent 2027-01-01 snapshot; four events at days 0, 2, 4, 6. Event estimates are not additive."
SC02632,Independent recovery experiment 02632,Four_event_stress,4,1.0,1.0,1.0,1.0,West,"Independent 2027-01-01 snapshot; four events at days 0, 2, 4, 6. Event estimates are not additive."
SC02633,Independent recovery experiment 02633,Four_event_stress,4,1.0,1.0,1.0,1.0,North,"Independent 2027-01-01 snapshot; four events at days 0, 2, 4, 6. Event estimates are not additive."
SC02634,Independent recovery experiment 02634,Four_event_stress,4,1.0,1.0,1.0,1.0,South,"Independent 2027-01-01 snapshot; four events at days 0, 2, 4, 6. Event estimates are not additive."
SC02635,Independent recovery experiment 02635,Four_event_stress,4,1.0,1.0,1.0,1.0,South,"Independent 2027-01-01 snapshot; four events at days 0, 2, 4, 6. Event estimates are not additive."
SC02636,Independent recovery experiment 02636,Four_event_stress,4,1.0,1.0,1.0,1.0,West,"Independent 2027-01-01 snapshot; four events at days 0, 2, 4, 6. Event estimates are not additive."
SC02637,Independent recovery experiment 02637,Four_event_stress,4,1.0,1.0,1.0,1.0,East,"Independent 2027-01-01 snapshot; four events at days 0, 2, 4, 6. Event estimates are not additive."
SC02638,Independent recovery experiment 02638,Four_event_stress,4,1.0,1.0,1.0,1.0,West,"Independent 2027-01-01 snapshot; four events at days 0, 2, 4, 6. Event estimates are not additive."
SC02639,Independent recovery experiment 02639,Four_event_stress,4,1.0,1.0,1.0,1.0,North,"Independent 2027-01-01 snapshot; four events at days 0, 2, 4, 6. Event estimates are not additive."
SC02640,Independent recovery experiment 02640,Four_event_stress,4,1.0,1.0,1.0,1.0,South,"Independent 2027-01-01 snapshot; four events at days 0, 2, 4, 6. Event estimates are not additive."
SC02641,Independent recovery experiment 02641,Four_event_stress,4,1.0,1.0,1.0,1.0,South,"Independent 2027-01-01 snapshot; four events at days 0, 2, 4, 6. Event estimates are not additive."
SC02642,Independent recovery experiment 02642,Four_event_stress,4,1.0,1.0,1.0,1.0,West,"Independent 2027-01-01 snapshot; four events at days 0, 2, 4, 6. Event estimates are not additive."
SC02643,Independent recovery experiment 02643,Four_event_stress,4,1.0,1.0,1.0,1.0,North,"Independent 2027-01-01 snapshot; four events at days 0, 2, 4, 6. Event estimates are not additive."
SC02644,Independent recovery experiment 02644,Four_event_stress,4,1.0,1.0,1.0,1.0,South,"Independent 2027-01-01 snapshot; four events at days 0, 2, 4, 6. Event estimates are not additive."
SC02645,Independent recovery experiment 02645,Four_event_stress,4,1.0,1.0,1.0,1.0,South,"Independent 2027-01-01 snapshot; four events at days 0, 2, 4, 6. Event estimates are not additive."
SC02646,Independent recovery experiment 02646,Four_event_stress,4,1.0,1.0,1.0,1.0,West,"Independent 2027-01-01 snapshot; four events at days 0, 2, 4, 6. Event estimates are not additive."
SC02647,Independent recovery experiment 02647,Four_event_stress,4,1.0,1.0,1.0,1.0,East,"Independent 2027-01-01 snapshot; four events at days 0, 2, 4, 6. Event estimates are not additive."
SC02648,Independent recovery experiment 02648,Four_event_stress,4,1.0,1.0,1.0,1.0,West,"Independent 2027-01-01 snapshot; four events at days 0, 2, 4, 6. Event estimates are not additive."
SC02649,Independent recovery experiment 02649,Four_event_stress,4,1.0,1.0,1.0,1.0,North,"Independent 2027-01-01 snapshot; four events at days 0, 2, 4, 6. Event estimates are not additive."
SC02650,Independent recovery experiment 02650,Four_event_stress,4,1.0,1.0,1.0,1.0,South,"Independent 2027-01-01 snapshot; four events at days 0, 2, 4, 6. Event estimates are not additive."
SC02651,Independent recovery experiment 02651,Four_event_stress,4,1.0,1.0,1.0,1.0,South,"Independent 2027-01-01 snapshot; four events at days 0, 2, 4, 6. Event estimates are not additive."
SC02652,Independent recovery experiment 02652,Four_event_stress,4,1.0,1.0,1.0,1.0,West,"Independent 2027-01-01 snapshot; four events at days 0, 2, 4, 6. Event estimates are not additive."
SC02653,Independent recovery experiment 02653,Four_event_stress,4,1.0,1.0,1.0,1.0,North,"Independent 2027-01-01 snapshot; four events at days 0, 2, 4, 6. Event estimates are not additive."
SC02654,Independent recovery experiment 02654,Four_event_stress,4,1.0,1.0,1.0,1.0,South,"Independent 2027-01-01 snapshot; four events at days 0, 2, 4, 6. Event estimates are not additive."
SC02655,Independent recovery experiment 02655,Four_event_stress,4,1.0,1.0,1.0,1.0,South,"Independent 2027-01-01 snapshot; four events at days 0, 2, 4, 6. Event estimates are not additive."
SC02656,Independent recovery experiment 02656,Four_event_stress,4,1.0,1.0,1.0,1.0,West,"Independent 2027-01-01 snapshot; four events at days 0, 2, 4, 6. Event estimates are not additive."
SC02657,Independent recovery experiment 02657,Four_event_stress,4,1.0,1.0,1.0,1.0,East,"Independent 2027-01-01 snapshot; four events at days 0, 2, 4, 6. Event estimates are not additive."
SC02658,Independent recovery experiment 02658,Four_event_stress,4,1.0,1.0,1.0,1.0,West,"Independent 2027-01-01 snapshot; four events at days 0, 2, 4, 6. Event estimates are not additive."
SC02659,Independent recovery experiment 02659,Four_event_stress,4,1.0,1.0,1.0,1.0,North,"Independent 2027-01-01 snapshot; four events at days 0, 2, 4, 6. Event estimates are not additive."
SC02660,Independent recovery experiment 02660,Four_event_stress,4,1.0,1.0,1.0,1.0,South,"Independent 2027-01-01 snapshot; four events at days 0, 2, 4, 6. Event estimates are not additive."
SC02661,Independent recovery experiment 02661,Four_event_stress,4,1.0,1.0,1.0,1.0,South,"Independent 2027-01-01 snapshot; four events at days 0, 2, 4, 6. Event estimates are not additive."
SC02662,Independent recovery experiment 02662,Four_event_stress,4,1.0,1.0,1.0,1.0,West,"Independent 2027-01-01 snapshot; four events at days 0, 2, 4, 6. Event estimates are not additive."
SC02663,Independent recovery experiment 02663,Four_event_stress,4,1.0,1.0,1.0,1.0,North,"Independent 2027-01-01 snapshot; four events at days 0, 2, 4, 6. Event estimates are not additive."
SC02664,Independent recovery experiment 02664,Four_event_stress,4,1.0,1.0,1.0,1.0,South,"Independent 2027-01-01 snapshot; four events at days 0, 2, 4, 6. Event estimates are not additive."
SC02665,Independent recovery experiment 02665,Four_event_stress,4,1.0,1.0,1.0,1.0,South,"Independent 2027-01-01 snapshot; four events at days 0, 2, 4, 6. Event estimates are not additive."
SC02666,Independent recovery experiment 02666,Four_event_stress,4,1.0,1.0,1.0,1.0,West,"Independent 2027-01-01 snapshot; four events at days 0, 2, 4, 6. Event estimates are not additive."
SC02667,Independent recovery experiment 02667,Four_event_stress,4,1.0,1.0,1.0,1.0,East,"Independent 2027-01-01 snapshot; four events at days 0, 2, 4, 6. Event estimates are not additive."
SC02668,Independent recovery experiment 02668,Four_event_stress,4,1.0,1.0,1.0,1.0,West,"Independent 2027-01-01 snapshot; four events at days 0, 2, 4, 6. Event estimates are not additive."
SC02669,Independent recovery experiment 02669,Four_event_stress,4,1.0,1.0,1.0,1.0,North,"Independent 2027-01-01 snapshot; four events at days 0, 2, 4, 6. Event estimates are not additive."
SC02670,Independent recovery experiment 02670,Four_event_stress,4,1.0,1.0,1.0,1.0,South,"Independent 2027-01-01 snapshot; four events at days 0, 2, 4, 6. Event estimates are not additive."
SC02671,Independent recovery experiment 02671,Four_event_stress,4,1.0,1.0,1.0,1.0,South,"Independent 2027-01-01 snapshot; four events at days 0, 2, 4, 6. Event estimates are not additive."
SC02672,Independent recovery experiment 02672,Four_event_stress,4,1.0,1.0,1.0,1.0,West,"Independent 2027-01-01 snapshot; four events at days 0, 2, 4, 6. Event estimates are not additive."
SC02673,Independent recovery experiment 02673,Four_event_stress,4,1.0,1.0,1.0,1.0,North,"Independent 2027-01-01 snapshot; four events at days 0, 2, 4, 6. Event estimates are not additive."
SC02674,Independent recovery experiment 02674,Four_event_stress,4,1.0,1.0,1.0,1.0,South,"Independent 2027-01-01 snapshot; four events at days 0, 2, 4, 6. Event estimates are not additive."
SC02675,Independent recovery experiment 02675,Four_event_stress,4,1.0,1.0,1.0,1.0,South,"Independent 2027-01-01 snapshot; four events at days 0, 2, 4, 6. Event estimates are not additive."
SC02676,Independent recovery experiment 02676,Four_event_stress,4,1.0,1.0,1.0,1.0,West,"Independent 2027-01-01 snapshot; four events at days 0, 2, 4, 6. Event estimates are not additive."
SC02677,Independent recovery experiment 02677,Four_event_stress,4,1.0,1.0,1.0,1.0,East,"Independent 2027-01-01 snapshot; four events at days 0, 2, 4, 6. Event estimates are not additive."
SC02678,Independent recovery experiment 02678,Four_event_stress,4,1.0,1.0,1.0,1.0,West,"Independent 2027-01-01 snapshot; four events at days 0, 2, 4, 6. Event estimates are not additive."
SC02679,Independent recovery experiment 02679,Four_event_stress,4,1.0,1.0,1.0,1.0,North,"Independent 2027-01-01 snapshot; four events at days 0, 2, 4, 6. Event estimates are not additive."
SC02680,Independent recovery experiment 02680,Four_event_stress,4,1.0,1.0,1.0,1.0,South,"Independent 2027-01-01 snapshot; four events at days 0, 2, 4, 6. Event estimates are not additive."
SC02681,Independent recovery experiment 02681,Four_event_stress,4,1.0,1.0,1.0,1.0,South,"Independent 2027-01-01 snapshot; four events at days 0, 2, 4, 6. Event estimates are not additive."
SC02682,Independent recovery experiment 02682,Four_event_stress,4,1.0,1.0,1.0,1.0,West,"Independent 2027-01-01 snapshot; four events at days 0, 2, 4, 6. Event estimates are not additive."
SC02683,Independent recovery experiment 02683,Four_event_stress,4,1.0,1.0,1.0,1.0,North,"Independent 2027-01-01 snapshot; four events at days 0, 2, 4, 6. Event estimates are not additive."
SC02684,Independent recovery experiment 02684,Four_event_stress,4,1.0,1.0,1.0,1.0,South,"Independent 2027-01-01 snapshot; four events at days 0, 2, 4, 6. Event estimates are not additive."
SC02685,Independent recovery experiment 02685,Four_event_stress,4,1.0,1.0,1.0,1.0,South,"Independent 2027-01-01 snapshot; four events at days 0, 2, 4, 6. Event estimates are not additive."
SC02686,Independent recovery experiment 02686,Four_event_stress,4,1.0,1.0,1.0,1.0,West,"Independent 2027-01-01 snapshot; four events at days 0, 2, 4, 6. Event estimates are not additive."
SC02687,Independent recovery experiment 02687,Four_event_stress,4,1.0,1.0,1.0,1.0,East,"Independent 2027-01-01 snapshot; four events at days 0, 2, 4, 6. Event estimates are not additive."
SC02688,Independent recovery experiment 02688,Four_event_stress,4,1.0,1.0,1.0,1.0,West,"Independent 2027-01-01 snapshot; four events at days 0, 2, 4, 6. Event estimates are not additive."
SC02689,Independent recovery experiment 02689,Four_event_stress,4,1.0,1.0,1.0,1.0,North,"Independent 2027-01-01 snapshot; four events at days 0, 2, 4, 6. Event estimates are not additive."
SC02690,Independent recovery experiment 02690,Four_event_stress,4,1.0,1.0,1.0,1.0,South,"Independent 2027-01-01 snapshot; four events at days 0, 2, 4, 6. Event estimates are not additive."
SC02691,Independent recovery experiment 02691,Four_event_stress,4,1.0,1.0,1.0,1.0,South,"Independent 2027-01-01 snapshot; four events at days 0, 2, 4, 6. Event estimates are not additive."
SC02692,Independent recovery experiment 02692,Four_event_stress,4,1.0,1.0,1.0,1.0,West,"Independent 2027-01-01 snapshot; four events at days 0, 2, 4, 6. Event estimates are not additive."
SC02693,Independent recovery experiment 02693,Four_event_stress,4,1.0,1.0,1.0,1.0,North,"Independent 2027-01-01 snapshot; four events at days 0, 2, 4, 6. Event estimates are not additive."
SC02694,Independent recovery experiment 02694,Four_event_stress,4,1.0,1.0,1.0,1.0,South,"Independent 2027-01-01 snapshot; four events at days 0, 2, 4, 6. Event estimates are not additive."
SC02695,Independent recovery experiment 02695,Four_event_stress,4,1.0,1.0,1.0,1.0,South,"Independent 2027-01-01 snapshot; four events at days 0, 2, 4, 6. Event estimates are not additive."
SC02696,Independent recovery experiment 02696,Four_event_stress,4,1.0,1.0,1.0,1.0,West,"Independent 2027-01-01 snapshot; four events at days 0, 2, 4, 6. Event estimates are not additive."
SC02697,Independent recovery experiment 02697,Four_event_stress,4,1.0,1.0,1.0,1.0,East,"Independent 2027-01-01 snapshot; four events at days 0, 2, 4, 6. Event estimates are not additive."
SC02698,Independent recovery experiment 02698,Four_event_stress,4,1.0,1.0,1.0,1.0,West,"Independent 2027-01-01 snapshot; four events at days 0, 2, 4, 6. Event estimates are not additive."
SC02699,Independent recovery experiment 02699,Four_event_stress,4,1.0,1.0,1.0,1.0,North,"Independent 2027-01-01 snapshot; four events at days 0, 2, 4, 6. Event estimates are not additive."
SC02700,Independent recovery experiment 02700,Four_event_stress,4,1.0,1.0,1.0,1.0,South,"Independent 2027-01-01 snapshot; four events at days 0, 2, 4, 6. Event estimates are not additive."
SC02701,Independent recovery experiment 02701,Four_event_stress,4,1.0,1.0,1.0,1.0,South,"Independent 2027-01-01 snapshot; four events at days 0, 2, 4, 6. Event estimates are not additive."
SC02702,Independent recovery experiment 02702,Four_event_stress,4,1.0,1.0,1.0,1.0,West,"Independent 2027-01-01 snapshot; four events at days 0, 2, 4, 6. Event estimates are not additive."
SC02703,Independent recovery experiment 02703,Four_event_stress,4,1.0,1.0,1.0,1.0,North,"Independent 2027-01-01 snapshot; four events at days 0, 2, 4, 6. Event estimates are not additive."
SC02704,Independent recovery experiment 02704,Four_event_stress,4,1.0,1.0,1.0,1.0,South,"Independent 2027-01-01 snapshot; four events at days 0, 2, 4, 6. Event estimates are not additive."
SC02705,Independent recovery experiment 02705,Four_event_stress,4,1.0,1.0,1.0,1.0,South,"Independent 2027-01-01 snapshot; four events at days 0, 2, 4, 6. Event estimates are not additive."
SC02706,Independent recovery experiment 02706,Four_event_stress,4,1.0,1.0,1.0,1.0,West,"Independent 2027-01-01 snapshot; four events at days 0, 2, 4, 6. Event estimates are not additive."
SC02707,Independent recovery experiment 02707,Four_event_stress,4,1.0,1.0,1.0,1.0,East,"Independent 2027-01-01 snapshot; four events at days 0, 2, 4, 6. Event estimates are not additive."
SC02708,Independent recovery experiment 02708,Four_event_stress,4,1.0,1.0,1.0,1.0,West,"Independent 2027-01-01 snapshot; four events at days 0, 2, 4, 6. Event estimates are not additive."
SC02709,Independent recovery experiment 02709,Four_event_stress,4,1.0,1.0,1.0,1.0,North,"Independent 2027-01-01 snapshot; four events at days 0, 2, 4, 6. Event estimates are not additive."
SC02710,Independent recovery experiment 02710,Four_event_stress,4,1.0,1.0,1.0,1.0,South,"Independent 2027-01-01 snapshot; four events at days 0, 2, 4, 6. Event estimates are not additive."
SC02711,Independent recovery experiment 02711,Four_event_stress,4,1.0,1.0,1.0,1.0,South,"Independent 2027-01-01 snapshot; four events at days 0, 2, 4, 6. Event estimates are not additive."
SC02712,Independent recovery experiment 02712,Four_event_stress,4,1.0,1.0,1.0,1.0,West,"Independent 2027-01-01 snapshot; four events at days 0, 2, 4, 6. Event estimates are not additive."
SC02713,Independent recovery experiment 02713,Four_event_stress,4,1.0,1.0,1.0,1.0,North,"Independent 2027-01-01 snapshot; four events at days 0, 2, 4, 6. Event estimates are not additive."
SC02714,Independent recovery experiment 02714,Four_event_stress,4,1.0,1.0,1.0,1.0,South,"Independent 2027-01-01 snapshot; four events at days 0, 2, 4, 6. Event estimates are not additive."
SC02715,Independent recovery experiment 02715,Four_event_stress,4,1.0,1.0,1.0,1.0,South,"Independent 2027-01-01 snapshot; four events at days 0, 2, 4, 6. Event estimates are not additive."
SC02716,Independent recovery experiment 02716,Four_event_stress,4,1.0,1.0,1.0,1.0,West,"Independent 2027-01-01 snapshot; four events at days 0, 2, 4, 6. Event estimates are not additive."
SC02717,Independent recovery experiment 02717,Four_event_stress,4,1.0,1.0,1.0,1.0,East,"Independent 2027-01-01 snapshot; four events at days 0, 2, 4, 6. Event estimates are not additive."
SC02718,Independent recovery experiment 02718,Four_event_stress,4,1.0,1.0,1.0,1.0,West,"Independent 2027-01-01 snapshot; four events at days 0, 2, 4, 6. Event estimates are not additive."
SC02719,Independent recovery experiment 02719,Four_event_stress,4,1.0,1.0,1.0,1.0,North,"Independent 2027-01-01 snapshot; four events at days 0, 2, 4, 6. Event estimates are not additive."
SC02720,Independent recovery experiment 02720,Four_event_stress,4,1.0,1.0,1.0,1.0,South,"Independent 2027-01-01 snapshot; four events at days 0, 2, 4, 6. Event estimates are not additive."
SC02721,Independent recovery experiment 02721,Four_event_stress,4,1.0,1.0,1.0,1.0,South,"Independent 2027-01-01 snapshot; four events at days 0, 2, 4, 6. Event estimates are not additive."
SC02722,Independent recovery experiment 02722,Four_event_stress,4,1.0,1.0,1.0,1.0,West,"Independent 2027-01-01 snapshot; four events at days 0, 2, 4, 6. Event estimates are not additive."
SC02723,Independent recovery experiment 02723,Four_event_stress,4,1.0,1.0,1.0,1.0,North,"Independent 2027-01-01 snapshot; four events at days 0, 2, 4, 6. Event estimates are not additive."
SC02724,Independent recovery experiment 02724,Four_event_stress,4,1.0,1.0,1.0,1.0,South,"Independent 2027-01-01 snapshot; four events at days 0, 2, 4, 6. Event estimates are not additive."
SC02725,Independent recovery experiment 02725,Four_event_stress,4,1.0,1.0,1.0,1.0,South,"Independent 2027-01-01 snapshot; four events at days 0, 2, 4, 6. Event estimates are not additive."
SC02726,Independent recovery experiment 02726,Four_event_stress,4,1.0,1.0,1.0,1.0,West,"Independent 2027-01-01 snapshot; four events at days 0, 2, 4, 6. Event estimates are not additive."
SC02727,Independent recovery experiment 02727,Four_event_stress,4,1.0,1.0,1.0,1.0,East,"Independent 2027-01-01 snapshot; four events at days 0, 2, 4, 6. Event estimates are not additive."
SC02728,Independent recovery experiment 02728,Four_event_stress,4,1.0,1.0,1.0,1.0,West,"Independent 2027-01-01 snapshot; four events at days 0, 2, 4, 6. Event estimates are not additive."
SC02729,Independent recovery experiment 02729,Four_event_stress,4,1.0,1.0,1.0,1.0,North,"Independent 2027-01-01 snapshot; four events at days 0, 2, 4, 6. Event estimates are not additive."
SC02730,Independent recovery experiment 02730,Four_event_stress,4,1.0,1.0,1.0,1.0,South,"Independent 2027-01-01 snapshot; four events at days 0, 2, 4, 6. Event estimates are not additive."
SC02731,Independent recovery experiment 02731,Four_event_stress,4,1.0,1.0,1.0,1.0,South,"Independent 2027-01-01 snapshot; four events at days 0, 2, 4, 6. Event estimates are not additive."
SC02732,Independent recovery experiment 02732,Four_event_stress,4,1.0,1.0,1.0,1.0,West,"Independent 2027-01-01 snapshot; four events at days 0, 2, 4, 6. Event estimates are not additive."
SC02733,Independent recovery experiment 02733,Four_event_stress,4,1.0,1.0,1.0,1.0,North,"Independent 2027-01-01 snapshot; four events at days 0, 2, 4, 6. Event estimates are not additive."
SC02734,Independent recovery experiment 02734,Four_event_stress,4,1.0,1.0,1.0,1.0,South,"Independent 2027-01-01 snapshot; four events at days 0, 2, 4, 6. Event estimates are not additive."
SC02735,Independent recovery experiment 02735,Four_event_stress,4,1.0,1.0,1.0,1.0,South,"Independent 2027-01-01 snapshot; four events at days 0, 2, 4, 6. Event estimates are not additive."
SC02736,Independent recovery experiment 02736,Four_event_stress,4,1.0,1.0,1.0,1.0,West,"Independent 2027-01-01 snapshot; four events at days 0, 2, 4, 6. Event estimates are not additive."
SC02737,Independent recovery experiment 02737,Four_event_stress,4,1.0,1.0,1.0,1.0,East,"Independent 2027-01-01 snapshot; four events at days 0, 2, 4, 6. Event estimates are not additive."
SC02738,Independent recovery experiment 02738,Four_event_stress,4,1.0,1.0,1.0,1.0,West,"Independent 2027-01-01 snapshot; four events at days 0, 2, 4, 6. Event estimates are not additive."
SC02739,Independent recovery experiment 02739,Four_event_stress,4,1.0,1.0,1.0,1.0,North,"Independent 2027-01-01 snapshot; four events at days 0, 2, 4, 6. Event estimates are not additive."
SC02740,Independent recovery experiment 02740,Four_event_stress,4,1.0,1.0,1.0,1.0,South,"Independent 2027-01-01 snapshot; four events at days 0, 2, 4, 6. Event estimates are not additive."
SC02741,Independent recovery experiment 02741,Four_event_stress,4,1.0,1.0,1.0,1.0,South,"Independent 2027-01-01 snapshot; four events at days 0, 2, 4, 6. Event estimates are not additive."
SC02742,Independent recovery experiment 02742,Four_event_stress,4,1.0,1.0,1.0,1.0,West,"Independent 2027-01-01 snapshot; four events at days 0, 2, 4, 6. Event estimates are not additive."
SC02743,Independent recovery experiment 02743,Four_event_stress,4,1.0,1.0,1.0,1.0,North,"Independent 2027-01-01 snapshot; four events at days 0, 2, 4, 6. Event estimates are not additive."
SC02744,Independent recovery experiment 02744,Four_event_stress,4,1.0,1.0,1.0,1.0,South,"Independent 2027-01-01 snapshot; four events at days 0, 2, 4, 6. Event estimates are not additive."
SC02745,Independent recovery experiment 02745,Four_event_stress,4,1.0,1.0,1.0,1.0,South,"Independent 2027-01-01 snapshot; four events at days 0, 2, 4, 6. Event estimates are not additive."
SC02746,Independent recovery experiment 02746,Four_event_stress,4,1.0,1.0,1.0,1.0,West,"Independent 2027-01-01 snapshot; four events at days 0, 2, 4, 6. Event estimates are not additive."
SC02747,Independent recovery experiment 02747,Four_event_stress,4,1.0,1.0,1.0,1.0,East,"Independent 2027-01-01 snapshot; four events at days 0, 2, 4, 6. Event estimates are not additive."
SC02748,Independent recovery experiment 02748,Four_event_stress,4,1.0,1.0,1.0,1.0,West,"Independent 2027-01-01 snapshot; four events at days 0, 2, 4, 6. Event estimates are not additive."
SC02749,Independent recovery experiment 02749,Four_event_stress,4,1.0,1.0,1.0,1.0,North,"Independent 2027-01-01 snapshot; four events at days 0, 2, 4, 6. Event estimates are not additive."
SC02750,Independent recovery experiment 02750,Four_event_stress,4,1.0,1.0,1.0,1.0,South,"Independent 2027-01-01 snapshot; four events at days 0, 2, 4, 6. Event estimates are not additive."
SC02751,Independent recovery experiment 02751,Four_event_stress,4,1.0,1.0,1.0,1.0,South,"Independent 2027-01-01 snapshot; four events at days 0, 2, 4, 6. Event estimates are not additive."
SC02752,Independent recovery experiment 02752,Four_event_stress,4,1.0,1.0,1.0,1.0,West,"Independent 2027-01-01 snapshot; four events at days 0, 2, 4, 6. Event estimates are not additive."
SC02753,Independent recovery experiment 02753,Four_event_stress,4,1.0,1.0,1.0,1.0,North,"Independent 2027-01-01 snapshot; four events at days 0, 2, 4, 6. Event estimates are not additive."
SC02754,Independent recovery experiment 02754,Four_event_stress,4,1.0,1.0,1.0,1.0,South,"Independent 2027-01-01 snapshot; four events at days 0, 2, 4, 6. Event estimates are not additive."
SC02755,Independent recovery experiment 02755,Four_event_stress,4,1.0,1.0,1.0,1.0,South,"Independent 2027-01-01 snapshot; four events at days 0, 2, 4, 6. Event estimates are not additive."
SC02756,Independent recovery experiment 02756,Four_event_stress,4,1.0,1.0,1.0,1.0,West,"Independent 2027-01-01 snapshot; four events at days 0, 2, 4, 6. Event estimates are not additive."
SC02757,Independent recovery experiment 02757,Four_event_stress,4,1.0,1.0,1.0,1.0,East,"Independent 2027-01-01 snapshot; four events at days 0, 2, 4, 6. Event estimates are not additive."
SC02758,Independent recovery experiment 02758,Four_event_stress,4,1.0,1.0,1.0,1.0,West,"Independent 2027-01-01 snapshot; four events at days 0, 2, 4, 6. Event estimates are not additive."
SC02759,Independent recovery experiment 02759,Four_event_stress,4,1.0,1.0,1.0,1.0,North,"Independent 2027-01-01 snapshot; four events at days 0, 2, 4, 6. Event estimates are not additive."
SC02760,Independent recovery experiment 02760,Four_event_stress,4,1.0,1.0,1.0,1.0,South,"Independent 2027-01-01 snapshot; four events at days 0, 2, 4, 6. Event estimates are not additive."
SC02761,Independent recovery experiment 02761,Four_event_stress,4,1.0,1.0,1.0,1.0,South,"Independent 2027-01-01 snapshot; four events at days 0, 2, 4, 6. Event estimates are not additive."
SC02762,Independent recovery experiment 02762,Four_event_stress,4,1.0,1.0,1.0,1.0,West,"Independent 2027-01-01 snapshot; four events at days 0, 2, 4, 6. Event estimates are not additive."
SC02763,Independent recovery experiment 02763,Four_event_stress,4,1.0,1.0,1.0,1.0,North,"Independent 2027-01-01 snapshot; four events at days 0, 2, 4, 6. Event estimates are not additive."
SC02764,Independent recovery experiment 02764,Four_event_stress,4,1.0,1.0,1.0,1.0,South,"Independent 2027-01-01 snapshot; four events at days 0, 2, 4, 6. Event estimates are not additive."
SC02765,Independent recovery experiment 02765,Four_event_stress,4,1.0,1.0,1.0,1.0,South,"Independent 2027-01-01 snapshot; four events at days 0, 2, 4, 6. Event estimates are not additive."
SC02766,Independent recovery experiment 02766,Four_event_stress,4,1.0,1.0,1.0,1.0,West,"Independent 2027-01-01 snapshot; four events at days 0, 2, 4, 6. Event estimates are not additive."
SC02767,Independent recovery experiment 02767,Four_event_stress,4,1.0,1.0,1.0,1.0,East,"Independent 2027-01-01 snapshot; four events at days 0, 2, 4, 6. Event estimates are not additive."
SC02768,Independent recovery experiment 02768,Four_event_stress,4,1.0,1.0,1.0,1.0,West,"Independent 2027-01-01 snapshot; four events at days 0, 2, 4, 6. Event estimates are not additive."
SC02769,Independent recovery experiment 02769,Four_event_stress,4,1.0,1.0,1.0,1.0,North,"Independent 2027-01-01 snapshot; four events at days 0, 2, 4, 6. Event estimates are not additive."
SC02770,Independent recovery experiment 02770,Four_event_stress,4,1.0,1.0,1.0,1.0,South,"Independent 2027-01-01 snapshot; four events at days 0, 2, 4, 6. Event estimates are not additive."
SC02771,Independent recovery experiment 02771,Four_event_stress,4,1.0,1.0,1.0,1.0,South,"Independent 2027-01-01 snapshot; four events at days 0, 2, 4, 6. Event estimates are not additive."
SC02772,Independent recovery experiment 02772,Four_event_stress,4,1.0,1.0,1.0,1.0,West,"Independent 2027-01-01 snapshot; four events at days 0, 2, 4, 6. Event estimates are not additive."
SC02773,Independent recovery experiment 02773,Four_event_stress,4,1.0,1.0,1.0,1.0,North,"Independent 2027-01-01 snapshot; four events at days 0, 2, 4, 6. Event estimates are not additive."
SC02774,Independent recovery experiment 02774,Four_event_stress,4,1.0,1.0,1.0,1.0,South,"Independent 2027-01-01 snapshot; four events at days 0, 2, 4, 6. Event estimates are not additive."
SC02775,Independent recovery experiment 02775,Four_event_stress,4,1.0,1.0,1.0,1.0,South,"Independent 2027-01-01 snapshot; four events at days 0, 2, 4, 6. Event estimates are not additive."
SC02776,Independent recovery experiment 02776,Four_event_stress,4,1.0,1.0,1.0,1.0,West,"Independent 2027-01-01 snapshot; four events at days 0, 2, 4, 6. Event estimates are not additive."
SC02777,Independent recovery experiment 02777,Four_event_stress,4,1.0,1.0,1.0,1.0,East,"Independent 2027-01-01 snapshot; four events at days 0, 2, 4, 6. Event estimates are not additive."
SC02778,Independent recovery experiment 02778,Four_event_stress,4,1.0,1.0,1.0,1.0,West,"Independent 2027-01-01 snapshot; four events at days 0, 2, 4, 6. Event estimates are not additive."
SC02779,Independent recovery experiment 02779,Four_event_stress,4,1.0,1.0,1.0,1.0,North,"Independent 2027-01-01 snapshot; four events at days 0, 2, 4, 6. Event estimates are not additive."
SC02780,Independent recovery experiment 02780,Four_event_stress,4,1.0,1.0,1.0,1.0,South,"Independent 2027-01-01 snapshot; four events at days 0, 2, 4, 6. Event estimates are not additive."
SC02781,Independent recovery experiment 02781,Four_event_stress,4,1.0,1.0,1.0,1.0,South,"Independent 2027-01-01 snapshot; four events at days 0, 2, 4, 6. Event estimates are not additive."
SC02782,Independent recovery experiment 02782,Four_event_stress,4,1.0,1.0,1.0,1.0,West,"Independent 2027-01-01 snapshot; four events at days 0, 2, 4, 6. Event estimates are not additive."
SC02783,Independent recovery experiment 02783,Four_event_stress,4,1.0,1.0,1.0,1.0,North,"Independent 2027-01-01 snapshot; four events at days 0, 2, 4, 6. Event estimates are not additive."
SC02784,Independent recovery experiment 02784,Four_event_stress,4,1.0,1.0,1.0,1.0,South,"Independent 2027-01-01 snapshot; four events at days 0, 2, 4, 6. Event estimates are not additive."
SC02785,Independent recovery experiment 02785,Four_event_stress,4,1.0,1.0,1.0,1.0,South,"Independent 2027-01-01 snapshot; four events at days 0, 2, 4, 6. Event estimates are not additive."
SC02786,Independent recovery experiment 02786,Four_event_stress,4,1.0,1.0,1.0,1.0,West,"Independent 2027-01-01 snapshot; four events at days 0, 2, 4, 6. Event estimates are not additive."
SC02787,Independent recovery experiment 02787,Four_event_stress,4,1.0,1.0,1.0,1.0,East,"Independent 2027-01-01 snapshot; four events at days 0, 2, 4, 6. Event estimates are not additive."
SC02788,Independent recovery experiment 02788,Four_event_stress,4,1.0,1.0,1.0,1.0,West,"Independent 2027-01-01 snapshot; four events at days 0, 2, 4, 6. Event estimates are not additive."
SC02789,Independent recovery experiment 02789,Four_event_stress,4,1.0,1.0,1.0,1.0,North,"Independent 2027-01-01 snapshot; four events at days 0, 2, 4, 6. Event estimates are not additive."
SC02790,Independent recovery experiment 02790,Four_event_stress,4,1.0,1.0,1.0,1.0,South,"Independent 2027-01-01 snapshot; four events at days 0, 2, 4, 6. Event estimates are not additive."
SC02791,Independent recovery experiment 02791,Four_event_stress,4,1.0,1.0,1.0,1.0,South,"Independent 2027-01-01 snapshot; four events at days 0, 2, 4, 6. Event estimates are not additive."
SC02792,Independent recovery experiment 02792,Four_event_stress,4,1.0,1.0,1.0,1.0,West,"Independent 2027-01-01 snapshot; four events at days 0, 2, 4, 6. Event estimates are not additive."
SC02793,Independent recovery experiment 02793,Four_event_stress,4,1.0,1.0,1.0,1.0,North,"Independent 2027-01-01 snapshot; four events at days 0, 2, 4, 6. Event estimates are not additive."
SC02794,Independent recovery experiment 02794,Four_event_stress,4,1.0,1.0,1.0,1.0,South,"Independent 2027-01-01 snapshot; four events at days 0, 2, 4, 6. Event estimates are not additive."
SC02795,Independent recovery experiment 02795,Four_event_stress,4,1.0,1.0,1.0,1.0,South,"Independent 2027-01-01 snapshot; four events at days 0, 2, 4, 6. Event estimates are not additive."
SC02796,Independent recovery experiment 02796,Four_event_stress,4,1.0,1.0,1.0,1.0,West,"Independent 2027-01-01 snapshot; four events at days 0, 2, 4, 6. Event estimates are not additive."
SC02797,Independent recovery experiment 02797,Four_event_stress,4,1.0,1.0,1.0,1.0,East,"Independent 2027-01-01 snapshot; four events at days 0, 2, 4, 6. Event estimates are not additive."
SC02798,Independent recovery experiment 02798,Four_event_stress,4,1.0,1.0,1.0,1.0,West,"Independent 2027-01-01 snapshot; four events at days 0, 2, 4, 6. Event estimates are not additive."
SC02799,Independent recovery experiment 02799,Four_event_stress,4,1.0,1.0,1.0,1.0,North,"Independent 2027-01-01 snapshot; four events at days 0, 2, 4, 6. Event estimates are not additive."
SC02800,Independent recovery experiment 02800,Four_event_stress,4,1.0,1.0,1.0,1.0,South,"Independent 2027-01-01 snapshot; four events at days 0, 2, 4, 6. Event estimates are not additive."
SC02801,Independent recovery experiment 02801,Four_event_stress,4,1.0,1.0,1.0,1.0,South,"Independent 2027-01-01 snapshot; four events at days 0, 2, 4, 6. Event estimates are not additive."
SC02802,Independent recovery experiment 02802,Four_event_stress,4,1.0,1.0,1.0,1.0,West,"Independent 2027-01-01 snapshot; four events at days 0, 2, 4, 6. Event estimates are not additive."
SC02803,Independent recovery experiment 02803,Four_event_stress,4,1.0,1.0,1.0,1.0,North,"Independent 2027-01-01 snapshot; four events at days 0, 2, 4, 6. Event estimates are not additive."
SC02804,Independent recovery experiment 02804,Four_event_stress,4,1.0,1.0,1.0,1.0,South,"Independent 2027-01-01 snapshot; four events at days 0, 2, 4, 6. Event estimates are not additive."
SC02805,Independent recovery experiment 02805,Four_event_stress,4,1.0,1.0,1.0,1.0,South,"Independent 2027-01-01 snapshot; four events at days 0, 2, 4, 6. Event estimates are not additive."
SC02806,Independent recovery experiment 02806,Four_event_stress,4,1.0,1.0,1.0,1.0,West,"Independent 2027-01-01 snapshot; four events at days 0, 2, 4, 6. Event estimates are not additive."
SC02807,Independent recovery experiment 02807,Four_event_stress,4,1.0,1.0,1.0,1.0,East,"Independent 2027-01-01 snapshot; four events at days 0, 2, 4, 6. Event estimates are not additive."
SC02808,Independent recovery experiment 02808,Four_event_stress,4,1.0,1.0,1.0,1.0,West,"Independent 2027-01-01 snapshot; four events at days 0, 2, 4, 6. Event estimates are not additive."
SC02809,Independent recovery experiment 02809,Four_event_stress,4,1.0,1.0,1.0,1.0,North,"Independent 2027-01-01 snapshot; four events at days 0, 2, 4, 6. Event estimates are not additive."
SC02810,Independent recovery experiment 02810,Four_event_stress,4,1.0,1.0,1.0,1.0,South,"Independent 2027-01-01 snapshot; four events at days 0, 2, 4, 6. Event estimates are not additive."
SC02811,Independent recovery experiment 02811,Four_event_stress,4,1.0,1.0,1.0,1.0,South,"Independent 2027-01-01 snapshot; four events at days 0, 2, 4, 6. Event estimates are not additive."
SC02812,Independent recovery experiment 02812,Four_event_stress,4,1.0,1.0,1.0,1.0,West,"Independent 2027-01-01 snapshot; four events at days 0, 2, 4, 6. Event estimates are not additive."
SC02813,Independent recovery experiment 02813,Four_event_stress,4,1.0,1.0,1.0,1.0,North,"Independent 2027-01-01 snapshot; four events at days 0, 2, 4, 6. Event estimates are not additive."
SC02814,Independent recovery experiment 02814,Four_event_stress,4,1.0,1.0,1.0,1.0,South,"Independent 2027-01-01 snapshot; four events at days 0, 2, 4, 6. Event estimates are not additive."
SC02815,Independent recovery experiment 02815,Four_event_stress,4,1.0,1.0,1.0,1.0,South,"Independent 2027-01-01 snapshot; four events at days 0, 2, 4, 6. Event estimates are not additive."
SC02816,Independent recovery experiment 02816,Four_event_stress,4,1.0,1.0,1.0,1.0,West,"Independent 2027-01-01 snapshot; four events at days 0, 2, 4, 6. Event estimates are not additive."
SC02817,Independent recovery experiment 02817,Four_event_stress,4,1.0,1.0,1.0,1.0,East,"Independent 2027-01-01 snapshot; four events at days 0, 2, 4, 6. Event estimates are not additive."
SC02818,Independent recovery experiment 02818,Four_event_stress,4,1.0,1.0,1.0,1.0,West,"Independent 2027-01-01 snapshot; four events at days 0, 2, 4, 6. Event estimates are not additive."
SC02819,Independent recovery experiment 02819,Four_event_stress,4,1.0,1.0,1.0,1.0,North,"Independent 2027-01-01 snapshot; four events at days 0, 2, 4, 6. Event estimates are not additive."
SC02820,Independent recovery experiment 02820,Four_event_stress,4,1.0,1.0,1.0,1.0,South,"Independent 2027-01-01 snapshot; four events at days 0, 2, 4, 6. Event estimates are not additive."
SC02821,Independent recovery experiment 02821,Four_event_stress,4,1.0,1.0,1.0,1.0,South,"Independent 2027-01-01 snapshot; four events at days 0, 2, 4, 6. Event estimates are not additive."
SC02822,Independent recovery experiment 02822,Four_event_stress,4,1.0,1.0,1.0,1.0,West,"Independent 2027-01-01 snapshot; four events at days 0, 2, 4, 6. Event estimates are not additive."
SC02823,Independent recovery experiment 02823,Four_event_stress,4,1.0,1.0,1.0,1.0,North,"Independent 2027-01-01 snapshot; four events at days 0, 2, 4, 6. Event estimates are not additive."
SC02824,Independent recovery experiment 02824,Four_event_stress,4,1.0,1.0,1.0,1.0,South,"Independent 2027-01-01 snapshot; four events at days 0, 2, 4, 6. Event estimates are not additive."
SC02825,Independent recovery experiment 02825,Four_event_stress,4,1.0,1.0,1.0,1.0,South,"Independent 2027-01-01 snapshot; four events at days 0, 2, 4, 6. Event estimates are not additive."
SC02826,Independent recovery experiment 02826,Four_event_stress,4,1.0,1.0,1.0,1.0,West,"Independent 2027-01-01 snapshot; four events at days 0, 2, 4, 6. Event estimates are not additive."
SC02827,Independent recovery experiment 02827,Four_event_stress,4,1.0,1.0,1.0,1.0,East,"Independent 2027-01-01 snapshot; four events at days 0, 2, 4, 6. Event estimates are not additive."
SC02828,Independent recovery experiment 02828,Four_event_stress,4,1.0,1.0,1.0,1.0,West,"Independent 2027-01-01 snapshot; four events at days 0, 2, 4, 6. Event estimates are not additive."
SC02829,Independent recovery experiment 02829,Four_event_stress,4,1.0,1.0,1.0,1.0,North,"Independent 2027-01-01 snapshot; four events at days 0, 2, 4, 6. Event estimates are not additive."
SC02830,Independent recovery experiment 02830,Four_event_stress,4,1.0,1.0,1.0,1.0,South,"Independent 2027-01-01 snapshot; four events at days 0, 2, 4, 6. Event estimates are not additive."
SC02831,Independent recovery experiment 02831,Four_event_stress,4,1.0,1.0,1.0,1.0,South,"Independent 2027-01-01 snapshot; four events at days 0, 2, 4, 6. Event estimates are not additive."
SC02832,Independent recovery experiment 02832,Four_event_stress,4,1.0,1.0,1.0,1.0,West,"Independent 2027-01-01 snapshot; four events at days 0, 2, 4, 6. Event estimates are not additive."
SC02833,Independent recovery experiment 02833,Four_event_stress,4,1.0,1.0,1.0,1.0,North,"Independent 2027-01-01 snapshot; four events at days 0, 2, 4, 6. Event estimates are not additive."
SC02834,Independent recovery experiment 02834,Four_event_stress,4,1.0,1.0,1.0,1.0,South,"Independent 2027-01-01 snapshot; four events at days 0, 2, 4, 6. Event estimates are not additive."
SC02835,Independent recovery experiment 02835,Four_event_stress,4,1.0,1.0,1.0,1.0,South,"Independent 2027-01-01 snapshot; four events at days 0, 2, 4, 6. Event estimates are not additive."
SC02836,Independent recovery experiment 02836,Four_event_stress,4,1.0,1.0,1.0,1.0,West,"Independent 2027-01-01 snapshot; four events at days 0, 2, 4, 6. Event estimates are not additive."
SC02837,Independent recovery experiment 02837,Four_event_stress,4,1.0,1.0,1.0,1.0,East,"Independent 2027-01-01 snapshot; four events at days 0, 2, 4, 6. Event estimates are not additive."
SC02838,Independent recovery experiment 02838,Four_event_stress,4,1.0,1.0,1.0,1.0,West,"Independent 2027-01-01 snapshot; four events at days 0, 2, 4, 6. Event estimates are not additive."
SC02839,Independent recovery experiment 02839,Four_event_stress,4,1.0,1.0,1.0,1.0,North,"Independent 2027-01-01 snapshot; four events at days 0, 2, 4, 6. Event estimates are not additive."
SC02840,Independent recovery experiment 02840,Four_event_stress,4,1.0,1.0,1.0,1.0,South,"Independent 2027-01-01 snapshot; four events at days 0, 2, 4, 6. Event estimates are not additive."
SC02841,Independent recovery experiment 02841,Four_event_stress,4,1.0,1.0,1.0,1.0,South,"Independent 2027-01-01 snapshot; four events at days 0, 2, 4, 6. Event estimates are not additive."
SC02842,Independent recovery experiment 02842,Four_event_stress,4,1.0,1.0,1.0,1.0,West,"Independent 2027-01-01 snapshot; four events at days 0, 2, 4, 6. Event estimates are not additive."
SC02843,Independent recovery experiment 02843,Four_event_stress,4,1.0,1.0,1.0,1.0,North,"Independent 2027-01-01 snapshot; four events at days 0, 2, 4, 6. Event estimates are not additive."
SC02844,Independent recovery experiment 02844,Four_event_stress,4,1.0,1.0,1.0,1.0,South,"Independent 2027-01-01 snapshot; four events at days 0, 2, 4, 6. Event estimates are not additive."
SC02845,Independent recovery experiment 02845,Four_event_stress,4,1.0,1.0,1.0,1.0,South,"Independent 2027-01-01 snapshot; four events at days 0, 2, 4, 6. Event estimates are not additive."
SC02846,Independent recovery experiment 02846,Four_event_stress,4,1.0,1.0,1.0,1.0,West,"Independent 2027-01-01 snapshot; four events at days 0, 2, 4, 6. Event estimates are not additive."
SC02847,Independent recovery experiment 02847,Four_event_stress,4,1.0,1.0,1.0,1.0,East,"Independent 2027-01-01 snapshot; four events at days 0, 2, 4, 6. Event estimates are not additive."
SC02848,Independent recovery experiment 02848,Four_event_stress,4,1.0,1.0,1.0,1.0,West,"Independent 2027-01-01 snapshot; four events at days 0, 2, 4, 6. Event estimates are not additive."
SC02849,Independent recovery experiment 02849,Four_event_stress,4,1.0,1.0,1.0,1.0,North,"Independent 2027-01-01 snapshot; four events at days 0, 2, 4, 6. Event estimates are not additive."
SC02850,Independent recovery experiment 02850,Four_event_stress,4,1.0,1.0,1.0,1.0,South,"Independent 2027-01-01 snapshot; four events at days 0, 2, 4, 6. Event estimates are not additive."
SC02851,Independent recovery experiment 02851,Four_event_stress,4,1.0,1.0,1.0,1.0,South,"Independent 2027-01-01 snapshot; four events at days 0, 2, 4, 6. Event estimates are not additive."
SC02852,Independent recovery experiment 02852,Four_event_stress,4,1.0,1.0,1.0,1.0,West,"Independent 2027-01-01 snapshot; four events at days 0, 2, 4, 6. Event estimates are not additive."
SC02853,Independent recovery experiment 02853,Four_event_stress,4,1.0,1.0,1.0,1.0,North,"Independent 2027-01-01 snapshot; four events at days 0, 2, 4, 6. Event estimates are not additive."
SC02854,Independent recovery experiment 02854,Four_event_stress,4,1.0,1.0,1.0,1.0,South,"Independent 2027-01-01 snapshot; four events at days 0, 2, 4, 6. Event estimates are not additive."
SC02855,Independent recovery experiment 02855,Four_event_stress,4,1.0,1.0,1.0,1.0,South,"Independent 2027-01-01 snapshot; four events at days 0, 2, 4, 6. Event estimates are not additive."
SC02856,Independent recovery experiment 02856,Four_event_stress,4,1.0,1.0,1.0,1.0,West,"Independent 2027-01-01 snapshot; four events at days 0, 2, 4, 6. Event estimates are not additive."
SC02857,Independent recovery experiment 02857,Four_event_stress,4,1.0,1.0,1.0,1.0,East,"Independent 2027-01-01 snapshot; four events at days 0, 2, 4, 6. Event estimates are not additive."
SC02858,Independent recovery experiment 02858,Four_event_stress,4,1.0,1.0,1.0,1.0,West,"Independent 2027-01-01 snapshot; four events at days 0, 2, 4, 6. Event estimates are not additive."
SC02859,Independent recovery experiment 02859,Four_event_stress,4,1.0,1.0,1.0,1.0,North,"Independent 2027-01-01 snapshot; four events at days 0, 2, 4, 6. Event estimates are not additive."
SC02860,Independent recovery experiment 02860,Four_event_stress,4,1.0,1.0,1.0,1.0,South,"Independent 2027-01-01 snapshot; four events at days 0, 2, 4, 6. Event estimates are not additive."
SC02861,Independent recovery experiment 02861,Four_event_stress,4,1.0,1.0,1.0,1.0,South,"Independent 2027-01-01 snapshot; four events at days 0, 2, 4, 6. Event estimates are not additive."
SC02862,Independent recovery experiment 02862,Four_event_stress,4,1.0,1.0,1.0,1.0,West,"Independent 2027-01-01 snapshot; four events at days 0, 2, 4, 6. Event estimates are not additive."
SC02863,Independent recovery experiment 02863,Four_event_stress,4,1.0,1.0,1.0,1.0,North,"Independent 2027-01-01 snapshot; four events at days 0, 2, 4, 6. Event estimates are not additive."
SC02864,Independent recovery experiment 02864,Four_event_stress,4,1.0,1.0,1.0,1.0,South,"Independent 2027-01-01 snapshot; four events at days 0, 2, 4, 6. Event estimates are not additive."
SC02865,Independent recovery experiment 02865,Four_event_stress,4,1.0,1.0,1.0,1.0,South,"Independent 2027-01-01 snapshot; four events at days 0, 2, 4, 6. Event estimates are not additive."
SC02866,Independent recovery experiment 02866,Four_event_stress,4,1.0,1.0,1.0,1.0,West,"Independent 2027-01-01 snapshot; four events at days 0, 2, 4, 6. Event estimates are not additive."
SC02867,Independent recovery experiment 02867,Four_event_stress,4,1.0,1.0,1.0,1.0,East,"Independent 2027-01-01 snapshot; four events at days 0, 2, 4, 6. Event estimates are not additive."
SC02868,Independent recovery experiment 02868,Four_event_stress,4,1.0,1.0,1.0,1.0,West,"Independent 2027-01-01 snapshot; four events at days 0, 2, 4, 6. Event estimates are not additive."
SC02869,Independent recovery experiment 02869,Four_event_stress,4,1.0,1.0,1.0,1.0,North,"Independent 2027-01-01 snapshot; four events at days 0, 2, 4, 6. Event estimates are not additive."
SC02870,Independent recovery experiment 02870,Four_event_stress,4,1.0,1.0,1.0,1.0,South,"Independent 2027-01-01 snapshot; four events at days 0, 2, 4, 6. Event estimates are not additive."
SC02871,Independent recovery experiment 02871,Four_event_stress,4,1.0,1.0,1.0,1.0,South,"Independent 2027-01-01 snapshot; four events at days 0, 2, 4, 6. Event estimates are not additive."
SC02872,Independent recovery experiment 02872,Four_event_stress,4,1.0,1.0,1.0,1.0,West,"Independent 2027-01-01 snapshot; four events at days 0, 2, 4, 6. Event estimates are not additive."
SC02873,Independent recovery experiment 02873,Four_event_stress,4,1.0,1.0,1.0,1.0,North,"Independent 2027-01-01 snapshot; four events at days 0, 2, 4, 6. Event estimates are not additive."
SC02874,Independent recovery experiment 02874,Four_event_stress,4,1.0,1.0,1.0,1.0,South,"Independent 2027-01-01 snapshot; four events at days 0, 2, 4, 6. Event estimates are not additive."
SC02875,Independent recovery experiment 02875,Four_event_stress,4,1.0,1.0,1.0,1.0,South,"Independent 2027-01-01 snapshot; four events at days 0, 2, 4, 6. Event estimates are not additive."
SC02876,Independent recovery experiment 02876,Four_event_stress,4,1.0,1.0,1.0,1.0,West,"Independent 2027-01-01 snapshot; four events at days 0, 2, 4, 6. Event estimates are not additive."
SC02877,Independent recovery experiment 02877,Four_event_stress,4,1.0,1.0,1.0,1.0,East,"Independent 2027-01-01 snapshot; four events at days 0, 2, 4, 6. Event estimates are not additive."
SC02878,Independent recovery experiment 02878,Four_event_stress,4,1.0,1.0,1.0,1.0,West,"Independent 2027-01-01 snapshot; four events at days 0, 2, 4, 6. Event estimates are not additive."
SC02879,Independent recovery experiment 02879,Four_event_stress,4,1.0,1.0,1.0,1.0,North,"Independent 2027-01-01 snapshot; four events at days 0, 2, 4, 6. Event estimates are not additive."
SC02880,Independent recovery experiment 02880,Four_event_stress,4,1.0,1.0,1.0,1.0,South,"Independent 2027-01-01 snapshot; four events at days 0, 2, 4, 6. Event estimates are not additive."
SC02881,Independent recovery experiment 02881,Four_event_stress,4,1.0,1.0,1.0,1.0,South,"Independent 2027-01-01 snapshot; four events at days 0, 2, 4, 6. Event estimates are not additive."
SC02882,Independent recovery experiment 02882,Four_event_stress,4,1.0,1.0,1.0,1.0,West,"Independent 2027-01-01 snapshot; four events at days 0, 2, 4, 6. Event estimates are not additive."
SC02883,Independent recovery experiment 02883,Four_event_stress,4,1.0,1.0,1.0,1.0,North,"Independent 2027-01-01 snapshot; four events at days 0, 2, 4, 6. Event estimates are not additive."
SC02884,Independent recovery experiment 02884,Four_event_stress,4,1.0,1.0,1.0,1.0,South,"Independent 2027-01-01 snapshot; four events at days 0, 2, 4, 6. Event estimates are not additive."
SC02885,Independent recovery experiment 02885,Four_event_stress,4,1.0,1.0,1.0,1.0,South,"Independent 2027-01-01 snapshot; four events at days 0, 2, 4, 6. Event estimates are not additive."
SC02886,Independent recovery experiment 02886,Four_event_stress,4,1.0,1.0,1.0,1.0,West,"Independent 2027-01-01 snapshot; four events at days 0, 2, 4, 6. Event estimates are not additive."
SC02887,Independent recovery experiment 02887,Four_event_stress,4,1.0,1.0,1.0,1.0,East,"Independent 2027-01-01 snapshot; four events at days 0, 2, 4, 6. Event estimates are not additive."
SC02888,Independent recovery experiment 02888,Four_event_stress,4,1.0,1.0,1.0,1.0,West,"Independent 2027-01-01 snapshot; four events at days 0, 2, 4, 6. Event estimates are not additive."
SC02889,Independent recovery experiment 02889,Four_event_stress,4,1.0,1.0,1.0,1.0,North,"Independent 2027-01-01 snapshot; four events at days 0, 2, 4, 6. Event estimates are not additive."
SC02890,Independent recovery experiment 02890,Four_event_stress,4,1.0,1.0,1.0,1.0,South,"Independent 2027-01-01 snapshot; four events at days 0, 2, 4, 6. Event estimates are not additive."
SC02891,Independent recovery experiment 02891,Four_event_stress,4,1.0,1.0,1.0,1.0,South,"Independent 2027-01-01 snapshot; four events at days 0, 2, 4, 6. Event estimates are not additive."
SC02892,Independent recovery experiment 02892,Four_event_stress,4,1.0,1.0,1.0,1.0,West,"Independent 2027-01-01 snapshot; four events at days 0, 2, 4, 6. Event estimates are not additive."
SC02893,Independent recovery experiment 02893,Four_event_stress,4,1.0,1.0,1.0,1.0,North,"Independent 2027-01-01 snapshot; four events at days 0, 2, 4, 6. Event estimates are not additive."
SC02894,Independent recovery experiment 02894,Four_event_stress,4,1.0,1.0,1.0,1.0,South,"Independent 2027-01-01 snapshot; four events at days 0, 2, 4, 6. Event estimates are not additive."
SC02895,Independent recovery experiment 02895,Four_event_stress,4,1.0,1.0,1.0,1.0,South,"Independent 2027-01-01 snapshot; four events at days 0, 2, 4, 6. Event estimates are not additive."
SC02896,Independent recovery experiment 02896,Four_event_stress,4,1.0,1.0,1.0,1.0,West,"Independent 2027-01-01 snapshot; four events at days 0, 2, 4, 6. Event estimates are not additive."
SC02897,Independent recovery experiment 02897,Four_event_stress,4,1.0,1.0,1.0,1.0,East,"Independent 2027-01-01 snapshot; four events at days 0, 2, 4, 6. Event estimates are not additive."
SC02898,Independent recovery experiment 02898,Four_event_stress,4,1.0,1.0,1.0,1.0,West,"Independent 2027-01-01 snapshot; four events at days 0, 2, 4, 6. Event estimates are not additive."
SC02899,Independent recovery experiment 02899,Four_event_stress,4,1.0,1.0,1.0,1.0,North,"Independent 2027-01-01 snapshot; four events at days 0, 2, 4, 6. Event estimates are not additive."
SC02900,Independent recovery experiment 02900,Four_event_stress,4,1.0,1.0,1.0,1.0,South,"Independent 2027-01-01 snapshot; four events at days 0, 2, 4, 6. Event estimates are not additive."
SC02901,Independent recovery experiment 02901,Four_event_stress,4,1.0,1.0,1.0,1.0,South,"Independent 2027-01-01 snapshot; four events at days 0, 2, 4, 6. Event estimates are not additive."
SC02902,Independent recovery experiment 02902,Four_event_stress,4,1.0,1.0,1.0,1.0,West,"Independent 2027-01-01 snapshot; four events at days 0, 2, 4, 6. Event estimates are not additive."
SC02903,Independent recovery experiment 02903,Four_event_stress,4,1.0,1.0,1.0,1.0,North,"Independent 2027-01-01 snapshot; four events at days 0, 2, 4, 6. Event estimates are not additive."
SC02904,Independent recovery experiment 02904,Four_event_stress,4,1.0,1.0,1.0,1.0,South,"Independent 2027-01-01 snapshot; four events at days 0, 2, 4, 6. Event estimates are not additive."
SC02905,Independent recovery experiment 02905,Four_event_stress,4,1.0,1.0,1.0,1.0,South,"Independent 2027-01-01 snapshot; four events at days 0, 2, 4, 6. Event estimates are not additive."
SC02906,Independent recovery experiment 02906,Four_event_stress,4,1.0,1.0,1.0,1.0,West,"Independent 2027-01-01 snapshot; four events at days 0, 2, 4, 6. Event estimates are not additive."
SC02907,Independent recovery experiment 02907,Four_event_stress,4,1.0,1.0,1.0,1.0,East,"Independent 2027-01-01 snapshot; four events at days 0, 2, 4, 6. Event estimates are not additive."
SC02908,Independent recovery experiment 02908,Four_event_stress,4,1.0,1.0,1.0,1.0,West,"Independent 2027-01-01 snapshot; four events at days 0, 2, 4, 6. Event estimates are not additive."
SC02909,Independent recovery experiment 02909,Four_event_stress,4,1.0,1.0,1.0,1.0,North,"Independent 2027-01-01 snapshot; four events at days 0, 2, 4, 6. Event estimates are not additive."
SC02910,Independent recovery experiment 02910,Four_event_stress,4,1.0,1.0,1.0,1.0,South,"Independent 2027-01-01 snapshot; four events at days 0, 2, 4, 6. Event estimates are not additive."
SC02911,Independent recovery experiment 02911,Four_event_stress,4,1.0,1.0,1.0,1.0,South,"Independent 2027-01-01 snapshot; four events at days 0, 2, 4, 6. Event estimates are not additive."
SC02912,Independent recovery experiment 02912,Four_event_stress,4,1.0,1.0,1.0,1.0,West,"Independent 2027-01-01 snapshot; four events at days 0, 2, 4, 6. Event estimates are not additive."
SC02913,Independent recovery experiment 02913,Four_event_stress,4,1.0,1.0,1.0,1.0,North,"Independent 2027-01-01 snapshot; four events at days 0, 2, 4, 6. Event estimates are not additive."
SC02914,Independent recovery experiment 02914,Four_event_stress,4,1.0,1.0,1.0,1.0,South,"Independent 2027-01-01 snapshot; four events at days 0, 2, 4, 6. Event estimates are not additive."
SC02915,Independent recovery experiment 02915,Four_event_stress,4,1.0,1.0,1.0,1.0,South,"Independent 2027-01-01 snapshot; four events at days 0, 2, 4, 6. Event estimates are not additive."
SC02916,Independent recovery experiment 02916,Four_event_stress,4,1.0,1.0,1.0,1.0,West,"Independent 2027-01-01 snapshot; four events at days 0, 2, 4, 6. Event estimates are not additive."
SC02917,Independent recovery experiment 02917,Four_event_stress,4,1.0,1.0,1.0,1.0,East,"Independent 2027-01-01 snapshot; four events at days 0, 2, 4, 6. Event estimates are not additive."
SC02918,Independent recovery experiment 02918,Four_event_stress,4,1.0,1.0,1.0,1.0,West,"Independent 2027-01-01 snapshot; four events at days 0, 2, 4, 6. Event estimates are not additive."
SC02919,Independent recovery experiment 02919,Four_event_stress,4,1.0,1.0,1.0,1.0,North,"Independent 2027-01-01 snapshot; four events at days 0, 2, 4, 6. Event estimates are not additive."
SC02920,Independent recovery experiment 02920,Four_event_stress,4,1.0,1.0,1.0,1.0,South,"Independent 2027-01-01 snapshot; four events at days 0, 2, 4, 6. Event estimates are not additive."
SC02921,Independent recovery experiment 02921,Four_event_stress,4,1.0,1.0,1.0,1.0,South,"Independent 2027-01-01 snapshot; four events at days 0, 2, 4, 6. Event estimates are not additive."
SC02922,Independent recovery experiment 02922,Four_event_stress,4,1.0,1.0,1.0,1.0,West,"Independent 2027-01-01 snapshot; four events at days 0, 2, 4, 6. Event estimates are not additive."
SC02923,Independent recovery experiment 02923,Four_event_stress,4,1.0,1.0,1.0,1.0,North,"Independent 2027-01-01 snapshot; four events at days 0, 2, 4, 6. Event estimates are not additive."
SC02924,Independent recovery experiment 02924,Four_event_stress,4,1.0,1.0,1.0,1.0,South,"Independent 2027-01-01 snapshot; four events at days 0, 2, 4, 6. Event estimates are not additive."
SC02925,Independent recovery experiment 02925,Four_event_stress,4,1.0,1.0,1.0,1.0,South,"Independent 2027-01-01 snapshot; four events at days 0, 2, 4, 6. Event estimates are not additive."
SC02926,Independent recovery experiment 02926,Four_event_stress,4,1.0,1.0,1.0,1.0,West,"Independent 2027-01-01 snapshot; four events at days 0, 2, 4, 6. Event estimates are not additive."
SC02927,Independent recovery experiment 02927,Four_event_stress,4,1.0,1.0,1.0,1.0,East,"Independent 2027-01-01 snapshot; four events at days 0, 2, 4, 6. Event estimates are not additive."
SC02928,Independent recovery experiment 02928,Four_event_stress,4,1.0,1.0,1.0,1.0,West,"Independent 2027-01-01 snapshot; four events at days 0, 2, 4, 6. Event estimates are not additive."
SC02929,Independent recovery experiment 02929,Four_event_stress,4,1.0,1.0,1.0,1.0,North,"Independent 2027-01-01 snapshot; four events at days 0, 2, 4, 6. Event estimates are not additive."
SC02930,Independent recovery experiment 02930,Four_event_stress,4,1.0,1.0,1.0,1.0,South,"Independent 2027-01-01 snapshot; four events at days 0, 2, 4, 6. Event estimates are not additive."
SC02931,Independent recovery experiment 02931,Four_event_stress,4,1.0,1.0,1.0,1.0,South,"Independent 2027-01-01 snapshot; four events at days 0, 2, 4, 6. Event estimates are not additive."
SC02932,Independent recovery experiment 02932,Four_event_stress,4,1.0,1.0,1.0,1.0,West,"Independent 2027-01-01 snapshot; four events at days 0, 2, 4, 6. Event estimates are not additive."
SC02933,Independent recovery experiment 02933,Four_event_stress,4,1.0,1.0,1.0,1.0,North,"Independent 2027-01-01 snapshot; four events at days 0, 2, 4, 6. Event estimates are not additive."
SC02934,Independent recovery experiment 02934,Four_event_stress,4,1.0,1.0,1.0,1.0,South,"Independent 2027-01-01 snapshot; four events at days 0, 2, 4, 6. Event estimates are not additive."
SC02935,Independent recovery experiment 02935,Four_event_stress,4,1.0,1.0,1.0,1.0,South,"Independent 2027-01-01 snapshot; four events at days 0, 2, 4, 6. Event estimates are not additive."
SC02936,Independent recovery experiment 02936,Four_event_stress,4,1.0,1.0,1.0,1.0,West,"Independent 2027-01-01 snapshot; four events at days 0, 2, 4, 6. Event estimates are not additive."
SC02937,Independent recovery experiment 02937,Four_event_stress,4,1.0,1.0,1.0,1.0,East,"Independent 2027-01-01 snapshot; four events at days 0, 2, 4, 6. Event estimates are not additive."
SC02938,Independent recovery experiment 02938,Four_event_stress,4,1.0,1.0,1.0,1.0,West,"Independent 2027-01-01 snapshot; four events at days 0, 2, 4, 6. Event estimates are not additive."
SC02939,Independent recovery experiment 02939,Four_event_stress,4,1.0,1.0,1.0,1.0,North,"Independent 2027-01-01 snapshot; four events at days 0, 2, 4, 6. Event estimates are not additive."
SC02940,Independent recovery experiment 02940,Four_event_stress,4,1.0,1.0,1.0,1.0,South,"Independent 2027-01-01 snapshot; four events at days 0, 2, 4, 6. Event estimates are not additive."
SC02941,Independent recovery experiment 02941,Four_event_stress,4,1.0,1.0,1.0,1.0,South,"Independent 2027-01-01 snapshot; four events at days 0, 2, 4, 6. Event estimates are not additive."
SC02942,Independent recovery experiment 02942,Four_event_stress,4,1.0,1.0,1.0,1.0,West,"Independent 2027-01-01 snapshot; four events at days 0, 2, 4, 6. Event estimates are not additive."
SC02943,Independent recovery experiment 02943,Four_event_stress,4,1.0,1.0,1.0,1.0,North,"Independent 2027-01-01 snapshot; four events at days 0, 2, 4, 6. Event estimates are not additive."
SC02944,Independent recovery experiment 02944,Four_event_stress,4,1.0,1.0,1.0,1.0,South,"Independent 2027-01-01 snapshot; four events at days 0, 2, 4, 6. Event estimates are not additive."
SC02945,Independent recovery experiment 02945,Four_event_stress,4,1.0,1.0,1.0,1.0,South,"Independent 2027-01-01 snapshot; four events at days 0, 2, 4, 6. Event estimates are not additive."
SC02946,Independent recovery experiment 02946,Four_event_stress,4,1.0,1.0,1.0,1.0,West,"Independent 2027-01-01 snapshot; four events at days 0, 2, 4, 6. Event estimates are not additive."
SC02947,Independent recovery experiment 02947,Four_event_stress,4,1.0,1.0,1.0,1.0,East,"Independent 2027-01-01 snapshot; four events at days 0, 2, 4, 6. Event estimates are not additive."
SC02948,Independent recovery experiment 02948,Four_event_stress,4,1.0,1.0,1.0,1.0,West,"Independent 2027-01-01 snapshot; four events at days 0, 2, 4, 6. Event estimates are not additive."
SC02949,Independent recovery experiment 02949,Four_event_stress,4,1.0,1.0,1.0,1.0,North,"Independent 2027-01-01 snapshot; four events at days 0, 2, 4, 6. Event estimates are not additive."
SC02950,Independent recovery experiment 02950,Four_event_stress,4,1.0,1.0,1.0,1.0,South,"Independent 2027-01-01 snapshot; four events at days 0, 2, 4, 6. Event estimates are not additive."
SC02951,Independent recovery experiment 02951,Four_event_stress,4,1.0,1.0,1.0,1.0,South,"Independent 2027-01-01 snapshot; four events at days 0, 2, 4, 6. Event estimates are not additive."
SC02952,Independent recovery experiment 02952,Four_event_stress,4,1.0,1.0,1.0,1.0,West,"Independent 2027-01-01 snapshot; four events at days 0, 2, 4, 6. Event estimates are not additive."
SC02953,Independent recovery experiment 02953,Four_event_stress,4,1.0,1.0,1.0,1.0,North,"Independent 2027-01-01 snapshot; four events at days 0, 2, 4, 6. Event estimates are not additive."
SC02954,Independent recovery experiment 02954,Four_event_stress,4,1.0,1.0,1.0,1.0,South,"Independent 2027-01-01 snapshot; four events at days 0, 2, 4, 6. Event estimates are not additive."
SC02955,Independent recovery experiment 02955,Four_event_stress,4,1.0,1.0,1.0,1.0,South,"Independent 2027-01-01 snapshot; four events at days 0, 2, 4, 6. Event estimates are not additive."
SC02956,Independent recovery experiment 02956,Four_event_stress,4,1.0,1.0,1.0,1.0,West,"Independent 2027-01-01 snapshot; four events at days 0, 2, 4, 6. Event estimates are not additive."
SC02957,Independent recovery experiment 02957,Four_event_stress,4,1.0,1.0,1.0,1.0,East,"Independent 2027-01-01 snapshot; four events at days 0, 2, 4, 6. Event estimates are not additive."
SC02958,Independent recovery experiment 02958,Four_event_stress,4,1.0,1.0,1.0,1.0,West,"Independent 2027-01-01 snapshot; four events at days 0, 2, 4, 6. Event estimates are not additive."
SC02959,Independent recovery experiment 02959,Four_event_stress,4,1.0,1.0,1.0,1.0,North,"Independent 2027-01-01 snapshot; four events at days 0, 2, 4, 6. Event estimates are not additive."
SC02960,Independent recovery experiment 02960,Four_event_stress,4,1.0,1.0,1.0,1.0,South,"Independent 2027-01-01 snapshot; four events at days 0, 2, 4, 6. Event estimates are not additive."
SC02961,Independent recovery experiment 02961,Four_event_stress,4,1.0,1.0,1.0,1.0,South,"Independent 2027-01-01 snapshot; four events at days 0, 2, 4, 6. Event estimates are not additive."
SC02962,Independent recovery experiment 02962,Four_event_stress,4,1.0,1.0,1.0,1.0,West,"Independent 2027-01-01 snapshot; four events at days 0, 2, 4, 6. Event estimates are not additive."
SC02963,Independent recovery experiment 02963,Four_event_stress,4,1.0,1.0,1.0,1.0,North,"Independent 2027-01-01 snapshot; four events at days 0, 2, 4, 6. Event estimates are not additive."
SC02964,Independent recovery experiment 02964,Four_event_stress,4,1.0,1.0,1.0,1.0,South,"Independent 2027-01-01 snapshot; four events at days 0, 2, 4, 6. Event estimates are not additive."
SC02965,Independent recovery experiment 02965,Four_event_stress,4,1.0,1.0,1.0,1.0,South,"Independent 2027-01-01 snapshot; four events at days 0, 2, 4, 6. Event estimates are not additive."
SC02966,Independent recovery experiment 02966,Four_event_stress,4,1.0,1.0,1.0,1.0,West,"Independent 2027-01-01 snapshot; four events at days 0, 2, 4, 6. Event estimates are not additive."
SC02967,Independent recovery experiment 02967,Four_event_stress,4,1.0,1.0,1.0,1.0,East,"Independent 2027-01-01 snapshot; four events at days 0, 2, 4, 6. Event estimates are not additive."
SC02968,Independent recovery experiment 02968,Four_event_stress,4,1.0,1.0,1.0,1.0,West,"Independent 2027-01-01 snapshot; four events at days 0, 2, 4, 6. Event estimates are not additive."
SC02969,Independent recovery experiment 02969,Four_event_stress,4,1.0,1.0,1.0,1.0,North,"Independent 2027-01-01 snapshot; four events at days 0, 2, 4, 6. Event estimates are not additive."
SC02970,Independent recovery experiment 02970,Four_event_stress,4,1.0,1.0,1.0,1.0,South,"Independent 2027-01-01 snapshot; four events at days 0, 2, 4, 6. Event estimates are not additive."
SC02971,Independent recovery experiment 02971,Four_event_stress,4,1.0,1.0,1.0,1.0,South,"Independent 2027-01-01 snapshot; four events at days 0, 2, 4, 6. Event estimates are not additive."
SC02972,Independent recovery experiment 02972,Four_event_stress,4,1.0,1.0,1.0,1.0,West,"Independent 2027-01-01 snapshot; four events at days 0, 2, 4, 6. Event estimates are not additive."
SC02973,Independent recovery experiment 02973,Four_event_stress,4,1.0,1.0,1.0,1.0,North,"Independent 2027-01-01 snapshot; four events at days 0, 2, 4, 6. Event estimates are not additive."
SC02974,Independent recovery experiment 02974,Four_event_stress,4,1.0,1.0,1.0,1.0,South,"Independent 2027-01-01 snapshot; four events at days 0, 2, 4, 6. Event estimates are not additive."
SC02975,Independent recovery experiment 02975,Four_event_stress,4,1.0,1.0,1.0,1.0,South,"Independent 2027-01-01 snapshot; four events at days 0, 2, 4, 6. Event estimates are not additive."
SC02976,Independent recovery experiment 02976,Four_event_stress,4,1.0,1.0,1.0,1.0,West,"Independent 2027-01-01 snapshot; four events at days 0, 2, 4, 6. Event estimates are not additive."
SC02977,Independent recovery experiment 02977,Four_event_stress,4,1.0,1.0,1.0,1.0,East,"Independent 2027-01-01 snapshot; four events at days 0, 2, 4, 6. Event estimates are not additive."
SC02978,Independent recovery experiment 02978,Four_event_stress,4,1.0,1.0,1.0,1.0,West,"Independent 2027-01-01 snapshot; four events at days 0, 2, 4, 6. Event estimates are not additive."
SC02979,Independent recovery experiment 02979,Four_event_stress,4,1.0,1.0,1.0,1.0,North,"Independent 2027-01-01 snapshot; four events at days 0, 2, 4, 6. Event estimates are not additive."
SC02980,Independent recovery experiment 02980,Four_event_stress,4,1.0,1.0,1.0,1.0,South,"Independent 2027-01-01 snapshot; four events at days 0, 2, 4, 6. Event estimates are not additive."
SC02981,Independent recovery experiment 02981,Four_event_stress,4,1.0,1.0,1.0,1.0,South,"Independent 2027-01-01 snapshot; four events at days 0, 2, 4, 6. Event estimates are not additive."
SC02982,Independent recovery experiment 02982,Four_event_stress,4,1.0,1.0,1.0,1.0,West,"Independent 2027-01-01 snapshot; four events at days 0, 2, 4, 6. Event estimates are not additive."
SC02983,Independent recovery experiment 02983,Four_event_stress,4,1.0,1.0,1.0,1.0,North,"Independent 2027-01-01 snapshot; four events at days 0, 2, 4, 6. Event estimates are not additive."
SC02984,Independent recovery experiment 02984,Four_event_stress,4,1.0,1.0,1.0,1.0,South,"Independent 2027-01-01 snapshot; four events at days 0, 2, 4, 6. Event estimates are not additive."
SC02985,Independent recovery experiment 02985,Four_event_stress,4,1.0,1.0,1.0,1.0,South,"Independent 2027-01-01 snapshot; four events at days 0, 2, 4, 6. Event estimates are not additive."
SC02986,Independent recovery experiment 02986,Four_event_stress,4,1.0,1.0,1.0,1.0,West,"Independent 2027-01-01 snapshot; four events at days 0, 2, 4, 6. Event estimates are not additive."
SC02987,Independent recovery experiment 02987,Four_event_stress,4,1.0,1.0,1.0,1.0,East,"Independent 2027-01-01 snapshot; four events at days 0, 2, 4, 6. Event estimates are not additive."
SC02988,Independent recovery experiment 02988,Four_event_stress,4,1.0,1.0,1.0,1.0,West,"Independent 2027-01-01 snapshot; four events at days 0, 2, 4, 6. Event estimates are not additive."
SC02989,Independent recovery experiment 02989,Four_event_stress,4,1.0,1.0,1.0,1.0,North,"Independent 2027-01-01 snapshot; four events at days 0, 2, 4, 6. Event estimates are not additive."
SC02990,Independent recovery experiment 02990,Four_event_stress,4,1.0,1.0,1.0,1.0,South,"Independent 2027-01-01 snapshot; four events at days 0, 2, 4, 6. Event estimates are not additive."
SC02991,Independent recovery experiment 02991,Four_event_stress,4,1.0,1.0,1.0,1.0,South,"Independent 2027-01-01 snapshot; four events at days 0, 2, 4, 6. Event estimates are not additive."
SC02992,Independent recovery experiment 02992,Four_event_stress,4,1.0,1.0,1.0,1.0,West,"Independent 2027-01-01 snapshot; four events at days 0, 2, 4, 6. Event estimates are not additive."
SC02993,Independent recovery experiment 02993,Four_event_stress,4,1.0,1.0,1.0,1.0,North,"Independent 2027-01-01 snapshot; four events at days 0, 2, 4, 6. Event estimates are not additive."
SC02994,Independent recovery experiment 02994,Four_event_stress,4,1.0,1.0,1.0,1.0,South,"Independent 2027-01-01 snapshot; four events at days 0, 2, 4, 6. Event estimates are not additive."
SC02995,Independent recovery experiment 02995,Four_event_stress,4,1.0,1.0,1.0,1.0,South,"Independent 2027-01-01 snapshot; four events at days 0, 2, 4, 6. Event estimates are not additive."
SC02996,Independent recovery experiment 02996,Four_event_stress,4,1.0,1.0,1.0,1.0,West,"Independent 2027-01-01 snapshot; four events at days 0, 2, 4, 6. Event estimates are not additive."
SC02997,Independent recovery experiment 02997,Four_event_stress,4,1.0,1.0,1.0,1.0,East,"Independent 2027-01-01 snapshot; four events at days 0, 2, 4, 6. Event estimates are not additive."
SC02998,Independent recovery experiment 02998,Four_event_stress,4,1.0,1.0,1.0,1.0,West,"Independent 2027-01-01 snapshot; four events at days 0, 2, 4, 6. Event estimates are not additive."
SC02999,Independent recovery experiment 02999,Four_event_stress,4,1.0,1.0,1.0,1.0,North,"Independent 2027-01-01 snapshot; four events at days 0, 2, 4, 6. Event estimates are not additive."
SC03000,Independent recovery experiment 03000,Four_event_stress,4,1.0,1.0,1.0,1.0,South,"Independent 2027-01-01 snapshot; four events at days 0, 2, 4, 6. Event estimates are not additive."
SC03001,Independent recovery experiment 03001,Four_event_stress,4,1.0,1.0,1.0,1.0,South,"Independent 2027-01-01 snapshot; four events at days 0, 2, 4, 6. Event estimates are not additive."
SC03002,Independent recovery experiment 03002,Four_event_stress,4,1.0,1.0,1.0,1.0,West,"Independent 2027-01-01 snapshot; four events at days 0, 2, 4, 6. Event estimates are not additive."
SC03003,Independent recovery experiment 03003,Four_event_stress,4,1.0,1.0,1.0,1.0,North,"Independent 2027-01-01 snapshot; four events at days 0, 2, 4, 6. Event estimates are not additive."
SC03004,Independent recovery experiment 03004,Four_event_stress,4,1.0,1.0,1.0,1.0,South,"Independent 2027-01-01 snapshot; four events at days 0, 2, 4, 6. Event estimates are not additive."
SC03005,Independent recovery experiment 03005,Four_event_stress,4,1.0,1.0,1.0,1.0,South,"Independent 2027-01-01 snapshot; four events at days 0, 2, 4, 6. Event estimates are not additive."
SC03006,Independent recovery experiment 03006,Four_event_stress,4,1.0,1.0,1.0,1.0,West,"Independent 2027-01-01 snapshot; four events at days 0, 2, 4, 6. Event estimates are not additive."
SC03007,Independent recovery experiment 03007,Four_event_stress,4,1.0,1.0,1.0,1.0,East,"Independent 2027-01-01 snapshot; four events at days 0, 2, 4, 6. Event estimates are not additive."
SC03008,Independent recovery experiment 03008,Four_event_stress,4,1.0,1.0,1.0,1.0,West,"Independent 2027-01-01 snapshot; four events at days 0, 2, 4, 6. Event estimates are not additive."
SC03009,Independent recovery experiment 03009,Four_event_stress,4,1.0,1.0,1.0,1.0,North,"Independent 2027-01-01 snapshot; four events at days 0, 2, 4, 6. Event estimates are not additive."
SC03010,Independent recovery experiment 03010,Four_event_stress,4,1.0,1.0,1.0,1.0,South,"Independent 2027-01-01 snapshot; four events at days 0, 2, 4, 6. Event estimates are not additive."
SC03011,Independent recovery experiment 03011,Four_event_stress,4,1.0,1.0,1.0,1.0,South,"Independent 2027-01-01 snapshot; four events at days 0, 2, 4, 6. Event estimates are not additive."
SC03012,Independent recovery experiment 03012,Four_event_stress,4,1.0,1.0,1.0,1.0,West,"Independent 2027-01-01 snapshot; four events at days 0, 2, 4, 6. Event estimates are not additive."
SC03013,Independent recovery experiment 03013,Four_event_stress,4,1.0,1.0,1.0,1.0,North,"Independent 2027-01-01 snapshot; four events at days 0, 2, 4, 6. Event estimates are not additive."
SC03014,Independent recovery experiment 03014,Four_event_stress,4,1.0,1.0,1.0,1.0,South,"Independent 2027-01-01 snapshot; four events at days 0, 2, 4, 6. Event estimates are not additive."
SC03015,Independent recovery experiment 03015,Four_event_stress,4,1.0,1.0,1.0,1.0,South,"Independent 2027-01-01 snapshot; four events at days 0, 2, 4, 6. Event estimates are not additive."
SC03016,Independent recovery experiment 03016,Four_event_stress,4,1.0,1.0,1.0,1.0,West,"Independent 2027-01-01 snapshot; four events at days 0, 2, 4, 6. Event estimates are not additive."
SC03017,Independent recovery experiment 03017,Four_event_stress,4,1.0,1.0,1.0,1.0,East,"Independent 2027-01-01 snapshot; four events at days 0, 2, 4, 6. Event estimates are not additive."
SC03018,Independent recovery experiment 03018,Four_event_stress,4,1.0,1.0,1.0,1.0,West,"Independent 2027-01-01 snapshot; four events at days 0, 2, 4, 6. Event estimates are not additive."
SC03019,Independent recovery experiment 03019,Four_event_stress,4,1.0,1.0,1.0,1.0,North,"Independent 2027-01-01 snapshot; four events at days 0, 2, 4, 6. Event estimates are not additive."
SC03020,Independent recovery experiment 03020,Four_event_stress,4,1.0,1.0,1.0,1.0,South,"Independent 2027-01-01 snapshot; four events at days 0, 2, 4, 6. Event estimates are not additive."
SC03021,Independent recovery experiment 03021,Four_event_stress,4,1.0,1.0,1.0,1.0,South,"Independent 2027-01-01 snapshot; four events at days 0, 2, 4, 6. Event estimates are not additive."
SC03022,Independent recovery experiment 03022,Four_event_stress,4,1.0,1.0,1.0,1.0,West,"Independent 2027-01-01 snapshot; four events at days 0, 2, 4, 6. Event estimates are not additive."
SC03023,Independent recovery experiment 03023,Four_event_stress,4,1.0,1.0,1.0,1.0,North,"Independent 2027-01-01 snapshot; four events at days 0, 2, 4, 6. Event estimates are not additive."
SC03024,Independent recovery experiment 03024,Four_event_stress,4,1.0,1.0,1.0,1.0,South,"Independent 2027-01-01 snapshot; four events at days 0, 2, 4, 6. Event estimates are not additive."
SC03025,Independent recovery experiment 03025,Four_event_stress,4,1.0,1.0,1.0,1.0,South,"Independent 2027-01-01 snapshot; four events at days 0, 2, 4, 6. Event estimates are not additive."
SC03026,Independent recovery experiment 03026,Four_event_stress,4,1.0,1.0,1.0,1.0,West,"Independent 2027-01-01 snapshot; four events at days 0, 2, 4, 6. Event estimates are not additive."
SC03027,Independent recovery experiment 03027,Four_event_stress,4,1.0,1.0,1.0,1.0,East,"Independent 2027-01-01 snapshot; four events at days 0, 2, 4, 6. Event estimates are not additive."
SC03028,Independent recovery experiment 03028,Four_event_stress,4,1.0,1.0,1.0,1.0,West,"Independent 2027-01-01 snapshot; four events at days 0, 2, 4, 6. Event estimates are not additive."
SC03029,Independent recovery experiment 03029,Four_event_stress,4,1.0,1.0,1.0,1.0,North,"Independent 2027-01-01 snapshot; four events at days 0, 2, 4, 6. Event estimates are not additive."
SC03030,Independent recovery experiment 03030,Four_event_stress,4,1.0,1.0,1.0,1.0,South,"Independent 2027-01-01 snapshot; four events at days 0, 2, 4, 6. Event estimates are not additive."
SC03031,Independent recovery experiment 03031,Four_event_stress,4,1.0,1.0,1.0,1.0,South,"Independent 2027-01-01 snapshot; four events at days 0, 2, 4, 6. Event estimates are not additive."
SC03032,Independent recovery experiment 03032,Four_event_stress,4,1.0,1.0,1.0,1.0,West,"Independent 2027-01-01 snapshot; four events at days 0, 2, 4, 6. Event estimates are not additive."
SC03033,Independent recovery experiment 03033,Four_event_stress,4,1.0,1.0,1.0,1.0,North,"Independent 2027-01-01 snapshot; four events at days 0, 2, 4, 6. Event estimates are not additive."
SC03034,Independent recovery experiment 03034,Four_event_stress,4,1.0,1.0,1.0,1.0,South,"Independent 2027-01-01 snapshot; four events at days 0, 2, 4, 6. Event estimates are not additive."
SC03035,Independent recovery experiment 03035,Four_event_stress,4,1.0,1.0,1.0,1.0,South,"Independent 2027-01-01 snapshot; four events at days 0, 2, 4, 6. Event estimates are not additive."
SC03036,Independent recovery experiment 03036,Four_event_stress,4,1.0,1.0,1.0,1.0,West,"Independent 2027-01-01 snapshot; four events at days 0, 2, 4, 6. Event estimates are not additive."
SC03037,Independent recovery experiment 03037,Four_event_stress,4,1.0,1.0,1.0,1.0,East,"Independent 2027-01-01 snapshot; four events at days 0, 2, 4, 6. Event estimates are not additive."
SC03038,Independent recovery experiment 03038,Four_event_stress,4,1.0,1.0,1.0,1.0,West,"Independent 2027-01-01 snapshot; four events at days 0, 2, 4, 6. Event estimates are not additive."
SC03039,Independent recovery experiment 03039,Four_event_stress,4,1.0,1.0,1.0,1.0,North,"Independent 2027-01-01 snapshot; four events at days 0, 2, 4, 6. Event estimates are not additive."
SC03040,Independent recovery experiment 03040,Four_event_stress,4,1.0,1.0,1.0,1.0,South,"Independent 2027-01-01 snapshot; four events at days 0, 2, 4, 6. Event estimates are not additive."
SC03041,Independent recovery experiment 03041,Four_event_stress,4,1.0,1.0,1.0,1.0,South,"Independent 2027-01-01 snapshot; four events at days 0, 2, 4, 6. Event estimates are not additive."
SC03042,Independent recovery experiment 03042,Four_event_stress,4,1.0,1.0,1.0,1.0,West,"Independent 2027-01-01 snapshot; four events at days 0, 2, 4, 6. Event estimates are not additive."
SC03043,Independent recovery experiment 03043,Four_event_stress,4,1.0,1.0,1.0,1.0,North,"Independent 2027-01-01 snapshot; four events at days 0, 2, 4, 6. Event estimates are not additive."
SC03044,Independent recovery experiment 03044,Four_event_stress,4,1.0,1.0,1.0,1.0,South,"Independent 2027-01-01 snapshot; four events at days 0, 2, 4, 6. Event estimates are not additive."
SC03045,Independent recovery experiment 03045,Four_event_stress,4,1.0,1.0,1.0,1.0,South,"Independent 2027-01-01 snapshot; four events at days 0, 2, 4, 6. Event estimates are not additive."
SC03046,Independent recovery experiment 03046,Four_event_stress,4,1.0,1.0,1.0,1.0,West,"Independent 2027-01-01 snapshot; four events at days 0, 2, 4, 6. Event estimates are not additive."
SC03047,Independent recovery experiment 03047,Four_event_stress,4,1.0,1.0,1.0,1.0,East,"Independent 2027-01-01 snapshot; four events at days 0, 2, 4, 6. Event estimates are not additive."
SC03048,Independent recovery experiment 03048,Four_event_stress,4,1.0,1.0,1.0,1.0,West,"Independent 2027-01-01 snapshot; four events at days 0, 2, 4, 6. Event estimates are not additive."
SC03049,Independent recovery experiment 03049,Four_event_stress,4,1.0,1.0,1.0,1.0,North,"Independent 2027-01-01 snapshot; four events at days 0, 2, 4, 6. Event estimates are not additive."
SC03050,Independent recovery experiment 03050,Four_event_stress,4,1.0,1.0,1.0,1.0,South,"Independent 2027-01-01 snapshot; four events at days 0, 2, 4, 6. Event estimates are not additive."
SC03051,Independent recovery experiment 03051,Four_event_stress,4,1.0,1.0,1.0,1.0,South,"Independent 2027-01-01 snapshot; four events at days 0, 2, 4, 6. Event estimates are not additive."
SC03052,Independent recovery experiment 03052,Four_event_stress,4,1.0,1.0,1.0,1.0,West,"Independent 2027-01-01 snapshot; four events at days 0, 2, 4, 6. Event estimates are not additive."
SC03053,Independent recovery experiment 03053,Four_event_stress,4,1.0,1.0,1.0,1.0,North,"Independent 2027-01-01 snapshot; four events at days 0, 2, 4, 6. Event estimates are not additive."
SC03054,Independent recovery experiment 03054,Four_event_stress,4,1.0,1.0,1.0,1.0,South,"Independent 2027-01-01 snapshot; four events at days 0, 2, 4, 6. Event estimates are not additive."
SC03055,Independent recovery experiment 03055,Four_event_stress,4,1.0,1.0,1.0,1.0,South,"Independent 2027-01-01 snapshot; four events at days 0, 2, 4, 6. Event estimates are not additive."
SC03056,Independent recovery experiment 03056,Four_event_stress,4,1.0,1.0,1.0,1.0,West,"Independent 2027-01-01 snapshot; four events at days 0, 2, 4, 6. Event estimates are not additive."
SC03057,Independent recovery experiment 03057,Four_event_stress,4,1.0,1.0,1.0,1.0,East,"Independent 2027-01-01 snapshot; four events at days 0, 2, 4, 6. Event estimates are not additive."
SC03058,Independent recovery experiment 03058,Four_event_stress,4,1.0,1.0,1.0,1.0,West,"Independent 2027-01-01 snapshot; four events at days 0, 2, 4, 6. Event estimates are not additive."
SC03059,Independent recovery experiment 03059,Four_event_stress,4,1.0,1.0,1.0,1.0,North,"Independent 2027-01-01 snapshot; four events at days 0, 2, 4, 6. Event estimates are not additive."
SC03060,Independent recovery experiment 03060,Four_event_stress,4,1.0,1.0,1.0,1.0,South,"Independent 2027-01-01 snapshot; four events at days 0, 2, 4, 6. Event estimates are not additive."
SC03061,Independent recovery experiment 03061,Four_event_stress,4,1.0,1.0,1.0,1.0,South,"Independent 2027-01-01 snapshot; four events at days 0, 2, 4, 6. Event estimates are not additive."
SC03062,Independent recovery experiment 03062,Four_event_stress,4,1.0,1.0,1.0,1.0,West,"Independent 2027-01-01 snapshot; four events at days 0, 2, 4, 6. Event estimates are not additive."
SC03063,Independent recovery experiment 03063,Four_event_stress,4,1.0,1.0,1.0,1.0,North,"Independent 2027-01-01 snapshot; four events at days 0, 2, 4, 6. Event estimates are not additive."
SC03064,Independent recovery experiment 03064,Four_event_stress,4,1.0,1.0,1.0,1.0,South,"Independent 2027-01-01 snapshot; four events at days 0, 2, 4, 6. Event estimates are not additive."
SC03065,Independent recovery experiment 03065,Four_event_stress,4,1.0,1.0,1.0,1.0,South,"Independent 2027-01-01 snapshot; four events at days 0, 2, 4, 6. Event estimates are not additive."
SC03066,Independent recovery experiment 03066,Four_event_stress,4,1.0,1.0,1.0,1.0,West,"Independent 2027-01-01 snapshot; four events at days 0, 2, 4, 6. Event estimates are not additive."
SC03067,Independent recovery experiment 03067,Four_event_stress,4,1.0,1.0,1.0,1.0,East,"Independent 2027-01-01 snapshot; four events at days 0, 2, 4, 6. Event estimates are not additive."
SC03068,Independent recovery experiment 03068,Four_event_stress,4,1.0,1.0,1.0,1.0,West,"Independent 2027-01-01 snapshot; four events at days 0, 2, 4, 6. Event estimates are not additive."
SC03069,Independent recovery experiment 03069,Four_event_stress,4,1.0,1.0,1.0,1.0,North,"Independent 2027-01-01 snapshot; four events at days 0, 2, 4, 6. Event estimates are not additive."
SC03070,Independent recovery experiment 03070,Four_event_stress,4,1.0,1.0,1.0,1.0,South,"Independent 2027-01-01 snapshot; four events at days 0, 2, 4, 6. Event estimates are not additive."
SC03071,Independent recovery experiment 03071,Four_event_stress,4,1.0,1.0,1.0,1.0,South,"Independent 2027-01-01 snapshot; four events at days 0, 2, 4, 6. Event estimates are not additive."
SC03072,Independent recovery experiment 03072,Four_event_stress,4,1.0,1.0,1.0,1.0,West,"Independent 2027-01-01 snapshot; four events at days 0, 2, 4, 6. Event estimates are not additive."
SC03073,Independent recovery experiment 03073,Four_event_stress,4,1.0,1.0,1.0,1.0,North,"Independent 2027-01-01 snapshot; four events at days 0, 2, 4, 6. Event estimates are not additive."
SC03074,Independent recovery experiment 03074,Four_event_stress,4,1.0,1.0,1.0,1.0,South,"Independent 2027-01-01 snapshot; four events at days 0, 2, 4, 6. Event estimates are not additive."
SC03075,Independent recovery experiment 03075,Four_event_stress,4,1.0,1.0,1.0,1.0,South,"Independent 2027-01-01 snapshot; four events at days 0, 2, 4, 6. Event estimates are not additive."
SC03076,Independent recovery experiment 03076,Four_event_stress,4,1.0,1.0,1.0,1.0,West,"Independent 2027-01-01 snapshot; four events at days 0, 2, 4, 6. Event estimates are not additive."
SC03077,Independent recovery experiment 03077,Four_event_stress,4,1.0,1.0,1.0,1.0,East,"Independent 2027-01-01 snapshot; four events at days 0, 2, 4, 6. Event estimates are not additive."
SC03078,Independent recovery experiment 03078,Four_event_stress,4,1.0,1.0,1.0,1.0,West,"Independent 2027-01-01 snapshot; four events at days 0, 2, 4, 6. Event estimates are not additive."
SC03079,Independent recovery experiment 03079,Four_event_stress,4,1.0,1.0,1.0,1.0,North,"Independent 2027-01-01 snapshot; four events at days 0, 2, 4, 6. Event estimates are not additive."
SC03080,Independent recovery experiment 03080,Four_event_stress,4,1.0,1.0,1.0,1.0,South,"Independent 2027-01-01 snapshot; four events at days 0, 2, 4, 6. Event estimates are not additive."
SC03081,Independent recovery experiment 03081,Four_event_stress,4,1.0,1.0,1.0,1.0,South,"Independent 2027-01-01 snapshot; four events at days 0, 2, 4, 6. Event estimates are not additive."
SC03082,Independent recovery experiment 03082,Four_event_stress,4,1.0,1.0,1.0,1.0,West,"Independent 2027-01-01 snapshot; four events at days 0, 2, 4, 6. Event estimates are not additive."
SC03083,Independent recovery experiment 03083,Four_event_stress,4,1.0,1.0,1.0,1.0,North,"Independent 2027-01-01 snapshot; four events at days 0, 2, 4, 6. Event estimates are not additive."
SC03084,Independent recovery experiment 03084,Four_event_stress,4,1.0,1.0,1.0,1.0,South,"Independent 2027-01-01 snapshot; four events at days 0, 2, 4, 6. Event estimates are not additive."
SC03085,Independent recovery experiment 03085,Four_event_stress,4,1.0,1.0,1.0,1.0,South,"Independent 2027-01-01 snapshot; four events at days 0, 2, 4, 6. Event estimates are not additive."
SC03086,Independent recovery experiment 03086,Four_event_stress,4,1.0,1.0,1.0,1.0,West,"Independent 2027-01-01 snapshot; four events at days 0, 2, 4, 6. Event estimates are not additive."
SC03087,Independent recovery experiment 03087,Four_event_stress,4,1.0,1.0,1.0,1.0,East,"Independent 2027-01-01 snapshot; four events at days 0, 2, 4, 6. Event estimates are not additive."
SC03088,Independent recovery experiment 03088,Four_event_stress,4,1.0,1.0,1.0,1.0,West,"Independent 2027-01-01 snapshot; four events at days 0, 2, 4, 6. Event estimates are not additive."
SC03089,Independent recovery experiment 03089,Four_event_stress,4,1.0,1.0,1.0,1.0,North,"Independent 2027-01-01 snapshot; four events at days 0, 2, 4, 6. Event estimates are not additive."
SC03090,Independent recovery experiment 03090,Four_event_stress,4,1.0,1.0,1.0,1.0,South,"Independent 2027-01-01 snapshot; four events at days 0, 2, 4, 6. Event estimates are not additive."
SC03091,Independent recovery experiment 03091,Four_event_stress,4,1.0,1.0,1.0,1.0,South,"Independent 2027-01-01 snapshot; four events at days 0, 2, 4, 6. Event estimates are not additive."
SC03092,Independent recovery experiment 03092,Four_event_stress,4,1.0,1.0,1.0,1.0,West,"Independent 2027-01-01 snapshot; four events at days 0, 2, 4, 6. Event estimates are not additive."
SC03093,Independent recovery experiment 03093,Four_event_stress,4,1.0,1.0,1.0,1.0,North,"Independent 2027-01-01 snapshot; four events at days 0, 2, 4, 6. Event estimates are not additive."
SC03094,Independent recovery experiment 03094,Four_event_stress,4,1.0,1.0,1.0,1.0,South,"Independent 2027-01-01 snapshot; four events at days 0, 2, 4, 6. Event estimates are not additive."
SC03095,Independent recovery experiment 03095,Four_event_stress,4,1.0,1.0,1.0,1.0,South,"Independent 2027-01-01 snapshot; four events at days 0, 2, 4, 6. Event estimates are not additive."
SC03096,Independent recovery experiment 03096,Four_event_stress,4,1.0,1.0,1.0,1.0,West,"Independent 2027-01-01 snapshot; four events at days 0, 2, 4, 6. Event estimates are not additive."
SC03097,Independent recovery experiment 03097,Four_event_stress,4,1.0,1.0,1.0,1.0,East,"Independent 2027-01-01 snapshot; four events at days 0, 2, 4, 6. Event estimates are not additive."
SC03098,Independent recovery experiment 03098,Four_event_stress,4,1.0,1.0,1.0,1.0,West,"Independent 2027-01-01 snapshot; four events at days 0, 2, 4, 6. Event estimates are not additive."
SC03099,Independent recovery experiment 03099,Four_event_stress,4,1.0,1.0,1.0,1.0,North,"Independent 2027-01-01 snapshot; four events at days 0, 2, 4, 6. Event estimates are not additive."
SC03100,Independent recovery experiment 03100,Four_event_stress,4,1.0,1.0,1.0,1.0,South,"Independent 2027-01-01 snapshot; four events at days 0, 2, 4, 6. Event estimates are not additive."
SC03101,Independent recovery experiment 03101,Four_event_stress,4,1.0,1.0,1.0,1.0,South,"Independent 2027-01-01 snapshot; four events at days 0, 2, 4, 6. Event estimates are not additive."
SC03102,Independent recovery experiment 03102,Four_event_stress,4,1.0,1.0,1.0,1.0,West,"Independent 2027-01-01 snapshot; four events at days 0, 2, 4, 6. Event estimates are not additive."
SC03103,Independent recovery experiment 03103,Four_event_stress,4,1.0,1.0,1.0,1.0,North,"Independent 2027-01-01 snapshot; four events at days 0, 2, 4, 6. Event estimates are not additive."
SC03104,Independent recovery experiment 03104,Four_event_stress,4,1.0,1.0,1.0,1.0,South,"Independent 2027-01-01 snapshot; four events at days 0, 2, 4, 6. Event estimates are not additive."
SC03105,Independent recovery experiment 03105,Four_event_stress,4,1.0,1.0,1.0,1.0,South,"Independent 2027-01-01 snapshot; four events at days 0, 2, 4, 6. Event estimates are not additive."
SC03106,Independent recovery experiment 03106,Four_event_stress,4,1.0,1.0,1.0,1.0,West,"Independent 2027-01-01 snapshot; four events at days 0, 2, 4, 6. Event estimates are not additive."
SC03107,Independent recovery experiment 03107,Four_event_stress,4,1.0,1.0,1.0,1.0,East,"Independent 2027-01-01 snapshot; four events at days 0, 2, 4, 6. Event estimates are not additive."
SC03108,Independent recovery experiment 03108,Four_event_stress,4,1.0,1.0,1.0,1.0,West,"Independent 2027-01-01 snapshot; four events at days 0, 2, 4, 6. Event estimates are not additive."
SC03109,Independent recovery experiment 03109,Four_event_stress,4,1.0,1.0,1.0,1.0,North,"Independent 2027-01-01 snapshot; four events at days 0, 2, 4, 6. Event estimates are not additive."
SC03110,Independent recovery experiment 03110,Four_event_stress,4,1.0,1.0,1.0,1.0,South,"Independent 2027-01-01 snapshot; four events at days 0, 2, 4, 6. Event estimates are not additive."
SC03111,Independent recovery experiment 03111,Four_event_stress,4,1.0,1.0,1.0,1.0,South,"Independent 2027-01-01 snapshot; four events at days 0, 2, 4, 6. Event estimates are not additive."
SC03112,Independent recovery experiment 03112,Four_event_stress,4,1.0,1.0,1.0,1.0,West,"Independent 2027-01-01 snapshot; four events at days 0, 2, 4, 6. Event estimates are not additive."
SC03113,Independent recovery experiment 03113,Four_event_stress,4,1.0,1.0,1.0,1.0,North,"Independent 2027-01-01 snapshot; four events at days 0, 2, 4, 6. Event estimates are not additive."
SC03114,Independent recovery experiment 03114,Four_event_stress,4,1.0,1.0,1.0,1.0,South,"Independent 2027-01-01 snapshot; four events at days 0, 2, 4, 6. Event estimates are not additive."
SC03115,Independent recovery experiment 03115,Four_event_stress,4,1.0,1.0,1.0,1.0,South,"Independent 2027-01-01 snapshot; four events at days 0, 2, 4, 6. Event estimates are not additive."
SC03116,Independent recovery experiment 03116,Four_event_stress,4,1.0,1.0,1.0,1.0,West,"Independent 2027-01-01 snapshot; four events at days 0, 2, 4, 6. Event estimates are not additive."
SC03117,Independent recovery experiment 03117,Four_event_stress,4,1.0,1.0,1.0,1.0,East,"Independent 2027-01-01 snapshot; four events at days 0, 2, 4, 6. Event estimates are not additive."
SC03118,Independent recovery experiment 03118,Four_event_stress,4,1.0,1.0,1.0,1.0,West,"Independent 2027-01-01 snapshot; four events at days 0, 2, 4, 6. Event estimates are not additive."
SC03119,Independent recovery experiment 03119,Four_event_stress,4,1.0,1.0,1.0,1.0,North,"Independent 2027-01-01 snapshot; four events at days 0, 2, 4, 6. Event estimates are not additive."
SC03120,Independent recovery experiment 03120,Four_event_stress,4,1.0,1.0,1.0,1.0,South,"Independent 2027-01-01 snapshot; four events at days 0, 2, 4, 6. Event estimates are not additive."
SC03121,Independent recovery experiment 03121,Four_event_stress,4,1.0,1.0,1.0,1.0,South,"Independent 2027-01-01 snapshot; four events at days 0, 2, 4, 6. Event estimates are not additive."
SC03122,Independent recovery experiment 03122,Four_event_stress,4,1.0,1.0,1.0,1.0,West,"Independent 2027-01-01 snapshot; four events at days 0, 2, 4, 6. Event estimates are not additive."
SC03123,Independent recovery experiment 03123,Four_event_stress,4,1.0,1.0,1.0,1.0,North,"Independent 2027-01-01 snapshot; four events at days 0, 2, 4, 6. Event estimates are not additive."
SC03124,Independent recovery experiment 03124,Four_event_stress,4,1.0,1.0,1.0,1.0,South,"Independent 2027-01-01 snapshot; four events at days 0, 2, 4, 6. Event estimates are not additive."
SC03125,Independent recovery experiment 03125,Four_event_stress,4,1.0,1.0,1.0,1.0,South,"Independent 2027-01-01 snapshot; four events at days 0, 2, 4, 6. Event estimates are not additive."
SC03126,Independent recovery experiment 03126,Four_event_stress,4,1.0,1.0,1.0,1.0,West,"Independent 2027-01-01 snapshot; four events at days 0, 2, 4, 6. Event estimates are not additive."
SC03127,Independent recovery experiment 03127,Four_event_stress,4,1.0,1.0,1.0,1.0,East,"Independent 2027-01-01 snapshot; four events at days 0, 2, 4, 6. Event estimates are not additive."
SC03128,Independent recovery experiment 03128,Four_event_stress,4,1.0,1.0,1.0,1.0,West,"Independent 2027-01-01 snapshot; four events at days 0, 2, 4, 6. Event estimates are not additive."
SC03129,Independent recovery experiment 03129,Four_event_stress,4,1.0,1.0,1.0,1.0,North,"Independent 2027-01-01 snapshot; four events at days 0, 2, 4, 6. Event estimates are not additive."
SC03130,Independent recovery experiment 03130,Four_event_stress,4,1.0,1.0,1.0,1.0,South,"Independent 2027-01-01 snapshot; four events at days 0, 2, 4, 6. Event estimates are not additive."
SC03131,Independent recovery experiment 03131,Four_event_stress,4,1.0,1.0,1.0,1.0,South,"Independent 2027-01-01 snapshot; four events at days 0, 2, 4, 6. Event estimates are not additive."
SC03132,Independent recovery experiment 03132,Four_event_stress,4,1.0,1.0,1.0,1.0,West,"Independent 2027-01-01 snapshot; four events at days 0, 2, 4, 6. Event estimates are not additive."
SC03133,Independent recovery experiment 03133,Four_event_stress,4,1.0,1.0,1.0,1.0,North,"Independent 2027-01-01 snapshot; four events at days 0, 2, 4, 6. Event estimates are not additive."
SC03134,Independent recovery experiment 03134,Four_event_stress,4,1.0,1.0,1.0,1.0,South,"Independent 2027-01-01 snapshot; four events at days 0, 2, 4, 6. Event estimates are not additive."
SC03135,Independent recovery experiment 03135,Four_event_stress,4,1.0,1.0,1.0,1.0,South,"Independent 2027-01-01 snapshot; four events at days 0, 2, 4, 6. Event estimates are not additive."
SC03136,Independent recovery experiment 03136,Four_event_stress,4,1.0,1.0,1.0,1.0,West,"Independent 2027-01-01 snapshot; four events at days 0, 2, 4, 6. Event estimates are not additive."
SC03137,Independent recovery experiment 03137,Four_event_stress,4,1.0,1.0,1.0,1.0,East,"Independent 2027-01-01 snapshot; four events at days 0, 2, 4, 6. Event estimates are not additive."
SC03138,Independent recovery experiment 03138,Four_event_stress,4,1.0,1.0,1.0,1.0,West,"Independent 2027-01-01 snapshot; four events at days 0, 2, 4, 6. Event estimates are not additive."
SC03139,Independent recovery experiment 03139,Four_event_stress,4,1.0,1.0,1.0,1.0,North,"Independent 2027-01-01 snapshot; four events at days 0, 2, 4, 6. Event estimates are not additive."
SC03140,Independent recovery experiment 03140,Four_event_stress,4,1.0,1.0,1.0,1.0,South,"Independent 2027-01-01 snapshot; four events at days 0, 2, 4, 6. Event estimates are not additive."
SC03141,Independent recovery experiment 03141,Four_event_stress,4,1.0,1.0,1.0,1.0,South,"Independent 2027-01-01 snapshot; four events at days 0, 2, 4, 6. Event estimates are not additive."
SC03142,Independent recovery experiment 03142,Four_event_stress,4,1.0,1.0,1.0,1.0,West,"Independent 2027-01-01 snapshot; four events at days 0, 2, 4, 6. Event estimates are not additive."
SC03143,Independent recovery experiment 03143,Four_event_stress,4,1.0,1.0,1.0,1.0,North,"Independent 2027-01-01 snapshot; four events at days 0, 2, 4, 6. Event estimates are not additive."
SC03144,Independent recovery experiment 03144,Four_event_stress,4,1.0,1.0,1.0,1.0,South,"Independent 2027-01-01 snapshot; four events at days 0, 2, 4, 6. Event estimates are not additive."
SC03145,Independent recovery experiment 03145,Four_event_stress,4,1.0,1.0,1.0,1.0,South,"Independent 2027-01-01 snapshot; four events at days 0, 2, 4, 6. Event estimates are not additive."
SC03146,Independent recovery experiment 03146,Four_event_stress,4,1.0,1.0,1.0,1.0,West,"Independent 2027-01-01 snapshot; four events at days 0, 2, 4, 6. Event estimates are not additive."
SC03147,Independent recovery experiment 03147,Four_event_stress,4,1.0,1.0,1.0,1.0,East,"Independent 2027-01-01 snapshot; four events at days 0, 2, 4, 6. Event estimates are not additive."
SC03148,Independent recovery experiment 03148,Four_event_stress,4,1.0,1.0,1.0,1.0,West,"Independent 2027-01-01 snapshot; four events at days 0, 2, 4, 6. Event estimates are not additive."
SC03149,Independent recovery experiment 03149,Four_event_stress,4,1.0,1.0,1.0,1.0,North,"Independent 2027-01-01 snapshot; four events at days 0, 2, 4, 6. Event estimates are not additive."
SC03150,Independent recovery experiment 03150,Four_event_stress,4,1.0,1.0,1.0,1.0,South,"Independent 2027-01-01 snapshot; four events at days 0, 2, 4, 6. Event estimates are not additive."
SC03151,Independent recovery experiment 03151,Four_event_stress,4,1.0,1.0,1.0,1.0,South,"Independent 2027-01-01 snapshot; four events at days 0, 2, 4, 6. Event estimates are not additive."
SC03152,Independent recovery experiment 03152,Four_event_stress,4,1.0,1.0,1.0,1.0,West,"Independent 2027-01-01 snapshot; four events at days 0, 2, 4, 6. Event estimates are not additive."
SC03153,Independent recovery experiment 03153,Four_event_stress,4,1.0,1.0,1.0,1.0,North,"Independent 2027-01-01 snapshot; four events at days 0, 2, 4, 6. Event estimates are not additive."
SC03154,Independent recovery experiment 03154,Four_event_stress,4,1.0,1.0,1.0,1.0,South,"Independent 2027-01-01 snapshot; four events at days 0, 2, 4, 6. Event estimates are not additive."
SC03155,Independent recovery experiment 03155,Four_event_stress,4,1.0,1.0,1.0,1.0,South,"Independent 2027-01-01 snapshot; four events at days 0, 2, 4, 6. Event estimates are not additive."
SC03156,Independent recovery experiment 03156,Four_event_stress,4,1.0,1.0,1.0,1.0,West,"Independent 2027-01-01 snapshot; four events at days 0, 2, 4, 6. Event estimates are not additive."
SC03157,Independent recovery experiment 03157,Four_event_stress,4,1.0,1.0,1.0,1.0,East,"Independent 2027-01-01 snapshot; four events at days 0, 2, 4, 6. Event estimates are not additive."
SC03158,Independent recovery experiment 03158,Four_event_stress,4,1.0,1.0,1.0,1.0,West,"Independent 2027-01-01 snapshot; four events at days 0, 2, 4, 6. Event estimates are not additive."
SC03159,Independent recovery experiment 03159,Four_event_stress,4,1.0,1.0,1.0,1.0,North,"Independent 2027-01-01 snapshot; four events at days 0, 2, 4, 6. Event estimates are not additive."
SC03160,Independent recovery experiment 03160,Four_event_stress,4,1.0,1.0,1.0,1.0,South,"Independent 2027-01-01 snapshot; four events at days 0, 2, 4, 6. Event estimates are not additive."
SC03161,Independent recovery experiment 03161,Four_event_stress,4,1.0,1.0,1.0,1.0,South,"Independent 2027-01-01 snapshot; four events at days 0, 2, 4, 6. Event estimates are not additive."
SC03162,Independent recovery experiment 03162,Four_event_stress,4,1.0,1.0,1.0,1.0,West,"Independent 2027-01-01 snapshot; four events at days 0, 2, 4, 6. Event estimates are not additive."
SC03163,Independent recovery experiment 03163,Four_event_stress,4,1.0,1.0,1.0,1.0,North,"Independent 2027-01-01 snapshot; four events at days 0, 2, 4, 6. Event estimates are not additive."
SC03164,Independent recovery experiment 03164,Four_event_stress,4,1.0,1.0,1.0,1.0,South,"Independent 2027-01-01 snapshot; four events at days 0, 2, 4, 6. Event estimates are not additive."
SC03165,Independent recovery experiment 03165,Four_event_stress,4,1.0,1.0,1.0,1.0,South,"Independent 2027-01-01 snapshot; four events at days 0, 2, 4, 6. Event estimates are not additive."
SC03166,Independent recovery experiment 03166,Four_event_stress,4,1.0,1.0,1.0,1.0,West,"Independent 2027-01-01 snapshot; four events at days 0, 2, 4, 6. Event estimates are not additive."
SC03167,Independent recovery experiment 03167,Four_event_stress,4,1.0,1.0,1.0,1.0,East,"Independent 2027-01-01 snapshot; four events at days 0, 2, 4, 6. Event estimates are not additive."
SC03168,Independent recovery experiment 03168,Four_event_stress,4,1.0,1.0,1.0,1.0,West,"Independent 2027-01-01 snapshot; four events at days 0, 2, 4, 6. Event estimates are not additive."
SC03169,Independent recovery experiment 03169,Four_event_stress,4,1.0,1.0,1.0,1.0,North,"Independent 2027-01-01 snapshot; four events at days 0, 2, 4, 6. Event estimates are not additive."
SC03170,Independent recovery experiment 03170,Four_event_stress,4,1.0,1.0,1.0,1.0,South,"Independent 2027-01-01 snapshot; four events at days 0, 2, 4, 6. Event estimates are not additive."
SC03171,Independent recovery experiment 03171,Four_event_stress,4,1.0,1.0,1.0,1.0,South,"Independent 2027-01-01 snapshot; four events at days 0, 2, 4, 6. Event estimates are not additive."
SC03172,Independent recovery experiment 03172,Four_event_stress,4,1.0,1.0,1.0,1.0,West,"Independent 2027-01-01 snapshot; four events at days 0, 2, 4, 6. Event estimates are not additive."
SC03173,Independent recovery experiment 03173,Four_event_stress,4,1.0,1.0,1.0,1.0,North,"Independent 2027-01-01 snapshot; four events at days 0, 2, 4, 6. Event estimates are not additive."
SC03174,Independent recovery experiment 03174,Four_event_stress,4,1.0,1.0,1.0,1.0,South,"Independent 2027-01-01 snapshot; four events at days 0, 2, 4, 6. Event estimates are not additive."
SC03175,Independent recovery experiment 03175,Four_event_stress,4,1.0,1.0,1.0,1.0,South,"Independent 2027-01-01 snapshot; four events at days 0, 2, 4, 6. Event estimates are not additive."
SC03176,Independent recovery experiment 03176,Four_event_stress,4,1.0,1.0,1.0,1.0,West,"Independent 2027-01-01 snapshot; four events at days 0, 2, 4, 6. Event estimates are not additive."
SC03177,Independent recovery experiment 03177,Four_event_stress,4,1.0,1.0,1.0,1.0,East,"Independent 2027-01-01 snapshot; four events at days 0, 2, 4, 6. Event estimates are not additive."
SC03178,Independent recovery experiment 03178,Four_event_stress,4,1.0,1.0,1.0,1.0,West,"Independent 2027-01-01 snapshot; four events at days 0, 2, 4, 6. Event estimates are not additive."
SC03179,Independent recovery experiment 03179,Four_event_stress,4,1.0,1.0,1.0,1.0,North,"Independent 2027-01-01 snapshot; four events at days 0, 2, 4, 6. Event estimates are not additive."
SC03180,Independent recovery experiment 03180,Four_event_stress,4,1.0,1.0,1.0,1.0,South,"Independent 2027-01-01 snapshot; four events at days 0, 2, 4, 6. Event estimates are not additive."
SC03181,Independent recovery experiment 03181,Four_event_stress,4,1.0,1.0,1.0,1.0,South,"Independent 2027-01-01 snapshot; four events at days 0, 2, 4, 6. Event estimates are not additive."
SC03182,Independent recovery experiment 03182,Four_event_stress,4,1.0,1.0,1.0,1.0,West,"Independent 2027-01-01 snapshot; four events at days 0, 2, 4, 6. Event estimates are not additive."
SC03183,Independent recovery experiment 03183,Four_event_stress,4,1.0,1.0,1.0,1.0,North,"Independent 2027-01-01 snapshot; four events at days 0, 2, 4, 6. Event estimates are not additive."
SC03184,Independent recovery experiment 03184,Four_event_stress,4,1.0,1.0,1.0,1.0,South,"Independent 2027-01-01 snapshot; four events at days 0, 2, 4, 6. Event estimates are not additive."
SC03185,Independent recovery experiment 03185,Four_event_stress,4,1.0,1.0,1.0,1.0,South,"Independent 2027-01-01 snapshot; four events at days 0, 2, 4, 6. Event estimates are not additive."
SC03186,Independent recovery experiment 03186,Four_event_stress,4,1.0,1.0,1.0,1.0,West,"Independent 2027-01-01 snapshot; four events at days 0, 2, 4, 6. Event estimates are not additive."
SC03187,Independent recovery experiment 03187,Four_event_stress,4,1.0,1.0,1.0,1.0,East,"Independent 2027-01-01 snapshot; four events at days 0, 2, 4, 6. Event estimates are not additive."
SC03188,Independent recovery experiment 03188,Four_event_stress,4,1.0,1.0,1.0,1.0,West,"Independent 2027-01-01 snapshot; four events at days 0, 2, 4, 6. Event estimates are not additive."
SC03189,Independent recovery experiment 03189,Four_event_stress,4,1.0,1.0,1.0,1.0,North,"Independent 2027-01-01 snapshot; four events at days 0, 2, 4, 6. Event estimates are not additive."
SC03190,Independent recovery experiment 03190,Four_event_stress,4,1.0,1.0,1.0,1.0,South,"Independent 2027-01-01 snapshot; four events at days 0, 2, 4, 6. Event estimates are not additive."
SC03191,Independent recovery experiment 03191,Four_event_stress,4,1.0,1.0,1.0,1.0,South,"Independent 2027-01-01 snapshot; four events at days 0, 2, 4, 6. Event estimates are not additive."
SC03192,Independent recovery experiment 03192,Four_event_stress,4,1.0,1.0,1.0,1.0,West,"Independent 2027-01-01 snapshot; four events at days 0, 2, 4, 6. Event estimates are not additive."
SC03193,Independent recovery experiment 03193,Four_event_stress,4,1.0,1.0,1.0,1.0,North,"Independent 2027-01-01 snapshot; four events at days 0, 2, 4, 6. Event estimates are not additive."
SC03194,Independent recovery experiment 03194,Four_event_stress,4,1.0,1.0,1.0,1.0,South,"Independent 2027-01-01 snapshot; four events at days 0, 2, 4, 6. Event estimates are not additive."
SC03195,Independent recovery experiment 03195,Four_event_stress,4,1.0,1.0,1.0,1.0,South,"Independent 2027-01-01 snapshot; four events at days 0, 2, 4, 6. Event estimates are not additive."
SC03196,Independent recovery experiment 03196,Four_event_stress,4,1.0,1.0,1.0,1.0,West,"Independent 2027-01-01 snapshot; four events at days 0, 2, 4, 6. Event estimates are not additive."
SC03197,Independent recovery experiment 03197,Four_event_stress,4,1.0,1.0,1.0,1.0,East,"Independent 2027-01-01 snapshot; four events at days 0, 2, 4, 6. Event estimates are not additive."
SC03198,Independent recovery experiment 03198,Four_event_stress,4,1.0,1.0,1.0,1.0,West,"Independent 2027-01-01 snapshot; four events at days 0, 2, 4, 6. Event estimates are not additive."
SC03199,Independent recovery experiment 03199,Four_event_stress,4,1.0,1.0,1.0,1.0,North,"Independent 2027-01-01 snapshot; four events at days 0, 2, 4, 6. Event estimates are not additive."
SC03200,Independent recovery experiment 03200,Four_event_stress,4,1.0,1.0,1.0,1.0,South,"Independent 2027-01-01 snapshot; four events at days 0, 2, 4, 6. Event estimates are not additive."
SC03201,Independent recovery experiment 03201,Four_event_stress,4,1.0,1.0,1.0,1.0,South,"Independent 2027-01-01 snapshot; four events at days 0, 2, 4, 6. Event estimates are not additive."
SC03202,Independent recovery experiment 03202,Four_event_stress,4,1.0,1.0,1.0,1.0,West,"Independent 2027-01-01 snapshot; four events at days 0, 2, 4, 6. Event estimates are not additive."
SC03203,Independent recovery experiment 03203,Four_event_stress,4,1.0,1.0,1.0,1.0,North,"Independent 2027-01-01 snapshot; four events at days 0, 2, 4, 6. Event estimates are not additive."
SC03204,Independent recovery experiment 03204,Four_event_stress,4,1.0,1.0,1.0,1.0,South,"Independent 2027-01-01 snapshot; four events at days 0, 2, 4, 6. Event estimates are not additive."
SC03205,Independent recovery experiment 03205,Four_event_stress,4,1.0,1.0,1.0,1.0,South,"Independent 2027-01-01 snapshot; four events at days 0, 2, 4, 6. Event estimates are not additive."
SC03206,Independent recovery experiment 03206,Four_event_stress,4,1.0,1.0,1.0,1.0,West,"Independent 2027-01-01 snapshot; four events at days 0, 2, 4, 6. Event estimates are not additive."
SC03207,Independent recovery experiment 03207,Four_event_stress,4,1.0,1.0,1.0,1.0,East,"Independent 2027-01-01 snapshot; four events at days 0, 2, 4, 6. Event estimates are not additive."
SC03208,Independent recovery experiment 03208,Four_event_stress,4,1.0,1.0,1.0,1.0,West,"Independent 2027-01-01 snapshot; four events at days 0, 2, 4, 6. Event estimates are not additive."
SC03209,Independent recovery experiment 03209,Four_event_stress,4,1.0,1.0,1.0,1.0,North,"Independent 2027-01-01 snapshot; four events at days 0, 2, 4, 6. Event estimates are not additive."
SC03210,Independent recovery experiment 03210,Four_event_stress,4,1.0,1.0,1.0,1.0,South,"Independent 2027-01-01 snapshot; four events at days 0, 2, 4, 6. Event estimates are not additive."
SC03211,Independent recovery experiment 03211,Four_event_stress,4,1.0,1.0,1.0,1.0,South,"Independent 2027-01-01 snapshot; four events at days 0, 2, 4, 6. Event estimates are not additive."
SC03212,Independent recovery experiment 03212,Four_event_stress,4,1.0,1.0,1.0,1.0,West,"Independent 2027-01-01 snapshot; four events at days 0, 2, 4, 6. Event estimates are not additive."
SC03213,Independent recovery experiment 03213,Four_event_stress,4,1.0,1.0,1.0,1.0,North,"Independent 2027-01-01 snapshot; four events at days 0, 2, 4, 6. Event estimates are not additive."
SC03214,Independent recovery experiment 03214,Four_event_stress,4,1.0,1.0,1.0,1.0,South,"Independent 2027-01-01 snapshot; four events at days 0, 2, 4, 6. Event estimates are not additive."
SC03215,Independent recovery experiment 03215,Four_event_stress,4,1.0,1.0,1.0,1.0,South,"Independent 2027-01-01 snapshot; four events at days 0, 2, 4, 6. Event estimates are not additive."
SC03216,Independent recovery experiment 03216,Four_event_stress,4,1.0,1.0,1.0,1.0,West,"Independent 2027-01-01 snapshot; four events at days 0, 2, 4, 6. Event estimates are not additive."
SC03217,Independent recovery experiment 03217,Four_event_stress,4,1.0,1.0,1.0,1.0,East,"Independent 2027-01-01 snapshot; four events at days 0, 2, 4, 6. Event estimates are not additive."
SC03218,Independent recovery experiment 03218,Four_event_stress,4,1.0,1.0,1.0,1.0,West,"Independent 2027-01-01 snapshot; four events at days 0, 2, 4, 6. Event estimates are not additive."
SC03219,Independent recovery experiment 03219,Four_event_stress,4,1.0,1.0,1.0,1.0,North,"Independent 2027-01-01 snapshot; four events at days 0, 2, 4, 6. Event estimates are not additive."
SC03220,Independent recovery experiment 03220,Four_event_stress,4,1.0,1.0,1.0,1.0,South,"Independent 2027-01-01 snapshot; four events at days 0, 2, 4, 6. Event estimates are not additive."
SC03221,Independent recovery experiment 03221,Four_event_stress,4,1.0,1.0,1.0,1.0,South,"Independent 2027-01-01 snapshot; four events at days 0, 2, 4, 6. Event estimates are not additive."
SC03222,Independent recovery experiment 03222,Four_event_stress,4,1.0,1.0,1.0,1.0,West,"Independent 2027-01-01 snapshot; four events at days 0, 2, 4, 6. Event estimates are not additive."
SC03223,Independent recovery experiment 03223,Four_event_stress,4,1.0,1.0,1.0,1.0,North,"Independent 2027-01-01 snapshot; four events at days 0, 2, 4, 6. Event estimates are not additive."
SC03224,Independent recovery experiment 03224,Four_event_stress,4,1.0,1.0,1.0,1.0,South,"Independent 2027-01-01 snapshot; four events at days 0, 2, 4, 6. Event estimates are not additive."
SC03225,Independent recovery experiment 03225,Four_event_stress,4,1.0,1.0,1.0,1.0,South,"Independent 2027-01-01 snapshot; four events at days 0, 2, 4, 6. Event estimates are not additive."
SC03226,Independent recovery experiment 03226,Four_event_stress,4,1.0,1.0,1.0,1.0,West,"Independent 2027-01-01 snapshot; four events at days 0, 2, 4, 6. Event estimates are not additive."
SC03227,Independent recovery experiment 03227,Four_event_stress,4,1.0,1.0,1.0,1.0,East,"Independent 2027-01-01 snapshot; four events at days 0, 2, 4, 6. Event estimates are not additive."
SC03228,Independent recovery experiment 03228,Four_event_stress,4,1.0,1.0,1.0,1.0,West,"Independent 2027-01-01 snapshot; four events at days 0, 2, 4, 6. Event estimates are not additive."
SC03229,Independent recovery experiment 03229,Four_event_stress,4,1.0,1.0,1.0,1.0,North,"Independent 2027-01-01 snapshot; four events at days 0, 2, 4, 6. Event estimates are not additive."
SC03230,Independent recovery experiment 03230,Four_event_stress,4,1.0,1.0,1.0,1.0,South,"Independent 2027-01-01 snapshot; four events at days 0, 2, 4, 6. Event estimates are not additive."
SC03231,Independent recovery experiment 03231,Four_event_stress,4,1.0,1.0,1.0,1.0,South,"Independent 2027-01-01 snapshot; four events at days 0, 2, 4, 6. Event estimates are not additive."
SC03232,Independent recovery experiment 03232,Four_event_stress,4,1.0,1.0,1.0,1.0,West,"Independent 2027-01-01 snapshot; four events at days 0, 2, 4, 6. Event estimates are not additive."
SC03233,Independent recovery experiment 03233,Four_event_stress,4,1.0,1.0,1.0,1.0,North,"Independent 2027-01-01 snapshot; four events at days 0, 2, 4, 6. Event estimates are not additive."
SC03234,Independent recovery experiment 03234,Four_event_stress,4,1.0,1.0,1.0,1.0,South,"Independent 2027-01-01 snapshot; four events at days 0, 2, 4, 6. Event estimates are not additive."
SC03235,Independent recovery experiment 03235,Four_event_stress,4,1.0,1.0,1.0,1.0,South,"Independent 2027-01-01 snapshot; four events at days 0, 2, 4, 6. Event estimates are not additive."
SC03236,Independent recovery experiment 03236,Four_event_stress,4,1.0,1.0,1.0,1.0,West,"Independent 2027-01-01 snapshot; four events at days 0, 2, 4, 6. Event estimates are not additive."
SC03237,Independent recovery experiment 03237,Four_event_stress,4,1.0,1.0,1.0,1.0,East,"Independent 2027-01-01 snapshot; four events at days 0, 2, 4, 6. Event estimates are not additive."
SC03238,Independent recovery experiment 03238,Four_event_stress,4,1.0,1.0,1.0,1.0,West,"Independent 2027-01-01 snapshot; four events at days 0, 2, 4, 6. Event estimates are not additive."
SC03239,Independent recovery experiment 03239,Four_event_stress,4,1.0,1.0,1.0,1.0,North,"Independent 2027-01-01 snapshot; four events at days 0, 2, 4, 6. Event estimates are not additive."
SC03240,Independent recovery experiment 03240,Four_event_stress,4,1.0,1.0,1.0,1.0,South,"Independent 2027-01-01 snapshot; four events at days 0, 2, 4, 6. Event estimates are not additive."
SC03241,Independent recovery experiment 03241,Four_event_stress,4,1.0,1.0,1.0,1.0,South,"Independent 2027-01-01 snapshot; four events at days 0, 2, 4, 6. Event estimates are not additive."
SC03242,Independent recovery experiment 03242,Four_event_stress,4,1.0,1.0,1.0,1.0,West,"Independent 2027-01-01 snapshot; four events at days 0, 2, 4, 6. Event estimates are not additive."
SC03243,Independent recovery experiment 03243,Four_event_stress,4,1.0,1.0,1.0,1.0,North,"Independent 2027-01-01 snapshot; four events at days 0, 2, 4, 6. Event estimates are not additive."
SC03244,Independent recovery experiment 03244,Four_event_stress,4,1.0,1.0,1.0,1.0,South,"Independent 2027-01-01 snapshot; four events at days 0, 2, 4, 6. Event estimates are not additive."
SC03245,Independent recovery experiment 03245,Four_event_stress,4,1.0,1.0,1.0,1.0,South,"Independent 2027-01-01 snapshot; four events at days 0, 2, 4, 6. Event estimates are not additive."
SC03246,Independent recovery experiment 03246,Four_event_stress,4,1.0,1.0,1.0,1.0,West,"Independent 2027-01-01 snapshot; four events at days 0, 2, 4, 6. Event estimates are not additive."
SC03247,Independent recovery experiment 03247,Four_event_stress,4,1.0,1.0,1.0,1.0,East,"Independent 2027-01-01 snapshot; four events at days 0, 2, 4, 6. Event estimates are not additive."
SC03248,Independent recovery experiment 03248,Four_event_stress,4,1.0,1.0,1.0,1.0,West,"Independent 2027-01-01 snapshot; four events at days 0, 2, 4, 6. Event estimates are not additive."
SC03249,Independent recovery experiment 03249,Four_event_stress,4,1.0,1.0,1.0,1.0,North,"Independent 2027-01-01 snapshot; four events at days 0, 2, 4, 6. Event estimates are not additive."
SC03250,Independent recovery experiment 03250,Four_event_stress,4,1.0,1.0,1.0,1.0,South,"Independent 2027-01-01 snapshot; four events at days 0, 2, 4, 6. Event estimates are not additive."
SC03251,Independent recovery experiment 03251,Four_event_stress,4,1.0,1.0,1.0,1.0,South,"Independent 2027-01-01 snapshot; four events at days 0, 2, 4, 6. Event estimates are not additive."
SC03252,Independent recovery experiment 03252,Four_event_stress,4,1.0,1.0,1.0,1.0,West,"Independent 2027-01-01 snapshot; four events at days 0, 2, 4, 6. Event estimates are not additive."
SC03253,Independent recovery experiment 03253,Four_event_stress,4,1.0,1.0,1.0,1.0,North,"Independent 2027-01-01 snapshot; four events at days 0, 2, 4, 6. Event estimates are not additive."
SC03254,Independent recovery experiment 03254,Four_event_stress,4,1.0,1.0,1.0,1.0,South,"Independent 2027-01-01 snapshot; four events at days 0, 2, 4, 6. Event estimates are not additive."
SC03255,Independent recovery experiment 03255,Four_event_stress,4,1.0,1.0,1.0,1.0,South,"Independent 2027-01-01 snapshot; four events at days 0, 2, 4, 6. Event estimates are not additive."
SC03256,Independent recovery experiment 03256,Four_event_stress,4,1.0,1.0,1.0,1.0,West,"Independent 2027-01-01 snapshot; four events at days 0, 2, 4, 6. Event estimates are not additive."
SC03257,Independent recovery experiment 03257,Four_event_stress,4,1.0,1.0,1.0,1.0,East,"Independent 2027-01-01 snapshot; four events at days 0, 2, 4, 6. Event estimates are not additive."
SC03258,Independent recovery experiment 03258,Four_event_stress,4,1.0,1.0,1.0,1.0,West,"Independent 2027-01-01 snapshot; four events at days 0, 2, 4, 6. Event estimates are not additive."
SC03259,Independent recovery experiment 03259,Four_event_stress,4,1.0,1.0,1.0,1.0,North,"Independent 2027-01-01 snapshot; four events at days 0, 2, 4, 6. Event estimates are not additive."
SC03260,Independent recovery experiment 03260,Four_event_stress,4,1.0,1.0,1.0,1.0,South,"Independent 2027-01-01 snapshot; four events at days 0, 2, 4, 6. Event estimates are not additive."
SC03261,Independent recovery experiment 03261,Four_event_stress,4,1.0,1.0,1.0,1.0,South,"Independent 2027-01-01 snapshot; four events at days 0, 2, 4, 6. Event estimates are not additive."
SC03262,Independent recovery experiment 03262,Four_event_stress,4,1.0,1.0,1.0,1.0,West,"Independent 2027-01-01 snapshot; four events at days 0, 2, 4, 6. Event estimates are not additive."
SC03263,Independent recovery experiment 03263,Four_event_stress,4,1.0,1.0,1.0,1.0,North,"Independent 2027-01-01 snapshot; four events at days 0, 2, 4, 6. Event estimates are not additive."
SC03264,Independent recovery experiment 03264,Four_event_stress,4,1.0,1.0,1.0,1.0,South,"Independent 2027-01-01 snapshot; four events at days 0, 2, 4, 6. Event estimates are not additive."
SC03265,Independent recovery experiment 03265,Four_event_stress,4,1.0,1.0,1.0,1.0,South,"Independent 2027-01-01 snapshot; four events at days 0, 2, 4, 6. Event estimates are not additive."
SC03266,Independent recovery experiment 03266,Four_event_stress,4,1.0,1.0,1.0,1.0,West,"Independent 2027-01-01 snapshot; four events at days 0, 2, 4, 6. Event estimates are not additive."
SC03267,Independent recovery experiment 03267,Four_event_stress,4,1.0,1.0,1.0,1.0,East,"Independent 2027-01-01 snapshot; four events at days 0, 2, 4, 6. Event estimates are not additive."
SC03268,Independent recovery experiment 03268,Four_event_stress,4,1.0,1.0,1.0,1.0,West,"Independent 2027-01-01 snapshot; four events at days 0, 2, 4, 6. Event estimates are not additive."
SC03269,Independent recovery experiment 03269,Four_event_stress,4,1.0,1.0,1.0,1.0,North,"Independent 2027-01-01 snapshot; four events at days 0, 2, 4, 6. Event estimates are not additive."
SC03270,Independent recovery experiment 03270,Four_event_stress,4,1.0,1.0,1.0,1.0,South,"Independent 2027-01-01 snapshot; four events at days 0, 2, 4, 6. Event estimates are not additive."
SC03271,Independent recovery experiment 03271,Four_event_stress,4,1.0,1.0,1.0,1.0,South,"Independent 2027-01-01 snapshot; four events at days 0, 2, 4, 6. Event estimates are not additive."
SC03272,Independent recovery experiment 03272,Four_event_stress,4,1.0,1.0,1.0,1.0,West,"Independent 2027-01-01 snapshot; four events at days 0, 2, 4, 6. Event estimates are not additive."
SC03273,Independent recovery experiment 03273,Four_event_stress,4,1.0,1.0,1.0,1.0,North,"Independent 2027-01-01 snapshot; four events at days 0, 2, 4, 6. Event estimates are not additive."
SC03274,Independent recovery experiment 03274,Four_event_stress,4,1.0,1.0,1.0,1.0,South,"Independent 2027-01-01 snapshot; four events at days 0, 2, 4, 6. Event estimates are not additive."
SC03275,Independent recovery experiment 03275,Four_event_stress,4,1.0,1.0,1.0,1.0,South,"Independent 2027-01-01 snapshot; four events at days 0, 2, 4, 6. Event estimates are not additive."
SC03276,Independent recovery experiment 03276,Four_event_stress,4,1.0,1.0,1.0,1.0,West,"Independent 2027-01-01 snapshot; four events at days 0, 2, 4, 6. Event estimates are not additive."
SC03277,Independent recovery experiment 03277,Four_event_stress,4,1.0,1.0,1.0,1.0,East,"Independent 2027-01-01 snapshot; four events at days 0, 2, 4, 6. Event estimates are not additive."
SC03278,Independent recovery experiment 03278,Four_event_stress,4,1.0,1.0,1.0,1.0,West,"Independent 2027-01-01 snapshot; four events at days 0, 2, 4, 6. Event estimates are not additive."
SC03279,Independent recovery experiment 03279,Four_event_stress,4,1.0,1.0,1.0,1.0,North,"Independent 2027-01-01 snapshot; four events at days 0, 2, 4, 6. Event estimates are not additive."
SC03280,Independent recovery experiment 03280,Four_event_stress,4,1.0,1.0,1.0,1.0,South,"Independent 2027-01-01 snapshot; four events at days 0, 2, 4, 6. Event estimates are not additive."
SC03281,Independent recovery experiment 03281,Four_event_stress,4,1.0,1.0,1.0,1.0,South,"Independent 2027-01-01 snapshot; four events at days 0, 2, 4, 6. Event estimates are not additive."
SC03282,Independent recovery experiment 03282,Four_event_stress,4,1.0,1.0,1.0,1.0,West,"Independent 2027-01-01 snapshot; four events at days 0, 2, 4, 6. Event estimates are not additive."
SC03283,Independent recovery experiment 03283,Four_event_stress,4,1.0,1.0,1.0,1.0,North,"Independent 2027-01-01 snapshot; four events at days 0, 2, 4, 6. Event estimates are not additive."
SC03284,Independent recovery experiment 03284,Four_event_stress,4,1.0,1.0,1.0,1.0,South,"Independent 2027-01-01 snapshot; four events at days 0, 2, 4, 6. Event estimates are not additive."
SC03285,Independent recovery experiment 03285,Four_event_stress,4,1.0,1.0,1.0,1.0,South,"Independent 2027-01-01 snapshot; four events at days 0, 2, 4, 6. Event estimates are not additive."
SC03286,Independent recovery experiment 03286,Four_event_stress,4,1.0,1.0,1.0,1.0,West,"Independent 2027-01-01 snapshot; four events at days 0, 2, 4, 6. Event estimates are not additive."
SC03287,Independent recovery experiment 03287,Four_event_stress,4,1.0,1.0,1.0,1.0,East,"Independent 2027-01-01 snapshot; four events at days 0, 2, 4, 6. Event estimates are not additive."
SC03288,Independent recovery experiment 03288,Four_event_stress,4,1.0,1.0,1.0,1.0,West,"Independent 2027-01-01 snapshot; four events at days 0, 2, 4, 6. Event estimates are not additive."
SC03289,Independent recovery experiment 03289,Four_event_stress,4,1.0,1.0,1.0,1.0,North,"Independent 2027-01-01 snapshot; four events at days 0, 2, 4, 6. Event estimates are not additive."
SC03290,Independent recovery experiment 03290,Four_event_stress,4,1.0,1.0,1.0,1.0,South,"Independent 2027-01-01 snapshot; four events at days 0, 2, 4, 6. Event estimates are not additive."
SC03291,Independent recovery experiment 03291,Four_event_stress,4,1.0,1.0,1.0,1.0,South,"Independent 2027-01-01 snapshot; four events at days 0, 2, 4, 6. Event estimates are not additive."
SC03292,Independent recovery experiment 03292,Four_event_stress,4,1.0,1.0,1.0,1.0,West,"Independent 2027-01-01 snapshot; four events at days 0, 2, 4, 6. Event estimates are not additive."
SC03293,Independent recovery experiment 03293,Four_event_stress,4,1.0,1.0,1.0,1.0,North,"Independent 2027-01-01 snapshot; four events at days 0, 2, 4, 6. Event estimates are not additive."
SC03294,Independent recovery experiment 03294,Four_event_stress,4,1.0,1.0,1.0,1.0,South,"Independent 2027-01-01 snapshot; four events at days 0, 2, 4, 6. Event estimates are not additive."
SC03295,Independent recovery experiment 03295,Four_event_stress,4,1.0,1.0,1.0,1.0,South,"Independent 2027-01-01 snapshot; four events at days 0, 2, 4, 6. Event estimates are not additive."
SC03296,Independent recovery experiment 03296,Four_event_stress,4,1.0,1.0,1.0,1.0,West,"Independent 2027-01-01 snapshot; four events at days 0, 2, 4, 6. Event estimates are not additive."
SC03297,Independent recovery experiment 03297,Four_event_stress,4,1.0,1.0,1.0,1.0,East,"Independent 2027-01-01 snapshot; four events at days 0, 2, 4, 6. Event estimates are not additive."
SC03298,Independent recovery experiment 03298,Four_event_stress,4,1.0,1.0,1.0,1.0,West,"Independent 2027-01-01 snapshot; four events at days 0, 2, 4, 6. Event estimates are not additive."
SC03299,Independent recovery experiment 03299,Four_event_stress,4,1.0,1.0,1.0,1.0,North,"Independent 2027-01-01 snapshot; four events at days 0, 2, 4, 6. Event estimates are not additive."
SC03300,Independent recovery experiment 03300,Four_event_stress,4,1.0,1.0,1.0,1.0,South,"Independent 2027-01-01 snapshot; four events at days 0, 2, 4, 6. Event estimates are not additive."
SC03301,Independent recovery experiment 03301,Four_event_stress,4,1.0,1.0,1.0,1.0,South,"Independent 2027-01-01 snapshot; four events at days 0, 2, 4, 6. Event estimates are not additive."
SC03302,Independent recovery experiment 03302,Four_event_stress,4,1.0,1.0,1.0,1.0,West,"Independent 2027-01-01 snapshot; four events at days 0, 2, 4, 6. Event estimates are not additive."
SC03303,Independent recovery experiment 03303,Four_event_stress,4,1.0,1.0,1.0,1.0,North,"Independent 2027-01-01 snapshot; four events at days 0, 2, 4, 6. Event estimates are not additive."
SC03304,Independent recovery experiment 03304,Four_event_stress,4,1.0,1.0,1.0,1.0,South,"Independent 2027-01-01 snapshot; four events at days 0, 2, 4, 6. Event estimates are not additive."
SC03305,Independent recovery experiment 03305,Four_event_stress,4,1.0,1.0,1.0,1.0,South,"Independent 2027-01-01 snapshot; four events at days 0, 2, 4, 6. Event estimates are not additive."
SC03306,Independent recovery experiment 03306,Four_event_stress,4,1.0,1.0,1.0,1.0,West,"Independent 2027-01-01 snapshot; four events at days 0, 2, 4, 6. Event estimates are not additive."
SC03307,Independent recovery experiment 03307,Four_event_stress,4,1.0,1.0,1.0,1.0,East,"Independent 2027-01-01 snapshot; four events at days 0, 2, 4, 6. Event estimates are not additive."
SC03308,Independent recovery experiment 03308,Four_event_stress,4,1.0,1.0,1.0,1.0,West,"Independent 2027-01-01 snapshot; four events at days 0, 2, 4, 6. Event estimates are not additive."
SC03309,Independent recovery experiment 03309,Four_event_stress,4,1.0,1.0,1.0,1.0,North,"Independent 2027-01-01 snapshot; four events at days 0, 2, 4, 6. Event estimates are not additive."
SC03310,Independent recovery experiment 03310,Four_event_stress,4,1.0,1.0,1.0,1.0,South,"Independent 2027-01-01 snapshot; four events at days 0, 2, 4, 6. Event estimates are not additive."
SC03311,Independent recovery experiment 03311,Four_event_stress,4,1.0,1.0,1.0,1.0,South,"Independent 2027-01-01 snapshot; four events at days 0, 2, 4, 6. Event estimates are not additive."
SC03312,Independent recovery experiment 03312,Four_event_stress,4,1.0,1.0,1.0,1.0,West,"Independent 2027-01-01 snapshot; four events at days 0, 2, 4, 6. Event estimates are not additive."
SC03313,Independent recovery experiment 03313,Four_event_stress,4,1.0,1.0,1.0,1.0,North,"Independent 2027-01-01 snapshot; four events at days 0, 2, 4, 6. Event estimates are not additive."
SC03314,Independent recovery experiment 03314,Four_event_stress,4,1.0,1.0,1.0,1.0,South,"Independent 2027-01-01 snapshot; four events at days 0, 2, 4, 6. Event estimates are not additive."
SC03315,Independent recovery experiment 03315,Four_event_stress,4,1.0,1.0,1.0,1.0,South,"Independent 2027-01-01 snapshot; four events at days 0, 2, 4, 6. Event estimates are not additive."
SC03316,Independent recovery experiment 03316,Four_event_stress,4,1.0,1.0,1.0,1.0,West,"Independent 2027-01-01 snapshot; four events at days 0, 2, 4, 6. Event estimates are not additive."
SC03317,Independent recovery experiment 03317,Four_event_stress,4,1.0,1.0,1.0,1.0,East,"Independent 2027-01-01 snapshot; four events at days 0, 2, 4, 6. Event estimates are not additive."
SC03318,Independent recovery experiment 03318,Four_event_stress,4,1.0,1.0,1.0,1.0,West,"Independent 2027-01-01 snapshot; four events at days 0, 2, 4, 6. Event estimates are not additive."
SC03319,Independent recovery experiment 03319,Four_event_stress,4,1.0,1.0,1.0,1.0,North,"Independent 2027-01-01 snapshot; four events at days 0, 2, 4, 6. Event estimates are not additive."
SC03320,Independent recovery experiment 03320,Four_event_stress,4,1.0,1.0,1.0,1.0,South,"Independent 2027-01-01 snapshot; four events at days 0, 2, 4, 6. Event estimates are not additive."
SC03321,Independent recovery experiment 03321,Four_event_stress,4,1.0,1.0,1.0,1.0,South,"Independent 2027-01-01 snapshot; four events at days 0, 2, 4, 6. Event estimates are not additive."
SC03322,Independent recovery experiment 03322,Four_event_stress,4,1.0,1.0,1.0,1.0,West,"Independent 2027-01-01 snapshot; four events at days 0, 2, 4, 6. Event estimates are not additive."
SC03323,Independent recovery experiment 03323,Four_event_stress,4,1.0,1.0,1.0,1.0,North,"Independent 2027-01-01 snapshot; four events at days 0, 2, 4, 6. Event estimates are not additive."
SC03324,Independent recovery experiment 03324,Four_event_stress,4,1.0,1.0,1.0,1.0,South,"Independent 2027-01-01 snapshot; four events at days 0, 2, 4, 6. Event estimates are not additive."
SC03325,Independent recovery experiment 03325,Four_event_stress,4,1.0,1.0,1.0,1.0,South,"Independent 2027-01-01 snapshot; four events at days 0, 2, 4, 6. Event estimates are not additive."
SC03326,Independent recovery experiment 03326,Four_event_stress,4,1.0,1.0,1.0,1.0,West,"Independent 2027-01-01 snapshot; four events at days 0, 2, 4, 6. Event estimates are not additive."
SC03327,Independent recovery experiment 03327,Four_event_stress,4,1.0,1.0,1.0,1.0,East,"Independent 2027-01-01 snapshot; four events at days 0, 2, 4, 6. Event estimates are not additive."
SC03328,Independent recovery experiment 03328,Four_event_stress,4,1.0,1.0,1.0,1.0,West,"Independent 2027-01-01 snapshot; four events at days 0, 2, 4, 6. Event estimates are not additive."
SC03329,Independent recovery experiment 03329,Four_event_stress,4,1.0,1.0,1.0,1.0,North,"Independent 2027-01-01 snapshot; four events at days 0, 2, 4, 6. Event estimates are not additive."
SC03330,Independent recovery experiment 03330,Four_event_stress,4,1.0,1.0,1.0,1.0,South,"Independent 2027-01-01 snapshot; four events at days 0, 2, 4, 6. Event estimates are not additive."
SC03331,Independent recovery experiment 03331,Four_event_stress,4,1.0,1.0,1.0,1.0,South,"Independent 2027-01-01 snapshot; four events at days 0, 2, 4, 6. Event estimates are not additive."
SC03332,Independent recovery experiment 03332,Four_event_stress,4,1.0,1.0,1.0,1.0,West,"Independent 2027-01-01 snapshot; four events at days 0, 2, 4, 6. Event estimates are not additive."
SC03333,Independent recovery experiment 03333,Four_event_stress,4,1.0,1.0,1.0,1.0,North,"Independent 2027-01-01 snapshot; four events at days 0, 2, 4, 6. Event estimates are not additive."
SC03334,Independent recovery experiment 03334,Four_event_stress,4,1.0,1.0,1.0,1.0,South,"Independent 2027-01-01 snapshot; four events at days 0, 2, 4, 6. Event estimates are not additive."
SC03335,Independent recovery experiment 03335,Four_event_stress,4,1.0,1.0,1.0,1.0,South,"Independent 2027-01-01 snapshot; four events at days 0, 2, 4, 6. Event estimates are not additive."
SC03336,Independent recovery experiment 03336,Four_event_stress,4,1.0,1.0,1.0,1.0,West,"Independent 2027-01-01 snapshot; four events at days 0, 2, 4, 6. Event estimates are not additive."
SC03337,Independent recovery experiment 03337,Four_event_stress,4,1.0,1.0,1.0,1.0,East,"Independent 2027-01-01 snapshot; four events at days 0, 2, 4, 6. Event estimates are not additive."
SC03338,Independent recovery experiment 03338,Four_event_stress,4,1.0,1.0,1.0,1.0,West,"Independent 2027-01-01 snapshot; four events at days 0, 2, 4, 6. Event estimates are not additive."
SC03339,Independent recovery experiment 03339,Four_event_stress,4,1.0,1.0,1.0,1.0,North,"Independent 2027-01-01 snapshot; four events at days 0, 2, 4, 6. Event estimates are not additive."
SC03340,Independent recovery experiment 03340,Four_event_stress,4,1.0,1.0,1.0,1.0,South,"Independent 2027-01-01 snapshot; four events at days 0, 2, 4, 6. Event estimates are not additive."
SC03341,Independent recovery experiment 03341,Four_event_stress,4,1.0,1.0,1.0,1.0,South,"Independent 2027-01-01 snapshot; four events at days 0, 2, 4, 6. Event estimates are not additive."
SC03342,Independent recovery experiment 03342,Four_event_stress,4,1.0,1.0,1.0,1.0,West,"Independent 2027-01-01 snapshot; four events at days 0, 2, 4, 6. Event estimates are not additive."
SC03343,Independent recovery experiment 03343,Four_event_stress,4,1.0,1.0,1.0,1.0,North,"Independent 2027-01-01 snapshot; four events at days 0, 2, 4, 6. Event estimates are not additive."
SC03344,Independent recovery experiment 03344,Four_event_stress,4,1.0,1.0,1.0,1.0,South,"Independent 2027-01-01 snapshot; four events at days 0, 2, 4, 6. Event estimates are not additive."
SC03345,Independent recovery experiment 03345,Four_event_stress,4,1.0,1.0,1.0,1.0,South,"Independent 2027-01-01 snapshot; four events at days 0, 2, 4, 6. Event estimates are not additive."
SC03346,Independent recovery experiment 03346,Four_event_stress,4,1.0,1.0,1.0,1.0,West,"Independent 2027-01-01 snapshot; four events at days 0, 2, 4, 6. Event estimates are not additive."
SC03347,Independent recovery experiment 03347,Four_event_stress,4,1.0,1.0,1.0,1.0,East,"Independent 2027-01-01 snapshot; four events at days 0, 2, 4, 6. Event estimates are not additive."
SC03348,Independent recovery experiment 03348,Four_event_stress,4,1.0,1.0,1.0,1.0,West,"Independent 2027-01-01 snapshot; four events at days 0, 2, 4, 6. Event estimates are not additive."
SC03349,Independent recovery experiment 03349,Four_event_stress,4,1.0,1.0,1.0,1.0,North,"Independent 2027-01-01 snapshot; four events at days 0, 2, 4, 6. Event estimates are not additive."
SC03350,Independent recovery experiment 03350,Four_event_stress,4,1.0,1.0,1.0,1.0,South,"Independent 2027-01-01 snapshot; four events at days 0, 2, 4, 6. Event estimates are not additive."
SC03351,Independent recovery experiment 03351,Four_event_stress,4,1.0,1.0,1.0,1.0,South,"Independent 2027-01-01 snapshot; four events at days 0, 2, 4, 6. Event estimates are not additive."
SC03352,Independent recovery experiment 03352,Four_event_stress,4,1.0,1.0,1.0,1.0,West,"Independent 2027-01-01 snapshot; four events at days 0, 2, 4, 6. Event estimates are not additive."
SC03353,Independent recovery experiment 03353,Four_event_stress,4,1.0,1.0,1.0,1.0,North,"Independent 2027-01-01 snapshot; four events at days 0, 2, 4, 6. Event estimates are not additive."
SC03354,Independent recovery experiment 03354,Four_event_stress,4,1.0,1.0,1.0,1.0,South,"Independent 2027-01-01 snapshot; four events at days 0, 2, 4, 6. Event estimates are not additive."
SC03355,Independent recovery experiment 03355,Four_event_stress,4,1.0,1.0,1.0,1.0,South,"Independent 2027-01-01 snapshot; four events at days 0, 2, 4, 6. Event estimates are not additive."
SC03356,Independent recovery experiment 03356,Four_event_stress,4,1.0,1.0,1.0,1.0,West,"Independent 2027-01-01 snapshot; four events at days 0, 2, 4, 6. Event estimates are not additive."
SC03357,Independent recovery experiment 03357,Four_event_stress,4,1.0,1.0,1.0,1.0,East,"Independent 2027-01-01 snapshot; four events at days 0, 2, 4, 6. Event estimates are not additive."
SC03358,Independent recovery experiment 03358,Four_event_stress,4,1.0,1.0,1.0,1.0,West,"Independent 2027-01-01 snapshot; four events at days 0, 2, 4, 6. Event estimates are not additive."
SC03359,Independent recovery experiment 03359,Four_event_stress,4,1.0,1.0,1.0,1.0,North,"Independent 2027-01-01 snapshot; four events at days 0, 2, 4, 6. Event estimates are not additive."
SC03360,Independent recovery experiment 03360,Four_event_stress,4,1.0,1.0,1.0,1.0,South,"Independent 2027-01-01 snapshot; four events at days 0, 2, 4, 6. Event estimates are not additive."
SC03361,Independent recovery experiment 03361,Four_event_stress,4,1.0,1.0,1.0,1.0,South,"Independent 2027-01-01 snapshot; four events at days 0, 2, 4, 6. Event estimates are not additive."
SC03362,Independent recovery experiment 03362,Four_event_stress,4,1.0,1.0,1.0,1.0,West,"Independent 2027-01-01 snapshot; four events at days 0, 2, 4, 6. Event estimates are not additive."
SC03363,Independent recovery experiment 03363,Four_event_stress,4,1.0,1.0,1.0,1.0,North,"Independent 2027-01-01 snapshot; four events at days 0, 2, 4, 6. Event estimates are not additive."
SC03364,Independent recovery experiment 03364,Four_event_stress,4,1.0,1.0,1.0,1.0,South,"Independent 2027-01-01 snapshot; four events at days 0, 2, 4, 6. Event estimates are not additive."
SC03365,Independent recovery experiment 03365,Four_event_stress,4,1.0,1.0,1.0,1.0,South,"Independent 2027-01-01 snapshot; four events at days 0, 2, 4, 6. Event estimates are not additive."
SC03366,Independent recovery experiment 03366,Four_event_stress,4,1.0,1.0,1.0,1.0,West,"Independent 2027-01-01 snapshot; four events at days 0, 2, 4, 6. Event estimates are not additive."
SC03367,Independent recovery experiment 03367,Four_event_stress,4,1.0,1.0,1.0,1.0,East,"Independent 2027-01-01 snapshot; four events at days 0, 2, 4, 6. Event estimates are not additive."
SC03368,Independent recovery experiment 03368,Four_event_stress,4,1.0,1.0,1.0,1.0,West,"Independent 2027-01-01 snapshot; four events at days 0, 2, 4, 6. Event estimates are not additive."
SC03369,Independent recovery experiment 03369,Four_event_stress,4,1.0,1.0,1.0,1.0,North,"Independent 2027-01-01 snapshot; four events at days 0, 2, 4, 6. Event estimates are not additive."
SC03370,Independent recovery experiment 03370,Four_event_stress,4,1.0,1.0,1.0,1.0,South,"Independent 2027-01-01 snapshot; four events at days 0, 2, 4, 6. Event estimates are not additive."
SC03371,Independent recovery experiment 03371,Four_event_stress,4,1.0,1.0,1.0,1.0,South,"Independent 2027-01-01 snapshot; four events at days 0, 2, 4, 6. Event estimates are not additive."
SC03372,Independent recovery experiment 03372,Four_event_stress,4,1.0,1.0,1.0,1.0,West,"Independent 2027-01-01 snapshot; four events at days 0, 2, 4, 6. Event estimates are not additive."
SC03373,Independent recovery experiment 03373,Four_event_stress,4,1.0,1.0,1.0,1.0,North,"Independent 2027-01-01 snapshot; four events at days 0, 2, 4, 6. Event estimates are not additive."
SC03374,Independent recovery experiment 03374,Four_event_stress,4,1.0,1.0,1.0,1.0,South,"Independent 2027-01-01 snapshot; four events at days 0, 2, 4, 6. Event estimates are not additive."
SC03375,Independent recovery experiment 03375,Four_event_stress,4,1.0,1.0,1.0,1.0,South,"Independent 2027-01-01 snapshot; four events at days 0, 2, 4, 6. Event estimates are not additive."
SC03376,Independent recovery experiment 03376,Four_event_stress,4,1.0,1.0,1.0,1.0,West,"Independent 2027-01-01 snapshot; four events at days 0, 2, 4, 6. Event estimates are not additive."
SC03377,Independent recovery experiment 03377,Four_event_stress,4,1.0,1.0,1.0,1.0,East,"Independent 2027-01-01 snapshot; four events at days 0, 2, 4, 6. Event estimates are not additive."
SC03378,Independent recovery experiment 03378,Four_event_stress,4,1.0,1.0,1.0,1.0,West,"Independent 2027-01-01 snapshot; four events at days 0, 2, 4, 6. Event estimates are not additive."
SC03379,Independent recovery experiment 03379,Four_event_stress,4,1.0,1.0,1.0,1.0,North,"Independent 2027-01-01 snapshot; four events at days 0, 2, 4, 6. Event estimates are not additive."
SC03380,Independent recovery experiment 03380,Four_event_stress,4,1.0,1.0,1.0,1.0,South,"Independent 2027-01-01 snapshot; four events at days 0, 2, 4, 6. Event estimates are not additive."
SC03381,Independent recovery experiment 03381,Four_event_stress,4,1.0,1.0,1.0,1.0,South,"Independent 2027-01-01 snapshot; four events at days 0, 2, 4, 6. Event estimates are not additive."
SC03382,Independent recovery experiment 03382,Four_event_stress,4,1.0,1.0,1.0,1.0,West,"Independent 2027-01-01 snapshot; four events at days 0, 2, 4, 6. Event estimates are not additive."
SC03383,Independent recovery experiment 03383,Four_event_stress,4,1.0,1.0,1.0,1.0,North,"Independent 2027-01-01 snapshot; four events at days 0, 2, 4, 6. Event estimates are not additive."
SC03384,Independent recovery experiment 03384,Four_event_stress,4,1.0,1.0,1.0,1.0,South,"Independent 2027-01-01 snapshot; four events at days 0, 2, 4, 6. Event estimates are not additive."
SC03385,Independent recovery experiment 03385,Four_event_stress,4,1.0,1.0,1.0,1.0,South,"Independent 2027-01-01 snapshot; four events at days 0, 2, 4, 6. Event estimates are not additive."
SC03386,Independent recovery experiment 03386,Four_event_stress,4,1.0,1.0,1.0,1.0,West,"Independent 2027-01-01 snapshot; four events at days 0, 2, 4, 6. Event estimates are not additive."
SC03387,Independent recovery experiment 03387,Four_event_stress,4,1.0,1.0,1.0,1.0,East,"Independent 2027-01-01 snapshot; four events at days 0, 2, 4, 6. Event estimates are not additive."
SC03388,Independent recovery experiment 03388,Four_event_stress,4,1.0,1.0,1.0,1.0,West,"Independent 2027-01-01 snapshot; four events at days 0, 2, 4, 6. Event estimates are not additive."
SC03389,Independent recovery experiment 03389,Four_event_stress,4,1.0,1.0,1.0,1.0,North,"Independent 2027-01-01 snapshot; four events at days 0, 2, 4, 6. Event estimates are not additive."
SC03390,Independent recovery experiment 03390,Four_event_stress,4,1.0,1.0,1.0,1.0,South,"Independent 2027-01-01 snapshot; four events at days 0, 2, 4, 6. Event estimates are not additive."
SC03391,Independent recovery experiment 03391,Four_event_stress,4,1.0,1.0,1.0,1.0,South,"Independent 2027-01-01 snapshot; four events at days 0, 2, 4, 6. Event estimates are not additive."
SC03392,Independent recovery experiment 03392,Four_event_stress,4,1.0,1.0,1.0,1.0,West,"Independent 2027-01-01 snapshot; four events at days 0, 2, 4, 6. Event estimates are not additive."
SC03393,Independent recovery experiment 03393,Four_event_stress,4,1.0,1.0,1.0,1.0,North,"Independent 2027-01-01 snapshot; four events at days 0, 2, 4, 6. Event estimates are not additive."
SC03394,Independent recovery experiment 03394,Four_event_stress,4,1.0,1.0,1.0,1.0,South,"Independent 2027-01-01 snapshot; four events at days 0, 2, 4, 6. Event estimates are not additive."
SC03395,Independent recovery experiment 03395,Four_event_stress,4,1.0,1.0,1.0,1.0,South,"Independent 2027-01-01 snapshot; four events at days 0, 2, 4, 6. Event estimates are not additive."
SC03396,Independent recovery experiment 03396,Four_event_stress,4,1.0,1.0,1.0,1.0,West,"Independent 2027-01-01 snapshot; four events at days 0, 2, 4, 6. Event estimates are not additive."
SC03397,Independent recovery experiment 03397,Four_event_stress,4,1.0,1.0,1.0,1.0,East,"Independent 2027-01-01 snapshot; four events at days 0, 2, 4, 6. Event estimates are not additive."
SC03398,Independent recovery experiment 03398,Four_event_stress,4,1.0,1.0,1.0,1.0,West,"Independent 2027-01-01 snapshot; four events at days 0, 2, 4, 6. Event estimates are not additive."
SC03399,Independent recovery experiment 03399,Four_event_stress,4,1.0,1.0,1.0,1.0,North,"Independent 2027-01-01 snapshot; four events at days 0, 2, 4, 6. Event estimates are not additive."
SC03400,Independent recovery experiment 03400,Four_event_stress,4,1.0,1.0,1.0,1.0,South,"Independent 2027-01-01 snapshot; four events at days 0, 2, 4, 6. Event estimates are not additive."
SC03401,Independent recovery experiment 03401,Four_event_stress,4,1.0,1.0,1.0,1.0,South,"Independent 2027-01-01 snapshot; four events at days 0, 2, 4, 6. Event estimates are not additive."
SC03402,Independent recovery experiment 03402,Four_event_stress,4,1.0,1.0,1.0,1.0,West,"Independent 2027-01-01 snapshot; four events at days 0, 2, 4, 6. Event estimates are not additive."
SC03403,Independent recovery experiment 03403,Four_event_stress,4,1.0,1.0,1.0,1.0,North,"Independent 2027-01-01 snapshot; four events at days 0, 2, 4, 6. Event estimates are not additive."
SC03404,Independent recovery experiment 03404,Four_event_stress,4,1.0,1.0,1.0,1.0,South,"Independent 2027-01-01 snapshot; four events at days 0, 2, 4, 6. Event estimates are not additive."
SC03405,Independent recovery experiment 03405,Four_event_stress,4,1.0,1.0,1.0,1.0,South,"Independent 2027-01-01 snapshot; four events at days 0, 2, 4, 6. Event estimates are not additive."
SC03406,Independent recovery experiment 03406,Four_event_stress,4,1.0,1.0,1.0,1.0,West,"Independent 2027-01-01 snapshot; four events at days 0, 2, 4, 6. Event estimates are not additive."
SC03407,Independent recovery experiment 03407,Four_event_stress,4,1.0,1.0,1.0,1.0,East,"Independent 2027-01-01 snapshot; four events at days 0, 2, 4, 6. Event estimates are not additive."
SC03408,Independent recovery experiment 03408,Four_event_stress,4,1.0,1.0,1.0,1.0,West,"Independent 2027-01-01 snapshot; four events at days 0, 2, 4, 6. Event estimates are not additive."
SC03409,Independent recovery experiment 03409,Four_event_stress,4,1.0,1.0,1.0,1.0,North,"Independent 2027-01-01 snapshot; four events at days 0, 2, 4, 6. Event estimates are not additive."
SC03410,Independent recovery experiment 03410,Four_event_stress,4,1.0,1.0,1.0,1.0,South,"Independent 2027-01-01 snapshot; four events at days 0, 2, 4, 6. Event estimates are not additive."
SC03411,Independent recovery experiment 03411,Four_event_stress,4,1.0,1.0,1.0,1.0,South,"Independent 2027-01-01 snapshot; four events at days 0, 2, 4, 6. Event estimates are not additive."
SC03412,Independent recovery experiment 03412,Four_event_stress,4,1.0,1.0,1.0,1.0,West,"Independent 2027-01-01 snapshot; four events at days 0, 2, 4, 6. Event estimates are not additive."
SC03413,Independent recovery experiment 03413,Four_event_stress,4,1.0,1.0,1.0,1.0,North,"Independent 2027-01-01 snapshot; four events at days 0, 2, 4, 6. Event estimates are not additive."
SC03414,Independent recovery experiment 03414,Four_event_stress,4,1.0,1.0,1.0,1.0,South,"Independent 2027-01-01 snapshot; four events at days 0, 2, 4, 6. Event estimates are not additive."
SC03415,Independent recovery experiment 03415,Four_event_stress,4,1.0,1.0,1.0,1.0,South,"Independent 2027-01-01 snapshot; four events at days 0, 2, 4, 6. Event estimates are not additive."
SC03416,Independent recovery experiment 03416,Four_event_stress,4,1.0,1.0,1.0,1.0,West,"Independent 2027-01-01 snapshot; four events at days 0, 2, 4, 6. Event estimates are not additive."
SC03417,Independent recovery experiment 03417,Four_event_stress,4,1.0,1.0,1.0,1.0,East,"Independent 2027-01-01 snapshot; four events at days 0, 2, 4, 6. Event estimates are not additive."
SC03418,Independent recovery experiment 03418,Four_event_stress,4,1.0,1.0,1.0,1.0,West,"Independent 2027-01-01 snapshot; four events at days 0, 2, 4, 6. Event estimates are not additive."
SC03419,Independent recovery experiment 03419,Four_event_stress,4,1.0,1.0,1.0,1.0,North,"Independent 2027-01-01 snapshot; four events at days 0, 2, 4, 6. Event estimates are not additive."
SC03420,Independent recovery experiment 03420,Four_event_stress,4,1.0,1.0,1.0,1.0,South,"Independent 2027-01-01 snapshot; four events at days 0, 2, 4, 6. Event estimates are not additive."
SC03421,Independent recovery experiment 03421,Four_event_stress,4,1.0,1.0,1.0,1.0,South,"Independent 2027-01-01 snapshot; four events at days 0, 2, 4, 6. Event estimates are not additive."
SC03422,Independent recovery experiment 03422,Four_event_stress,4,1.0,1.0,1.0,1.0,West,"Independent 2027-01-01 snapshot; four events at days 0, 2, 4, 6. Event estimates are not additive."
SC03423,Independent recovery experiment 03423,Four_event_stress,4,1.0,1.0,1.0,1.0,North,"Independent 2027-01-01 snapshot; four events at days 0, 2, 4, 6. Event estimates are not additive."
SC03424,Independent recovery experiment 03424,Four_event_stress,4,1.0,1.0,1.0,1.0,South,"Independent 2027-01-01 snapshot; four events at days 0, 2, 4, 6. Event estimates are not additive."
SC03425,Independent recovery experiment 03425,Four_event_stress,4,1.0,1.0,1.0,1.0,South,"Independent 2027-01-01 snapshot; four events at days 0, 2, 4, 6. Event estimates are not additive."
SC03426,Independent recovery experiment 03426,Four_event_stress,4,1.0,1.0,1.0,1.0,West,"Independent 2027-01-01 snapshot; four events at days 0, 2, 4, 6. Event estimates are not additive."
SC03427,Independent recovery experiment 03427,Four_event_stress,4,1.0,1.0,1.0,1.0,East,"Independent 2027-01-01 snapshot; four events at days 0, 2, 4, 6. Event estimates are not additive."
SC03428,Independent recovery experiment 03428,Four_event_stress,4,1.0,1.0,1.0,1.0,West,"Independent 2027-01-01 snapshot; four events at days 0, 2, 4, 6. Event estimates are not additive."
SC03429,Independent recovery experiment 03429,Four_event_stress,4,1.0,1.0,1.0,1.0,North,"Independent 2027-01-01 snapshot; four events at days 0, 2, 4, 6. Event estimates are not additive."
SC03430,Independent recovery experiment 03430,Four_event_stress,4,1.0,1.0,1.0,1.0,South,"Independent 2027-01-01 snapshot; four events at days 0, 2, 4, 6. Event estimates are not additive."
SC03431,Independent recovery experiment 03431,Four_event_stress,4,1.0,1.0,1.0,1.0,South,"Independent 2027-01-01 snapshot; four events at days 0, 2, 4, 6. Event estimates are not additive."
SC03432,Independent recovery experiment 03432,Four_event_stress,4,1.0,1.0,1.0,1.0,West,"Independent 2027-01-01 snapshot; four events at days 0, 2, 4, 6. Event estimates are not additive."
SC03433,Independent recovery experiment 03433,Four_event_stress,4,1.0,1.0,1.0,1.0,North,"Independent 2027-01-01 snapshot; four events at days 0, 2, 4, 6. Event estimates are not additive."
SC03434,Independent recovery experiment 03434,Four_event_stress,4,1.0,1.0,1.0,1.0,South,"Independent 2027-01-01 snapshot; four events at days 0, 2, 4, 6. Event estimates are not additive."
SC03435,Independent recovery experiment 03435,Four_event_stress,4,1.0,1.0,1.0,1.0,South,"Independent 2027-01-01 snapshot; four events at days 0, 2, 4, 6. Event estimates are not additive."
SC03436,Independent recovery experiment 03436,Four_event_stress,4,1.0,1.0,1.0,1.0,West,"Independent 2027-01-01 snapshot; four events at days 0, 2, 4, 6. Event estimates are not additive."
SC03437,Independent recovery experiment 03437,Four_event_stress,4,1.0,1.0,1.0,1.0,East,"Independent 2027-01-01 snapshot; four events at days 0, 2, 4, 6. Event estimates are not additive."
SC03438,Independent recovery experiment 03438,Four_event_stress,4,1.0,1.0,1.0,1.0,West,"Independent 2027-01-01 snapshot; four events at days 0, 2, 4, 6. Event estimates are not additive."
SC03439,Independent recovery experiment 03439,Four_event_stress,4,1.0,1.0,1.0,1.0,North,"Independent 2027-01-01 snapshot; four events at days 0, 2, 4, 6. Event estimates are not additive."
SC03440,Independent recovery experiment 03440,Four_event_stress,4,1.0,1.0,1.0,1.0,South,"Independent 2027-01-01 snapshot; four events at days 0, 2, 4, 6. Event estimates are not additive."
SC03441,Independent recovery experiment 03441,Four_event_stress,4,1.0,1.0,1.0,1.0,South,"Independent 2027-01-01 snapshot; four events at days 0, 2, 4, 6. Event estimates are not additive."
SC03442,Independent recovery experiment 03442,Four_event_stress,4,1.0,1.0,1.0,1.0,West,"Independent 2027-01-01 snapshot; four events at days 0, 2, 4, 6. Event estimates are not additive."
SC03443,Independent recovery experiment 03443,Four_event_stress,4,1.0,1.0,1.0,1.0,North,"Independent 2027-01-01 snapshot; four events at days 0, 2, 4, 6. Event estimates are not additive."
SC03444,Independent recovery experiment 03444,Four_event_stress,4,1.0,1.0,1.0,1.0,South,"Independent 2027-01-01 snapshot; four events at days 0, 2, 4, 6. Event estimates are not additive."
SC03445,Independent recovery experiment 03445,Four_event_stress,4,1.0,1.0,1.0,1.0,South,"Independent 2027-01-01 snapshot; four events at days 0, 2, 4, 6. Event estimates are not additive."
SC03446,Independent recovery experiment 03446,Four_event_stress,4,1.0,1.0,1.0,1.0,West,"Independent 2027-01-01 snapshot; four events at days 0, 2, 4, 6. Event estimates are not additive."
SC03447,Independent recovery experiment 03447,Four_event_stress,4,1.0,1.0,1.0,1.0,East,"Independent 2027-01-01 snapshot; four events at days 0, 2, 4, 6. Event estimates are not additive."
SC03448,Independent recovery experiment 03448,Four_event_stress,4,1.0,1.0,1.0,1.0,West,"Independent 2027-01-01 snapshot; four events at days 0, 2, 4, 6. Event estimates are not additive."
SC03449,Independent recovery experiment 03449,Four_event_stress,4,1.0,1.0,1.0,1.0,North,"Independent 2027-01-01 snapshot; four events at days 0, 2, 4, 6. Event estimates are not additive."
SC03450,Independent recovery experiment 03450,Four_event_stress,4,1.0,1.0,1.0,1.0,South,"Independent 2027-01-01 snapshot; four events at days 0, 2, 4, 6. Event estimates are not additive."
SC03451,Independent recovery experiment 03451,Four_event_stress,4,1.0,1.0,1.0,1.0,South,"Independent 2027-01-01 snapshot; four events at days 0, 2, 4, 6. Event estimates are not additive."
SC03452,Independent recovery experiment 03452,Four_event_stress,4,1.0,1.0,1.0,1.0,West,"Independent 2027-01-01 snapshot; four events at days 0, 2, 4, 6. Event estimates are not additive."
SC03453,Independent recovery experiment 03453,Four_event_stress,4,1.0,1.0,1.0,1.0,North,"Independent 2027-01-01 snapshot; four events at days 0, 2, 4, 6. Event estimates are not additive."
SC03454,Independent recovery experiment 03454,Four_event_stress,4,1.0,1.0,1.0,1.0,South,"Independent 2027-01-01 snapshot; four events at days 0, 2, 4, 6. Event estimates are not additive."
SC03455,Independent recovery experiment 03455,Four_event_stress,4,1.0,1.0,1.0,1.0,South,"Independent 2027-01-01 snapshot; four events at days 0, 2, 4, 6. Event estimates are not additive."
SC03456,Independent recovery experiment 03456,Four_event_stress,4,1.0,1.0,1.0,1.0,West,"Independent 2027-01-01 snapshot; four events at days 0, 2, 4, 6. Event estimates are not additive."
SC03457,Independent recovery experiment 03457,Four_event_stress,4,1.0,1.0,1.0,1.0,East,"Independent 2027-01-01 snapshot; four events at days 0, 2, 4, 6. Event estimates are not additive."
SC03458,Independent recovery experiment 03458,Four_event_stress,4,1.0,1.0,1.0,1.0,West,"Independent 2027-01-01 snapshot; four events at days 0, 2, 4, 6. Event estimates are not additive."
SC03459,Independent recovery experiment 03459,Four_event_stress,4,1.0,1.0,1.0,1.0,North,"Independent 2027-01-01 snapshot; four events at days 0, 2, 4, 6. Event estimates are not additive."
SC03460,Independent recovery experiment 03460,Four_event_stress,4,1.0,1.0,1.0,1.0,South,"Independent 2027-01-01 snapshot; four events at days 0, 2, 4, 6. Event estimates are not additive."
SC03461,Independent recovery experiment 03461,Four_event_stress,4,1.0,1.0,1.0,1.0,South,"Independent 2027-01-01 snapshot; four events at days 0, 2, 4, 6. Event estimates are not additive."
SC03462,Independent recovery experiment 03462,Four_event_stress,4,1.0,1.0,1.0,1.0,West,"Independent 2027-01-01 snapshot; four events at days 0, 2, 4, 6. Event estimates are not additive."
SC03463,Independent recovery experiment 03463,Four_event_stress,4,1.0,1.0,1.0,1.0,North,"Independent 2027-01-01 snapshot; four events at days 0, 2, 4, 6. Event estimates are not additive."
SC03464,Independent recovery experiment 03464,Four_event_stress,4,1.0,1.0,1.0,1.0,South,"Independent 2027-01-01 snapshot; four events at days 0, 2, 4, 6. Event estimates are not additive."
SC03465,Independent recovery experiment 03465,Four_event_stress,4,1.0,1.0,1.0,1.0,South,"Independent 2027-01-01 snapshot; four events at days 0, 2, 4, 6. Event estimates are not additive."
SC03466,Independent recovery experiment 03466,Four_event_stress,4,1.0,1.0,1.0,1.0,West,"Independent 2027-01-01 snapshot; four events at days 0, 2, 4, 6. Event estimates are not additive."
SC03467,Independent recovery experiment 03467,Four_event_stress,4,1.0,1.0,1.0,1.0,East,"Independent 2027-01-01 snapshot; four events at days 0, 2, 4, 6. Event estimates are not additive."
SC03468,Independent recovery experiment 03468,Four_event_stress,4,1.0,1.0,1.0,1.0,West,"Independent 2027-01-01 snapshot; four events at days 0, 2, 4, 6. Event estimates are not additive."
SC03469,Independent recovery experiment 03469,Four_event_stress,4,1.0,1.0,1.0,1.0,North,"Independent 2027-01-01 snapshot; four events at days 0, 2, 4, 6. Event estimates are not additive."
SC03470,Independent recovery experiment 03470,Four_event_stress,4,1.0,1.0,1.0,1.0,South,"Independent 2027-01-01 snapshot; four events at days 0, 2, 4, 6. Event estimates are not additive."
SC03471,Independent recovery experiment 03471,Four_event_stress,4,1.0,1.0,1.0,1.0,South,"Independent 2027-01-01 snapshot; four events at days 0, 2, 4, 6. Event estimates are not additive."
SC03472,Independent recovery experiment 03472,Four_event_stress,4,1.0,1.0,1.0,1.0,West,"Independent 2027-01-01 snapshot; four events at days 0, 2, 4, 6. Event estimates are not additive."
SC03473,Independent recovery experiment 03473,Four_event_stress,4,1.0,1.0,1.0,1.0,North,"Independent 2027-01-01 snapshot; four events at days 0, 2, 4, 6. Event estimates are not additive."
SC03474,Independent recovery experiment 03474,Four_event_stress,4,1.0,1.0,1.0,1.0,South,"Independent 2027-01-01 snapshot; four events at days 0, 2, 4, 6. Event estimates are not additive."
SC03475,Independent recovery experiment 03475,Four_event_stress,4,1.0,1.0,1.0,1.0,South,"Independent 2027-01-01 snapshot; four events at days 0, 2, 4, 6. Event estimates are not additive."
SC03476,Independent recovery experiment 03476,Four_event_stress,4,1.0,1.0,1.0,1.0,West,"Independent 2027-01-01 snapshot; four events at days 0, 2, 4, 6. Event estimates are not additive."
SC03477,Independent recovery experiment 03477,Four_event_stress,4,1.0,1.0,1.0,1.0,East,"Independent 2027-01-01 snapshot; four events at days 0, 2, 4, 6. Event estimates are not additive."
SC03478,Independent recovery experiment 03478,Four_event_stress,4,1.0,1.0,1.0,1.0,West,"Independent 2027-01-01 snapshot; four events at days 0, 2, 4, 6. Event estimates are not additive."
SC03479,Independent recovery experiment 03479,Four_event_stress,4,1.0,1.0,1.0,1.0,North,"Independent 2027-01-01 snapshot; four events at days 0, 2, 4, 6. Event estimates are not additive."
SC03480,Independent recovery experiment 03480,Four_event_stress,4,1.0,1.0,1.0,1.0,South,"Independent 2027-01-01 snapshot; four events at days 0, 2, 4, 6. Event estimates are not additive."
SC03481,Independent recovery experiment 03481,Four_event_stress,4,1.0,1.0,1.0,1.0,South,"Independent 2027-01-01 snapshot; four events at days 0, 2, 4, 6. Event estimates are not additive."
SC03482,Independent recovery experiment 03482,Four_event_stress,4,1.0,1.0,1.0,1.0,West,"Independent 2027-01-01 snapshot; four events at days 0, 2, 4, 6. Event estimates are not additive."
SC03483,Independent recovery experiment 03483,Four_event_stress,4,1.0,1.0,1.0,1.0,North,"Independent 2027-01-01 snapshot; four events at days 0, 2, 4, 6. Event estimates are not additive."
SC03484,Independent recovery experiment 03484,Four_event_stress,4,1.0,1.0,1.0,1.0,South,"Independent 2027-01-01 snapshot; four events at days 0, 2, 4, 6. Event estimates are not additive."
SC03485,Independent recovery experiment 03485,Four_event_stress,4,1.0,1.0,1.0,1.0,South,"Independent 2027-01-01 snapshot; four events at days 0, 2, 4, 6. Event estimates are not additive."
SC03486,Independent recovery experiment 03486,Four_event_stress,4,1.0,1.0,1.0,1.0,West,"Independent 2027-01-01 snapshot; four events at days 0, 2, 4, 6. Event estimates are not additive."
SC03487,Independent recovery experiment 03487,Four_event_stress,4,1.0,1.0,1.0,1.0,East,"Independent 2027-01-01 snapshot; four events at days 0, 2, 4, 6. Event estimates are not additive."
SC03488,Independent recovery experiment 03488,Four_event_stress,4,1.0,1.0,1.0,1.0,West,"Independent 2027-01-01 snapshot; four events at days 0, 2, 4, 6. Event estimates are not additive."
SC03489,Independent recovery experiment 03489,Four_event_stress,4,1.0,1.0,1.0,1.0,North,"Independent 2027-01-01 snapshot; four events at days 0, 2, 4, 6. Event estimates are not additive."
SC03490,Independent recovery experiment 03490,Four_event_stress,4,1.0,1.0,1.0,1.0,South,"Independent 2027-01-01 snapshot; four events at days 0, 2, 4, 6. Event estimates are not additive."
SC03491,Independent recovery experiment 03491,Four_event_stress,4,1.0,1.0,1.0,1.0,South,"Independent 2027-01-01 snapshot; four events at days 0, 2, 4, 6. Event estimates are not additive."
SC03492,Independent recovery experiment 03492,Four_event_stress,4,1.0,1.0,1.0,1.0,West,"Independent 2027-01-01 snapshot; four events at days 0, 2, 4, 6. Event estimates are not additive."
SC03493,Independent recovery experiment 03493,Four_event_stress,4,1.0,1.0,1.0,1.0,North,"Independent 2027-01-01 snapshot; four events at days 0, 2, 4, 6. Event estimates are not additive."
SC03494,Independent recovery experiment 03494,Four_event_stress,4,1.0,1.0,1.0,1.0,South,"Independent 2027-01-01 snapshot; four events at days 0, 2, 4, 6. Event estimates are not additive."
SC03495,Independent recovery experiment 03495,Four_event_stress,4,1.0,1.0,1.0,1.0,South,"Independent 2027-01-01 snapshot; four events at days 0, 2, 4, 6. Event estimates are not additive."
SC03496,Independent recovery experiment 03496,Four_event_stress,4,1.0,1.0,1.0,1.0,West,"Independent 2027-01-01 snapshot; four events at days 0, 2, 4, 6. Event estimates are not additive."
SC03497,Independent recovery experiment 03497,Four_event_stress,4,1.0,1.0,1.0,1.0,East,"Independent 2027-01-01 snapshot; four events at days 0, 2, 4, 6. Event estimates are not additive."
SC03498,Independent recovery experiment 03498,Four_event_stress,4,1.0,1.0,1.0,1.0,West,"Independent 2027-01-01 snapshot; four events at days 0, 2, 4, 6. Event estimates are not additive."
SC03499,Independent recovery experiment 03499,Four_event_stress,4,1.0,1.0,1.0,1.0,North,"Independent 2027-01-01 snapshot; four events at days 0, 2, 4, 6. Event estimates are not additive."
SC03500,Independent recovery experiment 03500,Four_event_stress,4,1.0,1.0,1.0,1.0,South,"Independent 2027-01-01 snapshot; four events at days 0, 2, 4, 6. Event estimates are not additive."
SC03501,Independent recovery experiment 03501,Four_event_stress,4,1.0,1.0,1.0,1.0,South,"Independent 2027-01-01 snapshot; four events at days 0, 2, 4, 6. Event estimates are not additive."
SC03502,Independent recovery experiment 03502,Four_event_stress,4,1.0,1.0,1.0,1.0,West,"Independent 2027-01-01 snapshot; four events at days 0, 2, 4, 6. Event estimates are not additive."
SC03503,Independent recovery experiment 03503,Four_event_stress,4,1.0,1.0,1.0,1.0,North,"Independent 2027-01-01 snapshot; four events at days 0, 2, 4, 6. Event estimates are not additive."
SC03504,Independent recovery experiment 03504,Four_event_stress,4,1.0,1.0,1.0,1.0,South,"Independent 2027-01-01 snapshot; four events at days 0, 2, 4, 6. Event estimates are not additive."
SC03505,Independent recovery experiment 03505,Four_event_stress,4,1.0,1.0,1.0,1.0,South,"Independent 2027-01-01 snapshot; four events at days 0, 2, 4, 6. Event estimates are not additive."
SC03506,Independent recovery experiment 03506,Four_event_stress,4,1.0,1.0,1.0,1.0,West,"Independent 2027-01-01 snapshot; four events at days 0, 2, 4, 6. Event estimates are not additive."
SC03507,Independent recovery experiment 03507,Four_event_stress,4,1.0,1.0,1.0,1.0,East,"Independent 2027-01-01 snapshot; four events at days 0, 2, 4, 6. Event estimates are not additive."
SC03508,Independent recovery experiment 03508,Four_event_stress,4,1.0,1.0,1.0,1.0,West,"Independent 2027-01-01 snapshot; four events at days 0, 2, 4, 6. Event estimates are not additive."
SC03509,Independent recovery experiment 03509,Four_event_stress,4,1.0,1.0,1.0,1.0,North,"Independent 2027-01-01 snapshot; four events at days 0, 2, 4, 6. Event estimates are not additive."
SC03510,Independent recovery experiment 03510,Four_event_stress,4,1.0,1.0,1.0,1.0,South,"Independent 2027-01-01 snapshot; four events at days 0, 2, 4, 6. Event estimates are not additive."
SC03511,Independent recovery experiment 03511,Four_event_stress,4,1.0,1.0,1.0,1.0,South,"Independent 2027-01-01 snapshot; four events at days 0, 2, 4, 6. Event estimates are not additive."
SC03512,Independent recovery experiment 03512,Four_event_stress,4,1.0,1.0,1.0,1.0,West,"Independent 2027-01-01 snapshot; four events at days 0, 2, 4, 6. Event estimates are not additive."
SC03513,Independent recovery experiment 03513,Four_event_stress,4,1.0,1.0,1.0,1.0,North,"Independent 2027-01-01 snapshot; four events at days 0, 2, 4, 6. Event estimates are not additive."
SC03514,Independent recovery experiment 03514,Four_event_stress,4,1.0,1.0,1.0,1.0,South,"Independent 2027-01-01 snapshot; four events at days 0, 2, 4, 6. Event estimates are not additive."
SC03515,Independent recovery experiment 03515,Four_event_stress,4,1.0,1.0,1.0,1.0,South,"Independent 2027-01-01 snapshot; four events at days 0, 2, 4, 6. Event estimates are not additive."
SC03516,Independent recovery experiment 03516,Four_event_stress,4,1.0,1.0,1.0,1.0,West,"Independent 2027-01-01 snapshot; four events at days 0, 2, 4, 6. Event estimates are not additive."
SC03517,Independent recovery experiment 03517,Four_event_stress,4,1.0,1.0,1.0,1.0,East,"Independent 2027-01-01 snapshot; four events at days 0, 2, 4, 6. Event estimates are not additive."
SC03518,Independent recovery experiment 03518,Four_event_stress,4,1.0,1.0,1.0,1.0,West,"Independent 2027-01-01 snapshot; four events at days 0, 2, 4, 6. Event estimates are not additive."
SC03519,Independent recovery experiment 03519,Four_event_stress,4,1.0,1.0,1.0,1.0,North,"Independent 2027-01-01 snapshot; four events at days 0, 2, 4, 6. Event estimates are not additive."
SC03520,Independent recovery experiment 03520,Four_event_stress,4,1.0,1.0,1.0,1.0,South,"Independent 2027-01-01 snapshot; four events at days 0, 2, 4, 6. Event estimates are not additive."
SC03521,Independent recovery experiment 03521,Four_event_stress,4,1.0,1.0,1.0,1.0,South,"Independent 2027-01-01 snapshot; four events at days 0, 2, 4, 6. Event estimates are not additive."
SC03522,Independent recovery experiment 03522,Four_event_stress,4,1.0,1.0,1.0,1.0,West,"Independent 2027-01-01 snapshot; four events at days 0, 2, 4, 6. Event estimates are not additive."
SC03523,Independent recovery experiment 03523,Four_event_stress,4,1.0,1.0,1.0,1.0,North,"Independent 2027-01-01 snapshot; four events at days 0, 2, 4, 6. Event estimates are not additive."
SC03524,Independent recovery experiment 03524,Four_event_stress,4,1.0,1.0,1.0,1.0,South,"Independent 2027-01-01 snapshot; four events at days 0, 2, 4, 6. Event estimates are not additive."
SC03525,Independent recovery experiment 03525,Four_event_stress,4,1.0,1.0,1.0,1.0,South,"Independent 2027-01-01 snapshot; four events at days 0, 2, 4, 6. Event estimates are not additive."
SC03526,Independent recovery experiment 03526,Four_event_stress,4,1.0,1.0,1.0,1.0,West,"Independent 2027-01-01 snapshot; four events at days 0, 2, 4, 6. Event estimates are not additive."
SC03527,Independent recovery experiment 03527,Four_event_stress,4,1.0,1.0,1.0,1.0,East,"Independent 2027-01-01 snapshot; four events at days 0, 2, 4, 6. Event estimates are not additive."
SC03528,Independent recovery experiment 03528,Four_event_stress,4,1.0,1.0,1.0,1.0,West,"Independent 2027-01-01 snapshot; four events at days 0, 2, 4, 6. Event estimates are not additive."
SC03529,Independent recovery experiment 03529,Four_event_stress,4,1.0,1.0,1.0,1.0,North,"Independent 2027-01-01 snapshot; four events at days 0, 2, 4, 6. Event estimates are not additive."
SC03530,Independent recovery experiment 03530,Four_event_stress,4,1.0,1.0,1.0,1.0,South,"Independent 2027-01-01 snapshot; four events at days 0, 2, 4, 6. Event estimates are not additive."
SC03531,Independent recovery experiment 03531,Four_event_stress,4,1.0,1.0,1.0,1.0,South,"Independent 2027-01-01 snapshot; four events at days 0, 2, 4, 6. Event estimates are not additive."
SC03532,Independent recovery experiment 03532,Four_event_stress,4,1.0,1.0,1.0,1.0,West,"Independent 2027-01-01 snapshot; four events at days 0, 2, 4, 6. Event estimates are not additive."
SC03533,Independent recovery experiment 03533,Four_event_stress,4,1.0,1.0,1.0,1.0,North,"Independent 2027-01-01 snapshot; four events at days 0, 2, 4, 6. Event estimates are not additive."
SC03534,Independent recovery experiment 03534,Four_event_stress,4,1.0,1.0,1.0,1.0,South,"Independent 2027-01-01 snapshot; four events at days 0, 2, 4, 6. Event estimates are not additive."
SC03535,Independent recovery experiment 03535,Four_event_stress,4,1.0,1.0,1.0,1.0,South,"Independent 2027-01-01 snapshot; four events at days 0, 2, 4, 6. Event estimates are not additive."
SC03536,Independent recovery experiment 03536,Four_event_stress,4,1.0,1.0,1.0,1.0,West,"Independent 2027-01-01 snapshot; four events at days 0, 2, 4, 6. Event estimates are not additive."
SC03537,Independent recovery experiment 03537,Four_event_stress,4,1.0,1.0,1.0,1.0,East,"Independent 2027-01-01 snapshot; four events at days 0, 2, 4, 6. Event estimates are not additive."
SC03538,Independent recovery experiment 03538,Four_event_stress,4,1.0,1.0,1.0,1.0,West,"Independent 2027-01-01 snapshot; four events at days 0, 2, 4, 6. Event estimates are not additive."
SC03539,Independent recovery experiment 03539,Four_event_stress,4,1.0,1.0,1.0,1.0,North,"Independent 2027-01-01 snapshot; four events at days 0, 2, 4, 6. Event estimates are not additive."
SC03540,Independent recovery experiment 03540,Four_event_stress,4,1.0,1.0,1.0,1.0,South,"Independent 2027-01-01 snapshot; four events at days 0, 2, 4, 6. Event estimates are not additive."
SC03541,Independent recovery experiment 03541,Four_event_stress,4,1.0,1.0,1.0,1.0,South,"Independent 2027-01-01 snapshot; four events at days 0, 2, 4, 6. Event estimates are not additive."
SC03542,Independent recovery experiment 03542,Four_event_stress,4,1.0,1.0,1.0,1.0,West,"Independent 2027-01-01 snapshot; four events at days 0, 2, 4, 6. Event estimates are not additive."
SC03543,Independent recovery experiment 03543,Four_event_stress,4,1.0,1.0,1.0,1.0,North,"Independent 2027-01-01 snapshot; four events at days 0, 2, 4, 6. Event estimates are not additive."
SC03544,Independent recovery experiment 03544,Four_event_stress,4,1.0,1.0,1.0,1.0,South,"Independent 2027-01-01 snapshot; four events at days 0, 2, 4, 6. Event estimates are not additive."
SC03545,Independent recovery experiment 03545,Four_event_stress,4,1.0,1.0,1.0,1.0,South,"Independent 2027-01-01 snapshot; four events at days 0, 2, 4, 6. Event estimates are not additive."
SC03546,Independent recovery experiment 03546,Four_event_stress,4,1.0,1.0,1.0,1.0,West,"Independent 2027-01-01 snapshot; four events at days 0, 2, 4, 6. Event estimates are not additive."
SC03547,Independent recovery experiment 03547,Four_event_stress,4,1.0,1.0,1.0,1.0,East,"Independent 2027-01-01 snapshot; four events at days 0, 2, 4, 6. Event estimates are not additive."
SC03548,Independent recovery experiment 03548,Four_event_stress,4,1.0,1.0,1.0,1.0,West,"Independent 2027-01-01 snapshot; four events at days 0, 2, 4, 6. Event estimates are not additive."
SC03549,Independent recovery experiment 03549,Four_event_stress,4,1.0,1.0,1.0,1.0,North,"Independent 2027-01-01 snapshot; four events at days 0, 2, 4, 6. Event estimates are not additive."
SC03550,Independent recovery experiment 03550,Four_event_stress,4,1.0,1.0,1.0,1.0,South,"Independent 2027-01-01 snapshot; four events at days 0, 2, 4, 6. Event estimates are not additive."
SC03551,Independent recovery experiment 03551,Four_event_stress,4,1.0,1.0,1.0,1.0,South,"Independent 2027-01-01 snapshot; four events at days 0, 2, 4, 6. Event estimates are not additive."
SC03552,Independent recovery experiment 03552,Four_event_stress,4,1.0,1.0,1.0,1.0,West,"Independent 2027-01-01 snapshot; four events at days 0, 2, 4, 6. Event estimates are not additive."
SC03553,Independent recovery experiment 03553,Four_event_stress,4,1.0,1.0,1.0,1.0,North,"Independent 2027-01-01 snapshot; four events at days 0, 2, 4, 6. Event estimates are not additive."
SC03554,Independent recovery experiment 03554,Four_event_stress,4,1.0,1.0,1.0,1.0,South,"Independent 2027-01-01 snapshot; four events at days 0, 2, 4, 6. Event estimates are not additive."
SC03555,Independent recovery experiment 03555,Four_event_stress,4,1.0,1.0,1.0,1.0,South,"Independent 2027-01-01 snapshot; four events at days 0, 2, 4, 6. Event estimates are not additive."
SC03556,Independent recovery experiment 03556,Four_event_stress,4,1.0,1.0,1.0,1.0,West,"Independent 2027-01-01 snapshot; four events at days 0, 2, 4, 6. Event estimates are not additive."
SC03557,Independent recovery experiment 03557,Four_event_stress,4,1.0,1.0,1.0,1.0,East,"Independent 2027-01-01 snapshot; four events at days 0, 2, 4, 6. Event estimates are not additive."
SC03558,Independent recovery experiment 03558,Four_event_stress,4,1.0,1.0,1.0,1.0,West,"Independent 2027-01-01 snapshot; four events at days 0, 2, 4, 6. Event estimates are not additive."
SC03559,Independent recovery experiment 03559,Four_event_stress,4,1.0,1.0,1.0,1.0,North,"Independent 2027-01-01 snapshot; four events at days 0, 2, 4, 6. Event estimates are not additive."
SC03560,Independent recovery experiment 03560,Four_event_stress,4,1.0,1.0,1.0,1.0,South,"Independent 2027-01-01 snapshot; four events at days 0, 2, 4, 6. Event estimates are not additive."
SC03561,Independent recovery experiment 03561,Four_event_stress,4,1.0,1.0,1.0,1.0,South,"Independent 2027-01-01 snapshot; four events at days 0, 2, 4, 6. Event estimates are not additive."
SC03562,Independent recovery experiment 03562,Four_event_stress,4,1.0,1.0,1.0,1.0,West,"Independent 2027-01-01 snapshot; four events at days 0, 2, 4, 6. Event estimates are not additive."
SC03563,Independent recovery experiment 03563,Four_event_stress,4,1.0,1.0,1.0,1.0,North,"Independent 2027-01-01 snapshot; four events at days 0, 2, 4, 6. Event estimates are not additive."
SC03564,Independent recovery experiment 03564,Four_event_stress,4,1.0,1.0,1.0,1.0,South,"Independent 2027-01-01 snapshot; four events at days 0, 2, 4, 6. Event estimates are not additive."
SC03565,Independent recovery experiment 03565,Four_event_stress,4,1.0,1.0,1.0,1.0,South,"Independent 2027-01-01 snapshot; four events at days 0, 2, 4, 6. Event estimates are not additive."
SC03566,Independent recovery experiment 03566,Four_event_stress,4,1.0,1.0,1.0,1.0,West,"Independent 2027-01-01 snapshot; four events at days 0, 2, 4, 6. Event estimates are not additive."
SC03567,Independent recovery experiment 03567,Four_event_stress,4,1.0,1.0,1.0,1.0,East,"Independent 2027-01-01 snapshot; four events at days 0, 2, 4, 6. Event estimates are not additive."
SC03568,Independent recovery experiment 03568,Four_event_stress,4,1.0,1.0,1.0,1.0,West,"Independent 2027-01-01 snapshot; four events at days 0, 2, 4, 6. Event estimates are not additive."
SC03569,Independent recovery experiment 03569,Four_event_stress,4,1.0,1.0,1.0,1.0,North,"Independent 2027-01-01 snapshot; four events at days 0, 2, 4, 6. Event estimates are not additive."
SC03570,Independent recovery experiment 03570,Four_event_stress,4,1.0,1.0,1.0,1.0,South,"Independent 2027-01-01 snapshot; four events at days 0, 2, 4, 6. Event estimates are not additive."
SC03571,Independent recovery experiment 03571,Four_event_stress,4,1.0,1.0,1.0,1.0,South,"Independent 2027-01-01 snapshot; four events at days 0, 2, 4, 6. Event estimates are not additive."
SC03572,Independent recovery experiment 03572,Four_event_stress,4,1.0,1.0,1.0,1.0,West,"Independent 2027-01-01 snapshot; four events at days 0, 2, 4, 6. Event estimates are not additive."
SC03573,Independent recovery experiment 03573,Four_event_stress,4,1.0,1.0,1.0,1.0,North,"Independent 2027-01-01 snapshot; four events at days 0, 2, 4, 6. Event estimates are not additive."
SC03574,Independent recovery experiment 03574,Four_event_stress,4,1.0,1.0,1.0,1.0,South,"Independent 2027-01-01 snapshot; four events at days 0, 2, 4, 6. Event estimates are not additive."
SC03575,Independent recovery experiment 03575,Four_event_stress,4,1.0,1.0,1.0,1.0,South,"Independent 2027-01-01 snapshot; four events at days 0, 2, 4, 6. Event estimates are not additive."
SC03576,Independent recovery experiment 03576,Four_event_stress,4,1.0,1.0,1.0,1.0,West,"Independent 2027-01-01 snapshot; four events at days 0, 2, 4, 6. Event estimates are not additive."
SC03577,Independent recovery experiment 03577,Four_event_stress,4,1.0,1.0,1.0,1.0,East,"Independent 2027-01-01 snapshot; four events at days 0, 2, 4, 6. Event estimates are not additive."
SC03578,Independent recovery experiment 03578,Four_event_stress,4,1.0,1.0,1.0,1.0,West,"Independent 2027-01-01 snapshot; four events at days 0, 2, 4, 6. Event estimates are not additive."
SC03579,Independent recovery experiment 03579,Four_event_stress,4,1.0,1.0,1.0,1.0,North,"Independent 2027-01-01 snapshot; four events at days 0, 2, 4, 6. Event estimates are not additive."
SC03580,Independent recovery experiment 03580,Four_event_stress,4,1.0,1.0,1.0,1.0,South,"Independent 2027-01-01 snapshot; four events at days 0, 2, 4, 6. Event estimates are not additive."
SC03581,Independent recovery experiment 03581,Four_event_stress,4,1.0,1.0,1.0,1.0,South,"Independent 2027-01-01 snapshot; four events at days 0, 2, 4, 6. Event estimates are not additive."
SC03582,Independent recovery experiment 03582,Four_event_stress,4,1.0,1.0,1.0,1.0,West,"Independent 2027-01-01 snapshot; four events at days 0, 2, 4, 6. Event estimates are not additive."
SC03583,Independent recovery experiment 03583,Four_event_stress,4,1.0,1.0,1.0,1.0,North,"Independent 2027-01-01 snapshot; four events at days 0, 2, 4, 6. Event estimates are not additive."
SC03584,Independent recovery experiment 03584,Four_event_stress,4,1.0,1.0,1.0,1.0,South,"Independent 2027-01-01 snapshot; four events at days 0, 2, 4, 6. Event estimates are not additive."
SC03585,Independent recovery experiment 03585,Four_event_stress,4,1.0,1.0,1.0,1.0,South,"Independent 2027-01-01 snapshot; four events at days 0, 2, 4, 6. Event estimates are not additive."
SC03586,Independent recovery experiment 03586,Four_event_stress,4,1.0,1.0,1.0,1.0,West,"Independent 2027-01-01 snapshot; four events at days 0, 2, 4, 6. Event estimates are not additive."
SC03587,Independent recovery experiment 03587,Four_event_stress,4,1.0,1.0,1.0,1.0,East,"Independent 2027-01-01 snapshot; four events at days 0, 2, 4, 6. Event estimates are not additive."
SC03588,Independent recovery experiment 03588,Four_event_stress,4,1.0,1.0,1.0,1.0,West,"Independent 2027-01-01 snapshot; four events at days 0, 2, 4, 6. Event estimates are not additive."
SC03589,Independent recovery experiment 03589,Four_event_stress,4,1.0,1.0,1.0,1.0,North,"Independent 2027-01-01 snapshot; four events at days 0, 2, 4, 6. Event estimates are not additive."
SC03590,Independent recovery experiment 03590,Four_event_stress,4,1.0,1.0,1.0,1.0,South,"Independent 2027-01-01 snapshot; four events at days 0, 2, 4, 6. Event estimates are not additive."
SC03591,Independent recovery experiment 03591,Four_event_stress,4,1.0,1.0,1.0,1.0,South,"Independent 2027-01-01 snapshot; four events at days 0, 2, 4, 6. Event estimates are not additive."
SC03592,Independent recovery experiment 03592,Four_event_stress,4,1.0,1.0,1.0,1.0,West,"Independent 2027-01-01 snapshot; four events at days 0, 2, 4, 6. Event estimates are not additive."
SC03593,Independent recovery experiment 03593,Four_event_stress,4,1.0,1.0,1.0,1.0,North,"Independent 2027-01-01 snapshot; four events at days 0, 2, 4, 6. Event estimates are not additive."
SC03594,Independent recovery experiment 03594,Four_event_stress,4,1.0,1.0,1.0,1.0,South,"Independent 2027-01-01 snapshot; four events at days 0, 2, 4, 6. Event estimates are not additive."
SC03595,Independent recovery experiment 03595,Four_event_stress,4,1.0,1.0,1.0,1.0,South,"Independent 2027-01-01 snapshot; four events at days 0, 2, 4, 6. Event estimates are not additive."
SC03596,Independent recovery experiment 03596,Four_event_stress,4,1.0,1.0,1.0,1.0,West,"Independent 2027-01-01 snapshot; four events at days 0, 2, 4, 6. Event estimates are not additive."
SC03597,Independent recovery experiment 03597,Four_event_stress,4,1.0,1.0,1.0,1.0,East,"Independent 2027-01-01 snapshot; four events at days 0, 2, 4, 6. Event estimates are not additive."
SC03598,Independent recovery experiment 03598,Four_event_stress,4,1.0,1.0,1.0,1.0,West,"Independent 2027-01-01 snapshot; four events at days 0, 2, 4, 6. Event estimates are not additive."
SC03599,Independent recovery experiment 03599,Four_event_stress,4,1.0,1.0,1.0,1.0,North,"Independent 2027-01-01 snapshot; four events at days 0, 2, 4, 6. Event estimates are not additive."
SC03600,Independent recovery experiment 03600,Four_event_stress,4,1.0,1.0,1.0,1.0,South,"Independent 2027-01-01 snapshot; four events at days 0, 2, 4, 6. Event estimates are not additive."
SC03601,Independent recovery experiment 03601,Four_event_stress,4,1.0,1.0,1.0,1.0,South,"Independent 2027-01-01 snapshot; four events at days 0, 2, 4, 6. Event estimates are not additive."
SC03602,Independent recovery experiment 03602,Four_event_stress,4,1.0,1.0,1.0,1.0,West,"Independent 2027-01-01 snapshot; four events at days 0, 2, 4, 6. Event estimates are not additive."
SC03603,Independent recovery experiment 03603,Four_event_stress,4,1.0,1.0,1.0,1.0,North,"Independent 2027-01-01 snapshot; four events at days 0, 2, 4, 6. Event estimates are not additive."
SC03604,Independent recovery experiment 03604,Four_event_stress,4,1.0,1.0,1.0,1.0,South,"Independent 2027-01-01 snapshot; four events at days 0, 2, 4, 6. Event estimates are not additive."
SC03605,Independent recovery experiment 03605,Four_event_stress,4,1.0,1.0,1.0,1.0,South,"Independent 2027-01-01 snapshot; four events at days 0, 2, 4, 6. Event estimates are not additive."
SC03606,Independent recovery experiment 03606,Four_event_stress,4,1.0,1.0,1.0,1.0,West,"Independent 2027-01-01 snapshot; four events at days 0, 2, 4, 6. Event estimates are not additive."
SC03607,Independent recovery experiment 03607,Four_event_stress,4,1.0,1.0,1.0,1.0,East,"Independent 2027-01-01 snapshot; four events at days 0, 2, 4, 6. Event estimates are not additive."
SC03608,Independent recovery experiment 03608,Four_event_stress,4,1.0,1.0,1.0,1.0,West,"Independent 2027-01-01 snapshot; four events at days 0, 2, 4, 6. Event estimates are not additive."
SC03609,Independent recovery experiment 03609,Four_event_stress,4,1.0,1.0,1.0,1.0,North,"Independent 2027-01-01 snapshot; four events at days 0, 2, 4, 6. Event estimates are not additive."
SC03610,Independent recovery experiment 03610,Four_event_stress,4,1.0,1.0,1.0,1.0,South,"Independent 2027-01-01 snapshot; four events at days 0, 2, 4, 6. Event estimates are not additive."
SC03611,Independent recovery experiment 03611,Four_event_stress,4,1.0,1.0,1.0,1.0,South,"Independent 2027-01-01 snapshot; four events at days 0, 2, 4, 6. Event estimates are not additive."
SC03612,Independent recovery experiment 03612,Four_event_stress,4,1.0,1.0,1.0,1.0,West,"Independent 2027-01-01 snapshot; four events at days 0, 2, 4, 6. Event estimates are not additive."
SC03613,Independent recovery experiment 03613,Four_event_stress,4,1.0,1.0,1.0,1.0,North,"Independent 2027-01-01 snapshot; four events at days 0, 2, 4, 6. Event estimates are not additive."
SC03614,Independent recovery experiment 03614,Four_event_stress,4,1.0,1.0,1.0,1.0,South,"Independent 2027-01-01 snapshot; four events at days 0, 2, 4, 6. Event estimates are not additive."
SC03615,Independent recovery experiment 03615,Four_event_stress,4,1.0,1.0,1.0,1.0,South,"Independent 2027-01-01 snapshot; four events at days 0, 2, 4, 6. Event estimates are not additive."
SC03616,Independent recovery experiment 03616,Four_event_stress,4,1.0,1.0,1.0,1.0,West,"Independent 2027-01-01 snapshot; four events at days 0, 2, 4, 6. Event estimates are not additive."
SC03617,Independent recovery experiment 03617,Four_event_stress,4,1.0,1.0,1.0,1.0,East,"Independent 2027-01-01 snapshot; four events at days 0, 2, 4, 6. Event estimates are not additive."
SC03618,Independent recovery experiment 03618,Four_event_stress,4,1.0,1.0,1.0,1.0,West,"Independent 2027-01-01 snapshot; four events at days 0, 2, 4, 6. Event estimates are not additive."
SC03619,Independent recovery experiment 03619,Four_event_stress,4,1.0,1.0,1.0,1.0,North,"Independent 2027-01-01 snapshot; four events at days 0, 2, 4, 6. Event estimates are not additive."
SC03620,Independent recovery experiment 03620,Four_event_stress,4,1.0,1.0,1.0,1.0,South,"Independent 2027-01-01 snapshot; four events at days 0, 2, 4, 6. Event estimates are not additive."
SC03621,Independent recovery experiment 03621,Four_event_stress,4,1.0,1.0,1.0,1.0,South,"Independent 2027-01-01 snapshot; four events at days 0, 2, 4, 6. Event estimates are not additive."
SC03622,Independent recovery experiment 03622,Four_event_stress,4,1.0,1.0,1.0,1.0,West,"Independent 2027-01-01 snapshot; four events at days 0, 2, 4, 6. Event estimates are not additive."
SC03623,Independent recovery experiment 03623,Four_event_stress,4,1.0,1.0,1.0,1.0,North,"Independent 2027-01-01 snapshot; four events at days 0, 2, 4, 6. Event estimates are not additive."
SC03624,Independent recovery experiment 03624,Four_event_stress,4,1.0,1.0,1.0,1.0,South,"Independent 2027-01-01 snapshot; four events at days 0, 2, 4, 6. Event estimates are not additive."
SC03625,Independent recovery experiment 03625,Four_event_stress,4,1.0,1.0,1.0,1.0,South,"Independent 2027-01-01 snapshot; four events at days 0, 2, 4, 6. Event estimates are not additive."
SC03626,Independent recovery experiment 03626,Four_event_stress,4,1.0,1.0,1.0,1.0,West,"Independent 2027-01-01 snapshot; four events at days 0, 2, 4, 6. Event estimates are not additive."
SC03627,Independent recovery experiment 03627,Four_event_stress,4,1.0,1.0,1.0,1.0,East,"Independent 2027-01-01 snapshot; four events at days 0, 2, 4, 6. Event estimates are not additive."
SC03628,Independent recovery experiment 03628,Four_event_stress,4,1.0,1.0,1.0,1.0,West,"Independent 2027-01-01 snapshot; four events at days 0, 2, 4, 6. Event estimates are not additive."
SC03629,Independent recovery experiment 03629,Four_event_stress,4,1.0,1.0,1.0,1.0,North,"Independent 2027-01-01 snapshot; four events at days 0, 2, 4, 6. Event estimates are not additive."
SC03630,Independent recovery experiment 03630,Four_event_stress,4,1.0,1.0,1.0,1.0,South,"Independent 2027-01-01 snapshot; four events at days 0, 2, 4, 6. Event estimates are not additive."
SC03631,Independent recovery experiment 03631,Four_event_stress,4,1.0,1.0,1.0,1.0,South,"Independent 2027-01-01 snapshot; four events at days 0, 2, 4, 6. Event estimates are not additive."
SC03632,Independent recovery experiment 03632,Four_event_stress,4,1.0,1.0,1.0,1.0,West,"Independent 2027-01-01 snapshot; four events at days 0, 2, 4, 6. Event estimates are not additive."
SC03633,Independent recovery experiment 03633,Four_event_stress,4,1.0,1.0,1.0,1.0,North,"Independent 2027-01-01 snapshot; four events at days 0, 2, 4, 6. Event estimates are not additive."
SC03634,Independent recovery experiment 03634,Four_event_stress,4,1.0,1.0,1.0,1.0,South,"Independent 2027-01-01 snapshot; four events at days 0, 2, 4, 6. Event estimates are not additive."
SC03635,Independent recovery experiment 03635,Four_event_stress,4,1.0,1.0,1.0,1.0,South,"Independent 2027-01-01 snapshot; four events at days 0, 2, 4, 6. Event estimates are not additive."
SC03636,Independent recovery experiment 03636,Four_event_stress,4,1.0,1.0,1.0,1.0,West,"Independent 2027-01-01 snapshot; four events at days 0, 2, 4, 6. Event estimates are not additive."
SC03637,Independent recovery experiment 03637,Four_event_stress,4,1.0,1.0,1.0,1.0,East,"Independent 2027-01-01 snapshot; four events at days 0, 2, 4, 6. Event estimates are not additive."
SC03638,Independent recovery experiment 03638,Four_event_stress,4,1.0,1.0,1.0,1.0,West,"Independent 2027-01-01 snapshot; four events at days 0, 2, 4, 6. Event estimates are not additive."
SC03639,Independent recovery experiment 03639,Four_event_stress,4,1.0,1.0,1.0,1.0,North,"Independent 2027-01-01 snapshot; four events at days 0, 2, 4, 6. Event estimates are not additive."
SC03640,Independent recovery experiment 03640,Four_event_stress,4,1.0,1.0,1.0,1.0,South,"Independent 2027-01-01 snapshot; four events at days 0, 2, 4, 6. Event estimates are not additive."
SC03641,Independent recovery experiment 03641,Four_event_stress,4,1.0,1.0,1.0,1.0,South,"Independent 2027-01-01 snapshot; four events at days 0, 2, 4, 6. Event estimates are not additive."
SC03642,Independent recovery experiment 03642,Four_event_stress,4,1.0,1.0,1.0,1.0,West,"Independent 2027-01-01 snapshot; four events at days 0, 2, 4, 6. Event estimates are not additive."
SC03643,Independent recovery experiment 03643,Four_event_stress,4,1.0,1.0,1.0,1.0,North,"Independent 2027-01-01 snapshot; four events at days 0, 2, 4, 6. Event estimates are not additive."
SC03644,Independent recovery experiment 03644,Four_event_stress,4,1.0,1.0,1.0,1.0,South,"Independent 2027-01-01 snapshot; four events at days 0, 2, 4, 6. Event estimates are not additive."
SC03645,Independent recovery experiment 03645,Four_event_stress,4,1.0,1.0,1.0,1.0,South,"Independent 2027-01-01 snapshot; four events at days 0, 2, 4, 6. Event estimates are not additive."
SC03646,Independent recovery experiment 03646,Four_event_stress,4,1.0,1.0,1.0,1.0,West,"Independent 2027-01-01 snapshot; four events at days 0, 2, 4, 6. Event estimates are not additive."
SC03647,Independent recovery experiment 03647,Four_event_stress,4,1.0,1.0,1.0,1.0,East,"Independent 2027-01-01 snapshot; four events at days 0, 2, 4, 6. Event estimates are not additive."
SC03648,Independent recovery experiment 03648,Four_event_stress,4,1.0,1.0,1.0,1.0,West,"Independent 2027-01-01 snapshot; four events at days 0, 2, 4, 6. Event estimates are not additive."
SC03649,Independent recovery experiment 03649,Four_event_stress,4,1.0,1.0,1.0,1.0,North,"Independent 2027-01-01 snapshot; four events at days 0, 2, 4, 6. Event estimates are not additive."
SC03650,Independent recovery experiment 03650,Four_event_stress,4,1.0,1.0,1.0,1.0,South,"Independent 2027-01-01 snapshot; four events at days 0, 2, 4, 6. Event estimates are not additive."
SC03651,Independent recovery experiment 03651,Four_event_stress,4,1.0,1.0,1.0,1.0,South,"Independent 2027-01-01 snapshot; four events at days 0, 2, 4, 6. Event estimates are not additive."
SC03652,Independent recovery experiment 03652,Four_event_stress,4,1.0,1.0,1.0,1.0,West,"Independent 2027-01-01 snapshot; four events at days 0, 2, 4, 6. Event estimates are not additive."
SC03653,Independent recovery experiment 03653,Four_event_stress,4,1.0,1.0,1.0,1.0,North,"Independent 2027-01-01 snapshot; four events at days 0, 2, 4, 6. Event estimates are not additive."
SC03654,Independent recovery experiment 03654,Four_event_stress,4,1.0,1.0,1.0,1.0,South,"Independent 2027-01-01 snapshot; four events at days 0, 2, 4, 6. Event estimates are not additive."
SC03655,Independent recovery experiment 03655,Four_event_stress,4,1.0,1.0,1.0,1.0,South,"Independent 2027-01-01 snapshot; four events at days 0, 2, 4, 6. Event estimates are not additive."
SC03656,Independent recovery experiment 03656,Four_event_stress,4,1.0,1.0,1.0,1.0,West,"Independent 2027-01-01 snapshot; four events at days 0, 2, 4, 6. Event estimates are not additive."
SC03657,Independent recovery experiment 03657,Four_event_stress,4,1.0,1.0,1.0,1.0,East,"Independent 2027-01-01 snapshot; four events at days 0, 2, 4, 6. Event estimates are not additive."
SC03658,Independent recovery experiment 03658,Four_event_stress,4,1.0,1.0,1.0,1.0,West,"Independent 2027-01-01 snapshot; four events at days 0, 2, 4, 6. Event estimates are not additive."
SC03659,Independent recovery experiment 03659,Four_event_stress,4,1.0,1.0,1.0,1.0,North,"Independent 2027-01-01 snapshot; four events at days 0, 2, 4, 6. Event estimates are not additive."
SC03660,Independent recovery experiment 03660,Four_event_stress,4,1.0,1.0,1.0,1.0,South,"Independent 2027-01-01 snapshot; four events at days 0, 2, 4, 6. Event estimates are not additive."
SC03661,Independent recovery experiment 03661,Four_event_stress,4,1.0,1.0,1.0,1.0,South,"Independent 2027-01-01 snapshot; four events at days 0, 2, 4, 6. Event estimates are not additive."
SC03662,Independent recovery experiment 03662,Four_event_stress,4,1.0,1.0,1.0,1.0,West,"Independent 2027-01-01 snapshot; four events at days 0, 2, 4, 6. Event estimates are not additive."
SC03663,Independent recovery experiment 03663,Four_event_stress,4,1.0,1.0,1.0,1.0,North,"Independent 2027-01-01 snapshot; four events at days 0, 2, 4, 6. Event estimates are not additive."
SC03664,Independent recovery experiment 03664,Four_event_stress,4,1.0,1.0,1.0,1.0,South,"Independent 2027-01-01 snapshot; four events at days 0, 2, 4, 6. Event estimates are not additive."
SC03665,Independent recovery experiment 03665,Four_event_stress,4,1.0,1.0,1.0,1.0,South,"Independent 2027-01-01 snapshot; four events at days 0, 2, 4, 6. Event estimates are not additive."
SC03666,Independent recovery experiment 03666,Four_event_stress,4,1.0,1.0,1.0,1.0,West,"Independent 2027-01-01 snapshot; four events at days 0, 2, 4, 6. Event estimates are not additive."
SC03667,Independent recovery experiment 03667,Four_event_stress,4,1.0,1.0,1.0,1.0,East,"Independent 2027-01-01 snapshot; four events at days 0, 2, 4, 6. Event estimates are not additive."
SC03668,Independent recovery experiment 03668,Four_event_stress,4,1.0,1.0,1.0,1.0,West,"Independent 2027-01-01 snapshot; four events at days 0, 2, 4, 6. Event estimates are not additive."
SC03669,Independent recovery experiment 03669,Four_event_stress,4,1.0,1.0,1.0,1.0,North,"Independent 2027-01-01 snapshot; four events at days 0, 2, 4, 6. Event estimates are not additive."
SC03670,Independent recovery experiment 03670,Four_event_stress,4,1.0,1.0,1.0,1.0,South,"Independent 2027-01-01 snapshot; four events at days 0, 2, 4, 6. Event estimates are not additive."
SC03671,Independent recovery experiment 03671,Four_event_stress,4,1.0,1.0,1.0,1.0,South,"Independent 2027-01-01 snapshot; four events at days 0, 2, 4, 6. Event estimates are not additive."
SC03672,Independent recovery experiment 03672,Four_event_stress,4,1.0,1.0,1.0,1.0,West,"Independent 2027-01-01 snapshot; four events at days 0, 2, 4, 6. Event estimates are not additive."
SC03673,Independent recovery experiment 03673,Four_event_stress,4,1.0,1.0,1.0,1.0,North,"Independent 2027-01-01 snapshot; four events at days 0, 2, 4, 6. Event estimates are not additive."
SC03674,Independent recovery experiment 03674,Four_event_stress,4,1.0,1.0,1.0,1.0,South,"Independent 2027-01-01 snapshot; four events at days 0, 2, 4, 6. Event estimates are not additive."
SC03675,Independent recovery experiment 03675,Four_event_stress,4,1.0,1.0,1.0,1.0,South,"Independent 2027-01-01 snapshot; four events at days 0, 2, 4, 6. Event estimates are not additive."
SC03676,Independent recovery experiment 03676,Four_event_stress,4,1.0,1.0,1.0,1.0,West,"Independent 2027-01-01 snapshot; four events at days 0, 2, 4, 6. Event estimates are not additive."
SC03677,Independent recovery experiment 03677,Four_event_stress,4,1.0,1.0,1.0,1.0,East,"Independent 2027-01-01 snapshot; four events at days 0, 2, 4, 6. Event estimates are not additive."
SC03678,Independent recovery experiment 03678,Four_event_stress,4,1.0,1.0,1.0,1.0,West,"Independent 2027-01-01 snapshot; four events at days 0, 2, 4, 6. Event estimates are not additive."
SC03679,Independent recovery experiment 03679,Four_event_stress,4,1.0,1.0,1.0,1.0,North,"Independent 2027-01-01 snapshot; four events at days 0, 2, 4, 6. Event estimates are not additive."
SC03680,Independent recovery experiment 03680,Four_event_stress,4,1.0,1.0,1.0,1.0,South,"Independent 2027-01-01 snapshot; four events at days 0, 2, 4, 6. Event estimates are not additive."
SC03681,Independent recovery experiment 03681,Four_event_stress,4,1.0,1.0,1.0,1.0,South,"Independent 2027-01-01 snapshot; four events at days 0, 2, 4, 6. Event estimates are not additive."
SC03682,Independent recovery experiment 03682,Four_event_stress,4,1.0,1.0,1.0,1.0,West,"Independent 2027-01-01 snapshot; four events at days 0, 2, 4, 6. Event estimates are not additive."
SC03683,Independent recovery experiment 03683,Four_event_stress,4,1.0,1.0,1.0,1.0,North,"Independent 2027-01-01 snapshot; four events at days 0, 2, 4, 6. Event estimates are not additive."
SC03684,Independent recovery experiment 03684,Four_event_stress,4,1.0,1.0,1.0,1.0,South,"Independent 2027-01-01 snapshot; four events at days 0, 2, 4, 6. Event estimates are not additive."
SC03685,Independent recovery experiment 03685,Four_event_stress,4,1.0,1.0,1.0,1.0,South,"Independent 2027-01-01 snapshot; four events at days 0, 2, 4, 6. Event estimates are not additive."
SC03686,Independent recovery experiment 03686,Four_event_stress,4,1.0,1.0,1.0,1.0,West,"Independent 2027-01-01 snapshot; four events at days 0, 2, 4, 6. Event estimates are not additive."
SC03687,Independent recovery experiment 03687,Four_event_stress,4,1.0,1.0,1.0,1.0,East,"Independent 2027-01-01 snapshot; four events at days 0, 2, 4, 6. Event estimates are not additive."
SC03688,Independent recovery experiment 03688,Four_event_stress,4,1.0,1.0,1.0,1.0,West,"Independent 2027-01-01 snapshot; four events at days 0, 2, 4, 6. Event estimates are not additive."
SC03689,Independent recovery experiment 03689,Four_event_stress,4,1.0,1.0,1.0,1.0,North,"Independent 2027-01-01 snapshot; four events at days 0, 2, 4, 6. Event estimates are not additive."
SC03690,Independent recovery experiment 03690,Four_event_stress,4,1.0,1.0,1.0,1.0,South,"Independent 2027-01-01 snapshot; four events at days 0, 2, 4, 6. Event estimates are not additive."
SC03691,Independent recovery experiment 03691,Four_event_stress,4,1.0,1.0,1.0,1.0,South,"Independent 2027-01-01 snapshot; four events at days 0, 2, 4, 6. Event estimates are not additive."
SC03692,Independent recovery experiment 03692,Four_event_stress,4,1.0,1.0,1.0,1.0,West,"Independent 2027-01-01 snapshot; four events at days 0, 2, 4, 6. Event estimates are not additive."
SC03693,Independent recovery experiment 03693,Four_event_stress,4,1.0,1.0,1.0,1.0,North,"Independent 2027-01-01 snapshot; four events at days 0, 2, 4, 6. Event estimates are not additive."
SC03694,Independent recovery experiment 03694,Four_event_stress,4,1.0,1.0,1.0,1.0,South,"Independent 2027-01-01 snapshot; four events at days 0, 2, 4, 6. Event estimates are not additive."
SC03695,Independent recovery experiment 03695,Four_event_stress,4,1.0,1.0,1.0,1.0,South,"Independent 2027-01-01 snapshot; four events at days 0, 2, 4, 6. Event estimates are not additive."
SC03696,Independent recovery experiment 03696,Four_event_stress,4,1.0,1.0,1.0,1.0,West,"Independent 2027-01-01 snapshot; four events at days 0, 2, 4, 6. Event estimates are not additive."
SC03697,Independent recovery experiment 03697,Four_event_stress,4,1.0,1.0,1.0,1.0,East,"Independent 2027-01-01 snapshot; four events at days 0, 2, 4, 6. Event estimates are not additive."
SC03698,Independent recovery experiment 03698,Four_event_stress,4,1.0,1.0,1.0,1.0,West,"Independent 2027-01-01 snapshot; four events at days 0, 2, 4, 6. Event estimates are not additive."
SC03699,Independent recovery experiment 03699,Four_event_stress,4,1.0,1.0,1.0,1.0,North,"Independent 2027-01-01 snapshot; four events at days 0, 2, 4, 6. Event estimates are not additive."
SC03700,Independent recovery experiment 03700,Four_event_stress,4,1.0,1.0,1.0,1.0,South,"Independent 2027-01-01 snapshot; four events at days 0, 2, 4, 6. Event estimates are not additive."
SC03701,Independent recovery experiment 03701,Four_event_stress,4,1.0,1.0,1.0,1.0,South,"Independent 2027-01-01 snapshot; four events at days 0, 2, 4, 6. Event estimates are not additive."
SC03702,Independent recovery experiment 03702,Four_event_stress,4,1.0,1.0,1.0,1.0,West,"Independent 2027-01-01 snapshot; four events at days 0, 2, 4, 6. Event estimates are not additive."
SC03703,Independent recovery experiment 03703,Four_event_stress,4,1.0,1.0,1.0,1.0,North,"Independent 2027-01-01 snapshot; four events at days 0, 2, 4, 6. Event estimates are not additive."
SC03704,Independent recovery experiment 03704,Four_event_stress,4,1.0,1.0,1.0,1.0,South,"Independent 2027-01-01 snapshot; four events at days 0, 2, 4, 6. Event estimates are not additive."
SC03705,Independent recovery experiment 03705,Four_event_stress,4,1.0,1.0,1.0,1.0,South,"Independent 2027-01-01 snapshot; four events at days 0, 2, 4, 6. Event estimates are not additive."
SC03706,Independent recovery experiment 03706,Four_event_stress,4,1.0,1.0,1.0,1.0,West,"Independent 2027-01-01 snapshot; four events at days 0, 2, 4, 6. Event estimates are not additive."
SC03707,Independent recovery experiment 03707,Four_event_stress,4,1.0,1.0,1.0,1.0,East,"Independent 2027-01-01 snapshot; four events at days 0, 2, 4, 6. Event estimates are not additive."
SC03708,Independent recovery experiment 03708,Four_event_stress,4,1.0,1.0,1.0,1.0,West,"Independent 2027-01-01 snapshot; four events at days 0, 2, 4, 6. Event estimates are not additive."
SC03709,Independent recovery experiment 03709,Four_event_stress,4,1.0,1.0,1.0,1.0,North,"Independent 2027-01-01 snapshot; four events at days 0, 2, 4, 6. Event estimates are not additive."
SC03710,Independent recovery experiment 03710,Four_event_stress,4,1.0,1.0,1.0,1.0,South,"Independent 2027-01-01 snapshot; four events at days 0, 2, 4, 6. Event estimates are not additive."
SC03711,Independent recovery experiment 03711,Four_event_stress,4,1.0,1.0,1.0,1.0,South,"Independent 2027-01-01 snapshot; four events at days 0, 2, 4, 6. Event estimates are not additive."
SC03712,Independent recovery experiment 03712,Four_event_stress,4,1.0,1.0,1.0,1.0,West,"Independent 2027-01-01 snapshot; four events at days 0, 2, 4, 6. Event estimates are not additive."
SC03713,Independent recovery experiment 03713,Four_event_stress,4,1.0,1.0,1.0,1.0,North,"Independent 2027-01-01 snapshot; four events at days 0, 2, 4, 6. Event estimates are not additive."
SC03714,Independent recovery experiment 03714,Four_event_stress,4,1.0,1.0,1.0,1.0,South,"Independent 2027-01-01 snapshot; four events at days 0, 2, 4, 6. Event estimates are not additive."
SC03715,Independent recovery experiment 03715,Four_event_stress,4,1.0,1.0,1.0,1.0,South,"Independent 2027-01-01 snapshot; four events at days 0, 2, 4, 6. Event estimates are not additive."
SC03716,Independent recovery experiment 03716,Four_event_stress,4,1.0,1.0,1.0,1.0,West,"Independent 2027-01-01 snapshot; four events at days 0, 2, 4, 6. Event estimates are not additive."
SC03717,Independent recovery experiment 03717,Four_event_stress,4,1.0,1.0,1.0,1.0,East,"Independent 2027-01-01 snapshot; four events at days 0, 2, 4, 6. Event estimates are not additive."
SC03718,Independent recovery experiment 03718,Four_event_stress,4,1.0,1.0,1.0,1.0,West,"Independent 2027-01-01 snapshot; four events at days 0, 2, 4, 6. Event estimates are not additive."
SC03719,Independent recovery experiment 03719,Four_event_stress,4,1.0,1.0,1.0,1.0,North,"Independent 2027-01-01 snapshot; four events at days 0, 2, 4, 6. Event estimates are not additive."
SC03720,Independent recovery experiment 03720,Four_event_stress,4,1.0,1.0,1.0,1.0,South,"Independent 2027-01-01 snapshot; four events at days 0, 2, 4, 6. Event estimates are not additive."
SC03721,Independent recovery experiment 03721,Four_event_stress,4,1.0,1.0,1.0,1.0,South,"Independent 2027-01-01 snapshot; four events at days 0, 2, 4, 6. Event estimates are not additive."
SC03722,Independent recovery experiment 03722,Four_event_stress,4,1.0,1.0,1.0,1.0,West,"Independent 2027-01-01 snapshot; four events at days 0, 2, 4, 6. Event estimates are not additive."
SC03723,Independent recovery experiment 03723,Four_event_stress,4,1.0,1.0,1.0,1.0,North,"Independent 2027-01-01 snapshot; four events at days 0, 2, 4, 6. Event estimates are not additive."
SC03724,Independent recovery experiment 03724,Four_event_stress,4,1.0,1.0,1.0,1.0,South,"Independent 2027-01-01 snapshot; four events at days 0, 2, 4, 6. Event estimates are not additive."
SC03725,Independent recovery experiment 03725,Four_event_stress,4,1.0,1.0,1.0,1.0,South,"Independent 2027-01-01 snapshot; four events at days 0, 2, 4, 6. Event estimates are not additive."
SC03726,Independent recovery experiment 03726,Four_event_stress,4,1.0,1.0,1.0,1.0,West,"Independent 2027-01-01 snapshot; four events at days 0, 2, 4, 6. Event estimates are not additive."
SC03727,Independent recovery experiment 03727,Four_event_stress,4,1.0,1.0,1.0,1.0,East,"Independent 2027-01-01 snapshot; four events at days 0, 2, 4, 6. Event estimates are not additive."
SC03728,Independent recovery experiment 03728,Four_event_stress,4,1.0,1.0,1.0,1.0,West,"Independent 2027-01-01 snapshot; four events at days 0, 2, 4, 6. Event estimates are not additive."
SC03729,Independent recovery experiment 03729,Four_event_stress,4,1.0,1.0,1.0,1.0,North,"Independent 2027-01-01 snapshot; four events at days 0, 2, 4, 6. Event estimates are not additive."
SC03730,Independent recovery experiment 03730,Four_event_stress,4,1.0,1.0,1.0,1.0,South,"Independent 2027-01-01 snapshot; four events at days 0, 2, 4, 6. Event estimates are not additive."
SC03731,Independent recovery experiment 03731,Four_event_stress,4,1.0,1.0,1.0,1.0,South,"Independent 2027-01-01 snapshot; four events at days 0, 2, 4, 6. Event estimates are not additive."
SC03732,Independent recovery experiment 03732,Four_event_stress,4,1.0,1.0,1.0,1.0,West,"Independent 2027-01-01 snapshot; four events at days 0, 2, 4, 6. Event estimates are not additive."
SC03733,Independent recovery experiment 03733,Four_event_stress,4,1.0,1.0,1.0,1.0,North,"Independent 2027-01-01 snapshot; four events at days 0, 2, 4, 6. Event estimates are not additive."
SC03734,Independent recovery experiment 03734,Four_event_stress,4,1.0,1.0,1.0,1.0,South,"Independent 2027-01-01 snapshot; four events at days 0, 2, 4, 6. Event estimates are not additive."
SC03735,Independent recovery experiment 03735,Four_event_stress,4,1.0,1.0,1.0,1.0,South,"Independent 2027-01-01 snapshot; four events at days 0, 2, 4, 6. Event estimates are not additive."
SC03736,Independent recovery experiment 03736,Four_event_stress,4,1.0,1.0,1.0,1.0,West,"Independent 2027-01-01 snapshot; four events at days 0, 2, 4, 6. Event estimates are not additive."
SC03737,Independent recovery experiment 03737,Four_event_stress,4,1.0,1.0,1.0,1.0,East,"Independent 2027-01-01 snapshot; four events at days 0, 2, 4, 6. Event estimates are not additive."
SC03738,Independent recovery experiment 03738,Four_event_stress,4,1.0,1.0,1.0,1.0,West,"Independent 2027-01-01 snapshot; four events at days 0, 2, 4, 6. Event estimates are not additive."
SC03739,Independent recovery experiment 03739,Four_event_stress,4,1.0,1.0,1.0,1.0,North,"Independent 2027-01-01 snapshot; four events at days 0, 2, 4, 6. Event estimates are not additive."
SC03740,Independent recovery experiment 03740,Four_event_stress,4,1.0,1.0,1.0,1.0,South,"Independent 2027-01-01 snapshot; four events at days 0, 2, 4, 6. Event estimates are not additive."
SC03741,Independent recovery experiment 03741,Four_event_stress,4,1.0,1.0,1.0,1.0,South,"Independent 2027-01-01 snapshot; four events at days 0, 2, 4, 6. Event estimates are not additive."
SC03742,Independent recovery experiment 03742,Four_event_stress,4,1.0,1.0,1.0,1.0,West,"Independent 2027-01-01 snapshot; four events at days 0, 2, 4, 6. Event estimates are not additive."
SC03743,Independent recovery experiment 03743,Four_event_stress,4,1.0,1.0,1.0,1.0,North,"Independent 2027-01-01 snapshot; four events at days 0, 2, 4, 6. Event estimates are not additive."
SC03744,Independent recovery experiment 03744,Four_event_stress,4,1.0,1.0,1.0,1.0,South,"Independent 2027-01-01 snapshot; four events at days 0, 2, 4, 6. Event estimates are not additive."
SC03745,Independent recovery experiment 03745,Four_event_stress,4,1.0,1.0,1.0,1.0,South,"Independent 2027-01-01 snapshot; four events at days 0, 2, 4, 6. Event estimates are not additive."
SC03746,Independent recovery experiment 03746,Four_event_stress,4,1.0,1.0,1.0,1.0,West,"Independent 2027-01-01 snapshot; four events at days 0, 2, 4, 6. Event estimates are not additive."
SC03747,Independent recovery experiment 03747,Four_event_stress,4,1.0,1.0,1.0,1.0,East,"Independent 2027-01-01 snapshot; four events at days 0, 2, 4, 6. Event estimates are not additive."
SC03748,Independent recovery experiment 03748,Four_event_stress,4,1.0,1.0,1.0,1.0,West,"Independent 2027-01-01 snapshot; four events at days 0, 2, 4, 6. Event estimates are not additive."
SC03749,Independent recovery experiment 03749,Four_event_stress,4,1.0,1.0,1.0,1.0,North,"Independent 2027-01-01 snapshot; four events at days 0, 2, 4, 6. Event estimates are not additive."
SC03750,Independent recovery experiment 03750,Four_event_stress,4,1.0,1.0,1.0,1.0,South,"Independent 2027-01-01 snapshot; four events at days 0, 2, 4, 6. Event estimates are not additive."
SC03751,Independent recovery experiment 03751,Four_event_stress,4,1.0,1.0,1.0,1.0,South,"Independent 2027-01-01 snapshot; four events at days 0, 2, 4, 6. Event estimates are not additive."
SC03752,Independent recovery experiment 03752,Four_event_stress,4,1.0,1.0,1.0,1.0,West,"Independent 2027-01-01 snapshot; four events at days 0, 2, 4, 6. Event estimates are not additive."
SC03753,Independent recovery experiment 03753,Four_event_stress,4,1.0,1.0,1.0,1.0,North,"Independent 2027-01-01 snapshot; four events at days 0, 2, 4, 6. Event estimates are not additive."
SC03754,Independent recovery experiment 03754,Four_event_stress,4,1.0,1.0,1.0,1.0,South,"Independent 2027-01-01 snapshot; four events at days 0, 2, 4, 6. Event estimates are not additive."
SC03755,Independent recovery experiment 03755,Four_event_stress,4,1.0,1.0,1.0,1.0,South,"Independent 2027-01-01 snapshot; four events at days 0, 2, 4, 6. Event estimates are not additive."
SC03756,Independent recovery experiment 03756,Four_event_stress,4,1.0,1.0,1.0,1.0,West,"Independent 2027-01-01 snapshot; four events at days 0, 2, 4, 6. Event estimates are not additive."
SC03757,Independent recovery experiment 03757,Four_event_stress,4,1.0,1.0,1.0,1.0,East,"Independent 2027-01-01 snapshot; four events at days 0, 2, 4, 6. Event estimates are not additive."
SC03758,Independent recovery experiment 03758,Four_event_stress,4,1.0,1.0,1.0,1.0,West,"Independent 2027-01-01 snapshot; four events at days 0, 2, 4, 6. Event estimates are not additive."
SC03759,Independent recovery experiment 03759,Four_event_stress,4,1.0,1.0,1.0,1.0,North,"Independent 2027-01-01 snapshot; four events at days 0, 2, 4, 6. Event estimates are not additive."
SC03760,Independent recovery experiment 03760,Four_event_stress,4,1.0,1.0,1.0,1.0,South,"Independent 2027-01-01 snapshot; four events at days 0, 2, 4, 6. Event estimates are not additive."
SC03761,Independent recovery experiment 03761,Four_event_stress,4,1.0,1.0,1.0,1.0,South,"Independent 2027-01-01 snapshot; four events at days 0, 2, 4, 6. Event estimates are not additive."
SC03762,Independent recovery experiment 03762,Four_event_stress,4,1.0,1.0,1.0,1.0,West,"Independent 2027-01-01 snapshot; four events at days 0, 2, 4, 6. Event estimates are not additive."
SC03763,Independent recovery experiment 03763,Four_event_stress,4,1.0,1.0,1.0,1.0,North,"Independent 2027-01-01 snapshot; four events at days 0, 2, 4, 6. Event estimates are not additive."
SC03764,Independent recovery experiment 03764,Four_event_stress,4,1.0,1.0,1.0,1.0,South,"Independent 2027-01-01 snapshot; four events at days 0, 2, 4, 6. Event estimates are not additive."
SC03765,Independent recovery experiment 03765,Four_event_stress,4,1.0,1.0,1.0,1.0,South,"Independent 2027-01-01 snapshot; four events at days 0, 2, 4, 6. Event estimates are not additive."
SC03766,Independent recovery experiment 03766,Four_event_stress,4,1.0,1.0,1.0,1.0,West,"Independent 2027-01-01 snapshot; four events at days 0, 2, 4, 6. Event estimates are not additive."
SC03767,Independent recovery experiment 03767,Four_event_stress,4,1.0,1.0,1.0,1.0,East,"Independent 2027-01-01 snapshot; four events at days 0, 2, 4, 6. Event estimates are not additive."
SC03768,Independent recovery experiment 03768,Four_event_stress,4,1.0,1.0,1.0,1.0,West,"Independent 2027-01-01 snapshot; four events at days 0, 2, 4, 6. Event estimates are not additive."
SC03769,Independent recovery experiment 03769,Four_event_stress,4,1.0,1.0,1.0,1.0,North,"Independent 2027-01-01 snapshot; four events at days 0, 2, 4, 6. Event estimates are not additive."
SC03770,Independent recovery experiment 03770,Four_event_stress,4,1.0,1.0,1.0,1.0,South,"Independent 2027-01-01 snapshot; four events at days 0, 2, 4, 6. Event estimates are not additive."
SC03771,Independent recovery experiment 03771,Four_event_stress,4,1.0,1.0,1.0,1.0,South,"Independent 2027-01-01 snapshot; four events at days 0, 2, 4, 6. Event estimates are not additive."
SC03772,Independent recovery experiment 03772,Four_event_stress,4,1.0,1.0,1.0,1.0,West,"Independent 2027-01-01 snapshot; four events at days 0, 2, 4, 6. Event estimates are not additive."
SC03773,Independent recovery experiment 03773,Four_event_stress,4,1.0,1.0,1.0,1.0,North,"Independent 2027-01-01 snapshot; four events at days 0, 2, 4, 6. Event estimates are not additive."
SC03774,Independent recovery experiment 03774,Four_event_stress,4,1.0,1.0,1.0,1.0,South,"Independent 2027-01-01 snapshot; four events at days 0, 2, 4, 6. Event estimates are not additive."
SC03775,Independent recovery experiment 03775,Four_event_stress,4,1.0,1.0,1.0,1.0,South,"Independent 2027-01-01 snapshot; four events at days 0, 2, 4, 6. Event estimates are not additive."
SC03776,Independent recovery experiment 03776,Four_event_stress,4,1.0,1.0,1.0,1.0,West,"Independent 2027-01-01 snapshot; four events at days 0, 2, 4, 6. Event estimates are not additive."
SC03777,Independent recovery experiment 03777,Four_event_stress,4,1.0,1.0,1.0,1.0,East,"Independent 2027-01-01 snapshot; four events at days 0, 2, 4, 6. Event estimates are not additive."
SC03778,Independent recovery experiment 03778,Four_event_stress,4,1.0,1.0,1.0,1.0,West,"Independent 2027-01-01 snapshot; four events at days 0, 2, 4, 6. Event estimates are not additive."
SC03779,Independent recovery experiment 03779,Four_event_stress,4,1.0,1.0,1.0,1.0,North,"Independent 2027-01-01 snapshot; four events at days 0, 2, 4, 6. Event estimates are not additive."
SC03780,Independent recovery experiment 03780,Four_event_stress,4,1.0,1.0,1.0,1.0,South,"Independent 2027-01-01 snapshot; four events at days 0, 2, 4, 6. Event estimates are not additive."
SC03781,Independent recovery experiment 03781,Four_event_stress,4,1.0,1.0,1.0,1.0,South,"Independent 2027-01-01 snapshot; four events at days 0, 2, 4, 6. Event estimates are not additive."
SC03782,Independent recovery experiment 03782,Four_event_stress,4,1.0,1.0,1.0,1.0,West,"Independent 2027-01-01 snapshot; four events at days 0, 2, 4, 6. Event estimates are not additive."
SC03783,Independent recovery experiment 03783,Four_event_stress,4,1.0,1.0,1.0,1.0,North,"Independent 2027-01-01 snapshot; four events at days 0, 2, 4, 6. Event estimates are not additive."
SC03784,Independent recovery experiment 03784,Four_event_stress,4,1.0,1.0,1.0,1.0,South,"Independent 2027-01-01 snapshot; four events at days 0, 2, 4, 6. Event estimates are not additive."
SC03785,Independent recovery experiment 03785,Four_event_stress,4,1.0,1.0,1.0,1.0,South,"Independent 2027-01-01 snapshot; four events at days 0, 2, 4, 6. Event estimates are not additive."
SC03786,Independent recovery experiment 03786,Four_event_stress,4,1.0,1.0,1.0,1.0,West,"Independent 2027-01-01 snapshot; four events at days 0, 2, 4, 6. Event estimates are not additive."
SC03787,Independent recovery experiment 03787,Four_event_stress,4,1.0,1.0,1.0,1.0,East,"Independent 2027-01-01 snapshot; four events at days 0, 2, 4, 6. Event estimates are not additive."
SC03788,Independent recovery experiment 03788,Four_event_stress,4,1.0,1.0,1.0,1.0,West,"Independent 2027-01-01 snapshot; four events at days 0, 2, 4, 6. Event estimates are not additive."
SC03789,Independent recovery experiment 03789,Four_event_stress,4,1.0,1.0,1.0,1.0,North,"Independent 2027-01-01 snapshot; four events at days 0, 2, 4, 6. Event estimates are not additive."
SC03790,Independent recovery experiment 03790,Four_event_stress,4,1.0,1.0,1.0,1.0,South,"Independent 2027-01-01 snapshot; four events at days 0, 2, 4, 6. Event estimates are not additive."
SC03791,Independent recovery experiment 03791,Four_event_stress,4,1.0,1.0,1.0,1.0,South,"Independent 2027-01-01 snapshot; four events at days 0, 2, 4, 6. Event estimates are not additive."
SC03792,Independent recovery experiment 03792,Four_event_stress,4,1.0,1.0,1.0,1.0,West,"Independent 2027-01-01 snapshot; four events at days 0, 2, 4, 6. Event estimates are not additive."
SC03793,Independent recovery experiment 03793,Four_event_stress,4,1.0,1.0,1.0,1.0,North,"Independent 2027-01-01 snapshot; four events at days 0, 2, 4, 6. Event estimates are not additive."
SC03794,Independent recovery experiment 03794,Four_event_stress,4,1.0,1.0,1.0,1.0,South,"Independent 2027-01-01 snapshot; four events at days 0, 2, 4, 6. Event estimates are not additive."
SC03795,Independent recovery experiment 03795,Four_event_stress,4,1.0,1.0,1.0,1.0,South,"Independent 2027-01-01 snapshot; four events at days 0, 2, 4, 6. Event estimates are not additive."
SC03796,Independent recovery experiment 03796,Four_event_stress,4,1.0,1.0,1.0,1.0,West,"Independent 2027-01-01 snapshot; four events at days 0, 2, 4, 6. Event estimates are not additive."
SC03797,Independent recovery experiment 03797,Four_event_stress,4,1.0,1.0,1.0,1.0,East,"Independent 2027-01-01 snapshot; four events at days 0, 2, 4, 6. Event estimates are not additive."
SC03798,Independent recovery experiment 03798,Four_event_stress,4,1.0,1.0,1.0,1.0,West,"Independent 2027-01-01 snapshot; four events at days 0, 2, 4, 6. Event estimates are not additive."
SC03799,Independent recovery experiment 03799,Four_event_stress,4,1.0,1.0,1.0,1.0,North,"Independent 2027-01-01 snapshot; four events at days 0, 2, 4, 6. Event estimates are not additive."
SC03800,Independent recovery experiment 03800,Four_event_stress,4,1.0,1.0,1.0,1.0,South,"Independent 2027-01-01 snapshot; four events at days 0, 2, 4, 6. Event estimates are not additive."
SC03801,Independent recovery experiment 03801,Four_event_stress,4,1.0,1.0,1.0,1.0,South,"Independent 2027-01-01 snapshot; four events at days 0, 2, 4, 6. Event estimates are not additive."
SC03802,Independent recovery experiment 03802,Four_event_stress,4,1.0,1.0,1.0,1.0,West,"Independent 2027-01-01 snapshot; four events at days 0, 2, 4, 6. Event estimates are not additive."
SC03803,Independent recovery experiment 03803,Four_event_stress,4,1.0,1.0,1.0,1.0,North,"Independent 2027-01-01 snapshot; four events at days 0, 2, 4, 6. Event estimates are not additive."
SC03804,Independent recovery experiment 03804,Four_event_stress,4,1.0,1.0,1.0,1.0,South,"Independent 2027-01-01 snapshot; four events at days 0, 2, 4, 6. Event estimates are not additive."
SC03805,Independent recovery experiment 03805,Four_event_stress,4,1.0,1.0,1.0,1.0,South,"Independent 2027-01-01 snapshot; four events at days 0, 2, 4, 6. Event estimates are not additive."
SC03806,Independent recovery experiment 03806,Four_event_stress,4,1.0,1.0,1.0,1.0,West,"Independent 2027-01-01 snapshot; four events at days 0, 2, 4, 6. Event estimates are not additive."
SC03807,Independent recovery experiment 03807,Four_event_stress,4,1.0,1.0,1.0,1.0,East,"Independent 2027-01-01 snapshot; four events at days 0, 2, 4, 6. Event estimates are not additive."
SC03808,Independent recovery experiment 03808,Four_event_stress,4,1.0,1.0,1.0,1.0,West,"Independent 2027-01-01 snapshot; four events at days 0, 2, 4, 6. Event estimates are not additive."
SC03809,Independent recovery experiment 03809,Four_event_stress,4,1.0,1.0,1.0,1.0,North,"Independent 2027-01-01 snapshot; four events at days 0, 2, 4, 6. Event estimates are not additive."
SC03810,Independent recovery experiment 03810,Four_event_stress,4,1.0,1.0,1.0,1.0,South,"Independent 2027-01-01 snapshot; four events at days 0, 2, 4, 6. Event estimates are not additive."
SC03811,Independent recovery experiment 03811,Four_event_stress,4,1.0,1.0,1.0,1.0,South,"Independent 2027-01-01 snapshot; four events at days 0, 2, 4, 6. Event estimates are not additive."
SC03812,Independent recovery experiment 03812,Four_event_stress,4,1.0,1.0,1.0,1.0,West,"Independent 2027-01-01 snapshot; four events at days 0, 2, 4, 6. Event estimates are not additive."
SC03813,Independent recovery experiment 03813,Four_event_stress,4,1.0,1.0,1.0,1.0,North,"Independent 2027-01-01 snapshot; four events at days 0, 2, 4, 6. Event estimates are not additive."
SC03814,Independent recovery experiment 03814,Four_event_stress,4,1.0,1.0,1.0,1.0,South,"Independent 2027-01-01 snapshot; four events at days 0, 2, 4, 6. Event estimates are not additive."
SC03815,Independent recovery experiment 03815,Four_event_stress,4,1.0,1.0,1.0,1.0,South,"Independent 2027-01-01 snapshot; four events at days 0, 2, 4, 6. Event estimates are not additive."
SC03816,Independent recovery experiment 03816,Four_event_stress,4,1.0,1.0,1.0,1.0,West,"Independent 2027-01-01 snapshot; four events at days 0, 2, 4, 6. Event estimates are not additive."
SC03817,Independent recovery experiment 03817,Four_event_stress,4,1.0,1.0,1.0,1.0,East,"Independent 2027-01-01 snapshot; four events at days 0, 2, 4, 6. Event estimates are not additive."
SC03818,Independent recovery experiment 03818,Four_event_stress,4,1.0,1.0,1.0,1.0,West,"Independent 2027-01-01 snapshot; four events at days 0, 2, 4, 6. Event estimates are not additive."
SC03819,Independent recovery experiment 03819,Four_event_stress,4,1.0,1.0,1.0,1.0,North,"Independent 2027-01-01 snapshot; four events at days 0, 2, 4, 6. Event estimates are not additive."
SC03820,Independent recovery experiment 03820,Four_event_stress,4,1.0,1.0,1.0,1.0,South,"Independent 2027-01-01 snapshot; four events at days 0, 2, 4, 6. Event estimates are not additive."
SC03821,Independent recovery experiment 03821,Four_event_stress,4,1.0,1.0,1.0,1.0,South,"Independent 2027-01-01 snapshot; four events at days 0, 2, 4, 6. Event estimates are not additive."
SC03822,Independent recovery experiment 03822,Four_event_stress,4,1.0,1.0,1.0,1.0,West,"Independent 2027-01-01 snapshot; four events at days 0, 2, 4, 6. Event estimates are not additive."
SC03823,Independent recovery experiment 03823,Four_event_stress,4,1.0,1.0,1.0,1.0,North,"Independent 2027-01-01 snapshot; four events at days 0, 2, 4, 6. Event estimates are not additive."
SC03824,Independent recovery experiment 03824,Four_event_stress,4,1.0,1.0,1.0,1.0,South,"Independent 2027-01-01 snapshot; four events at days 0, 2, 4, 6. Event estimates are not additive."
SC03825,Independent recovery experiment 03825,Four_event_stress,4,1.0,1.0,1.0,1.0,South,"Independent 2027-01-01 snapshot; four events at days 0, 2, 4, 6. Event estimates are not additive."
SC03826,Independent recovery experiment 03826,Four_event_stress,4,1.0,1.0,1.0,1.0,West,"Independent 2027-01-01 snapshot; four events at days 0, 2, 4, 6. Event estimates are not additive."
SC03827,Independent recovery experiment 03827,Four_event_stress,4,1.0,1.0,1.0,1.0,East,"Independent 2027-01-01 snapshot; four events at days 0, 2, 4, 6. Event estimates are not additive."
SC03828,Independent recovery experiment 03828,Four_event_stress,4,1.0,1.0,1.0,1.0,West,"Independent 2027-01-01 snapshot; four events at days 0, 2, 4, 6. Event estimates are not additive."
SC03829,Independent recovery experiment 03829,Four_event_stress,4,1.0,1.0,1.0,1.0,North,"Independent 2027-01-01 snapshot; four events at days 0, 2, 4, 6. Event estimates are not additive."
SC03830,Independent recovery experiment 03830,Four_event_stress,4,1.0,1.0,1.0,1.0,South,"Independent 2027-01-01 snapshot; four events at days 0, 2, 4, 6. Event estimates are not additive."
SC03831,Independent recovery experiment 03831,Four_event_stress,4,1.0,1.0,1.0,1.0,South,"Independent 2027-01-01 snapshot; four events at days 0, 2, 4, 6. Event estimates are not additive."
SC03832,Independent recovery experiment 03832,Four_event_stress,4,1.0,1.0,1.0,1.0,West,"Independent 2027-01-01 snapshot; four events at days 0, 2, 4, 6. Event estimates are not additive."
SC03833,Independent recovery experiment 03833,Four_event_stress,4,1.0,1.0,1.0,1.0,North,"Independent 2027-01-01 snapshot; four events at days 0, 2, 4, 6. Event estimates are not additive."
SC03834,Independent recovery experiment 03834,Four_event_stress,4,1.0,1.0,1.0,1.0,South,"Independent 2027-01-01 snapshot; four events at days 0, 2, 4, 6. Event estimates are not additive."
SC03835,Independent recovery experiment 03835,Four_event_stress,4,1.0,1.0,1.0,1.0,South,"Independent 2027-01-01 snapshot; four events at days 0, 2, 4, 6. Event estimates are not additive."
SC03836,Independent recovery experiment 03836,Four_event_stress,4,1.0,1.0,1.0,1.0,West,"Independent 2027-01-01 snapshot; four events at days 0, 2, 4, 6. Event estimates are not additive."
SC03837,Independent recovery experiment 03837,Four_event_stress,4,1.0,1.0,1.0,1.0,East,"Independent 2027-01-01 snapshot; four events at days 0, 2, 4, 6. Event estimates are not additive."
SC03838,Independent recovery experiment 03838,Four_event_stress,4,1.0,1.0,1.0,1.0,West,"Independent 2027-01-01 snapshot; four events at days 0, 2, 4, 6. Event estimates are not additive."
SC03839,Independent recovery experiment 03839,Four_event_stress,4,1.0,1.0,1.0,1.0,North,"Independent 2027-01-01 snapshot; four events at days 0, 2, 4, 6. Event estimates are not additive."
SC03840,Independent recovery experiment 03840,Four_event_stress,4,1.0,1.0,1.0,1.0,South,"Independent 2027-01-01 snapshot; four events at days 0, 2, 4, 6. Event estimates are not additive."
SC03841,Independent recovery experiment 03841,Four_event_stress,4,1.0,1.0,1.0,1.0,South,"Independent 2027-01-01 snapshot; four events at days 0, 2, 4, 6. Event estimates are not additive."
SC03842,Independent recovery experiment 03842,Four_event_stress,4,1.0,1.0,1.0,1.0,West,"Independent 2027-01-01 snapshot; four events at days 0, 2, 4, 6. Event estimates are not additive."
SC03843,Independent recovery experiment 03843,Four_event_stress,4,1.0,1.0,1.0,1.0,North,"Independent 2027-01-01 snapshot; four events at days 0, 2, 4, 6. Event estimates are not additive."
SC03844,Independent recovery experiment 03844,Four_event_stress,4,1.0,1.0,1.0,1.0,South,"Independent 2027-01-01 snapshot; four events at days 0, 2, 4, 6. Event estimates are not additive."
SC03845,Independent recovery experiment 03845,Four_event_stress,4,1.0,1.0,1.0,1.0,South,"Independent 2027-01-01 snapshot; four events at days 0, 2, 4, 6. Event estimates are not additive."
SC03846,Independent recovery experiment 03846,Four_event_stress,4,1.0,1.0,1.0,1.0,West,"Independent 2027-01-01 snapshot; four events at days 0, 2, 4, 6. Event estimates are not additive."
SC03847,Independent recovery experiment 03847,Four_event_stress,4,1.0,1.0,1.0,1.0,East,"Independent 2027-01-01 snapshot; four events at days 0, 2, 4, 6. Event estimates are not additive."
SC03848,Independent recovery experiment 03848,Four_event_stress,4,1.0,1.0,1.0,1.0,West,"Independent 2027-01-01 snapshot; four events at days 0, 2, 4, 6. Event estimates are not additive."
SC03849,Independent recovery experiment 03849,Four_event_stress,4,1.0,1.0,1.0,1.0,North,"Independent 2027-01-01 snapshot; four events at days 0, 2, 4, 6. Event estimates are not additive."
SC03850,Independent recovery experiment 03850,Four_event_stress,4,1.0,1.0,1.0,1.0,South,"Independent 2027-01-01 snapshot; four events at days 0, 2, 4, 6. Event estimates are not additive."
SC03851,Independent recovery experiment 03851,Four_event_stress,4,1.0,1.0,1.0,1.0,South,"Independent 2027-01-01 snapshot; four events at days 0, 2, 4, 6. Event estimates are not additive."
SC03852,Independent recovery experiment 03852,Four_event_stress,4,1.0,1.0,1.0,1.0,West,"Independent 2027-01-01 snapshot; four events at days 0, 2, 4, 6. Event estimates are not additive."
SC03853,Independent recovery experiment 03853,Four_event_stress,4,1.0,1.0,1.0,1.0,North,"Independent 2027-01-01 snapshot; four events at days 0, 2, 4, 6. Event estimates are not additive."
SC03854,Independent recovery experiment 03854,Four_event_stress,4,1.0,1.0,1.0,1.0,South,"Independent 2027-01-01 snapshot; four events at days 0, 2, 4, 6. Event estimates are not additive."
SC03855,Independent recovery experiment 03855,Four_event_stress,4,1.0,1.0,1.0,1.0,South,"Independent 2027-01-01 snapshot; four events at days 0, 2, 4, 6. Event estimates are not additive."
SC03856,Independent recovery experiment 03856,Four_event_stress,4,1.0,1.0,1.0,1.0,West,"Independent 2027-01-01 snapshot; four events at days 0, 2, 4, 6. Event estimates are not additive."
SC03857,Independent recovery experiment 03857,Four_event_stress,4,1.0,1.0,1.0,1.0,East,"Independent 2027-01-01 snapshot; four events at days 0, 2, 4, 6. Event estimates are not additive."
SC03858,Independent recovery experiment 03858,Four_event_stress,4,1.0,1.0,1.0,1.0,West,"Independent 2027-01-01 snapshot; four events at days 0, 2, 4, 6. Event estimates are not additive."
SC03859,Independent recovery experiment 03859,Four_event_stress,4,1.0,1.0,1.0,1.0,North,"Independent 2027-01-01 snapshot; four events at days 0, 2, 4, 6. Event estimates are not additive."
SC03860,Independent recovery experiment 03860,Four_event_stress,4,1.0,1.0,1.0,1.0,South,"Independent 2027-01-01 snapshot; four events at days 0, 2, 4, 6. Event estimates are not additive."
SC03861,Independent recovery experiment 03861,Four_event_stress,4,1.0,1.0,1.0,1.0,South,"Independent 2027-01-01 snapshot; four events at days 0, 2, 4, 6. Event estimates are not additive."
SC03862,Independent recovery experiment 03862,Four_event_stress,4,1.0,1.0,1.0,1.0,West,"Independent 2027-01-01 snapshot; four events at days 0, 2, 4, 6. Event estimates are not additive."
SC03863,Independent recovery experiment 03863,Four_event_stress,4,1.0,1.0,1.0,1.0,North,"Independent 2027-01-01 snapshot; four events at days 0, 2, 4, 6. Event estimates are not additive."
SC03864,Independent recovery experiment 03864,Four_event_stress,4,1.0,1.0,1.0,1.0,South,"Independent 2027-01-01 snapshot; four events at days 0, 2, 4, 6. Event estimates are not additive."
SC03865,Independent recovery experiment 03865,Four_event_stress,4,1.0,1.0,1.0,1.0,South,"Independent 2027-01-01 snapshot; four events at days 0, 2, 4, 6. Event estimates are not additive."
SC03866,Independent recovery experiment 03866,Four_event_stress,4,1.0,1.0,1.0,1.0,West,"Independent 2027-01-01 snapshot; four events at days 0, 2, 4, 6. Event estimates are not additive."
SC03867,Independent recovery experiment 03867,Four_event_stress,4,1.0,1.0,1.0,1.0,East,"Independent 2027-01-01 snapshot; four events at days 0, 2, 4, 6. Event estimates are not additive."
SC03868,Independent recovery experiment 03868,Four_event_stress,4,1.0,1.0,1.0,1.0,West,"Independent 2027-01-01 snapshot; four events at days 0, 2, 4, 6. Event estimates are not additive."
SC03869,Independent recovery experiment 03869,Four_event_stress,4,1.0,1.0,1.0,1.0,North,"Independent 2027-01-01 snapshot; four events at days 0, 2, 4, 6. Event estimates are not additive."
SC03870,Independent recovery experiment 03870,Four_event_stress,4,1.0,1.0,1.0,1.0,South,"Independent 2027-01-01 snapshot; four events at days 0, 2, 4, 6. Event estimates are not additive."
SC03871,Independent recovery experiment 03871,Four_event_stress,4,1.0,1.0,1.0,1.0,South,"Independent 2027-01-01 snapshot; four events at days 0, 2, 4, 6. Event estimates are not additive."
SC03872,Independent recovery experiment 03872,Four_event_stress,4,1.0,1.0,1.0,1.0,West,"Independent 2027-01-01 snapshot; four events at days 0, 2, 4, 6. Event estimates are not additive."
SC03873,Independent recovery experiment 03873,Four_event_stress,4,1.0,1.0,1.0,1.0,North,"Independent 2027-01-01 snapshot; four events at days 0, 2, 4, 6. Event estimates are not additive."
SC03874,Independent recovery experiment 03874,Four_event_stress,4,1.0,1.0,1.0,1.0,South,"Independent 2027-01-01 snapshot; four events at days 0, 2, 4, 6. Event estimates are not additive."
SC03875,Independent recovery experiment 03875,Four_event_stress,4,1.0,1.0,1.0,1.0,South,"Independent 2027-01-01 snapshot; four events at days 0, 2, 4, 6. Event estimates are not additive."
SC03876,Independent recovery experiment 03876,Four_event_stress,4,1.0,1.0,1.0,1.0,West,"Independent 2027-01-01 snapshot; four events at days 0, 2, 4, 6. Event estimates are not additive."
SC03877,Independent recovery experiment 03877,Four_event_stress,4,1.0,1.0,1.0,1.0,East,"Independent 2027-01-01 snapshot; four events at days 0, 2, 4, 6. Event estimates are not additive."
SC03878,Independent recovery experiment 03878,Four_event_stress,4,1.0,1.0,1.0,1.0,West,"Independent 2027-01-01 snapshot; four events at days 0, 2, 4, 6. Event estimates are not additive."
SC03879,Independent recovery experiment 03879,Four_event_stress,4,1.0,1.0,1.0,1.0,North,"Independent 2027-01-01 snapshot; four events at days 0, 2, 4, 6. Event estimates are not additive."
SC03880,Independent recovery experiment 03880,Four_event_stress,4,1.0,1.0,1.0,1.0,South,"Independent 2027-01-01 snapshot; four events at days 0, 2, 4, 6. Event estimates are not additive."
SC03881,Independent recovery experiment 03881,Four_event_stress,4,1.0,1.0,1.0,1.0,South,"Independent 2027-01-01 snapshot; four events at days 0, 2, 4, 6. Event estimates are not additive."
SC03882,Independent recovery experiment 03882,Four_event_stress,4,1.0,1.0,1.0,1.0,West,"Independent 2027-01-01 snapshot; four events at days 0, 2, 4, 6. Event estimates are not additive."
SC03883,Independent recovery experiment 03883,Four_event_stress,4,1.0,1.0,1.0,1.0,North,"Independent 2027-01-01 snapshot; four events at days 0, 2, 4, 6. Event estimates are not additive."
SC03884,Independent recovery experiment 03884,Four_event_stress,4,1.0,1.0,1.0,1.0,South,"Independent 2027-01-01 snapshot; four events at days 0, 2, 4, 6. Event estimates are not additive."
SC03885,Independent recovery experiment 03885,Four_event_stress,4,1.0,1.0,1.0,1.0,South,"Independent 2027-01-01 snapshot; four events at days 0, 2, 4, 6. Event estimates are not additive."
SC03886,Independent recovery experiment 03886,Four_event_stress,4,1.0,1.0,1.0,1.0,West,"Independent 2027-01-01 snapshot; four events at days 0, 2, 4, 6. Event estimates are not additive."
SC03887,Independent recovery experiment 03887,Four_event_stress,4,1.0,1.0,1.0,1.0,East,"Independent 2027-01-01 snapshot; four events at days 0, 2, 4, 6. Event estimates are not additive."
SC03888,Independent recovery experiment 03888,Four_event_stress,4,1.0,1.0,1.0,1.0,West,"Independent 2027-01-01 snapshot; four events at days 0, 2, 4, 6. Event estimates are not additive."
SC03889,Independent recovery experiment 03889,Four_event_stress,4,1.0,1.0,1.0,1.0,North,"Independent 2027-01-01 snapshot; four events at days 0, 2, 4, 6. Event estimates are not additive."
SC03890,Independent recovery experiment 03890,Four_event_stress,4,1.0,1.0,1.0,1.0,South,"Independent 2027-01-01 snapshot; four events at days 0, 2, 4, 6. Event estimates are not additive."
SC03891,Independent recovery experiment 03891,Four_event_stress,4,1.0,1.0,1.0,1.0,South,"Independent 2027-01-01 snapshot; four events at days 0, 2, 4, 6. Event estimates are not additive."
SC03892,Independent recovery experiment 03892,Four_event_stress,4,1.0,1.0,1.0,1.0,West,"Independent 2027-01-01 snapshot; four events at days 0, 2, 4, 6. Event estimates are not additive."
SC03893,Independent recovery experiment 03893,Four_event_stress,4,1.0,1.0,1.0,1.0,North,"Independent 2027-01-01 snapshot; four events at days 0, 2, 4, 6. Event estimates are not additive."
SC03894,Independent recovery experiment 03894,Four_event_stress,4,1.0,1.0,1.0,1.0,South,"Independent 2027-01-01 snapshot; four events at days 0, 2, 4, 6. Event estimates are not additive."
SC03895,Independent recovery experiment 03895,Four_event_stress,4,1.0,1.0,1.0,1.0,South,"Independent 2027-01-01 snapshot; four events at days 0, 2, 4, 6. Event estimates are not additive."
SC03896,Independent recovery experiment 03896,Four_event_stress,4,1.0,1.0,1.0,1.0,West,"Independent 2027-01-01 snapshot; four events at days 0, 2, 4, 6. Event estimates are not additive."
SC03897,Independent recovery experiment 03897,Four_event_stress,4,1.0,1.0,1.0,1.0,East,"Independent 2027-01-01 snapshot; four events at days 0, 2, 4, 6. Event estimates are not additive."
SC03898,Independent recovery experiment 03898,Four_event_stress,4,1.0,1.0,1.0,1.0,West,"Independent 2027-01-01 snapshot; four events at days 0, 2, 4, 6. Event estimates are not additive."
SC03899,Independent recovery experiment 03899,Four_event_stress,4,1.0,1.0,1.0,1.0,North,"Independent 2027-01-01 snapshot; four events at days 0, 2, 4, 6. Event estimates are not additive."
SC03900,Independent recovery experiment 03900,Four_event_stress,4,1.0,1.0,1.0,1.0,South,"Independent 2027-01-01 snapshot; four events at days 0, 2, 4, 6. Event estimates are not additive."
SC03901,Independent recovery experiment 03901,Four_event_stress,4,1.0,1.0,1.0,1.0,South,"Independent 2027-01-01 snapshot; four events at days 0, 2, 4, 6. Event estimates are not additive."
SC03902,Independent recovery experiment 03902,Four_event_stress,4,1.0,1.0,1.0,1.0,West,"Independent 2027-01-01 snapshot; four events at days 0, 2, 4, 6. Event estimates are not additive."
SC03903,Independent recovery experiment 03903,Four_event_stress,4,1.0,1.0,1.0,1.0,North,"Independent 2027-01-01 snapshot; four events at days 0, 2, 4, 6. Event estimates are not additive."
SC03904,Independent recovery experiment 03904,Four_event_stress,4,1.0,1.0,1.0,1.0,South,"Independent 2027-01-01 snapshot; four events at days 0, 2, 4, 6. Event estimates are not additive."
SC03905,Independent recovery experiment 03905,Four_event_stress,4,1.0,1.0,1.0,1.0,South,"Independent 2027-01-01 snapshot; four events at days 0, 2, 4, 6. Event estimates are not additive."
SC03906,Independent recovery experiment 03906,Four_event_stress,4,1.0,1.0,1.0,1.0,West,"Independent 2027-01-01 snapshot; four events at days 0, 2, 4, 6. Event estimates are not additive."
SC03907,Independent recovery experiment 03907,Four_event_stress,4,1.0,1.0,1.0,1.0,East,"Independent 2027-01-01 snapshot; four events at days 0, 2, 4, 6. Event estimates are not additive."
SC03908,Independent recovery experiment 03908,Four_event_stress,4,1.0,1.0,1.0,1.0,West,"Independent 2027-01-01 snapshot; four events at days 0, 2, 4, 6. Event estimates are not additive."
SC03909,Independent recovery experiment 03909,Four_event_stress,4,1.0,1.0,1.0,1.0,North,"Independent 2027-01-01 snapshot; four events at days 0, 2, 4, 6. Event estimates are not additive."
SC03910,Independent recovery experiment 03910,Four_event_stress,4,1.0,1.0,1.0,1.0,South,"Independent 2027-01-01 snapshot; four events at days 0, 2, 4, 6. Event estimates are not additive."
SC03911,Independent recovery experiment 03911,Four_event_stress,4,1.0,1.0,1.0,1.0,South,"Independent 2027-01-01 snapshot; four events at days 0, 2, 4, 6. Event estimates are not additive."
SC03912,Independent recovery experiment 03912,Four_event_stress,4,1.0,1.0,1.0,1.0,West,"Independent 2027-01-01 snapshot; four events at days 0, 2, 4, 6. Event estimates are not additive."
SC03913,Independent recovery experiment 03913,Four_event_stress,4,1.0,1.0,1.0,1.0,North,"Independent 2027-01-01 snapshot; four events at days 0, 2, 4, 6. Event estimates are not additive."
SC03914,Independent recovery experiment 03914,Four_event_stress,4,1.0,1.0,1.0,1.0,South,"Independent 2027-01-01 snapshot; four events at days 0, 2, 4, 6. Event estimates are not additive."
SC03915,Independent recovery experiment 03915,Four_event_stress,4,1.0,1.0,1.0,1.0,South,"Independent 2027-01-01 snapshot; four events at days 0, 2, 4, 6. Event estimates are not additive."
SC03916,Independent recovery experiment 03916,Four_event_stress,4,1.0,1.0,1.0,1.0,West,"Independent 2027-01-01 snapshot; four events at days 0, 2, 4, 6. Event estimates are not additive."
SC03917,Independent recovery experiment 03917,Four_event_stress,4,1.0,1.0,1.0,1.0,East,"Independent 2027-01-01 snapshot; four events at days 0, 2, 4, 6. Event estimates are not additive."
SC03918,Independent recovery experiment 03918,Four_event_stress,4,1.0,1.0,1.0,1.0,West,"Independent 2027-01-01 snapshot; four events at days 0, 2, 4, 6. Event estimates are not additive."
SC03919,Independent recovery experiment 03919,Four_event_stress,4,1.0,1.0,1.0,1.0,North,"Independent 2027-01-01 snapshot; four events at days 0, 2, 4, 6. Event estimates are not additive."
SC03920,Independent recovery experiment 03920,Four_event_stress,4,1.0,1.0,1.0,1.0,South,"Independent 2027-01-01 snapshot; four events at days 0, 2, 4, 6. Event estimates are not additive."
SC03921,Independent recovery experiment 03921,Four_event_stress,4,1.0,1.0,1.0,1.0,South,"Independent 2027-01-01 snapshot; four events at days 0, 2, 4, 6. Event estimates are not additive."
SC03922,Independent recovery experiment 03922,Four_event_stress,4,1.0,1.0,1.0,1.0,West,"Independent 2027-01-01 snapshot; four events at days 0, 2, 4, 6. Event estimates are not additive."
SC03923,Independent recovery experiment 03923,Four_event_stress,4,1.0,1.0,1.0,1.0,North,"Independent 2027-01-01 snapshot; four events at days 0, 2, 4, 6. Event estimates are not additive."
SC03924,Independent recovery experiment 03924,Four_event_stress,4,1.0,1.0,1.0,1.0,South,"Independent 2027-01-01 snapshot; four events at days 0, 2, 4, 6. Event estimates are not additive."
SC03925,Independent recovery experiment 03925,Four_event_stress,4,1.0,1.0,1.0,1.0,South,"Independent 2027-01-01 snapshot; four events at days 0, 2, 4, 6. Event estimates are not additive."
SC03926,Independent recovery experiment 03926,Four_event_stress,4,1.0,1.0,1.0,1.0,West,"Independent 2027-01-01 snapshot; four events at days 0, 2, 4, 6. Event estimates are not additive."
SC03927,Independent recovery experiment 03927,Four_event_stress,4,1.0,1.0,1.0,1.0,East,"Independent 2027-01-01 snapshot; four events at days 0, 2, 4, 6. Event estimates are not additive."
SC03928,Independent recovery experiment 03928,Four_event_stress,4,1.0,1.0,1.0,1.0,West,"Independent 2027-01-01 snapshot; four events at days 0, 2, 4, 6. Event estimates are not additive."
SC03929,Independent recovery experiment 03929,Four_event_stress,4,1.0,1.0,1.0,1.0,North,"Independent 2027-01-01 snapshot; four events at days 0, 2, 4, 6. Event estimates are not additive."
SC03930,Independent recovery experiment 03930,Four_event_stress,4,1.0,1.0,1.0,1.0,South,"Independent 2027-01-01 snapshot; four events at days 0, 2, 4, 6. Event estimates are not additive."
SC03931,Independent recovery experiment 03931,Four_event_stress,4,1.0,1.0,1.0,1.0,South,"Independent 2027-01-01 snapshot; four events at days 0, 2, 4, 6. Event estimates are not additive."
SC03932,Independent recovery experiment 03932,Four_event_stress,4,1.0,1.0,1.0,1.0,West,"Independent 2027-01-01 snapshot; four events at days 0, 2, 4, 6. Event estimates are not additive."
SC03933,Independent recovery experiment 03933,Four_event_stress,4,1.0,1.0,1.0,1.0,North,"Independent 2027-01-01 snapshot; four events at days 0, 2, 4, 6. Event estimates are not additive."
SC03934,Independent recovery experiment 03934,Four_event_stress,4,1.0,1.0,1.0,1.0,South,"Independent 2027-01-01 snapshot; four events at days 0, 2, 4, 6. Event estimates are not additive."
SC03935,Independent recovery experiment 03935,Four_event_stress,4,1.0,1.0,1.0,1.0,South,"Independent 2027-01-01 snapshot; four events at days 0, 2, 4, 6. Event estimates are not additive."
SC03936,Independent recovery experiment 03936,Four_event_stress,4,1.0,1.0,1.0,1.0,West,"Independent 2027-01-01 snapshot; four events at days 0, 2, 4, 6. Event estimates are not additive."
SC03937,Independent recovery experiment 03937,Four_event_stress,4,1.0,1.0,1.0,1.0,East,"Independent 2027-01-01 snapshot; four events at days 0, 2, 4, 6. Event estimates are not additive."
SC03938,Independent recovery experiment 03938,Four_event_stress,4,1.0,1.0,1.0,1.0,West,"Independent 2027-01-01 snapshot; four events at days 0, 2, 4, 6. Event estimates are not additive."
SC03939,Independent recovery experiment 03939,Four_event_stress,4,1.0,1.0,1.0,1.0,North,"Independent 2027-01-01 snapshot; four events at days 0, 2, 4, 6. Event estimates are not additive."
SC03940,Independent recovery experiment 03940,Four_event_stress,4,1.0,1.0,1.0,1.0,South,"Independent 2027-01-01 snapshot; four events at days 0, 2, 4, 6. Event estimates are not additive."
SC03941,Independent recovery experiment 03941,Four_event_stress,4,1.0,1.0,1.0,1.0,South,"Independent 2027-01-01 snapshot; four events at days 0, 2, 4, 6. Event estimates are not additive."
SC03942,Independent recovery experiment 03942,Four_event_stress,4,1.0,1.0,1.0,1.0,West,"Independent 2027-01-01 snapshot; four events at days 0, 2, 4, 6. Event estimates are not additive."
SC03943,Independent recovery experiment 03943,Four_event_stress,4,1.0,1.0,1.0,1.0,North,"Independent 2027-01-01 snapshot; four events at days 0, 2, 4, 6. Event estimates are not additive."
SC03944,Independent recovery experiment 03944,Four_event_stress,4,1.0,1.0,1.0,1.0,South,"Independent 2027-01-01 snapshot; four events at days 0, 2, 4, 6. Event estimates are not additive."
SC03945,Independent recovery experiment 03945,Four_event_stress,4,1.0,1.0,1.0,1.0,South,"Independent 2027-01-01 snapshot; four events at days 0, 2, 4, 6. Event estimates are not additive."
SC03946,Independent recovery experiment 03946,Four_event_stress,4,1.0,1.0,1.0,1.0,West,"Independent 2027-01-01 snapshot; four events at days 0, 2, 4, 6. Event estimates are not additive."
SC03947,Independent recovery experiment 03947,Four_event_stress,4,1.0,1.0,1.0,1.0,East,"Independent 2027-01-01 snapshot; four events at days 0, 2, 4, 6. Event estimates are not additive."
SC03948,Independent recovery experiment 03948,Four_event_stress,4,1.0,1.0,1.0,1.0,West,"Independent 2027-01-01 snapshot; four events at days 0, 2, 4, 6. Event estimates are not additive."
SC03949,Independent recovery experiment 03949,Four_event_stress,4,1.0,1.0,1.0,1.0,North,"Independent 2027-01-01 snapshot; four events at days 0, 2, 4, 6. Event estimates are not additive."
SC03950,Independent recovery experiment 03950,Four_event_stress,4,1.0,1.0,1.0,1.0,South,"Independent 2027-01-01 snapshot; four events at days 0, 2, 4, 6. Event estimates are not additive."
SC03951,Independent recovery experiment 03951,Four_event_stress,4,1.0,1.0,1.0,1.0,South,"Independent 2027-01-01 snapshot; four events at days 0, 2, 4, 6. Event estimates are not additive."
SC03952,Independent recovery experiment 03952,Four_event_stress,4,1.0,1.0,1.0,1.0,West,"Independent 2027-01-01 snapshot; four events at days 0, 2, 4, 6. Event estimates are not additive."
SC03953,Independent recovery experiment 03953,Four_event_stress,4,1.0,1.0,1.0,1.0,North,"Independent 2027-01-01 snapshot; four events at days 0, 2, 4, 6. Event estimates are not additive."
SC03954,Independent recovery experiment 03954,Four_event_stress,4,1.0,1.0,1.0,1.0,South,"Independent 2027-01-01 snapshot; four events at days 0, 2, 4, 6. Event estimates are not additive."
SC03955,Independent recovery experiment 03955,Four_event_stress,4,1.0,1.0,1.0,1.0,South,"Independent 2027-01-01 snapshot; four events at days 0, 2, 4, 6. Event estimates are not additive."
SC03956,Independent recovery experiment 03956,Four_event_stress,4,1.0,1.0,1.0,1.0,West,"Independent 2027-01-01 snapshot; four events at days 0, 2, 4, 6. Event estimates are not additive."
SC03957,Independent recovery experiment 03957,Four_event_stress,4,1.0,1.0,1.0,1.0,East,"Independent 2027-01-01 snapshot; four events at days 0, 2, 4, 6. Event estimates are not additive."
SC03958,Independent recovery experiment 03958,Four_event_stress,4,1.0,1.0,1.0,1.0,West,"Independent 2027-01-01 snapshot; four events at days 0, 2, 4, 6. Event estimates are not additive."
SC03959,Independent recovery experiment 03959,Four_event_stress,4,1.0,1.0,1.0,1.0,North,"Independent 2027-01-01 snapshot; four events at days 0, 2, 4, 6. Event estimates are not additive."
SC03960,Independent recovery experiment 03960,Four_event_stress,4,1.0,1.0,1.0,1.0,South,"Independent 2027-01-01 snapshot; four events at days 0, 2, 4, 6. Event estimates are not additive."
SC03961,Independent recovery experiment 03961,Four_event_stress,4,1.0,1.0,1.0,1.0,South,"Independent 2027-01-01 snapshot; four events at days 0, 2, 4, 6. Event estimates are not additive."
SC03962,Independent recovery experiment 03962,Four_event_stress,4,1.0,1.0,1.0,1.0,West,"Independent 2027-01-01 snapshot; four events at days 0, 2, 4, 6. Event estimates are not additive."
SC03963,Independent recovery experiment 03963,Four_event_stress,4,1.0,1.0,1.0,1.0,North,"Independent 2027-01-01 snapshot; four events at days 0, 2, 4, 6. Event estimates are not additive."
SC03964,Independent recovery experiment 03964,Four_event_stress,4,1.0,1.0,1.0,1.0,South,"Independent 2027-01-01 snapshot; four events at days 0, 2, 4, 6. Event estimates are not additive."
SC03965,Independent recovery experiment 03965,Four_event_stress,4,1.0,1.0,1.0,1.0,South,"Independent 2027-01-01 snapshot; four events at days 0, 2, 4, 6. Event estimates are not additive."
SC03966,Independent recovery experiment 03966,Four_event_stress,4,1.0,1.0,1.0,1.0,West,"Independent 2027-01-01 snapshot; four events at days 0, 2, 4, 6. Event estimates are not additive."
SC03967,Independent recovery experiment 03967,Four_event_stress,4,1.0,1.0,1.0,1.0,East,"Independent 2027-01-01 snapshot; four events at days 0, 2, 4, 6. Event estimates are not additive."
SC03968,Independent recovery experiment 03968,Four_event_stress,4,1.0,1.0,1.0,1.0,West,"Independent 2027-01-01 snapshot; four events at days 0, 2, 4, 6. Event estimates are not additive."
SC03969,Independent recovery experiment 03969,Four_event_stress,4,1.0,1.0,1.0,1.0,North,"Independent 2027-01-01 snapshot; four events at days 0, 2, 4, 6. Event estimates are not additive."
SC03970,Independent recovery experiment 03970,Four_event_stress,4,1.0,1.0,1.0,1.0,South,"Independent 2027-01-01 snapshot; four events at days 0, 2, 4, 6. Event estimates are not additive."
SC03971,Independent recovery experiment 03971,Four_event_stress,4,1.0,1.0,1.0,1.0,South,"Independent 2027-01-01 snapshot; four events at days 0, 2, 4, 6. Event estimates are not additive."
SC03972,Independent recovery experiment 03972,Four_event_stress,4,1.0,1.0,1.0,1.0,West,"Independent 2027-01-01 snapshot; four events at days 0, 2, 4, 6. Event estimates are not additive."
SC03973,Independent recovery experiment 03973,Four_event_stress,4,1.0,1.0,1.0,1.0,North,"Independent 2027-01-01 snapshot; four events at days 0, 2, 4, 6. Event estimates are not additive."
SC03974,Independent recovery experiment 03974,Four_event_stress,4,1.0,1.0,1.0,1.0,South,"Independent 2027-01-01 snapshot; four events at days 0, 2, 4, 6. Event estimates are not additive."
SC03975,Independent recovery experiment 03975,Four_event_stress,4,1.0,1.0,1.0,1.0,South,"Independent 2027-01-01 snapshot; four events at days 0, 2, 4, 6. Event estimates are not additive."
SC03976,Independent recovery experiment 03976,Four_event_stress,4,1.0,1.0,1.0,1.0,West,"Independent 2027-01-01 snapshot; four events at days 0, 2, 4, 6. Event estimates are not additive."
SC03977,Independent recovery experiment 03977,Four_event_stress,4,1.0,1.0,1.0,1.0,East,"Independent 2027-01-01 snapshot; four events at days 0, 2, 4, 6. Event estimates are not additive."
SC03978,Independent recovery experiment 03978,Four_event_stress,4,1.0,1.0,1.0,1.0,West,"Independent 2027-01-01 snapshot; four events at days 0, 2, 4, 6. Event estimates are not additive."
SC03979,Independent recovery experiment 03979,Four_event_stress,4,1.0,1.0,1.0,1.0,North,"Independent 2027-01-01 snapshot; four events at days 0, 2, 4, 6. Event estimates are not additive."
SC03980,Independent recovery experiment 03980,Four_event_stress,4,1.0,1.0,1.0,1.0,South,"Independent 2027-01-01 snapshot; four events at days 0, 2, 4, 6. Event estimates are not additive."
SC03981,Independent recovery experiment 03981,Four_event_stress,4,1.0,1.0,1.0,1.0,South,"Independent 2027-01-01 snapshot; four events at days 0, 2, 4, 6. Event estimates are not additive."
SC03982,Independent recovery experiment 03982,Four_event_stress,4,1.0,1.0,1.0,1.0,West,"Independent 2027-01-01 snapshot; four events at days 0, 2, 4, 6. Event estimates are not additive."
SC03983,Independent recovery experiment 03983,Four_event_stress,4,1.0,1.0,1.0,1.0,North,"Independent 2027-01-01 snapshot; four events at days 0, 2, 4, 6. Event estimates are not additive."
SC03984,Independent recovery experiment 03984,Four_event_stress,4,1.0,1.0,1.0,1.0,South,"Independent 2027-01-01 snapshot; four events at days 0, 2, 4, 6. Event estimates are not additive."
SC03985,Independent recovery experiment 03985,Four_event_stress,4,1.0,1.0,1.0,1.0,South,"Independent 2027-01-01 snapshot; four events at days 0, 2, 4, 6. Event estimates are not additive."
SC03986,Independent recovery experiment 03986,Four_event_stress,4,1.0,1.0,1.0,1.0,West,"Independent 2027-01-01 snapshot; four events at days 0, 2, 4, 6. Event estimates are not additive."
SC03987,Independent recovery experiment 03987,Four_event_stress,4,1.0,1.0,1.0,1.0,East,"Independent 2027-01-01 snapshot; four events at days 0, 2, 4, 6. Event estimates are not additive."
SC03988,Independent recovery experiment 03988,Four_event_stress,4,1.0,1.0,1.0,1.0,West,"Independent 2027-01-01 snapshot; four events at days 0, 2, 4, 6. Event estimates are not additive."
SC03989,Independent recovery experiment 03989,Four_event_stress,4,1.0,1.0,1.0,1.0,North,"Independent 2027-01-01 snapshot; four events at days 0, 2, 4, 6. Event estimates are not additive."
SC03990,Independent recovery experiment 03990,Four_event_stress,4,1.0,1.0,1.0,1.0,South,"Independent 2027-01-01 snapshot; four events at days 0, 2, 4, 6. Event estimates are not additive."
SC03991,Independent recovery experiment 03991,Four_event_stress,4,1.0,1.0,1.0,1.0,South,"Independent 2027-01-01 snapshot; four events at days 0, 2, 4, 6. Event estimates are not additive."
SC03992,Independent recovery experiment 03992,Four_event_stress,4,1.0,1.0,1.0,1.0,West,"Independent 2027-01-01 snapshot; four events at days 0, 2, 4, 6. Event estimates are not additive."
SC03993,Independent recovery experiment 03993,Four_event_stress,4,1.0,1.0,1.0,1.0,North,"Independent 2027-01-01 snapshot; four events at days 0, 2, 4, 6. Event estimates are not additive."
SC03994,Independent recovery experiment 03994,Four_event_stress,4,1.0,1.0,1.0,1.0,South,"Independent 2027-01-01 snapshot; four events at days 0, 2, 4, 6. Event estimates are not additive."
SC03995,Independent recovery experiment 03995,Four_event_stress,4,1.0,1.0,1.0,1.0,South,"Independent 2027-01-01 snapshot; four events at days 0, 2, 4, 6. Event estimates are not additive."
SC03996,Independent recovery experiment 03996,Four_event_stress,4,1.0,1.0,1.0,1.0,West,"Independent 2027-01-01 snapshot; four events at days 0, 2, 4, 6. Event estimates are not additive."
SC03997,Independent recovery experiment 03997,Four_event_stress,4,1.0,1.0,1.0,1.0,East,"Independent 2027-01-01 snapshot; four events at days 0, 2, 4, 6. Event estimates are not additive."
SC03998,Independent recovery experiment 03998,Four_event_stress,4,1.0,1.0,1.0,1.0,West,"Independent 2027-01-01 snapshot; four events at days 0, 2, 4, 6. Event estimates are not additive."
SC03999,Independent recovery experiment 03999,Four_event_stress,4,1.0,1.0,1.0,1.0,North,"Independent 2027-01-01 snapshot; four events at days 0, 2, 4, 6. Event estimates are not additive."
SC04000,Independent recovery experiment 04000,Four_event_stress,4,1.0,1.0,1.0,1.0,South,"Independent 2027-01-01 snapshot; four events at days 0, 2, 4, 6. Event estimates are not additive."
SC04001,Independent recovery experiment 04001,Four_event_stress,4,1.0,1.0,1.0,1.0,South,"Independent 2027-01-01 snapshot; four events at days 0, 2, 4, 6. Event estimates are not additive."
SC04002,Independent recovery experiment 04002,Four_event_stress,4,1.0,1.0,1.0,1.0,West,"Independent 2027-01-01 snapshot; four events at days 0, 2, 4, 6. Event estimates are not additive."
SC04003,Independent recovery experiment 04003,Four_event_stress,4,1.0,1.0,1.0,1.0,North,"Independent 2027-01-01 snapshot; four events at days 0, 2, 4, 6. Event estimates are not additive."
SC04004,Independent recovery experiment 04004,Four_event_stress,4,1.0,1.0,1.0,1.0,South,"Independent 2027-01-01 snapshot; four events at days 0, 2, 4, 6. Event estimates are not additive."
SC04005,Independent recovery experiment 04005,Four_event_stress,4,1.0,1.0,1.0,1.0,South,"Independent 2027-01-01 snapshot; four events at days 0, 2, 4, 6. Event estimates are not additive."
SC04006,Independent recovery experiment 04006,Four_event_stress,4,1.0,1.0,1.0,1.0,West,"Independent 2027-01-01 snapshot; four events at days 0, 2, 4, 6. Event estimates are not additive."
SC04007,Independent recovery experiment 04007,Four_event_stress,4,1.0,1.0,1.0,1.0,East,"Independent 2027-01-01 snapshot; four events at days 0, 2, 4, 6. Event estimates are not additive."
SC04008,Independent recovery experiment 04008,Four_event_stress,4,1.0,1.0,1.0,1.0,West,"Independent 2027-01-01 snapshot; four events at days 0, 2, 4, 6. Event estimates are not additive."
SC04009,Independent recovery experiment 04009,Four_event_stress,4,1.0,1.0,1.0,1.0,North,"Independent 2027-01-01 snapshot; four events at days 0, 2, 4, 6. Event estimates are not additive."
SC04010,Independent recovery experiment 04010,Four_event_stress,4,1.0,1.0,1.0,1.0,South,"Independent 2027-01-01 snapshot; four events at days 0, 2, 4, 6. Event estimates are not additive."
SC04011,Independent recovery experiment 04011,Four_event_stress,4,1.0,1.0,1.0,1.0,South,"Independent 2027-01-01 snapshot; four events at days 0, 2, 4, 6. Event estimates are not additive."
SC04012,Independent recovery experiment 04012,Four_event_stress,4,1.0,1.0,1.0,1.0,West,"Independent 2027-01-01 snapshot; four events at days 0, 2, 4, 6. Event estimates are not additive."
SC04013,Independent recovery experiment 04013,Four_event_stress,4,1.0,1.0,1.0,1.0,North,"Independent 2027-01-01 snapshot; four events at days 0, 2, 4, 6. Event estimates are not additive."
SC04014,Independent recovery experiment 04014,Four_event_stress,4,1.0,1.0,1.0,1.0,South,"Independent 2027-01-01 snapshot; four events at days 0, 2, 4, 6. Event estimates are not additive."
SC04015,Independent recovery experiment 04015,Four_event_stress,4,1.0,1.0,1.0,1.0,South,"Independent 2027-01-01 snapshot; four events at days 0, 2, 4, 6. Event estimates are not additive."
SC04016,Independent recovery experiment 04016,Four_event_stress,4,1.0,1.0,1.0,1.0,West,"Independent 2027-01-01 snapshot; four events at days 0, 2, 4, 6. Event estimates are not additive."
SC04017,Independent recovery experiment 04017,Four_event_stress,4,1.0,1.0,1.0,1.0,East,"Independent 2027-01-01 snapshot; four events at days 0, 2, 4, 6. Event estimates are not additive."
SC04018,Independent recovery experiment 04018,Four_event_stress,4,1.0,1.0,1.0,1.0,West,"Independent 2027-01-01 snapshot; four events at days 0, 2, 4, 6. Event estimates are not additive."
SC04019,Independent recovery experiment 04019,Four_event_stress,4,1.0,1.0,1.0,1.0,North,"Independent 2027-01-01 snapshot; four events at days 0, 2, 4, 6. Event estimates are not additive."
SC04020,Independent recovery experiment 04020,Four_event_stress,4,1.0,1.0,1.0,1.0,South,"Independent 2027-01-01 snapshot; four events at days 0, 2, 4, 6. Event estimates are not additive."
SC04021,Independent recovery experiment 04021,Four_event_stress,4,1.0,1.0,1.0,1.0,South,"Independent 2027-01-01 snapshot; four events at days 0, 2, 4, 6. Event estimates are not additive."
SC04022,Independent recovery experiment 04022,Four_event_stress,4,1.0,1.0,1.0,1.0,West,"Independent 2027-01-01 snapshot; four events at days 0, 2, 4, 6. Event estimates are not additive."
SC04023,Independent recovery experiment 04023,Four_event_stress,4,1.0,1.0,1.0,1.0,North,"Independent 2027-01-01 snapshot; four events at days 0, 2, 4, 6. Event estimates are not additive."
SC04024,Independent recovery experiment 04024,Four_event_stress,4,1.0,1.0,1.0,1.0,South,"Independent 2027-01-01 snapshot; four events at days 0, 2, 4, 6. Event estimates are not additive."
SC04025,Independent recovery experiment 04025,Four_event_stress,4,1.0,1.0,1.0,1.0,South,"Independent 2027-01-01 snapshot; four events at days 0, 2, 4, 6. Event estimates are not additive."
SC04026,Independent recovery experiment 04026,Four_event_stress,4,1.0,1.0,1.0,1.0,West,"Independent 2027-01-01 snapshot; four events at days 0, 2, 4, 6. Event estimates are not additive."
SC04027,Independent recovery experiment 04027,Four_event_stress,4,1.0,1.0,1.0,1.0,East,"Independent 2027-01-01 snapshot; four events at days 0, 2, 4, 6. Event estimates are not additive."
SC04028,Independent recovery experiment 04028,Four_event_stress,4,1.0,1.0,1.0,1.0,West,"Independent 2027-01-01 snapshot; four events at days 0, 2, 4, 6. Event estimates are not additive."
SC04029,Independent recovery experiment 04029,Four_event_stress,4,1.0,1.0,1.0,1.0,North,"Independent 2027-01-01 snapshot; four events at days 0, 2, 4, 6. Event estimates are not additive."
SC04030,Independent recovery experiment 04030,Four_event_stress,4,1.0,1.0,1.0,1.0,South,"Independent 2027-01-01 snapshot; four events at days 0, 2, 4, 6. Event estimates are not additive."
SC04031,Independent recovery experiment 04031,Four_event_stress,4,1.0,1.0,1.0,1.0,South,"Independent 2027-01-01 snapshot; four events at days 0, 2, 4, 6. Event estimates are not additive."
SC04032,Independent recovery experiment 04032,Four_event_stress,4,1.0,1.0,1.0,1.0,West,"Independent 2027-01-01 snapshot; four events at days 0, 2, 4, 6. Event estimates are not additive."
SC04033,Independent recovery experiment 04033,Four_event_stress,4,1.0,1.0,1.0,1.0,North,"Independent 2027-01-01 snapshot; four events at days 0, 2, 4, 6. Event estimates are not additive."
SC04034,Independent recovery experiment 04034,Four_event_stress,4,1.0,1.0,1.0,1.0,South,"Independent 2027-01-01 snapshot; four events at days 0, 2, 4, 6. Event estimates are not additive."
SC04035,Independent recovery experiment 04035,Four_event_stress,4,1.0,1.0,1.0,1.0,South,"Independent 2027-01-01 snapshot; four events at days 0, 2, 4, 6. Event estimates are not additive."
SC04036,Independent recovery experiment 04036,Four_event_stress,4,1.0,1.0,1.0,1.0,West,"Independent 2027-01-01 snapshot; four events at days 0, 2, 4, 6. Event estimates are not additive."
SC04037,Independent recovery experiment 04037,Four_event_stress,4,1.0,1.0,1.0,1.0,East,"Independent 2027-01-01 snapshot; four events at days 0, 2, 4, 6. Event estimates are not additive."
SC04038,Independent recovery experiment 04038,Four_event_stress,4,1.0,1.0,1.0,1.0,West,"Independent 2027-01-01 snapshot; four events at days 0, 2, 4, 6. Event estimates are not additive."
SC04039,Independent recovery experiment 04039,Four_event_stress,4,1.0,1.0,1.0,1.0,North,"Independent 2027-01-01 snapshot; four events at days 0, 2, 4, 6. Event estimates are not additive."
SC04040,Independent recovery experiment 04040,Four_event_stress,4,1.0,1.0,1.0,1.0,South,"Independent 2027-01-01 snapshot; four events at days 0, 2, 4, 6. Event estimates are not additive."
SC04041,Independent recovery experiment 04041,Four_event_stress,4,1.0,1.0,1.0,1.0,South,"Independent 2027-01-01 snapshot; four events at days 0, 2, 4, 6. Event estimates are not additive."
SC04042,Independent recovery experiment 04042,Four_event_stress,4,1.0,1.0,1.0,1.0,West,"Independent 2027-01-01 snapshot; four events at days 0, 2, 4, 6. Event estimates are not additive."
SC04043,Independent recovery experiment 04043,Four_event_stress,4,1.0,1.0,1.0,1.0,North,"Independent 2027-01-01 snapshot; four events at days 0, 2, 4, 6. Event estimates are not additive."
SC04044,Independent recovery experiment 04044,Four_event_stress,4,1.0,1.0,1.0,1.0,South,"Independent 2027-01-01 snapshot; four events at days 0, 2, 4, 6. Event estimates are not additive."
SC04045,Independent recovery experiment 04045,Four_event_stress,4,1.0,1.0,1.0,1.0,South,"Independent 2027-01-01 snapshot; four events at days 0, 2, 4, 6. Event estimates are not additive."
SC04046,Independent recovery experiment 04046,Four_event_stress,4,1.0,1.0,1.0,1.0,West,"Independent 2027-01-01 snapshot; four events at days 0, 2, 4, 6. Event estimates are not additive."
SC04047,Independent recovery experiment 04047,Four_event_stress,4,1.0,1.0,1.0,1.0,East,"Independent 2027-01-01 snapshot; four events at days 0, 2, 4, 6. Event estimates are not additive."
SC04048,Independent recovery experiment 04048,Four_event_stress,4,1.0,1.0,1.0,1.0,West,"Independent 2027-01-01 snapshot; four events at days 0, 2, 4, 6. Event estimates are not additive."
SC04049,Independent recovery experiment 04049,Four_event_stress,4,1.0,1.0,1.0,1.0,North,"Independent 2027-01-01 snapshot; four events at days 0, 2, 4, 6. Event estimates are not additive."
SC04050,Independent recovery experiment 04050,Four_event_stress,4,1.0,1.0,1.0,1.0,South,"Independent 2027-01-01 snapshot; four events at days 0, 2, 4, 6. Event estimates are not additive."
SC04051,Independent recovery experiment 04051,Four_event_stress,4,1.0,1.0,1.0,1.0,South,"Independent 2027-01-01 snapshot; four events at days 0, 2, 4, 6. Event estimates are not additive."
SC04052,Independent recovery experiment 04052,Four_event_stress,4,1.0,1.0,1.0,1.0,West,"Independent 2027-01-01 snapshot; four events at days 0, 2, 4, 6. Event estimates are not additive."
SC04053,Independent recovery experiment 04053,Four_event_stress,4,1.0,1.0,1.0,1.0,North,"Independent 2027-01-01 snapshot; four events at days 0, 2, 4, 6. Event estimates are not additive."
SC04054,Independent recovery experiment 04054,Four_event_stress,4,1.0,1.0,1.0,1.0,South,"Independent 2027-01-01 snapshot; four events at days 0, 2, 4, 6. Event estimates are not additive."
SC04055,Independent recovery experiment 04055,Four_event_stress,4,1.0,1.0,1.0,1.0,South,"Independent 2027-01-01 snapshot; four events at days 0, 2, 4, 6. Event estimates are not additive."
SC04056,Independent recovery experiment 04056,Four_event_stress,4,1.0,1.0,1.0,1.0,West,"Independent 2027-01-01 snapshot; four events at days 0, 2, 4, 6. Event estimates are not additive."
SC04057,Independent recovery experiment 04057,Four_event_stress,4,1.0,1.0,1.0,1.0,East,"Independent 2027-01-01 snapshot; four events at days 0, 2, 4, 6. Event estimates are not additive."
SC04058,Independent recovery experiment 04058,Four_event_stress,4,1.0,1.0,1.0,1.0,West,"Independent 2027-01-01 snapshot; four events at days 0, 2, 4, 6. Event estimates are not additive."
SC04059,Independent recovery experiment 04059,Four_event_stress,4,1.0,1.0,1.0,1.0,North,"Independent 2027-01-01 snapshot; four events at days 0, 2, 4, 6. Event estimates are not additive."
SC04060,Independent recovery experiment 04060,Four_event_stress,4,1.0,1.0,1.0,1.0,South,"Independent 2027-01-01 snapshot; four events at days 0, 2, 4, 6. Event estimates are not additive."
SC04061,Independent recovery experiment 04061,Four_event_stress,4,1.0,1.0,1.0,1.0,South,"Independent 2027-01-01 snapshot; four events at days 0, 2, 4, 6. Event estimates are not additive."
SC04062,Independent recovery experiment 04062,Four_event_stress,4,1.0,1.0,1.0,1.0,West,"Independent 2027-01-01 snapshot; four events at days 0, 2, 4, 6. Event estimates are not additive."
SC04063,Independent recovery experiment 04063,Four_event_stress,4,1.0,1.0,1.0,1.0,North,"Independent 2027-01-01 snapshot; four events at days 0, 2, 4, 6. Event estimates are not additive."
SC04064,Independent recovery experiment 04064,Four_event_stress,4,1.0,1.0,1.0,1.0,South,"Independent 2027-01-01 snapshot; four events at days 0, 2, 4, 6. Event estimates are not additive."
SC04065,Independent recovery experiment 04065,Four_event_stress,4,1.0,1.0,1.0,1.0,South,"Independent 2027-01-01 snapshot; four events at days 0, 2, 4, 6. Event estimates are not additive."
SC04066,Independent recovery experiment 04066,Four_event_stress,4,1.0,1.0,1.0,1.0,West,"Independent 2027-01-01 snapshot; four events at days 0, 2, 4, 6. Event estimates are not additive."
SC04067,Independent recovery experiment 04067,Four_event_stress,4,1.0,1.0,1.0,1.0,East,"Independent 2027-01-01 snapshot; four events at days 0, 2, 4, 6. Event estimates are not additive."
SC04068,Independent recovery experiment 04068,Four_event_stress,4,1.0,1.0,1.0,1.0,West,"Independent 2027-01-01 snapshot; four events at days 0, 2, 4, 6. Event estimates are not additive."
SC04069,Independent recovery experiment 04069,Four_event_stress,4,1.0,1.0,1.0,1.0,North,"Independent 2027-01-01 snapshot; four events at days 0, 2, 4, 6. Event estimates are not additive."
SC04070,Independent recovery experiment 04070,Four_event_stress,4,1.0,1.0,1.0,1.0,South,"Independent 2027-01-01 snapshot; four events at days 0, 2, 4, 6. Event estimates are not additive."
SC04071,Independent recovery experiment 04071,Four_event_stress,4,1.0,1.0,1.0,1.0,South,"Independent 2027-01-01 snapshot; four events at days 0, 2, 4, 6. Event estimates are not additive."
SC04072,Independent recovery experiment 04072,Four_event_stress,4,1.0,1.0,1.0,1.0,West,"Independent 2027-01-01 snapshot; four events at days 0, 2, 4, 6. Event estimates are not additive."
SC04073,Independent recovery experiment 04073,Four_event_stress,4,1.0,1.0,1.0,1.0,North,"Independent 2027-01-01 snapshot; four events at days 0, 2, 4, 6. Event estimates are not additive."
SC04074,Independent recovery experiment 04074,Four_event_stress,4,1.0,1.0,1.0,1.0,South,"Independent 2027-01-01 snapshot; four events at days 0, 2, 4, 6. Event estimates are not additive."
SC04075,Independent recovery experiment 04075,Four_event_stress,4,1.0,1.0,1.0,1.0,South,"Independent 2027-01-01 snapshot; four events at days 0, 2, 4, 6. Event estimates are not additive."
SC04076,Independent recovery experiment 04076,Four_event_stress,4,1.0,1.0,1.0,1.0,West,"Independent 2027-01-01 snapshot; four events at days 0, 2, 4, 6. Event estimates are not additive."
SC04077,Independent recovery experiment 04077,Four_event_stress,4,1.0,1.0,1.0,1.0,East,"Independent 2027-01-01 snapshot; four events at days 0, 2, 4, 6. Event estimates are not additive."
SC04078,Independent recovery experiment 04078,Four_event_stress,4,1.0,1.0,1.0,1.0,West,"Independent 2027-01-01 snapshot; four events at days 0, 2, 4, 6. Event estimates are not additive."
SC04079,Independent recovery experiment 04079,Four_event_stress,4,1.0,1.0,1.0,1.0,North,"Independent 2027-01-01 snapshot; four events at days 0, 2, 4, 6. Event estimates are not additive."
SC04080,Independent recovery experiment 04080,Four_event_stress,4,1.0,1.0,1.0,1.0,South,"Independent 2027-01-01 snapshot; four events at days 0, 2, 4, 6. Event estimates are not additive."
SC04081,Independent recovery experiment 04081,Four_event_stress,4,1.0,1.0,1.0,1.0,South,"Independent 2027-01-01 snapshot; four events at days 0, 2, 4, 6. Event estimates are not additive."
SC04082,Independent recovery experiment 04082,Four_event_stress,4,1.0,1.0,1.0,1.0,West,"Independent 2027-01-01 snapshot; four events at days 0, 2, 4, 6. Event estimates are not additive."
SC04083,Independent recovery experiment 04083,Four_event_stress,4,1.0,1.0,1.0,1.0,North,"Independent 2027-01-01 snapshot; four events at days 0, 2, 4, 6. Event estimates are not additive."
SC04084,Independent recovery experiment 04084,Four_event_stress,4,1.0,1.0,1.0,1.0,South,"Independent 2027-01-01 snapshot; four events at days 0, 2, 4, 6. Event estimates are not additive."
SC04085,Independent recovery experiment 04085,Four_event_stress,4,1.0,1.0,1.0,1.0,South,"Independent 2027-01-01 snapshot; four events at days 0, 2, 4, 6. Event estimates are not additive."
SC04086,Independent recovery experiment 04086,Four_event_stress,4,1.0,1.0,1.0,1.0,West,"Independent 2027-01-01 snapshot; four events at days 0, 2, 4, 6. Event estimates are not additive."
SC04087,Independent recovery experiment 04087,Four_event_stress,4,1.0,1.0,1.0,1.0,East,"Independent 2027-01-01 snapshot; four events at days 0, 2, 4, 6. Event estimates are not additive."
SC04088,Independent recovery experiment 04088,Four_event_stress,4,1.0,1.0,1.0,1.0,West,"Independent 2027-01-01 snapshot; four events at days 0, 2, 4, 6. Event estimates are not additive."
SC04089,Independent recovery experiment 04089,Four_event_stress,4,1.0,1.0,1.0,1.0,North,"Independent 2027-01-01 snapshot; four events at days 0, 2, 4, 6. Event estimates are not additive."
SC04090,Independent recovery experiment 04090,Four_event_stress,4,1.0,1.0,1.0,1.0,South,"Independent 2027-01-01 snapshot; four events at days 0, 2, 4, 6. Event estimates are not additive."
SC04091,Independent recovery experiment 04091,Four_event_stress,4,1.0,1.0,1.0,1.0,South,"Independent 2027-01-01 snapshot; four events at days 0, 2, 4, 6. Event estimates are not additive."
SC04092,Independent recovery experiment 04092,Four_event_stress,4,1.0,1.0,1.0,1.0,West,"Independent 2027-01-01 snapshot; four events at days 0, 2, 4, 6. Event estimates are not additive."
SC04093,Independent recovery experiment 04093,Four_event_stress,4,1.0,1.0,1.0,1.0,North,"Independent 2027-01-01 snapshot; four events at days 0, 2, 4, 6. Event estimates are not additive."
SC04094,Independent recovery experiment 04094,Four_event_stress,4,1.0,1.0,1.0,1.0,South,"Independent 2027-01-01 snapshot; four events at days 0, 2, 4, 6. Event estimates are not additive."
SC04095,Independent recovery experiment 04095,Four_event_stress,4,1.0,1.0,1.0,1.0,South,"Independent 2027-01-01 snapshot; four events at days 0, 2, 4, 6. Event estimates are not additive."
SC04096,Independent recovery experiment 04096,Four_event_stress,4,1.0,1.0,1.0,1.0,West,"Independent 2027-01-01 snapshot; four events at days 0, 2, 4, 6. Event estimates are not additive."
SC04097,Independent recovery experiment 04097,Four_event_stress,4,1.0,1.0,1.0,1.0,East,"Independent 2027-01-01 snapshot; four events at days 0, 2, 4, 6. Event estimates are not additive."
SC04098,Independent recovery experiment 04098,Four_event_stress,4,1.0,1.0,1.0,1.0,West,"Independent 2027-01-01 snapshot; four events at days 0, 2, 4, 6. Event estimates are not additive."
SC04099,Independent recovery experiment 04099,Four_event_stress,4,1.0,1.0,1.0,1.0,North,"Independent 2027-01-01 snapshot; four events at days 0, 2, 4, 6. Event estimates are not additive."
SC04100,Independent recovery experiment 04100,Four_event_stress,4,1.0,1.0,1.0,1.0,South,"Independent 2027-01-01 snapshot; four events at days 0, 2, 4, 6. Event estimates are not additive."
SC04101,Independent recovery experiment 04101,Four_event_stress,4,1.0,1.0,1.0,1.0,South,"Independent 2027-01-01 snapshot; four events at days 0, 2, 4, 6. Event estimates are not additive."
SC04102,Independent recovery experiment 04102,Four_event_stress,4,1.0,1.0,1.0,1.0,West,"Independent 2027-01-01 snapshot; four events at days 0, 2, 4, 6. Event estimates are not additive."
SC04103,Independent recovery experiment 04103,Four_event_stress,4,1.0,1.0,1.0,1.0,North,"Independent 2027-01-01 snapshot; four events at days 0, 2, 4, 6. Event estimates are not additive."
SC04104,Independent recovery experiment 04104,Four_event_stress,4,1.0,1.0,1.0,1.0,South,"Independent 2027-01-01 snapshot; four events at days 0, 2, 4, 6. Event estimates are not additive."
SC04105,Independent recovery experiment 04105,Four_event_stress,4,1.0,1.0,1.0,1.0,South,"Independent 2027-01-01 snapshot; four events at days 0, 2, 4, 6. Event estimates are not additive."
SC04106,Independent recovery experiment 04106,Four_event_stress,4,1.0,1.0,1.0,1.0,West,"Independent 2027-01-01 snapshot; four events at days 0, 2, 4, 6. Event estimates are not additive."
SC04107,Independent recovery experiment 04107,Four_event_stress,4,1.0,1.0,1.0,1.0,East,"Independent 2027-01-01 snapshot; four events at days 0, 2, 4, 6. Event estimates are not additive."
SC04108,Independent recovery experiment 04108,Four_event_stress,4,1.0,1.0,1.0,1.0,West,"Independent 2027-01-01 snapshot; four events at days 0, 2, 4, 6. Event estimates are not additive."
SC04109,Independent recovery experiment 04109,Four_event_stress,4,1.0,1.0,1.0,1.0,North,"Independent 2027-01-01 snapshot; four events at days 0, 2, 4, 6. Event estimates are not additive."
SC04110,Independent recovery experiment 04110,Four_event_stress,4,1.0,1.0,1.0,1.0,South,"Independent 2027-01-01 snapshot; four events at days 0, 2, 4, 6. Event estimates are not additive."
SC04111,Independent recovery experiment 04111,Four_event_stress,4,1.0,1.0,1.0,1.0,South,"Independent 2027-01-01 snapshot; four events at days 0, 2, 4, 6. Event estimates are not additive."
SC04112,Independent recovery experiment 04112,Four_event_stress,4,1.0,1.0,1.0,1.0,West,"Independent 2027-01-01 snapshot; four events at days 0, 2, 4, 6. Event estimates are not additive."
SC04113,Independent recovery experiment 04113,Four_event_stress,4,1.0,1.0,1.0,1.0,North,"Independent 2027-01-01 snapshot; four events at days 0, 2, 4, 6. Event estimates are not additive."
SC04114,Independent recovery experiment 04114,Four_event_stress,4,1.0,1.0,1.0,1.0,South,"Independent 2027-01-01 snapshot; four events at days 0, 2, 4, 6. Event estimates are not additive."
SC04115,Independent recovery experiment 04115,Four_event_stress,4,1.0,1.0,1.0,1.0,South,"Independent 2027-01-01 snapshot; four events at days 0, 2, 4, 6. Event estimates are not additive."
SC04116,Independent recovery experiment 04116,Four_event_stress,4,1.0,1.0,1.0,1.0,West,"Independent 2027-01-01 snapshot; four events at days 0, 2, 4, 6. Event estimates are not additive."
SC04117,Independent recovery experiment 04117,Four_event_stress,4,1.0,1.0,1.0,1.0,East,"Independent 2027-01-01 snapshot; four events at days 0, 2, 4, 6. Event estimates are not additive."
SC04118,Independent recovery experiment 04118,Four_event_stress,4,1.0,1.0,1.0,1.0,West,"Independent 2027-01-01 snapshot; four events at days 0, 2, 4, 6. Event estimates are not additive."
SC04119,Independent recovery experiment 04119,Four_event_stress,4,1.0,1.0,1.0,1.0,North,"Independent 2027-01-01 snapshot; four events at days 0, 2, 4, 6. Event estimates are not additive."
SC04120,Independent recovery experiment 04120,Four_event_stress,4,1.0,1.0,1.0,1.0,South,"Independent 2027-01-01 snapshot; four events at days 0, 2, 4, 6. Event estimates are not additive."
SC04121,Independent recovery experiment 04121,Four_event_stress,4,1.0,1.0,1.0,1.0,South,"Independent 2027-01-01 snapshot; four events at days 0, 2, 4, 6. Event estimates are not additive."
SC04122,Independent recovery experiment 04122,Four_event_stress,4,1.0,1.0,1.0,1.0,West,"Independent 2027-01-01 snapshot; four events at days 0, 2, 4, 6. Event estimates are not additive."
SC04123,Independent recovery experiment 04123,Four_event_stress,4,1.0,1.0,1.0,1.0,North,"Independent 2027-01-01 snapshot; four events at days 0, 2, 4, 6. Event estimates are not additive."
SC04124,Independent recovery experiment 04124,Four_event_stress,4,1.0,1.0,1.0,1.0,South,"Independent 2027-01-01 snapshot; four events at days 0, 2, 4, 6. Event estimates are not additive."
SC04125,Independent recovery experiment 04125,Four_event_stress,4,1.0,1.0,1.0,1.0,South,"Independent 2027-01-01 snapshot; four events at days 0, 2, 4, 6. Event estimates are not additive."
SC04126,Independent recovery experiment 04126,Four_event_stress,4,1.0,1.0,1.0,1.0,West,"Independent 2027-01-01 snapshot; four events at days 0, 2, 4, 6. Event estimates are not additive."
SC04127,Independent recovery experiment 04127,Four_event_stress,4,1.0,1.0,1.0,1.0,East,"Independent 2027-01-01 snapshot; four events at days 0, 2, 4, 6. Event estimates are not additive."
SC04128,Independent recovery experiment 04128,Four_event_stress,4,1.0,1.0,1.0,1.0,West,"Independent 2027-01-01 snapshot; four events at days 0, 2, 4, 6. Event estimates are not additive."
SC04129,Independent recovery experiment 04129,Four_event_stress,4,1.0,1.0,1.0,1.0,North,"Independent 2027-01-01 snapshot; four events at days 0, 2, 4, 6. Event estimates are not additive."
SC04130,Independent recovery experiment 04130,Four_event_stress,4,1.0,1.0,1.0,1.0,South,"Independent 2027-01-01 snapshot; four events at days 0, 2, 4, 6. Event estimates are not additive."
SC04131,Independent recovery experiment 04131,Four_event_stress,4,1.0,1.0,1.0,1.0,South,"Independent 2027-01-01 snapshot; four events at days 0, 2, 4, 6. Event estimates are not additive."
SC04132,Independent recovery experiment 04132,Four_event_stress,4,1.0,1.0,1.0,1.0,West,"Independent 2027-01-01 snapshot; four events at days 0, 2, 4, 6. Event estimates are not additive."
SC04133,Independent recovery experiment 04133,Four_event_stress,4,1.0,1.0,1.0,1.0,North,"Independent 2027-01-01 snapshot; four events at days 0, 2, 4, 6. Event estimates are not additive."
SC04134,Independent recovery experiment 04134,Four_event_stress,4,1.0,1.0,1.0,1.0,South,"Independent 2027-01-01 snapshot; four events at days 0, 2, 4, 6. Event estimates are not additive."
SC04135,Independent recovery experiment 04135,Four_event_stress,4,1.0,1.0,1.0,1.0,South,"Independent 2027-01-01 snapshot; four events at days 0, 2, 4, 6. Event estimates are not additive."
SC04136,Independent recovery experiment 04136,Four_event_stress,4,1.0,1.0,1.0,1.0,West,"Independent 2027-01-01 snapshot; four events at days 0, 2, 4, 6. Event estimates are not additive."
SC04137,Independent recovery experiment 04137,Four_event_stress,4,1.0,1.0,1.0,1.0,East,"Independent 2027-01-01 snapshot; four events at days 0, 2, 4, 6. Event estimates are not additive."
SC04138,Independent recovery experiment 04138,Four_event_stress,4,1.0,1.0,1.0,1.0,West,"Independent 2027-01-01 snapshot; four events at days 0, 2, 4, 6. Event estimates are not additive."
SC04139,Independent recovery experiment 04139,Four_event_stress,4,1.0,1.0,1.0,1.0,North,"Independent 2027-01-01 snapshot; four events at days 0, 2, 4, 6. Event estimates are not additive."
SC04140,Independent recovery experiment 04140,Four_event_stress,4,1.0,1.0,1.0,1.0,South,"Independent 2027-01-01 snapshot; four events at days 0, 2, 4, 6. Event estimates are not additive."
SC04141,Independent recovery experiment 04141,Four_event_stress,4,1.0,1.0,1.0,1.0,South,"Independent 2027-01-01 snapshot; four events at days 0, 2, 4, 6. Event estimates are not additive."
SC04142,Independent recovery experiment 04142,Four_event_stress,4,1.0,1.0,1.0,1.0,West,"Independent 2027-01-01 snapshot; four events at days 0, 2, 4, 6. Event estimates are not additive."
SC04143,Independent recovery experiment 04143,Four_event_stress,4,1.0,1.0,1.0,1.0,North,"Independent 2027-01-01 snapshot; four events at days 0, 2, 4, 6. Event estimates are not additive."
SC04144,Independent recovery experiment 04144,Four_event_stress,4,1.0,1.0,1.0,1.0,South,"Independent 2027-01-01 snapshot; four events at days 0, 2, 4, 6. Event estimates are not additive."
SC04145,Independent recovery experiment 04145,Four_event_stress,4,1.0,1.0,1.0,1.0,South,"Independent 2027-01-01 snapshot; four events at days 0, 2, 4, 6. Event estimates are not additive."
SC04146,Independent recovery experiment 04146,Four_event_stress,4,1.0,1.0,1.0,1.0,West,"Independent 2027-01-01 snapshot; four events at days 0, 2, 4, 6. Event estimates are not additive."
SC04147,Independent recovery experiment 04147,Four_event_stress,4,1.0,1.0,1.0,1.0,East,"Independent 2027-01-01 snapshot; four events at days 0, 2, 4, 6. Event estimates are not additive."
SC04148,Independent recovery experiment 04148,Four_event_stress,4,1.0,1.0,1.0,1.0,West,"Independent 2027-01-01 snapshot; four events at days 0, 2, 4, 6. Event estimates are not additive."
SC04149,Independent recovery experiment 04149,Four_event_stress,4,1.0,1.0,1.0,1.0,North,"Independent 2027-01-01 snapshot; four events at days 0, 2, 4, 6. Event estimates are not additive."
SC04150,Independent recovery experiment 04150,Four_event_stress,4,1.0,1.0,1.0,1.0,South,"Independent 2027-01-01 snapshot; four events at days 0, 2, 4, 6. Event estimates are not additive."
SC04151,Independent recovery experiment 04151,Four_event_stress,4,1.0,1.0,1.0,1.0,South,"Independent 2027-01-01 snapshot; four events at days 0, 2, 4, 6. Event estimates are not additive."
SC04152,Independent recovery experiment 04152,Four_event_stress,4,1.0,1.0,1.0,1.0,West,"Independent 2027-01-01 snapshot; four events at days 0, 2, 4, 6. Event estimates are not additive."
SC04153,Independent recovery experiment 04153,Four_event_stress,4,1.0,1.0,1.0,1.0,North,"Independent 2027-01-01 snapshot; four events at days 0, 2, 4, 6. Event estimates are not additive."
SC04154,Independent recovery experiment 04154,Four_event_stress,4,1.0,1.0,1.0,1.0,South,"Independent 2027-01-01 snapshot; four events at days 0, 2, 4, 6. Event estimates are not additive."
SC04155,Independent recovery experiment 04155,Four_event_stress,4,1.0,1.0,1.0,1.0,South,"Independent 2027-01-01 snapshot; four events at days 0, 2, 4, 6. Event estimates are not additive."
SC04156,Independent recovery experiment 04156,Four_event_stress,4,1.0,1.0,1.0,1.0,West,"Independent 2027-01-01 snapshot; four events at days 0, 2, 4, 6. Event estimates are not additive."
SC04157,Independent recovery experiment 04157,Four_event_stress,4,1.0,1.0,1.0,1.0,East,"Independent 2027-01-01 snapshot; four events at days 0, 2, 4, 6. Event estimates are not additive."
SC04158,Independent recovery experiment 04158,Four_event_stress,4,1.0,1.0,1.0,1.0,West,"Independent 2027-01-01 snapshot; four events at days 0, 2, 4, 6. Event estimates are not additive."
SC04159,Independent recovery experiment 04159,Four_event_stress,4,1.0,1.0,1.0,1.0,North,"Independent 2027-01-01 snapshot; four events at days 0, 2, 4, 6. Event estimates are not additive."
SC04160,Independent recovery experiment 04160,Four_event_stress,4,1.0,1.0,1.0,1.0,South,"Independent 2027-01-01 snapshot; four events at days 0, 2, 4, 6. Event estimates are not additive."
SC04161,Independent recovery experiment 04161,Four_event_stress,4,1.0,1.0,1.0,1.0,South,"Independent 2027-01-01 snapshot; four events at days 0, 2, 4, 6. Event estimates are not additive."
SC04162,Independent recovery experiment 04162,Four_event_stress,4,1.0,1.0,1.0,1.0,West,"Independent 2027-01-01 snapshot; four events at days 0, 2, 4, 6. Event estimates are not additive."
SC04163,Independent recovery experiment 04163,Four_event_stress,4,1.0,1.0,1.0,1.0,North,"Independent 2027-01-01 snapshot; four events at days 0, 2, 4, 6. Event estimates are not additive."
SC04164,Independent recovery experiment 04164,Four_event_stress,4,1.0,1.0,1.0,1.0,South,"Independent 2027-01-01 snapshot; four events at days 0, 2, 4, 6. Event estimates are not additive."
SC04165,Independent recovery experiment 04165,Four_event_stress,4,1.0,1.0,1.0,1.0,South,"Independent 2027-01-01 snapshot; four events at days 0, 2, 4, 6. Event estimates are not additive."
SC04166,Independent recovery experiment 04166,Four_event_stress,4,1.0,1.0,1.0,1.0,West,"Independent 2027-01-01 snapshot; four events at days 0, 2, 4, 6. Event estimates are not additive."
SC04167,Independent recovery experiment 04167,Four_event_stress,4,1.0,1.0,1.0,1.0,East,"Independent 2027-01-01 snapshot; four events at days 0, 2, 4, 6. Event estimates are not additive."
SC04168,Independent recovery experiment 04168,Four_event_stress,4,1.0,1.0,1.0,1.0,West,"Independent 2027-01-01 snapshot; four events at days 0, 2, 4, 6. Event estimates are not additive."
SC04169,Independent recovery experiment 04169,Four_event_stress,4,1.0,1.0,1.0,1.0,North,"Independent 2027-01-01 snapshot; four events at days 0, 2, 4, 6. Event estimates are not additive."
SC04170,Independent recovery experiment 04170,Four_event_stress,4,1.0,1.0,1.0,1.0,South,"Independent 2027-01-01 snapshot; four events at days 0, 2, 4, 6. Event estimates are not additive."
SC04171,Independent recovery experiment 04171,Four_event_stress,4,1.0,1.0,1.0,1.0,South,"Independent 2027-01-01 snapshot; four events at days 0, 2, 4, 6. Event estimates are not additive."
SC04172,Independent recovery experiment 04172,Four_event_stress,4,1.0,1.0,1.0,1.0,West,"Independent 2027-01-01 snapshot; four events at days 0, 2, 4, 6. Event estimates are not additive."
SC04173,Independent recovery experiment 04173,Four_event_stress,4,1.0,1.0,1.0,1.0,North,"Independent 2027-01-01 snapshot; four events at days 0, 2, 4, 6. Event estimates are not additive."
SC04174,Independent recovery experiment 04174,Four_event_stress,4,1.0,1.0,1.0,1.0,South,"Independent 2027-01-01 snapshot; four events at days 0, 2, 4, 6. Event estimates are not additive."
SC04175,Independent recovery experiment 04175,Four_event_stress,4,1.0,1.0,1.0,1.0,South,"Independent 2027-01-01 snapshot; four events at days 0, 2, 4, 6. Event estimates are not additive."
SC04176,Independent recovery experiment 04176,Four_event_stress,4,1.0,1.0,1.0,1.0,West,"Independent 2027-01-01 snapshot; four events at days 0, 2, 4, 6. Event estimates are not additive."
SC04177,Independent recovery experiment 04177,Four_event_stress,4,1.0,1.0,1.0,1.0,East,"Independent 2027-01-01 snapshot; four events at days 0, 2, 4, 6. Event estimates are not additive."
SC04178,Independent recovery experiment 04178,Four_event_stress,4,1.0,1.0,1.0,1.0,West,"Independent 2027-01-01 snapshot; four events at days 0, 2, 4, 6. Event estimates are not additive."
SC04179,Independent recovery experiment 04179,Four_event_stress,4,1.0,1.0,1.0,1.0,North,"Independent 2027-01-01 snapshot; four events at days 0, 2, 4, 6. Event estimates are not additive."
SC04180,Independent recovery experiment 04180,Four_event_stress,4,1.0,1.0,1.0,1.0,South,"Independent 2027-01-01 snapshot; four events at days 0, 2, 4, 6. Event estimates are not additive."
SC04181,Independent recovery experiment 04181,Four_event_stress,4,1.0,1.0,1.0,1.0,South,"Independent 2027-01-01 snapshot; four events at days 0, 2, 4, 6. Event estimates are not additive."
SC04182,Independent recovery experiment 04182,Four_event_stress,4,1.0,1.0,1.0,1.0,West,"Independent 2027-01-01 snapshot; four events at days 0, 2, 4, 6. Event estimates are not additive."
SC04183,Independent recovery experiment 04183,Four_event_stress,4,1.0,1.0,1.0,1.0,North,"Independent 2027-01-01 snapshot; four events at days 0, 2, 4, 6. Event estimates are not additive."
SC04184,Independent recovery experiment 04184,Four_event_stress,4,1.0,1.0,1.0,1.0,South,"Independent 2027-01-01 snapshot; four events at days 0, 2, 4, 6. Event estimates are not additive."
SC04185,Independent recovery experiment 04185,Four_event_stress,4,1.0,1.0,1.0,1.0,South,"Independent 2027-01-01 snapshot; four events at days 0, 2, 4, 6. Event estimates are not additive."
SC04186,Independent recovery experiment 04186,Four_event_stress,4,1.0,1.0,1.0,1.0,West,"Independent 2027-01-01 snapshot; four events at days 0, 2, 4, 6. Event estimates are not additive."
SC04187,Independent recovery experiment 04187,Four_event_stress,4,1.0,1.0,1.0,1.0,East,"Independent 2027-01-01 snapshot; four events at days 0, 2, 4, 6. Event estimates are not additive."
SC04188,Independent recovery experiment 04188,Four_event_stress,4,1.0,1.0,1.0,1.0,West,"Independent 2027-01-01 snapshot; four events at days 0, 2, 4, 6. Event estimates are not additive."
SC04189,Independent recovery experiment 04189,Four_event_stress,4,1.0,1.0,1.0,1.0,North,"Independent 2027-01-01 snapshot; four events at days 0, 2, 4, 6. Event estimates are not additive."
SC04190,Independent recovery experiment 04190,Four_event_stress,4,1.0,1.0,1.0,1.0,South,"Independent 2027-01-01 snapshot; four events at days 0, 2, 4, 6. Event estimates are not additive."
SC04191,Independent recovery experiment 04191,Four_event_stress,4,1.0,1.0,1.0,1.0,South,"Independent 2027-01-01 snapshot; four events at days 0, 2, 4, 6. Event estimates are not additive."
SC04192,Independent recovery experiment 04192,Four_event_stress,4,1.0,1.0,1.0,1.0,West,"Independent 2027-01-01 snapshot; four events at days 0, 2, 4, 6. Event estimates are not additive."
SC04193,Independent recovery experiment 04193,Four_event_stress,4,1.0,1.0,1.0,1.0,North,"Independent 2027-01-01 snapshot; four events at days 0, 2, 4, 6. Event estimates are not additive."
SC04194,Independent recovery experiment 04194,Four_event_stress,4,1.0,1.0,1.0,1.0,South,"Independent 2027-01-01 snapshot; four events at days 0, 2, 4, 6. Event estimates are not additive."
SC04195,Independent recovery experiment 04195,Four_event_stress,4,1.0,1.0,1.0,1.0,South,"Independent 2027-01-01 snapshot; four events at days 0, 2, 4, 6. Event estimates are not additive."
SC04196,Independent recovery experiment 04196,Four_event_stress,4,1.0,1.0,1.0,1.0,West,"Independent 2027-01-01 snapshot; four events at days 0, 2, 4, 6. Event estimates are not additive."
SC04197,Independent recovery experiment 04197,Four_event_stress,4,1.0,1.0,1.0,1.0,East,"Independent 2027-01-01 snapshot; four events at days 0, 2, 4, 6. Event estimates are not additive."
SC04198,Independent recovery experiment 04198,Four_event_stress,4,1.0,1.0,1.0,1.0,West,"Independent 2027-01-01 snapshot; four events at days 0, 2, 4, 6. Event estimates are not additive."
SC04199,Independent recovery experiment 04199,Four_event_stress,4,1.0,1.0,1.0,1.0,North,"Independent 2027-01-01 snapshot; four events at days 0, 2, 4, 6. Event estimates are not additive."
SC04200,Independent recovery experiment 04200,Four_event_stress,4,1.0,1.0,1.0,1.0,South,"Independent 2027-01-01 snapshot; four events at days 0, 2, 4, 6. Event estimates are not additive."
SC04201,Independent recovery experiment 04201,Four_event_stress,4,1.0,1.0,1.0,1.0,South,"Independent 2027-01-01 snapshot; four events at days 0, 2, 4, 6. Event estimates are not additive."
SC04202,Independent recovery experiment 04202,Four_event_stress,4,1.0,1.0,1.0,1.0,West,"Independent 2027-01-01 snapshot; four events at days 0, 2, 4, 6. Event estimates are not additive."
SC04203,Independent recovery experiment 04203,Four_event_stress,4,1.0,1.0,1.0,1.0,North,"Independent 2027-01-01 snapshot; four events at days 0, 2, 4, 6. Event estimates are not additive."
SC04204,Independent recovery experiment 04204,Four_event_stress,4,1.0,1.0,1.0,1.0,South,"Independent 2027-01-01 snapshot; four events at days 0, 2, 4, 6. Event estimates are not additive."
SC04205,Independent recovery experiment 04205,Four_event_stress,4,1.0,1.0,1.0,1.0,South,"Independent 2027-01-01 snapshot; four events at days 0, 2, 4, 6. Event estimates are not additive."
SC04206,Independent recovery experiment 04206,Four_event_stress,4,1.0,1.0,1.0,1.0,West,"Independent 2027-01-01 snapshot; four events at days 0, 2, 4, 6. Event estimates are not additive."
SC04207,Independent recovery experiment 04207,Four_event_stress,4,1.0,1.0,1.0,1.0,East,"Independent 2027-01-01 snapshot; four events at days 0, 2, 4, 6. Event estimates are not additive."
SC04208,Independent recovery experiment 04208,Four_event_stress,4,1.0,1.0,1.0,1.0,West,"Independent 2027-01-01 snapshot; four events at days 0, 2, 4, 6. Event estimates are not additive."
SC04209,Independent recovery experiment 04209,Four_event_stress,4,1.0,1.0,1.0,1.0,North,"Independent 2027-01-01 snapshot; four events at days 0, 2, 4, 6. Event estimates are not additive."
SC04210,Independent recovery experiment 04210,Four_event_stress,4,1.0,1.0,1.0,1.0,South,"Independent 2027-01-01 snapshot; four events at days 0, 2, 4, 6. Event estimates are not additive."
SC04211,Independent recovery experiment 04211,Four_event_stress,4,1.0,1.0,1.0,1.0,South,"Independent 2027-01-01 snapshot; four events at days 0, 2, 4, 6. Event estimates are not additive."
SC04212,Independent recovery experiment 04212,Four_event_stress,4,1.0,1.0,1.0,1.0,West,"Independent 2027-01-01 snapshot; four events at days 0, 2, 4, 6. Event estimates are not additive."
SC04213,Independent recovery experiment 04213,Four_event_stress,4,1.0,1.0,1.0,1.0,North,"Independent 2027-01-01 snapshot; four events at days 0, 2, 4, 6. Event estimates are not additive."
SC04214,Independent recovery experiment 04214,Four_event_stress,4,1.0,1.0,1.0,1.0,South,"Independent 2027-01-01 snapshot; four events at days 0, 2, 4, 6. Event estimates are not additive."
SC04215,Independent recovery experiment 04215,Four_event_stress,4,1.0,1.0,1.0,1.0,South,"Independent 2027-01-01 snapshot; four events at days 0, 2, 4, 6. Event estimates are not additive."
SC04216,Independent recovery experiment 04216,Four_event_stress,4,1.0,1.0,1.0,1.0,West,"Independent 2027-01-01 snapshot; four events at days 0, 2, 4, 6. Event estimates are not additive."
SC04217,Independent recovery experiment 04217,Four_event_stress,4,1.0,1.0,1.0,1.0,East,"Independent 2027-01-01 snapshot; four events at days 0, 2, 4, 6. Event estimates are not additive."
SC04218,Independent recovery experiment 04218,Four_event_stress,4,1.0,1.0,1.0,1.0,West,"Independent 2027-01-01 snapshot; four events at days 0, 2, 4, 6. Event estimates are not additive."
SC04219,Independent recovery experiment 04219,Four_event_stress,4,1.0,1.0,1.0,1.0,North,"Independent 2027-01-01 snapshot; four events at days 0, 2, 4, 6. Event estimates are not additive."
SC04220,Independent recovery experiment 04220,Four_event_stress,4,1.0,1.0,1.0,1.0,South,"Independent 2027-01-01 snapshot; four events at days 0, 2, 4, 6. Event estimates are not additive."
SC04221,Independent recovery experiment 04221,Four_event_stress,4,1.0,1.0,1.0,1.0,South,"Independent 2027-01-01 snapshot; four events at days 0, 2, 4, 6. Event estimates are not additive."
SC04222,Independent recovery experiment 04222,Four_event_stress,4,1.0,1.0,1.0,1.0,West,"Independent 2027-01-01 snapshot; four events at days 0, 2, 4, 6. Event estimates are not additive."
SC04223,Independent recovery experiment 04223,Four_event_stress,4,1.0,1.0,1.0,1.0,North,"Independent 2027-01-01 snapshot; four events at days 0, 2, 4, 6. Event estimates are not additive."
SC04224,Independent recovery experiment 04224,Four_event_stress,4,1.0,1.0,1.0,1.0,South,"Independent 2027-01-01 snapshot; four events at days 0, 2, 4, 6. Event estimates are not additive."
SC04225,Independent recovery experiment 04225,Four_event_stress,4,1.0,1.0,1.0,1.0,South,"Independent 2027-01-01 snapshot; four events at days 0, 2, 4, 6. Event estimates are not additive."
SC04226,Independent recovery experiment 04226,Four_event_stress,4,1.0,1.0,1.0,1.0,West,"Independent 2027-01-01 snapshot; four events at days 0, 2, 4, 6. Event estimates are not additive."
SC04227,Independent recovery experiment 04227,Four_event_stress,4,1.0,1.0,1.0,1.0,East,"Independent 2027-01-01 snapshot; four events at days 0, 2, 4, 6. Event estimates are not additive."
SC04228,Independent recovery experiment 04228,Four_event_stress,4,1.0,1.0,1.0,1.0,West,"Independent 2027-01-01 snapshot; four events at days 0, 2, 4, 6. Event estimates are not additive."
SC04229,Independent recovery experiment 04229,Four_event_stress,4,1.0,1.0,1.0,1.0,North,"Independent 2027-01-01 snapshot; four events at days 0, 2, 4, 6. Event estimates are not additive."
SC04230,Independent recovery experiment 04230,Four_event_stress,4,1.0,1.0,1.0,1.0,South,"Independent 2027-01-01 snapshot; four events at days 0, 2, 4, 6. Event estimates are not additive."
SC04231,Independent recovery experiment 04231,Four_event_stress,4,1.0,1.0,1.0,1.0,South,"Independent 2027-01-01 snapshot; four events at days 0, 2, 4, 6. Event estimates are not additive."
SC04232,Independent recovery experiment 04232,Four_event_stress,4,1.0,1.0,1.0,1.0,West,"Independent 2027-01-01 snapshot; four events at days 0, 2, 4, 6. Event estimates are not additive."
SC04233,Independent recovery experiment 04233,Four_event_stress,4,1.0,1.0,1.0,1.0,North,"Independent 2027-01-01 snapshot; four events at days 0, 2, 4, 6. Event estimates are not additive."
SC04234,Independent recovery experiment 04234,Four_event_stress,4,1.0,1.0,1.0,1.0,South,"Independent 2027-01-01 snapshot; four events at days 0, 2, 4, 6. Event estimates are not additive."
SC04235,Independent recovery experiment 04235,Four_event_stress,4,1.0,1.0,1.0,1.0,South,"Independent 2027-01-01 snapshot; four events at days 0, 2, 4, 6. Event estimates are not additive."
SC04236,Independent recovery experiment 04236,Four_event_stress,4,1.0,1.0,1.0,1.0,West,"Independent 2027-01-01 snapshot; four events at days 0, 2, 4, 6. Event estimates are not additive."
SC04237,Independent recovery experiment 04237,Four_event_stress,4,1.0,1.0,1.0,1.0,East,"Independent 2027-01-01 snapshot; four events at days 0, 2, 4, 6. Event estimates are not additive."
SC04238,Independent recovery experiment 04238,Four_event_stress,4,1.0,1.0,1.0,1.0,West,"Independent 2027-01-01 snapshot; four events at days 0, 2, 4, 6. Event estimates are not additive."
SC04239,Independent recovery experiment 04239,Four_event_stress,4,1.0,1.0,1.0,1.0,North,"Independent 2027-01-01 snapshot; four events at days 0, 2, 4, 6. Event estimates are not additive."
SC04240,Independent recovery experiment 04240,Four_event_stress,4,1.0,1.0,1.0,1.0,South,"Independent 2027-01-01 snapshot; four events at days 0, 2, 4, 6. Event estimates are not additive."
SC04241,Independent recovery experiment 04241,Four_event_stress,4,1.0,1.0,1.0,1.0,South,"Independent 2027-01-01 snapshot; four events at days 0, 2, 4, 6. Event estimates are not additive."
SC04242,Independent recovery experiment 04242,Four_event_stress,4,1.0,1.0,1.0,1.0,West,"Independent 2027-01-01 snapshot; four events at days 0, 2, 4, 6. Event estimates are not additive."
SC04243,Independent recovery experiment 04243,Four_event_stress,4,1.0,1.0,1.0,1.0,North,"Independent 2027-01-01 snapshot; four events at days 0, 2, 4, 6. Event estimates are not additive."
SC04244,Independent recovery experiment 04244,Four_event_stress,4,1.0,1.0,1.0,1.0,South,"Independent 2027-01-01 snapshot; four events at days 0, 2, 4, 6. Event estimates are not additive."
SC04245,Independent recovery experiment 04245,Four_event_stress,4,1.0,1.0,1.0,1.0,South,"Independent 2027-01-01 snapshot; four events at days 0, 2, 4, 6. Event estimates are not additive."
SC04246,Independent recovery experiment 04246,Four_event_stress,4,1.0,1.0,1.0,1.0,West,"Independent 2027-01-01 snapshot; four events at days 0, 2, 4, 6. Event estimates are not additive."
SC04247,Independent recovery experiment 04247,Four_event_stress,4,1.0,1.0,1.0,1.0,East,"Independent 2027-01-01 snapshot; four events at days 0, 2, 4, 6. Event estimates are not additive."
SC04248,Independent recovery experiment 04248,Four_event_stress,4,1.0,1.0,1.0,1.0,West,"Independent 2027-01-01 snapshot; four events at days 0, 2, 4, 6. Event estimates are not additive."
SC04249,Independent recovery experiment 04249,Four_event_stress,4,1.0,1.0,1.0,1.0,North,"Independent 2027-01-01 snapshot; four events at days 0, 2, 4, 6. Event estimates are not additive."
SC04250,Independent recovery experiment 04250,Four_event_stress,4,1.0,1.0,1.0,1.0,South,"Independent 2027-01-01 snapshot; four events at days 0, 2, 4, 6. Event estimates are not additive."
SC04251,Independent recovery experiment 04251,Four_event_stress,4,1.0,1.0,1.0,1.0,South,"Independent 2027-01-01 snapshot; four events at days 0, 2, 4, 6. Event estimates are not additive."
SC04252,Independent recovery experiment 04252,Four_event_stress,4,1.0,1.0,1.0,1.0,West,"Independent 2027-01-01 snapshot; four events at days 0, 2, 4, 6. Event estimates are not additive."
SC04253,Independent recovery experiment 04253,Four_event_stress,4,1.0,1.0,1.0,1.0,North,"Independent 2027-01-01 snapshot; four events at days 0, 2, 4, 6. Event estimates are not additive."
SC04254,Independent recovery experiment 04254,Four_event_stress,4,1.0,1.0,1.0,1.0,South,"Independent 2027-01-01 snapshot; four events at days 0, 2, 4, 6. Event estimates are not additive."
SC04255,Independent recovery experiment 04255,Four_event_stress,4,1.0,1.0,1.0,1.0,South,"Independent 2027-01-01 snapshot; four events at days 0, 2, 4, 6. Event estimates are not additive."
SC04256,Independent recovery experiment 04256,Four_event_stress,4,1.0,1.0,1.0,1.0,West,"Independent 2027-01-01 snapshot; four events at days 0, 2, 4, 6. Event estimates are not additive."
SC04257,Independent recovery experiment 04257,Four_event_stress,4,1.0,1.0,1.0,1.0,East,"Independent 2027-01-01 snapshot; four events at days 0, 2, 4, 6. Event estimates are not additive."
SC04258,Independent recovery experiment 04258,Four_event_stress,4,1.0,1.0,1.0,1.0,West,"Independent 2027-01-01 snapshot; four events at days 0, 2, 4, 6. Event estimates are not additive."
SC04259,Independent recovery experiment 04259,Four_event_stress,4,1.0,1.0,1.0,1.0,North,"Independent 2027-01-01 snapshot; four events at days 0, 2, 4, 6. Event estimates are not additive."
SC04260,Independent recovery experiment 04260,Four_event_stress,4,1.0,1.0,1.0,1.0,South,"Independent 2027-01-01 snapshot; four events at days 0, 2, 4, 6. Event estimates are not additive."
SC04261,Independent recovery experiment 04261,Four_event_stress,4,1.0,1.0,1.0,1.0,South,"Independent 2027-01-01 snapshot; four events at days 0, 2, 4, 6. Event estimates are not additive."
SC04262,Independent recovery experiment 04262,Four_event_stress,4,1.0,1.0,1.0,1.0,West,"Independent 2027-01-01 snapshot; four events at days 0, 2, 4, 6. Event estimates are not additive."
SC04263,Independent recovery experiment 04263,Four_event_stress,4,1.0,1.0,1.0,1.0,North,"Independent 2027-01-01 snapshot; four events at days 0, 2, 4, 6. Event estimates are not additive."
SC04264,Independent recovery experiment 04264,Four_event_stress,4,1.0,1.0,1.0,1.0,South,"Independent 2027-01-01 snapshot; four events at days 0, 2, 4, 6. Event estimates are not additive."
SC04265,Independent recovery experiment 04265,Four_event_stress,4,1.0,1.0,1.0,1.0,South,"Independent 2027-01-01 snapshot; four events at days 0, 2, 4, 6. Event estimates are not additive."
SC04266,Independent recovery experiment 04266,Four_event_stress,4,1.0,1.0,1.0,1.0,West,"Independent 2027-01-01 snapshot; four events at days 0, 2, 4, 6. Event estimates are not additive."
SC04267,Independent recovery experiment 04267,Four_event_stress,4,1.0,1.0,1.0,1.0,East,"Independent 2027-01-01 snapshot; four events at days 0, 2, 4, 6. Event estimates are not additive."
SC04268,Independent recovery experiment 04268,Four_event_stress,4,1.0,1.0,1.0,1.0,West,"Independent 2027-01-01 snapshot; four events at days 0, 2, 4, 6. Event estimates are not additive."
SC04269,Independent recovery experiment 04269,Four_event_stress,4,1.0,1.0,1.0,1.0,North,"Independent 2027-01-01 snapshot; four events at days 0, 2, 4, 6. Event estimates are not additive."
SC04270,Independent recovery experiment 04270,Four_event_stress,4,1.0,1.0,1.0,1.0,South,"Independent 2027-01-01 snapshot; four events at days 0, 2, 4, 6. Event estimates are not additive."
SC04271,Independent recovery experiment 04271,Four_event_stress,4,1.0,1.0,1.0,1.0,South,"Independent 2027-01-01 snapshot; four events at days 0, 2, 4, 6. Event estimates are not additive."
SC04272,Independent recovery experiment 04272,Four_event_stress,4,1.0,1.0,1.0,1.0,West,"Independent 2027-01-01 snapshot; four events at days 0, 2, 4, 6. Event estimates are not additive."
SC04273,Independent recovery experiment 04273,Four_event_stress,4,1.0,1.0,1.0,1.0,North,"Independent 2027-01-01 snapshot; four events at days 0, 2, 4, 6. Event estimates are not additive."
SC04274,Independent recovery experiment 04274,Four_event_stress,4,1.0,1.0,1.0,1.0,South,"Independent 2027-01-01 snapshot; four events at days 0, 2, 4, 6. Event estimates are not additive."
SC04275,Independent recovery experiment 04275,Four_event_stress,4,1.0,1.0,1.0,1.0,South,"Independent 2027-01-01 snapshot; four events at days 0, 2, 4, 6. Event estimates are not additive."
SC04276,Independent recovery experiment 04276,Four_event_stress,4,1.0,1.0,1.0,1.0,West,"Independent 2027-01-01 snapshot; four events at days 0, 2, 4, 6. Event estimates are not additive."
SC04277,Independent recovery experiment 04277,Four_event_stress,4,1.0,1.0,1.0,1.0,East,"Independent 2027-01-01 snapshot; four events at days 0, 2, 4, 6. Event estimates are not additive."
SC04278,Independent recovery experiment 04278,Four_event_stress,4,1.0,1.0,1.0,1.0,West,"Independent 2027-01-01 snapshot; four events at days 0, 2, 4, 6. Event estimates are not additive."
SC04279,Independent recovery experiment 04279,Four_event_stress,4,1.0,1.0,1.0,1.0,North,"Independent 2027-01-01 snapshot; four events at days 0, 2, 4, 6. Event estimates are not additive."
SC04280,Independent recovery experiment 04280,Four_event_stress,4,1.0,1.0,1.0,1.0,South,"Independent 2027-01-01 snapshot; four events at days 0, 2, 4, 6. Event estimates are not additive."
SC04281,Independent recovery experiment 04281,Four_event_stress,4,1.0,1.0,1.0,1.0,South,"Independent 2027-01-01 snapshot; four events at days 0, 2, 4, 6. Event estimates are not additive."
SC04282,Independent recovery experiment 04282,Four_event_stress,4,1.0,1.0,1.0,1.0,West,"Independent 2027-01-01 snapshot; four events at days 0, 2, 4, 6. Event estimates are not additive."
SC04283,Independent recovery experiment 04283,Four_event_stress,4,1.0,1.0,1.0,1.0,North,"Independent 2027-01-01 snapshot; four events at days 0, 2, 4, 6. Event estimates are not additive."
SC04284,Independent recovery experiment 04284,Four_event_stress,4,1.0,1.0,1.0,1.0,South,"Independent 2027-01-01 snapshot; four events at days 0, 2, 4, 6. Event estimates are not additive."
SC04285,Independent recovery experiment 04285,Four_event_stress,4,1.0,1.0,1.0,1.0,South,"Independent 2027-01-01 snapshot; four events at days 0, 2, 4, 6. Event estimates are not additive."
SC04286,Independent recovery experiment 04286,Four_event_stress,4,1.0,1.0,1.0,1.0,West,"Independent 2027-01-01 snapshot; four events at days 0, 2, 4, 6. Event estimates are not additive."
SC04287,Independent recovery experiment 04287,Four_event_stress,4,1.0,1.0,1.0,1.0,East,"Independent 2027-01-01 snapshot; four events at days 0, 2, 4, 6. Event estimates are not additive."
SC04288,Independent recovery experiment 04288,Four_event_stress,4,1.0,1.0,1.0,1.0,West,"Independent 2027-01-01 snapshot; four events at days 0, 2, 4, 6. Event estimates are not additive."
SC04289,Independent recovery experiment 04289,Four_event_stress,4,1.0,1.0,1.0,1.0,North,"Independent 2027-01-01 snapshot; four events at days 0, 2, 4, 6. Event estimates are not additive."
SC04290,Independent recovery experiment 04290,Four_event_stress,4,1.0,1.0,1.0,1.0,South,"Independent 2027-01-01 snapshot; four events at days 0, 2, 4, 6. Event estimates are not additive."
SC04291,Independent recovery experiment 04291,Four_event_stress,4,1.0,1.0,1.0,1.0,South,"Independent 2027-01-01 snapshot; four events at days 0, 2, 4, 6. Event estimates are not additive."
SC04292,Independent recovery experiment 04292,Four_event_stress,4,1.0,1.0,1.0,1.0,West,"Independent 2027-01-01 snapshot; four events at days 0, 2, 4, 6. Event estimates are not additive."
SC04293,Independent recovery experiment 04293,Four_event_stress,4,1.0,1.0,1.0,1.0,North,"Independent 2027-01-01 snapshot; four events at days 0, 2, 4, 6. Event estimates are not additive."
SC04294,Independent recovery experiment 04294,Four_event_stress,4,1.0,1.0,1.0,1.0,South,"Independent 2027-01-01 snapshot; four events at days 0, 2, 4, 6. Event estimates are not additive."
SC04295,Independent recovery experiment 04295,Four_event_stress,4,1.0,1.0,1.0,1.0,South,"Independent 2027-01-01 snapshot; four events at days 0, 2, 4, 6. Event estimates are not additive."
SC04296,Independent recovery experiment 04296,Four_event_stress,4,1.0,1.0,1.0,1.0,West,"Independent 2027-01-01 snapshot; four events at days 0, 2, 4, 6. Event estimates are not additive."
SC04297,Independent recovery experiment 04297,Four_event_stress,4,1.0,1.0,1.0,1.0,East,"Independent 2027-01-01 snapshot; four events at days 0, 2, 4, 6. Event estimates are not additive."
SC04298,Independent recovery experiment 04298,Four_event_stress,4,1.0,1.0,1.0,1.0,West,"Independent 2027-01-01 snapshot; four events at days 0, 2, 4, 6. Event estimates are not additive."
SC04299,Independent recovery experiment 04299,Four_event_stress,4,1.0,1.0,1.0,1.0,North,"Independent 2027-01-01 snapshot; four events at days 0, 2, 4, 6. Event estimates are not additive."
SC04300,Independent recovery experiment 04300,Four_event_stress,4,1.0,1.0,1.0,1.0,South,"Independent 2027-01-01 snapshot; four events at days 0, 2, 4, 6. Event estimates are not additive."
SC04301,Independent recovery experiment 04301,Four_event_stress,4,1.0,1.0,1.0,1.0,South,"Independent 2027-01-01 snapshot; four events at days 0, 2, 4, 6. Event estimates are not additive."
SC04302,Independent recovery experiment 04302,Four_event_stress,4,1.0,1.0,1.0,1.0,West,"Independent 2027-01-01 snapshot; four events at days 0, 2, 4, 6. Event estimates are not additive."
SC04303,Independent recovery experiment 04303,Four_event_stress,4,1.0,1.0,1.0,1.0,North,"Independent 2027-01-01 snapshot; four events at days 0, 2, 4, 6. Event estimates are not additive."
SC04304,Independent recovery experiment 04304,Four_event_stress,4,1.0,1.0,1.0,1.0,South,"Independent 2027-01-01 snapshot; four events at days 0, 2, 4, 6. Event estimates are not additive."
SC04305,Independent recovery experiment 04305,Four_event_stress,4,1.0,1.0,1.0,1.0,South,"Independent 2027-01-01 snapshot; four events at days 0, 2, 4, 6. Event estimates are not additive."
SC04306,Independent recovery experiment 04306,Four_event_stress,4,1.0,1.0,1.0,1.0,West,"Independent 2027-01-01 snapshot; four events at days 0, 2, 4, 6. Event estimates are not additive."
SC04307,Independent recovery experiment 04307,Four_event_stress,4,1.0,1.0,1.0,1.0,East,"Independent 2027-01-01 snapshot; four events at days 0, 2, 4, 6. Event estimates are not additive."
SC04308,Independent recovery experiment 04308,Four_event_stress,4,1.0,1.0,1.0,1.0,West,"Independent 2027-01-01 snapshot; four events at days 0, 2, 4, 6. Event estimates are not additive."
SC04309,Independent recovery experiment 04309,Four_event_stress,4,1.0,1.0,1.0,1.0,North,"Independent 2027-01-01 snapshot; four events at days 0, 2, 4, 6. Event estimates are not additive."
SC04310,Independent recovery experiment 04310,Four_event_stress,4,1.0,1.0,1.0,1.0,South,"Independent 2027-01-01 snapshot; four events at days 0, 2, 4, 6. Event estimates are not additive."
SC04311,Independent recovery experiment 04311,Four_event_stress,4,1.0,1.0,1.0,1.0,South,"Independent 2027-01-01 snapshot; four events at days 0, 2, 4, 6. Event estimates are not additive."
SC04312,Independent recovery experiment 04312,Four_event_stress,4,1.0,1.0,1.0,1.0,West,"Independent 2027-01-01 snapshot; four events at days 0, 2, 4, 6. Event estimates are not additive."
SC04313,Independent recovery experiment 04313,Four_event_stress,4,1.0,1.0,1.0,1.0,North,"Independent 2027-01-01 snapshot; four events at days 0, 2, 4, 6. Event estimates are not additive."
SC04314,Independent recovery experiment 04314,Four_event_stress,4,1.0,1.0,1.0,1.0,South,"Independent 2027-01-01 snapshot; four events at days 0, 2, 4, 6. Event estimates are not additive."
SC04315,Independent recovery experiment 04315,Four_event_stress,4,1.0,1.0,1.0,1.0,South,"Independent 2027-01-01 snapshot; four events at days 0, 2, 4, 6. Event estimates are not additive."
SC04316,Independent recovery experiment 04316,Four_event_stress,4,1.0,1.0,1.0,1.0,West,"Independent 2027-01-01 snapshot; four events at days 0, 2, 4, 6. Event estimates are not additive."
SC04317,Independent recovery experiment 04317,Four_event_stress,4,1.0,1.0,1.0,1.0,East,"Independent 2027-01-01 snapshot; four events at days 0, 2, 4, 6. Event estimates are not additive."
SC04318,Independent recovery experiment 04318,Four_event_stress,4,1.0,1.0,1.0,1.0,West,"Independent 2027-01-01 snapshot; four events at days 0, 2, 4, 6. Event estimates are not additive."
SC04319,Independent recovery experiment 04319,Four_event_stress,4,1.0,1.0,1.0,1.0,North,"Independent 2027-01-01 snapshot; four events at days 0, 2, 4, 6. Event estimates are not additive."
SC04320,Independent recovery experiment 04320,Four_event_stress,4,1.0,1.0,1.0,1.0,South,"Independent 2027-01-01 snapshot; four events at days 0, 2, 4, 6. Event estimates are not additive."
SC04321,Independent recovery experiment 04321,Four_event_stress,4,1.0,1.0,1.0,1.0,South,"Independent 2027-01-01 snapshot; four events at days 0, 2, 4, 6. Event estimates are not additive."
SC04322,Independent recovery experiment 04322,Four_event_stress,4,1.0,1.0,1.0,1.0,West,"Independent 2027-01-01 snapshot; four events at days 0, 2, 4, 6. Event estimates are not additive."
SC04323,Independent recovery experiment 04323,Four_event_stress,4,1.0,1.0,1.0,1.0,North,"Independent 2027-01-01 snapshot; four events at days 0, 2, 4, 6. Event estimates are not additive."
SC04324,Independent recovery experiment 04324,Four_event_stress,4,1.0,1.0,1.0,1.0,South,"Independent 2027-01-01 snapshot; four events at days 0, 2, 4, 6. Event estimates are not additive."
SC04325,Independent recovery experiment 04325,Four_event_stress,4,1.0,1.0,1.0,1.0,South,"Independent 2027-01-01 snapshot; four events at days 0, 2, 4, 6. Event estimates are not additive."
SC04326,Independent recovery experiment 04326,Four_event_stress,4,1.0,1.0,1.0,1.0,West,"Independent 2027-01-01 snapshot; four events at days 0, 2, 4, 6. Event estimates are not additive."
SC04327,Independent recovery experiment 04327,Four_event_stress,4,1.0,1.0,1.0,1.0,East,"Independent 2027-01-01 snapshot; four events at days 0, 2, 4, 6. Event estimates are not additive."
SC04328,Independent recovery experiment 04328,Four_event_stress,4,1.0,1.0,1.0,1.0,West,"Independent 2027-01-01 snapshot; four events at days 0, 2, 4, 6. Event estimates are not additive."
SC04329,Independent recovery experiment 04329,Four_event_stress,4,1.0,1.0,1.0,1.0,North,"Independent 2027-01-01 snapshot; four events at days 0, 2, 4, 6. Event estimates are not additive."
SC04330,Independent recovery experiment 04330,Four_event_stress,4,1.0,1.0,1.0,1.0,South,"Independent 2027-01-01 snapshot; four events at days 0, 2, 4, 6. Event estimates are not additive."
SC04331,Independent recovery experiment 04331,Four_event_stress,4,1.0,1.0,1.0,1.0,South,"Independent 2027-01-01 snapshot; four events at days 0, 2, 4, 6. Event estimates are not additive."
SC04332,Independent recovery experiment 04332,Four_event_stress,4,1.0,1.0,1.0,1.0,West,"Independent 2027-01-01 snapshot; four events at days 0, 2, 4, 6. Event estimates are not additive."
SC04333,Independent recovery experiment 04333,Four_event_stress,4,1.0,1.0,1.0,1.0,North,"Independent 2027-01-01 snapshot; four events at days 0, 2, 4, 6. Event estimates are not additive."
SC04334,Independent recovery experiment 04334,Four_event_stress,4,1.0,1.0,1.0,1.0,South,"Independent 2027-01-01 snapshot; four events at days 0, 2, 4, 6. Event estimates are not additive."
SC04335,Independent recovery experiment 04335,Four_event_stress,4,1.0,1.0,1.0,1.0,South,"Independent 2027-01-01 snapshot; four events at days 0, 2, 4, 6. Event estimates are not additive."
SC04336,Independent recovery experiment 04336,Four_event_stress,4,1.0,1.0,1.0,1.0,West,"Independent 2027-01-01 snapshot; four events at days 0, 2, 4, 6. Event estimates are not additive."
SC04337,Independent recovery experiment 04337,Four_event_stress,4,1.0,1.0,1.0,1.0,East,"Independent 2027-01-01 snapshot; four events at days 0, 2, 4, 6. Event estimates are not additive."
SC04338,Independent recovery experiment 04338,Four_event_stress,4,1.0,1.0,1.0,1.0,West,"Independent 2027-01-01 snapshot; four events at days 0, 2, 4, 6. Event estimates are not additive."
SC04339,Independent recovery experiment 04339,Four_event_stress,4,1.0,1.0,1.0,1.0,North,"Independent 2027-01-01 snapshot; four events at days 0, 2, 4, 6. Event estimates are not additive."
SC04340,Independent recovery experiment 04340,Four_event_stress,4,1.0,1.0,1.0,1.0,South,"Independent 2027-01-01 snapshot; four events at days 0, 2, 4, 6. Event estimates are not additive."
SC04341,Independent recovery experiment 04341,Four_event_stress,4,1.0,1.0,1.0,1.0,South,"Independent 2027-01-01 snapshot; four events at days 0, 2, 4, 6. Event estimates are not additive."
SC04342,Independent recovery experiment 04342,Four_event_stress,4,1.0,1.0,1.0,1.0,West,"Independent 2027-01-01 snapshot; four events at days 0, 2, 4, 6. Event estimates are not additive."
SC04343,Independent recovery experiment 04343,Four_event_stress,4,1.0,1.0,1.0,1.0,North,"Independent 2027-01-01 snapshot; four events at days 0, 2, 4, 6. Event estimates are not additive."
SC04344,Independent recovery experiment 04344,Four_event_stress,4,1.0,1.0,1.0,1.0,South,"Independent 2027-01-01 snapshot; four events at days 0, 2, 4, 6. Event estimates are not additive."
SC04345,Independent recovery experiment 04345,Four_event_stress,4,1.0,1.0,1.0,1.0,South,"Independent 2027-01-01 snapshot; four events at days 0, 2, 4, 6. Event estimates are not additive."
SC04346,Independent recovery experiment 04346,Four_event_stress,4,1.0,1.0,1.0,1.0,West,"Independent 2027-01-01 snapshot; four events at days 0, 2, 4, 6. Event estimates are not additive."
SC04347,Independent recovery experiment 04347,Four_event_stress,4,1.0,1.0,1.0,1.0,East,"Independent 2027-01-01 snapshot; four events at days 0, 2, 4, 6. Event estimates are not additive."
SC04348,Independent recovery experiment 04348,Four_event_stress,4,1.0,1.0,1.0,1.0,West,"Independent 2027-01-01 snapshot; four events at days 0, 2, 4, 6. Event estimates are not additive."
SC04349,Independent recovery experiment 04349,Four_event_stress,4,1.0,1.0,1.0,1.0,North,"Independent 2027-01-01 snapshot; four events at days 0, 2, 4, 6. Event estimates are not additive."
SC04350,Independent recovery experiment 04350,Four_event_stress,4,1.0,1.0,1.0,1.0,South,"Independent 2027-01-01 snapshot; four events at days 0, 2, 4, 6. Event estimates are not additive."
SC04351,Independent recovery experiment 04351,Four_event_stress,4,1.0,1.0,1.0,1.0,South,"Independent 2027-01-01 snapshot; four events at days 0, 2, 4, 6. Event estimates are not additive."
SC04352,Independent recovery experiment 04352,Four_event_stress,4,1.0,1.0,1.0,1.0,West,"Independent 2027-01-01 snapshot; four events at days 0, 2, 4, 6. Event estimates are not additive."
SC04353,Independent recovery experiment 04353,Four_event_stress,4,1.0,1.0,1.0,1.0,North,"Independent 2027-01-01 snapshot; four events at days 0, 2, 4, 6. Event estimates are not additive."
SC04354,Independent recovery experiment 04354,Four_event_stress,4,1.0,1.0,1.0,1.0,South,"Independent 2027-01-01 snapshot; four events at days 0, 2, 4, 6. Event estimates are not additive."
SC04355,Independent recovery experiment 04355,Four_event_stress,4,1.0,1.0,1.0,1.0,South,"Independent 2027-01-01 snapshot; four events at days 0, 2, 4, 6. Event estimates are not additive."
SC04356,Independent recovery experiment 04356,Four_event_stress,4,1.0,1.0,1.0,1.0,West,"Independent 2027-01-01 snapshot; four events at days 0, 2, 4, 6. Event estimates are not additive."
SC04357,Independent recovery experiment 04357,Four_event_stress,4,1.0,1.0,1.0,1.0,East,"Independent 2027-01-01 snapshot; four events at days 0, 2, 4, 6. Event estimates are not additive."
SC04358,Independent recovery experiment 04358,Four_event_stress,4,1.0,1.0,1.0,1.0,West,"Independent 2027-01-01 snapshot; four events at days 0, 2, 4, 6. Event estimates are not additive."
SC04359,Independent recovery experiment 04359,Four_event_stress,4,1.0,1.0,1.0,1.0,North,"Independent 2027-01-01 snapshot; four events at days 0, 2, 4, 6. Event estimates are not additive."
SC04360,Independent recovery experiment 04360,Four_event_stress,4,1.0,1.0,1.0,1.0,South,"Independent 2027-01-01 snapshot; four events at days 0, 2, 4, 6. Event estimates are not additive."
SC04361,Independent recovery experiment 04361,Four_event_stress,4,1.0,1.0,1.0,1.0,South,"Independent 2027-01-01 snapshot; four events at days 0, 2, 4, 6. Event estimates are not additive."
SC04362,Independent recovery experiment 04362,Four_event_stress,4,1.0,1.0,1.0,1.0,West,"Independent 2027-01-01 snapshot; four events at days 0, 2, 4, 6. Event estimates are not additive."
SC04363,Independent recovery experiment 04363,Four_event_stress,4,1.0,1.0,1.0,1.0,North,"Independent 2027-01-01 snapshot; four events at days 0, 2, 4, 6. Event estimates are not additive."
SC04364,Independent recovery experiment 04364,Four_event_stress,4,1.0,1.0,1.0,1.0,South,"Independent 2027-01-01 snapshot; four events at days 0, 2, 4, 6. Event estimates are not additive."
SC04365,Independent recovery experiment 04365,Four_event_stress,4,1.0,1.0,1.0,1.0,South,"Independent 2027-01-01 snapshot; four events at days 0, 2, 4, 6. Event estimates are not additive."
SC04366,Independent recovery experiment 04366,Four_event_stress,4,1.0,1.0,1.0,1.0,West,"Independent 2027-01-01 snapshot; four events at days 0, 2, 4, 6. Event estimates are not additive."
SC04367,Independent recovery experiment 04367,Four_event_stress,4,1.0,1.0,1.0,1.0,East,"Independent 2027-01-01 snapshot; four events at days 0, 2, 4, 6. Event estimates are not additive."
SC04368,Independent recovery experiment 04368,Four_event_stress,4,1.0,1.0,1.0,1.0,West,"Independent 2027-01-01 snapshot; four events at days 0, 2, 4, 6. Event estimates are not additive."
SC04369,Independent recovery experiment 04369,Four_event_stress,4,1.0,1.0,1.0,1.0,North,"Independent 2027-01-01 snapshot; four events at days 0, 2, 4, 6. Event estimates are not additive."
SC04370,Independent recovery experiment 04370,Four_event_stress,4,1.0,1.0,1.0,1.0,South,"Independent 2027-01-01 snapshot; four events at days 0, 2, 4, 6. Event estimates are not additive."
SC04371,Independent recovery experiment 04371,Four_event_stress,4,1.0,1.0,1.0,1.0,South,"Independent 2027-01-01 snapshot; four events at days 0, 2, 4, 6. Event estimates are not additive."
SC04372,Independent recovery experiment 04372,Four_event_stress,4,1.0,1.0,1.0,1.0,West,"Independent 2027-01-01 snapshot; four events at days 0, 2, 4, 6. Event estimates are not additive."
SC04373,Independent recovery experiment 04373,Four_event_stress,4,1.0,1.0,1.0,1.0,North,"Independent 2027-01-01 snapshot; four events at days 0, 2, 4, 6. Event estimates are not additive."
SC04374,Independent recovery experiment 04374,Four_event_stress,4,1.0,1.0,1.0,1.0,South,"Independent 2027-01-01 snapshot; four events at days 0, 2, 4, 6. Event estimates are not additive."
SC04375,Independent recovery experiment 04375,Four_event_stress,4,1.0,1.0,1.0,1.0,South,"Independent 2027-01-01 snapshot; four events at days 0, 2, 4, 6. Event estimates are not additive."
SC04376,Independent recovery experiment 04376,Four_event_stress,4,1.0,1.0,1.0,1.0,West,"Independent 2027-01-01 snapshot; four events at days 0, 2, 4, 6. Event estimates are not additive."
SC04377,Independent recovery experiment 04377,Four_event_stress,4,1.0,1.0,1.0,1.0,East,"Independent 2027-01-01 snapshot; four events at days 0, 2, 4, 6. Event estimates are not additive."
SC04378,Independent recovery experiment 04378,Four_event_stress,4,1.0,1.0,1.0,1.0,West,"Independent 2027-01-01 snapshot; four events at days 0, 2, 4, 6. Event estimates are not additive."
SC04379,Independent recovery experiment 04379,Four_event_stress,4,1.0,1.0,1.0,1.0,North,"Independent 2027-01-01 snapshot; four events at days 0, 2, 4, 6. Event estimates are not additive."
SC04380,Independent recovery experiment 04380,Four_event_stress,4,1.0,1.0,1.0,1.0,South,"Independent 2027-01-01 snapshot; four events at days 0, 2, 4, 6. Event estimates are not additive."
SC04381,Independent recovery experiment 04381,Four_event_stress,4,1.0,1.0,1.0,1.0,South,"Independent 2027-01-01 snapshot; four events at days 0, 2, 4, 6. Event estimates are not additive."
SC04382,Independent recovery experiment 04382,Four_event_stress,4,1.0,1.0,1.0,1.0,West,"Independent 2027-01-01 snapshot; four events at days 0, 2, 4, 6. Event estimates are not additive."
SC04383,Independent recovery experiment 04383,Four_event_stress,4,1.0,1.0,1.0,1.0,North,"Independent 2027-01-01 snapshot; four events at days 0, 2, 4, 6. Event estimates are not additive."
SC04384,Independent recovery experiment 04384,Four_event_stress,4,1.0,1.0,1.0,1.0,South,"Independent 2027-01-01 snapshot; four events at days 0, 2, 4, 6. Event estimates are not additive."
SC04385,Independent recovery experiment 04385,Four_event_stress,4,1.0,1.0,1.0,1.0,South,"Independent 2027-01-01 snapshot; four events at days 0, 2, 4, 6. Event estimates are not additive."
SC04386,Independent recovery experiment 04386,Four_event_stress,4,1.0,1.0,1.0,1.0,West,"Independent 2027-01-01 snapshot; four events at days 0, 2, 4, 6. Event estimates are not additive."
SC04387,Independent recovery experiment 04387,Four_event_stress,4,1.0,1.0,1.0,1.0,East,"Independent 2027-01-01 snapshot; four events at days 0, 2, 4, 6. Event estimates are not additive."
SC04388,Independent recovery experiment 04388,Four_event_stress,4,1.0,1.0,1.0,1.0,West,"Independent 2027-01-01 snapshot; four events at days 0, 2, 4, 6. Event estimates are not additive."
SC04389,Independent recovery experiment 04389,Four_event_stress,4,1.0,1.0,1.0,1.0,North,"Independent 2027-01-01 snapshot; four events at days 0, 2, 4, 6. Event estimates are not additive."
SC04390,Independent recovery experiment 04390,Four_event_stress,4,1.0,1.0,1.0,1.0,South,"Independent 2027-01-01 snapshot; four events at days 0, 2, 4, 6. Event estimates are not additive."
SC04391,Independent recovery experiment 04391,Four_event_stress,4,1.0,1.0,1.0,1.0,South,"Independent 2027-01-01 snapshot; four events at days 0, 2, 4, 6. Event estimates are not additive."
SC04392,Independent recovery experiment 04392,Four_event_stress,4,1.0,1.0,1.0,1.0,West,"Independent 2027-01-01 snapshot; four events at days 0, 2, 4, 6. Event estimates are not additive."
SC04393,Independent recovery experiment 04393,Four_event_stress,4,1.0,1.0,1.0,1.0,North,"Independent 2027-01-01 snapshot; four events at days 0, 2, 4, 6. Event estimates are not additive."
SC04394,Independent recovery experiment 04394,Four_event_stress,4,1.0,1.0,1.0,1.0,South,"Independent 2027-01-01 snapshot; four events at days 0, 2, 4, 6. Event estimates are not additive."
SC04395,Independent recovery experiment 04395,Four_event_stress,4,1.0,1.0,1.0,1.0,South,"Independent 2027-01-01 snapshot; four events at days 0, 2, 4, 6. Event estimates are not additive."
SC04396,Independent recovery experiment 04396,Four_event_stress,4,1.0,1.0,1.0,1.0,West,"Independent 2027-01-01 snapshot; four events at days 0, 2, 4, 6. Event estimates are not additive."
SC04397,Independent recovery experiment 04397,Four_event_stress,4,1.0,1.0,1.0,1.0,East,"Independent 2027-01-01 snapshot; four events at days 0, 2, 4, 6. Event estimates are not additive."
SC04398,Independent recovery experiment 04398,Four_event_stress,4,1.0,1.0,1.0,1.0,West,"Independent 2027-01-01 snapshot; four events at days 0, 2, 4, 6. Event estimates are not additive."
SC04399,Independent recovery experiment 04399,Four_event_stress,4,1.0,1.0,1.0,1.0,North,"Independent 2027-01-01 snapshot; four events at days 0, 2, 4, 6. Event estimates are not additive."
SC04400,Independent recovery experiment 04400,Four_event_stress,4,1.0,1.0,1.0,1.0,South,"Independent 2027-01-01 snapshot; four events at days 0, 2, 4, 6. Event estimates are not additive."
SC04401,Independent recovery experiment 04401,Four_event_stress,4,1.0,1.0,1.0,1.0,South,"Independent 2027-01-01 snapshot; four events at days 0, 2, 4, 6. Event estimates are not additive."
SC04402,Independent recovery experiment 04402,Four_event_stress,4,1.0,1.0,1.0,1.0,West,"Independent 2027-01-01 snapshot; four events at days 0, 2, 4, 6. Event estimates are not additive."
SC04403,Independent recovery experiment 04403,Four_event_stress,4,1.0,1.0,1.0,1.0,North,"Independent 2027-01-01 snapshot; four events at days 0, 2, 4, 6. Event estimates are not additive."
SC04404,Independent recovery experiment 04404,Four_event_stress,4,1.0,1.0,1.0,1.0,South,"Independent 2027-01-01 snapshot; four events at days 0, 2, 4, 6. Event estimates are not additive."
SC04405,Independent recovery experiment 04405,Four_event_stress,4,1.0,1.0,1.0,1.0,South,"Independent 2027-01-01 snapshot; four events at days 0, 2, 4, 6. Event estimates are not additive."
SC04406,Independent recovery experiment 04406,Four_event_stress,4,1.0,1.0,1.0,1.0,West,"Independent 2027-01-01 snapshot; four events at days 0, 2, 4, 6. Event estimates are not additive."
SC04407,Independent recovery experiment 04407,Four_event_stress,4,1.0,1.0,1.0,1.0,East,"Independent 2027-01-01 snapshot; four events at days 0, 2, 4, 6. Event estimates are not additive."
SC04408,Independent recovery experiment 04408,Four_event_stress,4,1.0,1.0,1.0,1.0,West,"Independent 2027-01-01 snapshot; four events at days 0, 2, 4, 6. Event estimates are not additive."
SC04409,Independent recovery experiment 04409,Four_event_stress,4,1.0,1.0,1.0,1.0,North,"Independent 2027-01-01 snapshot; four events at days 0, 2, 4, 6. Event estimates are not additive."
SC04410,Independent recovery experiment 04410,Four_event_stress,4,1.0,1.0,1.0,1.0,South,"Independent 2027-01-01 snapshot; four events at days 0, 2, 4, 6. Event estimates are not additive."
SC04411,Independent recovery experiment 04411,Four_event_stress,4,1.0,1.0,1.0,1.0,South,"Independent 2027-01-01 snapshot; four events at days 0, 2, 4, 6. Event estimates are not additive."
SC04412,Independent recovery experiment 04412,Four_event_stress,4,1.0,1.0,1.0,1.0,West,"Independent 2027-01-01 snapshot; four events at days 0, 2, 4, 6. Event estimates are not additive."
SC04413,Independent recovery experiment 04413,Four_event_stress,4,1.0,1.0,1.0,1.0,North,"Independent 2027-01-01 snapshot; four events at days 0, 2, 4, 6. Event estimates are not additive."
SC04414,Independent recovery experiment 04414,Four_event_stress,4,1.0,1.0,1.0,1.0,South,"Independent 2027-01-01 snapshot; four events at days 0, 2, 4, 6. Event estimates are not additive."
SC04415,Independent recovery experiment 04415,Four_event_stress,4,1.0,1.0,1.0,1.0,South,"Independent 2027-01-01 snapshot; four events at days 0, 2, 4, 6. Event estimates are not additive."
SC04416,Independent recovery experiment 04416,Four_event_stress,4,1.0,1.0,1.0,1.0,West,"Independent 2027-01-01 snapshot; four events at days 0, 2, 4, 6. Event estimates are not additive."
SC04417,Independent recovery experiment 04417,Four_event_stress,4,1.0,1.0,1.0,1.0,East,"Independent 2027-01-01 snapshot; four events at days 0, 2, 4, 6. Event estimates are not additive."
SC04418,Independent recovery experiment 04418,Four_event_stress,4,1.0,1.0,1.0,1.0,West,"Independent 2027-01-01 snapshot; four events at days 0, 2, 4, 6. Event estimates are not additive."
SC04419,Independent recovery experiment 04419,Four_event_stress,4,1.0,1.0,1.0,1.0,North,"Independent 2027-01-01 snapshot; four events at days 0, 2, 4, 6. Event estimates are not additive."
SC04420,Independent recovery experiment 04420,Four_event_stress,4,1.0,1.0,1.0,1.0,South,"Independent 2027-01-01 snapshot; four events at days 0, 2, 4, 6. Event estimates are not additive."
SC04421,Independent recovery experiment 04421,Four_event_stress,4,1.0,1.0,1.0,1.0,South,"Independent 2027-01-01 snapshot; four events at days 0, 2, 4, 6. Event estimates are not additive."
SC04422,Independent recovery experiment 04422,Four_event_stress,4,1.0,1.0,1.0,1.0,West,"Independent 2027-01-01 snapshot; four events at days 0, 2, 4, 6. Event estimates are not additive."
SC04423,Independent recovery experiment 04423,Four_event_stress,4,1.0,1.0,1.0,1.0,North,"Independent 2027-01-01 snapshot; four events at days 0, 2, 4, 6. Event estimates are not additive."
SC04424,Independent recovery experiment 04424,Four_event_stress,4,1.0,1.0,1.0,1.0,South,"Independent 2027-01-01 snapshot; four events at days 0, 2, 4, 6. Event estimates are not additive."
SC04425,Independent recovery experiment 04425,Four_event_stress,4,1.0,1.0,1.0,1.0,South,"Independent 2027-01-01 snapshot; four events at days 0, 2, 4, 6. Event estimates are not additive."
SC04426,Independent recovery experiment 04426,Four_event_stress,4,1.0,1.0,1.0,1.0,West,"Independent 2027-01-01 snapshot; four events at days 0, 2, 4, 6. Event estimates are not additive."
SC04427,Independent recovery experiment 04427,Four_event_stress,4,1.0,1.0,1.0,1.0,East,"Independent 2027-01-01 snapshot; four events at days 0, 2, 4, 6. Event estimates are not additive."
SC04428,Independent recovery experiment 04428,Four_event_stress,4,1.0,1.0,1.0,1.0,West,"Independent 2027-01-01 snapshot; four events at days 0, 2, 4, 6. Event estimates are not additive."
SC04429,Independent recovery experiment 04429,Four_event_stress,4,1.0,1.0,1.0,1.0,North,"Independent 2027-01-01 snapshot; four events at days 0, 2, 4, 6. Event estimates are not additive."
SC04430,Independent recovery experiment 04430,Four_event_stress,4,1.0,1.0,1.0,1.0,South,"Independent 2027-01-01 snapshot; four events at days 0, 2, 4, 6. Event estimates are not additive."
SC04431,Independent recovery experiment 04431,Four_event_stress,4,1.0,1.0,1.0,1.0,South,"Independent 2027-01-01 snapshot; four events at days 0, 2, 4, 6. Event estimates are not additive."
SC04432,Independent recovery experiment 04432,Four_event_stress,4,1.0,1.0,1.0,1.0,West,"Independent 2027-01-01 snapshot; four events at days 0, 2, 4, 6. Event estimates are not additive."
SC04433,Independent recovery experiment 04433,Four_event_stress,4,1.0,1.0,1.0,1.0,North,"Independent 2027-01-01 snapshot; four events at days 0, 2, 4, 6. Event estimates are not additive."
SC04434,Independent recovery experiment 04434,Four_event_stress,4,1.0,1.0,1.0,1.0,South,"Independent 2027-01-01 snapshot; four events at days 0, 2, 4, 6. Event estimates are not additive."
SC04435,Independent recovery experiment 04435,Four_event_stress,4,1.0,1.0,1.0,1.0,South,"Independent 2027-01-01 snapshot; four events at days 0, 2, 4, 6. Event estimates are not additive."
SC04436,Independent recovery experiment 04436,Four_event_stress,4,1.0,1.0,1.0,1.0,West,"Independent 2027-01-01 snapshot; four events at days 0, 2, 4, 6. Event estimates are not additive."
SC04437,Independent recovery experiment 04437,Four_event_stress,4,1.0,1.0,1.0,1.0,East,"Independent 2027-01-01 snapshot; four events at days 0, 2, 4, 6. Event estimates are not additive."
SC04438,Independent recovery experiment 04438,Four_event_stress,4,1.0,1.0,1.0,1.0,West,"Independent 2027-01-01 snapshot; four events at days 0, 2, 4, 6. Event estimates are not additive."
SC04439,Independent recovery experiment 04439,Four_event_stress,4,1.0,1.0,1.0,1.0,North,"Independent 2027-01-01 snapshot; four events at days 0, 2, 4, 6. Event estimates are not additive."
SC04440,Independent recovery experiment 04440,Four_event_stress,4,1.0,1.0,1.0,1.0,South,"Independent 2027-01-01 snapshot; four events at days 0, 2, 4, 6. Event estimates are not additive."
SC04441,Independent recovery experiment 04441,Four_event_stress,4,1.0,1.0,1.0,1.0,South,"Independent 2027-01-01 snapshot; four events at days 0, 2, 4, 6. Event estimates are not additive."
SC04442,Independent recovery experiment 04442,Four_event_stress,4,1.0,1.0,1.0,1.0,West,"Independent 2027-01-01 snapshot; four events at days 0, 2, 4, 6. Event estimates are not additive."
SC04443,Independent recovery experiment 04443,Four_event_stress,4,1.0,1.0,1.0,1.0,North,"Independent 2027-01-01 snapshot; four events at days 0, 2, 4, 6. Event estimates are not additive."
SC04444,Independent recovery experiment 04444,Four_event_stress,4,1.0,1.0,1.0,1.0,South,"Independent 2027-01-01 snapshot; four events at days 0, 2, 4, 6. Event estimates are not additive."
SC04445,Independent recovery experiment 04445,Four_event_stress,4,1.0,1.0,1.0,1.0,South,"Independent 2027-01-01 snapshot; four events at days 0, 2, 4, 6. Event estimates are not additive."
SC04446,Independent recovery experiment 04446,Four_event_stress,4,1.0,1.0,1.0,1.0,West,"Independent 2027-01-01 snapshot; four events at days 0, 2, 4, 6. Event estimates are not additive."
SC04447,Independent recovery experiment 04447,Four_event_stress,4,1.0,1.0,1.0,1.0,East,"Independent 2027-01-01 snapshot; four events at days 0, 2, 4, 6. Event estimates are not additive."
SC04448,Independent recovery experiment 04448,Four_event_stress,4,1.0,1.0,1.0,1.0,West,"Independent 2027-01-01 snapshot; four events at days 0, 2, 4, 6. Event estimates are not additive."
SC04449,Independent recovery experiment 04449,Four_event_stress,4,1.0,1.0,1.0,1.0,North,"Independent 2027-01-01 snapshot; four events at days 0, 2, 4, 6. Event estimates are not additive."
SC04450,Independent recovery experiment 04450,Four_event_stress,4,1.0,1.0,1.0,1.0,South,"Independent 2027-01-01 snapshot; four events at days 0, 2, 4, 6. Event estimates are not additive."
SC04451,Independent recovery experiment 04451,Four_event_stress,4,1.0,1.0,1.0,1.0,South,"Independent 2027-01-01 snapshot; four events at days 0, 2, 4, 6. Event estimates are not additive."
SC04452,Independent recovery experiment 04452,Four_event_stress,4,1.0,1.0,1.0,1.0,West,"Independent 2027-01-01 snapshot; four events at days 0, 2, 4, 6. Event estimates are not additive."
SC04453,Independent recovery experiment 04453,Four_event_stress,4,1.0,1.0,1.0,1.0,North,"Independent 2027-01-01 snapshot; four events at days 0, 2, 4, 6. Event estimates are not additive."
SC04454,Independent recovery experiment 04454,Four_event_stress,4,1.0,1.0,1.0,1.0,South,"Independent 2027-01-01 snapshot; four events at days 0, 2, 4, 6. Event estimates are not additive."
SC04455,Independent recovery experiment 04455,Four_event_stress,4,1.0,1.0,1.0,1.0,South,"Independent 2027-01-01 snapshot; four events at days 0, 2, 4, 6. Event estimates are not additive."
SC04456,Independent recovery experiment 04456,Four_event_stress,4,1.0,1.0,1.0,1.0,West,"Independent 2027-01-01 snapshot; four events at days 0, 2, 4, 6. Event estimates are not additive."
SC04457,Independent recovery experiment 04457,Four_event_stress,4,1.0,1.0,1.0,1.0,East,"Independent 2027-01-01 snapshot; four events at days 0, 2, 4, 6. Event estimates are not additive."
SC04458,Independent recovery experiment 04458,Four_event_stress,4,1.0,1.0,1.0,1.0,West,"Independent 2027-01-01 snapshot; four events at days 0, 2, 4, 6. Event estimates are not additive."
SC04459,Independent recovery experiment 04459,Four_event_stress,4,1.0,1.0,1.0,1.0,North,"Independent 2027-01-01 snapshot; four events at days 0, 2, 4, 6. Event estimates are not additive."
SC04460,Independent recovery experiment 04460,Four_event_stress,4,1.0,1.0,1.0,1.0,South,"Independent 2027-01-01 snapshot; four events at days 0, 2, 4, 6. Event estimates are not additive."
SC04461,Independent recovery experiment 04461,Four_event_stress,4,1.0,1.0,1.0,1.0,South,"Independent 2027-01-01 snapshot; four events at days 0, 2, 4, 6. Event estimates are not additive."
SC04462,Independent recovery experiment 04462,Four_event_stress,4,1.0,1.0,1.0,1.0,West,"Independent 2027-01-01 snapshot; four events at days 0, 2, 4, 6. Event estimates are not additive."
SC04463,Independent recovery experiment 04463,Four_event_stress,4,1.0,1.0,1.0,1.0,North,"Independent 2027-01-01 snapshot; four events at days 0, 2, 4, 6. Event estimates are not additive."
SC04464,Independent recovery experiment 04464,Four_event_stress,4,1.0,1.0,1.0,1.0,South,"Independent 2027-01-01 snapshot; four events at days 0, 2, 4, 6. Event estimates are not additive."
SC04465,Independent recovery experiment 04465,Four_event_stress,4,1.0,1.0,1.0,1.0,South,"Independent 2027-01-01 snapshot; four events at days 0, 2, 4, 6. Event estimates are not additive."
SC04466,Independent recovery experiment 04466,Four_event_stress,4,1.0,1.0,1.0,1.0,West,"Independent 2027-01-01 snapshot; four events at days 0, 2, 4, 6. Event estimates are not additive."
SC04467,Independent recovery experiment 04467,Four_event_stress,4,1.0,1.0,1.0,1.0,East,"Independent 2027-01-01 snapshot; four events at days 0, 2, 4, 6. Event estimates are not additive."
SC04468,Independent recovery experiment 04468,Four_event_stress,4,1.0,1.0,1.0,1.0,West,"Independent 2027-01-01 snapshot; four events at days 0, 2, 4, 6. Event estimates are not additive."
SC04469,Independent recovery experiment 04469,Four_event_stress,4,1.0,1.0,1.0,1.0,North,"Independent 2027-01-01 snapshot; four events at days 0, 2, 4, 6. Event estimates are not additive."
SC04470,Independent recovery experiment 04470,Four_event_stress,4,1.0,1.0,1.0,1.0,South,"Independent 2027-01-01 snapshot; four events at days 0, 2, 4, 6. Event estimates are not additive."
SC04471,Independent recovery experiment 04471,Four_event_stress,4,1.0,1.0,1.0,1.0,South,"Independent 2027-01-01 snapshot; four events at days 0, 2, 4, 6. Event estimates are not additive."
SC04472,Independent recovery experiment 04472,Four_event_stress,4,1.0,1.0,1.0,1.0,West,"Independent 2027-01-01 snapshot; four events at days 0, 2, 4, 6. Event estimates are not additive."
SC04473,Independent recovery experiment 04473,Four_event_stress,4,1.0,1.0,1.0,1.0,North,"Independent 2027-01-01 snapshot; four events at days 0, 2, 4, 6. Event estimates are not additive."
SC04474,Independent recovery experiment 04474,Four_event_stress,4,1.0,1.0,1.0,1.0,South,"Independent 2027-01-01 snapshot; four events at days 0, 2, 4, 6. Event estimates are not additive."
SC04475,Independent recovery experiment 04475,Four_event_stress,4,1.0,1.0,1.0,1.0,South,"Independent 2027-01-01 snapshot; four events at days 0, 2, 4, 6. Event estimates are not additive."
SC04476,Independent recovery experiment 04476,Four_event_stress,4,1.0,1.0,1.0,1.0,West,"Independent 2027-01-01 snapshot; four events at days 0, 2, 4, 6. Event estimates are not additive."
SC04477,Independent recovery experiment 04477,Four_event_stress,4,1.0,1.0,1.0,1.0,East,"Independent 2027-01-01 snapshot; four events at days 0, 2, 4, 6. Event estimates are not additive."
SC04478,Independent recovery experiment 04478,Four_event_stress,4,1.0,1.0,1.0,1.0,West,"Independent 2027-01-01 snapshot; four events at days 0, 2, 4, 6. Event estimates are not additive."
SC04479,Independent recovery experiment 04479,Four_event_stress,4,1.0,1.0,1.0,1.0,North,"Independent 2027-01-01 snapshot; four events at days 0, 2, 4, 6. Event estimates are not additive."
SC04480,Independent recovery experiment 04480,Four_event_stress,4,1.0,1.0,1.0,1.0,South,"Independent 2027-01-01 snapshot; four events at days 0, 2, 4, 6. Event estimates are not additive."
SC04481,Independent recovery experiment 04481,Four_event_stress,4,1.0,1.0,1.0,1.0,South,"Independent 2027-01-01 snapshot; four events at days 0, 2, 4, 6. Event estimates are not additive."
SC04482,Independent recovery experiment 04482,Four_event_stress,4,1.0,1.0,1.0,1.0,West,"Independent 2027-01-01 snapshot; four events at days 0, 2, 4, 6. Event estimates are not additive."
SC04483,Independent recovery experiment 04483,Four_event_stress,4,1.0,1.0,1.0,1.0,North,"Independent 2027-01-01 snapshot; four events at days 0, 2, 4, 6. Event estimates are not additive."
SC04484,Independent recovery experiment 04484,Four_event_stress,4,1.0,1.0,1.0,1.0,South,"Independent 2027-01-01 snapshot; four events at days 0, 2, 4, 6. Event estimates are not additive."
SC04485,Independent recovery experiment 04485,Four_event_stress,4,1.0,1.0,1.0,1.0,South,"Independent 2027-01-01 snapshot; four events at days 0, 2, 4, 6. Event estimates are not additive."
SC04486,Independent recovery experiment 04486,Four_event_stress,4,1.0,1.0,1.0,1.0,West,"Independent 2027-01-01 snapshot; four events at days 0, 2, 4, 6. Event estimates are not additive."
SC04487,Independent recovery experiment 04487,Four_event_stress,4,1.0,1.0,1.0,1.0,East,"Independent 2027-01-01 snapshot; four events at days 0, 2, 4, 6. Event estimates are not additive."
SC04488,Independent recovery experiment 04488,Four_event_stress,4,1.0,1.0,1.0,1.0,West,"Independent 2027-01-01 snapshot; four events at days 0, 2, 4, 6. Event estimates are not additive."
SC04489,Independent recovery experiment 04489,Four_event_stress,4,1.0,1.0,1.0,1.0,North,"Independent 2027-01-01 snapshot; four events at days 0, 2, 4, 6. Event estimates are not additive."
SC04490,Independent recovery experiment 04490,Four_event_stress,4,1.0,1.0,1.0,1.0,South,"Independent 2027-01-01 snapshot; four events at days 0, 2, 4, 6. Event estimates are not additive."
SC04491,Independent recovery experiment 04491,Four_event_stress,4,1.0,1.0,1.0,1.0,South,"Independent 2027-01-01 snapshot; four events at days 0, 2, 4, 6. Event estimates are not additive."
SC04492,Independent recovery experiment 04492,Four_event_stress,4,1.0,1.0,1.0,1.0,West,"Independent 2027-01-01 snapshot; four events at days 0, 2, 4, 6. Event estimates are not additive."
SC04493,Independent recovery experiment 04493,Four_event_stress,4,1.0,1.0,1.0,1.0,North,"Independent 2027-01-01 snapshot; four events at days 0, 2, 4, 6. Event estimates are not additive."
SC04494,Independent recovery experiment 04494,Four_event_stress,4,1.0,1.0,1.0,1.0,South,"Independent 2027-01-01 snapshot; four events at days 0, 2, 4, 6. Event estimates are not additive."
SC04495,Independent recovery experiment 04495,Four_event_stress,4,1.0,1.0,1.0,1.0,South,"Independent 2027-01-01 snapshot; four events at days 0, 2, 4, 6. Event estimates are not additive."
SC04496,Independent recovery experiment 04496,Four_event_stress,4,1.0,1.0,1.0,1.0,West,"Independent 2027-01-01 snapshot; four events at days 0, 2, 4, 6. Event estimates are not additive."
SC04497,Independent recovery experiment 04497,Four_event_stress,4,1.0,1.0,1.0,1.0,East,"Independent 2027-01-01 snapshot; four events at days 0, 2, 4, 6. Event estimates are not additive."
SC04498,Independent recovery experiment 04498,Four_event_stress,4,1.0,1.0,1.0,1.0,West,"Independent 2027-01-01 snapshot; four events at days 0, 2, 4, 6. Event estimates are not additive."
SC04499,Independent recovery experiment 04499,Four_event_stress,4,1.0,1.0,1.0,1.0,North,"Independent 2027-01-01 snapshot; four events at days 0, 2, 4, 6. Event estimates are not additive."
SC04500,Independent recovery experiment 04500,Four_event_stress,4,1.0,1.0,1.0,1.0,South,"Independent 2027-01-01 snapshot; four events at days 0, 2, 4, 6. Event estimates are not additive."
SC04501,Independent recovery experiment 04501,Four_event_stress,4,1.0,1.0,1.0,1.0,South,"Independent 2027-01-01 snapshot; four events at days 0, 2, 4, 6. Event estimates are not additive."
SC04502,Independent recovery experiment 04502,Four_event_stress,4,1.0,1.0,1.0,1.0,West,"Independent 2027-01-01 snapshot; four events at days 0, 2, 4, 6. Event estimates are not additive."
SC04503,Independent recovery experiment 04503,Four_event_stress,4,1.0,1.0,1.0,1.0,North,"Independent 2027-01-01 snapshot; four events at days 0, 2, 4, 6. Event estimates are not additive."
SC04504,Independent recovery experiment 04504,Four_event_stress,4,1.0,1.0,1.0,1.0,South,"Independent 2027-01-01 snapshot; four events at days 0, 2, 4, 6. Event estimates are not additive."
SC04505,Independent recovery experiment 04505,Four_event_stress,4,1.0,1.0,1.0,1.0,South,"Independent 2027-01-01 snapshot; four events at days 0, 2, 4, 6. Event estimates are not additive."
SC04506,Independent recovery experiment 04506,Four_event_stress,4,1.0,1.0,1.0,1.0,West,"Independent 2027-01-01 snapshot; four events at days 0, 2, 4, 6. Event estimates are not additive."
SC04507,Independent recovery experiment 04507,Four_event_stress,4,1.0,1.0,1.0,1.0,East,"Independent 2027-01-01 snapshot; four events at days 0, 2, 4, 6. Event estimates are not additive."
SC04508,Independent recovery experiment 04508,Four_event_stress,4,1.0,1.0,1.0,1.0,West,"Independent 2027-01-01 snapshot; four events at days 0, 2, 4, 6. Event estimates are not additive."
SC04509,Independent recovery experiment 04509,Four_event_stress,4,1.0,1.0,1.0,1.0,North,"Independent 2027-01-01 snapshot; four events at days 0, 2, 4, 6. Event estimates are not additive."
SC04510,Independent recovery experiment 04510,Four_event_stress,4,1.0,1.0,1.0,1.0,South,"Independent 2027-01-01 snapshot; four events at days 0, 2, 4, 6. Event estimates are not additive."
SC04511,Independent recovery experiment 04511,Four_event_stress,4,1.0,1.0,1.0,1.0,South,"Independent 2027-01-01 snapshot; four events at days 0, 2, 4, 6. Event estimates are not additive."
SC04512,Independent recovery experiment 04512,Four_event_stress,4,1.0,1.0,1.0,1.0,West,"Independent 2027-01-01 snapshot; four events at days 0, 2, 4, 6. Event estimates are not additive."
SC04513,Independent recovery experiment 04513,Four_event_stress,4,1.0,1.0,1.0,1.0,North,"Independent 2027-01-01 snapshot; four events at days 0, 2, 4, 6. Event estimates are not additive."
SC04514,Independent recovery experiment 04514,Four_event_stress,4,1.0,1.0,1.0,1.0,South,"Independent 2027-01-01 snapshot; four events at days 0, 2, 4, 6. Event estimates are not additive."
SC04515,Independent recovery experiment 04515,Four_event_stress,4,1.0,1.0,1.0,1.0,South,"Independent 2027-01-01 snapshot; four events at days 0, 2, 4, 6. Event estimates are not additive."
SC04516,Independent recovery experiment 04516,Four_event_stress,4,1.0,1.0,1.0,1.0,West,"Independent 2027-01-01 snapshot; four events at days 0, 2, 4, 6. Event estimates are not additive."
SC04517,Independent recovery experiment 04517,Four_event_stress,4,1.0,1.0,1.0,1.0,East,"Independent 2027-01-01 snapshot; four events at days 0, 2, 4, 6. Event estimates are not additive."
SC04518,Independent recovery experiment 04518,Four_event_stress,4,1.0,1.0,1.0,1.0,West,"Independent 2027-01-01 snapshot; four events at days 0, 2, 4, 6. Event estimates are not additive."
SC04519,Independent recovery experiment 04519,Four_event_stress,4,1.0,1.0,1.0,1.0,North,"Independent 2027-01-01 snapshot; four events at days 0, 2, 4, 6. Event estimates are not additive."
SC04520,Independent recovery experiment 04520,Four_event_stress,4,1.0,1.0,1.0,1.0,South,"Independent 2027-01-01 snapshot; four events at days 0, 2, 4, 6. Event estimates are not additive."
SC04521,Independent recovery experiment 04521,Four_event_stress,4,1.0,1.0,1.0,1.0,South,"Independent 2027-01-01 snapshot; four events at days 0, 2, 4, 6. Event estimates are not additive."
SC04522,Independent recovery experiment 04522,Four_event_stress,4,1.0,1.0,1.0,1.0,West,"Independent 2027-01-01 snapshot; four events at days 0, 2, 4, 6. Event estimates are not additive."
SC04523,Independent recovery experiment 04523,Four_event_stress,4,1.0,1.0,1.0,1.0,North,"Independent 2027-01-01 snapshot; four events at days 0, 2, 4, 6. Event estimates are not additive."
SC04524,Independent recovery experiment 04524,Four_event_stress,4,1.0,1.0,1.0,1.0,South,"Independent 2027-01-01 snapshot; four events at days 0, 2, 4, 6. Event estimates are not additive."
SC04525,Independent recovery experiment 04525,Four_event_stress,4,1.0,1.0,1.0,1.0,South,"Independent 2027-01-01 snapshot; four events at days 0, 2, 4, 6. Event estimates are not additive."
SC04526,Independent recovery experiment 04526,Four_event_stress,4,1.0,1.0,1.0,1.0,West,"Independent 2027-01-01 snapshot; four events at days 0, 2, 4, 6. Event estimates are not additive."
SC04527,Independent recovery experiment 04527,Four_event_stress,4,1.0,1.0,1.0,1.0,East,"Independent 2027-01-01 snapshot; four events at days 0, 2, 4, 6. Event estimates are not additive."
SC04528,Independent recovery experiment 04528,Four_event_stress,4,1.0,1.0,1.0,1.0,West,"Independent 2027-01-01 snapshot; four events at days 0, 2, 4, 6. Event estimates are not additive."
SC04529,Independent recovery experiment 04529,Four_event_stress,4,1.0,1.0,1.0,1.0,North,"Independent 2027-01-01 snapshot; four events at days 0, 2, 4, 6. Event estimates are not additive."
SC04530,Independent recovery experiment 04530,Four_event_stress,4,1.0,1.0,1.0,1.0,South,"Independent 2027-01-01 snapshot; four events at days 0, 2, 4, 6. Event estimates are not additive."
SC04531,Independent recovery experiment 04531,Four_event_stress,4,1.0,1.0,1.0,1.0,South,"Independent 2027-01-01 snapshot; four events at days 0, 2, 4, 6. Event estimates are not additive."
SC04532,Independent recovery experiment 04532,Four_event_stress,4,1.0,1.0,1.0,1.0,West,"Independent 2027-01-01 snapshot; four events at days 0, 2, 4, 6. Event estimates are not additive."
SC04533,Independent recovery experiment 04533,Four_event_stress,4,1.0,1.0,1.0,1.0,North,"Independent 2027-01-01 snapshot; four events at days 0, 2, 4, 6. Event estimates are not additive."
SC04534,Independent recovery experiment 04534,Four_event_stress,4,1.0,1.0,1.0,1.0,South,"Independent 2027-01-01 snapshot; four events at days 0, 2, 4, 6. Event estimates are not additive."
SC04535,Independent recovery experiment 04535,Four_event_stress,4,1.0,1.0,1.0,1.0,South,"Independent 2027-01-01 snapshot; four events at days 0, 2, 4, 6. Event estimates are not additive."
SC04536,Independent recovery experiment 04536,Four_event_stress,4,1.0,1.0,1.0,1.0,West,"Independent 2027-01-01 snapshot; four events at days 0, 2, 4, 6. Event estimates are not additive."
SC04537,Independent recovery experiment 04537,Four_event_stress,4,1.0,1.0,1.0,1.0,East,"Independent 2027-01-01 snapshot; four events at days 0, 2, 4, 6. Event estimates are not additive."
SC04538,Independent recovery experiment 04538,Four_event_stress,4,1.0,1.0,1.0,1.0,West,"Independent 2027-01-01 snapshot; four events at days 0, 2, 4, 6. Event estimates are not additive."
SC04539,Independent recovery experiment 04539,Four_event_stress,4,1.0,1.0,1.0,1.0,North,"Independent 2027-01-01 snapshot; four events at days 0, 2, 4, 6. Event estimates are not additive."
SC04540,Independent recovery experiment 04540,Four_event_stress,4,1.0,1.0,1.0,1.0,South,"Independent 2027-01-01 snapshot; four events at days 0, 2, 4, 6. Event estimates are not additive."
SC04541,Independent recovery experiment 04541,Four_event_stress,4,1.0,1.0,1.0,1.0,South,"Independent 2027-01-01 snapshot; four events at days 0, 2, 4, 6. Event estimates are not additive."
SC04542,Independent recovery experiment 04542,Four_event_stress,4,1.0,1.0,1.0,1.0,West,"Independent 2027-01-01 snapshot; four events at days 0, 2, 4, 6. Event estimates are not additive."
SC04543,Independent recovery experiment 04543,Four_event_stress,4,1.0,1.0,1.0,1.0,North,"Independent 2027-01-01 snapshot; four events at days 0, 2, 4, 6. Event estimates are not additive."
SC04544,Independent recovery experiment 04544,Four_event_stress,4,1.0,1.0,1.0,1.0,South,"Independent 2027-01-01 snapshot; four events at days 0, 2, 4, 6. Event estimates are not additive."
SC04545,Independent recovery experiment 04545,Four_event_stress,4,1.0,1.0,1.0,1.0,South,"Independent 2027-01-01 snapshot; four events at days 0, 2, 4, 6. Event estimates are not additive."
SC04546,Independent recovery experiment 04546,Four_event_stress,4,1.0,1.0,1.0,1.0,West,"Independent 2027-01-01 snapshot; four events at days 0, 2, 4, 6. Event estimates are not additive."
SC04547,Independent recovery experiment 04547,Four_event_stress,4,1.0,1.0,1.0,1.0,East,"Independent 2027-01-01 snapshot; four events at days 0, 2, 4, 6. Event estimates are not additive."
SC04548,Independent recovery experiment 04548,Four_event_stress,4,1.0,1.0,1.0,1.0,West,"Independent 2027-01-01 snapshot; four events at days 0, 2, 4, 6. Event estimates are not additive."
SC04549,Independent recovery experiment 04549,Four_event_stress,4,1.0,1.0,1.0,1.0,North,"Independent 2027-01-01 snapshot; four events at days 0, 2, 4, 6. Event estimates are not additive."
SC04550,Independent recovery experiment 04550,Four_event_stress,4,1.0,1.0,1.0,1.0,South,"Independent 2027-01-01 snapshot; four events at days 0, 2, 4, 6. Event estimates are not additive."
SC04551,Independent recovery experiment 04551,Four_event_stress,4,1.0,1.0,1.0,1.0,South,"Independent 2027-01-01 snapshot; four events at days 0, 2, 4, 6. Event estimates are not additive."
SC04552,Independent recovery experiment 04552,Four_event_stress,4,1.0,1.0,1.0,1.0,West,"Independent 2027-01-01 snapshot; four events at days 0, 2, 4, 6. Event estimates are not additive."
SC04553,Independent recovery experiment 04553,Four_event_stress,4,1.0,1.0,1.0,1.0,North,"Independent 2027-01-01 snapshot; four events at days 0, 2, 4, 6. Event estimates are not additive."
SC04554,Independent recovery experiment 04554,Four_event_stress,4,1.0,1.0,1.0,1.0,South,"Independent 2027-01-01 snapshot; four events at days 0, 2, 4, 6. Event estimates are not additive."
SC04555,Independent recovery experiment 04555,Four_event_stress,4,1.0,1.0,1.0,1.0,South,"Independent 2027-01-01 snapshot; four events at days 0, 2, 4, 6. Event estimates are not additive."
SC04556,Independent recovery experiment 04556,Four_event_stress,4,1.0,1.0,1.0,1.0,West,"Independent 2027-01-01 snapshot; four events at days 0, 2, 4, 6. Event estimates are not additive."
SC04557,Independent recovery experiment 04557,Four_event_stress,4,1.0,1.0,1.0,1.0,East,"Independent 2027-01-01 snapshot; four events at days 0, 2, 4, 6. Event estimates are not additive."
SC04558,Independent recovery experiment 04558,Four_event_stress,4,1.0,1.0,1.0,1.0,West,"Independent 2027-01-01 snapshot; four events at days 0, 2, 4, 6. Event estimates are not additive."
SC04559,Independent recovery experiment 04559,Four_event_stress,4,1.0,1.0,1.0,1.0,North,"Independent 2027-01-01 snapshot; four events at days 0, 2, 4, 6. Event estimates are not additive."
SC04560,Independent recovery experiment 04560,Four_event_stress,4,1.0,1.0,1.0,1.0,South,"Independent 2027-01-01 snapshot; four events at days 0, 2, 4, 6. Event estimates are not additive."
SC04561,Independent recovery experiment 04561,Four_event_stress,4,1.0,1.0,1.0,1.0,South,"Independent 2027-01-01 snapshot; four events at days 0, 2, 4, 6. Event estimates are not additive."
SC04562,Independent recovery experiment 04562,Four_event_stress,4,1.0,1.0,1.0,1.0,West,"Independent 2027-01-01 snapshot; four events at days 0, 2, 4, 6. Event estimates are not additive."
SC04563,Independent recovery experiment 04563,Four_event_stress,4,1.0,1.0,1.0,1.0,North,"Independent 2027-01-01 snapshot; four events at days 0, 2, 4, 6. Event estimates are not additive."
SC04564,Independent recovery experiment 04564,Four_event_stress,4,1.0,1.0,1.0,1.0,South,"Independent 2027-01-01 snapshot; four events at days 0, 2, 4, 6. Event estimates are not additive."
SC04565,Independent recovery experiment 04565,Four_event_stress,4,1.0,1.0,1.0,1.0,South,"Independent 2027-01-01 snapshot; four events at days 0, 2, 4, 6. Event estimates are not additive."
SC04566,Independent recovery experiment 04566,Four_event_stress,4,1.0,1.0,1.0,1.0,West,"Independent 2027-01-01 snapshot; four events at days 0, 2, 4, 6. Event estimates are not additive."
SC04567,Independent recovery experiment 04567,Four_event_stress,4,1.0,1.0,1.0,1.0,East,"Independent 2027-01-01 snapshot; four events at days 0, 2, 4, 6. Event estimates are not additive."
SC04568,Independent recovery experiment 04568,Four_event_stress,4,1.0,1.0,1.0,1.0,West,"Independent 2027-01-01 snapshot; four events at days 0, 2, 4, 6. Event estimates are not additive."
SC04569,Independent recovery experiment 04569,Four_event_stress,4,1.0,1.0,1.0,1.0,North,"Independent 2027-01-01 snapshot; four events at days 0, 2, 4, 6. Event estimates are not additive."
SC04570,Independent recovery experiment 04570,Four_event_stress,4,1.0,1.0,1.0,1.0,South,"Independent 2027-01-01 snapshot; four events at days 0, 2, 4, 6. Event estimates are not additive."
SC04571,Independent recovery experiment 04571,Four_event_stress,4,1.0,1.0,1.0,1.0,South,"Independent 2027-01-01 snapshot; four events at days 0, 2, 4, 6. Event estimates are not additive."
SC04572,Independent recovery experiment 04572,Four_event_stress,4,1.0,1.0,1.0,1.0,West,"Independent 2027-01-01 snapshot; four events at days 0, 2, 4, 6. Event estimates are not additive."
SC04573,Independent recovery experiment 04573,Four_event_stress,4,1.0,1.0,1.0,1.0,North,"Independent 2027-01-01 snapshot; four events at days 0, 2, 4, 6. Event estimates are not additive."
SC04574,Independent recovery experiment 04574,Four_event_stress,4,1.0,1.0,1.0,1.0,South,"Independent 2027-01-01 snapshot; four events at days 0, 2, 4, 6. Event estimates are not additive."
SC04575,Independent recovery experiment 04575,Four_event_stress,4,1.0,1.0,1.0,1.0,South,"Independent 2027-01-01 snapshot; four events at days 0, 2, 4, 6. Event estimates are not additive."
SC04576,Independent recovery experiment 04576,Four_event_stress,4,1.0,1.0,1.0,1.0,West,"Independent 2027-01-01 snapshot; four events at days 0, 2, 4, 6. Event estimates are not additive."
SC04577,Independent recovery experiment 04577,Four_event_stress,4,1.0,1.0,1.0,1.0,East,"Independent 2027-01-01 snapshot; four events at days 0, 2, 4, 6. Event estimates are not additive."
SC04578,Independent recovery experiment 04578,Four_event_stress,4,1.0,1.0,1.0,1.0,West,"Independent 2027-01-01 snapshot; four events at days 0, 2, 4, 6. Event estimates are not additive."
SC04579,Independent recovery experiment 04579,Four_event_stress,4,1.0,1.0,1.0,1.0,North,"Independent 2027-01-01 snapshot; four events at days 0, 2, 4, 6. Event estimates are not additive."
SC04580,Independent recovery experiment 04580,Four_event_stress,4,1.0,1.0,1.0,1.0,South,"Independent 2027-01-01 snapshot; four events at days 0, 2, 4, 6. Event estimates are not additive."
SC04581,Independent recovery experiment 04581,Four_event_stress,4,1.0,1.0,1.0,1.0,South,"Independent 2027-01-01 snapshot; four events at days 0, 2, 4, 6. Event estimates are not additive."
SC04582,Independent recovery experiment 04582,Four_event_stress,4,1.0,1.0,1.0,1.0,West,"Independent 2027-01-01 snapshot; four events at days 0, 2, 4, 6. Event estimates are not additive."
SC04583,Independent recovery experiment 04583,Four_event_stress,4,1.0,1.0,1.0,1.0,North,"Independent 2027-01-01 snapshot; four events at days 0, 2, 4, 6. Event estimates are not additive."
SC04584,Independent recovery experiment 04584,Four_event_stress,4,1.0,1.0,1.0,1.0,South,"Independent 2027-01-01 snapshot; four events at days 0, 2, 4, 6. Event estimates are not additive."
SC04585,Independent recovery experiment 04585,Four_event_stress,4,1.0,1.0,1.0,1.0,South,"Independent 2027-01-01 snapshot; four events at days 0, 2, 4, 6. Event estimates are not additive."
SC04586,Independent recovery experiment 04586,Four_event_stress,4,1.0,1.0,1.0,1.0,West,"Independent 2027-01-01 snapshot; four events at days 0, 2, 4, 6. Event estimates are not additive."
SC04587,Independent recovery experiment 04587,Four_event_stress,4,1.0,1.0,1.0,1.0,East,"Independent 2027-01-01 snapshot; four events at days 0, 2, 4, 6. Event estimates are not additive."
SC04588,Independent recovery experiment 04588,Four_event_stress,4,1.0,1.0,1.0,1.0,West,"Independent 2027-01-01 snapshot; four events at days 0, 2, 4, 6. Event estimates are not additive."
SC04589,Independent recovery experiment 04589,Four_event_stress,4,1.0,1.0,1.0,1.0,North,"Independent 2027-01-01 snapshot; four events at days 0, 2, 4, 6. Event estimates are not additive."
SC04590,Independent recovery experiment 04590,Four_event_stress,4,1.0,1.0,1.0,1.0,South,"Independent 2027-01-01 snapshot; four events at days 0, 2, 4, 6. Event estimates are not additive."
SC04591,Independent recovery experiment 04591,Four_event_stress,4,1.0,1.0,1.0,1.0,South,"Independent 2027-01-01 snapshot; four events at days 0, 2, 4, 6. Event estimates are not additive."
SC04592,Independent recovery experiment 04592,Four_event_stress,4,1.0,1.0,1.0,1.0,West,"Independent 2027-01-01 snapshot; four events at days 0, 2, 4, 6. Event estimates are not additive."
SC04593,Independent recovery experiment 04593,Four_event_stress,4,1.0,1.0,1.0,1.0,North,"Independent 2027-01-01 snapshot; four events at days 0, 2, 4, 6. Event estimates are not additive."
SC04594,Independent recovery experiment 04594,Four_event_stress,4,1.0,1.0,1.0,1.0,South,"Independent 2027-01-01 snapshot; four events at days 0, 2, 4, 6. Event estimates are not additive."
SC04595,Independent recovery experiment 04595,Four_event_stress,4,1.0,1.0,1.0,1.0,South,"Independent 2027-01-01 snapshot; four events at days 0, 2, 4, 6. Event estimates are not additive."
SC04596,Independent recovery experiment 04596,Four_event_stress,4,1.0,1.0,1.0,1.0,West,"Independent 2027-01-01 snapshot; four events at days 0, 2, 4, 6. Event estimates are not additive."
SC04597,Independent recovery experiment 04597,Four_event_stress,4,1.0,1.0,1.0,1.0,East,"Independent 2027-01-01 snapshot; four events at days 0, 2, 4, 6. Event estimates are not additive."
SC04598,Independent recovery experiment 04598,Four_event_stress,4,1.0,1.0,1.0,1.0,West,"Independent 2027-01-01 snapshot; four events at days 0, 2, 4, 6. Event estimates are not additive."
SC04599,Independent recovery experiment 04599,Four_event_stress,4,1.0,1.0,1.0,1.0,North,"Independent 2027-01-01 snapshot; four events at days 0, 2, 4, 6. Event estimates are not additive."
SC04600,Independent recovery experiment 04600,Four_event_stress,4,1.0,1.0,1.0,1.0,South,"Independent 2027-01-01 snapshot; four events at days 0, 2, 4, 6. Event estimates are not additive."
SC04601,Independent recovery experiment 04601,Four_event_stress,4,1.0,1.0,1.0,1.0,South,"Independent 2027-01-01 snapshot; four events at days 0, 2, 4, 6. Event estimates are not additive."
SC04602,Independent recovery experiment 04602,Four_event_stress,4,1.0,1.0,1.0,1.0,West,"Independent 2027-01-01 snapshot; four events at days 0, 2, 4, 6. Event estimates are not additive."
SC04603,Independent recovery experiment 04603,Four_event_stress,4,1.0,1.0,1.0,1.0,North,"Independent 2027-01-01 snapshot; four events at days 0, 2, 4, 6. Event estimates are not additive."
SC04604,Independent recovery experiment 04604,Four_event_stress,4,1.0,1.0,1.0,1.0,South,"Independent 2027-01-01 snapshot; four events at days 0, 2, 4, 6. Event estimates are not additive."
SC04605,Independent recovery experiment 04605,Four_event_stress,4,1.0,1.0,1.0,1.0,South,"Independent 2027-01-01 snapshot; four events at days 0, 2, 4, 6. Event estimates are not additive."
SC04606,Independent recovery experiment 04606,Four_event_stress,4,1.0,1.0,1.0,1.0,West,"Independent 2027-01-01 snapshot; four events at days 0, 2, 4, 6. Event estimates are not additive."
SC04607,Independent recovery experiment 04607,Four_event_stress,4,1.0,1.0,1.0,1.0,East,"Independent 2027-01-01 snapshot; four events at days 0, 2, 4, 6. Event estimates are not additive."
SC04608,Independent recovery experiment 04608,Four_event_stress,4,1.0,1.0,1.0,1.0,West,"Independent 2027-01-01 snapshot; four events at days 0, 2, 4, 6. Event estimates are not additive."
SC04609,Independent recovery experiment 04609,Four_event_stress,4,1.0,1.0,1.0,1.0,North,"Independent 2027-01-01 snapshot; four events at days 0, 2, 4, 6. Event estimates are not additive."
SC04610,Independent recovery experiment 04610,Four_event_stress,4,1.0,1.0,1.0,1.0,South,"Independent 2027-01-01 snapshot; four events at days 0, 2, 4, 6. Event estimates are not additive."
SC04611,Independent recovery experiment 04611,Four_event_stress,4,1.0,1.0,1.0,1.0,South,"Independent 2027-01-01 snapshot; four events at days 0, 2, 4, 6. Event estimates are not additive."
SC04612,Independent recovery experiment 04612,Four_event_stress,4,1.0,1.0,1.0,1.0,West,"Independent 2027-01-01 snapshot; four events at days 0, 2, 4, 6. Event estimates are not additive."
SC04613,Independent recovery experiment 04613,Four_event_stress,4,1.0,1.0,1.0,1.0,North,"Independent 2027-01-01 snapshot; four events at days 0, 2, 4, 6. Event estimates are not additive."
SC04614,Independent recovery experiment 04614,Four_event_stress,4,1.0,1.0,1.0,1.0,South,"Independent 2027-01-01 snapshot; four events at days 0, 2, 4, 6. Event estimates are not additive."
SC04615,Independent recovery experiment 04615,Four_event_stress,4,1.0,1.0,1.0,1.0,South,"Independent 2027-01-01 snapshot; four events at days 0, 2, 4, 6. Event estimates are not additive."
SC04616,Independent recovery experiment 04616,Four_event_stress,4,1.0,1.0,1.0,1.0,West,"Independent 2027-01-01 snapshot; four events at days 0, 2, 4, 6. Event estimates are not additive."
SC04617,Independent recovery experiment 04617,Four_event_stress,4,1.0,1.0,1.0,1.0,East,"Independent 2027-01-01 snapshot; four events at days 0, 2, 4, 6. Event estimates are not additive."
SC04618,Independent recovery experiment 04618,Four_event_stress,4,1.0,1.0,1.0,1.0,West,"Independent 2027-01-01 snapshot; four events at days 0, 2, 4, 6. Event estimates are not additive."
SC04619,Independent recovery experiment 04619,Four_event_stress,4,1.0,1.0,1.0,1.0,North,"Independent 2027-01-01 snapshot; four events at days 0, 2, 4, 6. Event estimates are not additive."
SC04620,Independent recovery experiment 04620,Four_event_stress,4,1.0,1.0,1.0,1.0,South,"Independent 2027-01-01 snapshot; four events at days 0, 2, 4, 6. Event estimates are not additive."
SC04621,Independent recovery experiment 04621,Four_event_stress,4,1.0,1.0,1.0,1.0,South,"Independent 2027-01-01 snapshot; four events at days 0, 2, 4, 6. Event estimates are not additive."
SC04622,Independent recovery experiment 04622,Four_event_stress,4,1.0,1.0,1.0,1.0,West,"Independent 2027-01-01 snapshot; four events at days 0, 2, 4, 6. Event estimates are not additive."
SC04623,Independent recovery experiment 04623,Four_event_stress,4,1.0,1.0,1.0,1.0,North,"Independent 2027-01-01 snapshot; four events at days 0, 2, 4, 6. Event estimates are not additive."
SC04624,Independent recovery experiment 04624,Four_event_stress,4,1.0,1.0,1.0,1.0,South,"Independent 2027-01-01 snapshot; four events at days 0, 2, 4, 6. Event estimates are not additive."
SC04625,Independent recovery experiment 04625,Four_event_stress,4,1.0,1.0,1.0,1.0,South,"Independent 2027-01-01 snapshot; four events at days 0, 2, 4, 6. Event estimates are not additive."
SC04626,Independent recovery experiment 04626,Four_event_stress,4,1.0,1.0,1.0,1.0,West,"Independent 2027-01-01 snapshot; four events at days 0, 2, 4, 6. Event estimates are not additive."
SC04627,Independent recovery experiment 04627,Four_event_stress,4,1.0,1.0,1.0,1.0,East,"Independent 2027-01-01 snapshot; four events at days 0, 2, 4, 6. Event estimates are not additive."
SC04628,Independent recovery experiment 04628,Four_event_stress,4,1.0,1.0,1.0,1.0,West,"Independent 2027-01-01 snapshot; four events at days 0, 2, 4, 6. Event estimates are not additive."
SC04629,Independent recovery experiment 04629,Four_event_stress,4,1.0,1.0,1.0,1.0,North,"Independent 2027-01-01 snapshot; four events at days 0, 2, 4, 6. Event estimates are not additive."
SC04630,Independent recovery experiment 04630,Four_event_stress,4,1.0,1.0,1.0,1.0,South,"Independent 2027-01-01 snapshot; four events at days 0, 2, 4, 6. Event estimates are not additive."
SC04631,Independent recovery experiment 04631,Four_event_stress,4,1.0,1.0,1.0,1.0,South,"Independent 2027-01-01 snapshot; four events at days 0, 2, 4, 6. Event estimates are not additive."
SC04632,Independent recovery experiment 04632,Four_event_stress,4,1.0,1.0,1.0,1.0,West,"Independent 2027-01-01 snapshot; four events at days 0, 2, 4, 6. Event estimates are not additive."
SC04633,Independent recovery experiment 04633,Four_event_stress,4,1.0,1.0,1.0,1.0,North,"Independent 2027-01-01 snapshot; four events at days 0, 2, 4, 6. Event estimates are not additive."
SC04634,Independent recovery experiment 04634,Four_event_stress,4,1.0,1.0,1.0,1.0,South,"Independent 2027-01-01 snapshot; four events at days 0, 2, 4, 6. Event estimates are not additive."
SC04635,Independent recovery experiment 04635,Four_event_stress,4,1.0,1.0,1.0,1.0,South,"Independent 2027-01-01 snapshot; four events at days 0, 2, 4, 6. Event estimates are not additive."
SC04636,Independent recovery experiment 04636,Four_event_stress,4,1.0,1.0,1.0,1.0,West,"Independent 2027-01-01 snapshot; four events at days 0, 2, 4, 6. Event estimates are not additive."
SC04637,Independent recovery experiment 04637,Four_event_stress,4,1.0,1.0,1.0,1.0,East,"Independent 2027-01-01 snapshot; four events at days 0, 2, 4, 6. Event estimates are not additive."
SC04638,Independent recovery experiment 04638,Four_event_stress,4,1.0,1.0,1.0,1.0,West,"Independent 2027-01-01 snapshot; four events at days 0, 2, 4, 6. Event estimates are not additive."
SC04639,Independent recovery experiment 04639,Four_event_stress,4,1.0,1.0,1.0,1.0,North,"Independent 2027-01-01 snapshot; four events at days 0, 2, 4, 6. Event estimates are not additive."
SC04640,Independent recovery experiment 04640,Four_event_stress,4,1.0,1.0,1.0,1.0,South,"Independent 2027-01-01 snapshot; four events at days 0, 2, 4, 6. Event estimates are not additive."
SC04641,Independent recovery experiment 04641,Four_event_stress,4,1.0,1.0,1.0,1.0,South,"Independent 2027-01-01 snapshot; four events at days 0, 2, 4, 6. Event estimates are not additive."
SC04642,Independent recovery experiment 04642,Four_event_stress,4,1.0,1.0,1.0,1.0,West,"Independent 2027-01-01 snapshot; four events at days 0, 2, 4, 6. Event estimates are not additive."
SC04643,Independent recovery experiment 04643,Four_event_stress,4,1.0,1.0,1.0,1.0,North,"Independent 2027-01-01 snapshot; four events at days 0, 2, 4, 6. Event estimates are not additive."
SC04644,Independent recovery experiment 04644,Four_event_stress,4,1.0,1.0,1.0,1.0,South,"Independent 2027-01-01 snapshot; four events at days 0, 2, 4, 6. Event estimates are not additive."
SC04645,Independent recovery experiment 04645,Four_event_stress,4,1.0,1.0,1.0,1.0,South,"Independent 2027-01-01 snapshot; four events at days 0, 2, 4, 6. Event estimates are not additive."
SC04646,Independent recovery experiment 04646,Four_event_stress,4,1.0,1.0,1.0,1.0,West,"Independent 2027-01-01 snapshot; four events at days 0, 2, 4, 6. Event estimates are not additive."
SC04647,Independent recovery experiment 04647,Four_event_stress,4,1.0,1.0,1.0,1.0,East,"Independent 2027-01-01 snapshot; four events at days 0, 2, 4, 6. Event estimates are not additive."
SC04648,Independent recovery experiment 04648,Four_event_stress,4,1.0,1.0,1.0,1.0,West,"Independent 2027-01-01 snapshot; four events at days 0, 2, 4, 6. Event estimates are not additive."
SC04649,Independent recovery experiment 04649,Four_event_stress,4,1.0,1.0,1.0,1.0,North,"Independent 2027-01-01 snapshot; four events at days 0, 2, 4, 6. Event estimates are not additive."
SC04650,Independent recovery experiment 04650,Four_event_stress,4,1.0,1.0,1.0,1.0,South,"Independent 2027-01-01 snapshot; four events at days 0, 2, 4, 6. Event estimates are not additive."
SC04651,Independent recovery experiment 04651,Four_event_stress,4,1.0,1.0,1.0,1.0,South,"Independent 2027-01-01 snapshot; four events at days 0, 2, 4, 6. Event estimates are not additive."
SC04652,Independent recovery experiment 04652,Four_event_stress,4,1.0,1.0,1.0,1.0,West,"Independent 2027-01-01 snapshot; four events at days 0, 2, 4, 6. Event estimates are not additive."
SC04653,Independent recovery experiment 04653,Four_event_stress,4,1.0,1.0,1.0,1.0,North,"Independent 2027-01-01 snapshot; four events at days 0, 2, 4, 6. Event estimates are not additive."
SC04654,Independent recovery experiment 04654,Four_event_stress,4,1.0,1.0,1.0,1.0,South,"Independent 2027-01-01 snapshot; four events at days 0, 2, 4, 6. Event estimates are not additive."
SC04655,Independent recovery experiment 04655,Four_event_stress,4,1.0,1.0,1.0,1.0,South,"Independent 2027-01-01 snapshot; four events at days 0, 2, 4, 6. Event estimates are not additive."
SC04656,Independent recovery experiment 04656,Four_event_stress,4,1.0,1.0,1.0,1.0,West,"Independent 2027-01-01 snapshot; four events at days 0, 2, 4, 6. Event estimates are not additive."
SC04657,Independent recovery experiment 04657,Four_event_stress,4,1.0,1.0,1.0,1.0,East,"Independent 2027-01-01 snapshot; four events at days 0, 2, 4, 6. Event estimates are not additive."
SC04658,Independent recovery experiment 04658,Four_event_stress,4,1.0,1.0,1.0,1.0,West,"Independent 2027-01-01 snapshot; four events at days 0, 2, 4, 6. Event estimates are not additive."
SC04659,Independent recovery experiment 04659,Four_event_stress,4,1.0,1.0,1.0,1.0,North,"Independent 2027-01-01 snapshot; four events at days 0, 2, 4, 6. Event estimates are not additive."
SC04660,Independent recovery experiment 04660,Four_event_stress,4,1.0,1.0,1.0,1.0,South,"Independent 2027-01-01 snapshot; four events at days 0, 2, 4, 6. Event estimates are not additive."
SC04661,Independent recovery experiment 04661,Four_event_stress,4,1.0,1.0,1.0,1.0,South,"Independent 2027-01-01 snapshot; four events at days 0, 2, 4, 6. Event estimates are not additive."
SC04662,Independent recovery experiment 04662,Four_event_stress,4,1.0,1.0,1.0,1.0,West,"Independent 2027-01-01 snapshot; four events at days 0, 2, 4, 6. Event estimates are not additive."
SC04663,Independent recovery experiment 04663,Four_event_stress,4,1.0,1.0,1.0,1.0,North,"Independent 2027-01-01 snapshot; four events at days 0, 2, 4, 6. Event estimates are not additive."
SC04664,Independent recovery experiment 04664,Four_event_stress,4,1.0,1.0,1.0,1.0,South,"Independent 2027-01-01 snapshot; four events at days 0, 2, 4, 6. Event estimates are not additive."
SC04665,Independent recovery experiment 04665,Four_event_stress,4,1.0,1.0,1.0,1.0,South,"Independent 2027-01-01 snapshot; four events at days 0, 2, 4, 6. Event estimates are not additive."
SC04666,Independent recovery experiment 04666,Four_event_stress,4,1.0,1.0,1.0,1.0,West,"Independent 2027-01-01 snapshot; four events at days 0, 2, 4, 6. Event estimates are not additive."
SC04667,Independent recovery experiment 04667,Four_event_stress,4,1.0,1.0,1.0,1.0,East,"Independent 2027-01-01 snapshot; four events at days 0, 2, 4, 6. Event estimates are not additive."
SC04668,Independent recovery experiment 04668,Four_event_stress,4,1.0,1.0,1.0,1.0,West,"Independent 2027-01-01 snapshot; four events at days 0, 2, 4, 6. Event estimates are not additive."
SC04669,Independent recovery experiment 04669,Four_event_stress,4,1.0,1.0,1.0,1.0,North,"Independent 2027-01-01 snapshot; four events at days 0, 2, 4, 6. Event estimates are not additive."
SC04670,Independent recovery experiment 04670,Four_event_stress,4,1.0,1.0,1.0,1.0,South,"Independent 2027-01-01 snapshot; four events at days 0, 2, 4, 6. Event estimates are not additive."
SC04671,Independent recovery experiment 04671,Four_event_stress,4,1.0,1.0,1.0,1.0,South,"Independent 2027-01-01 snapshot; four events at days 0, 2, 4, 6. Event estimates are not additive."
SC04672,Independent recovery experiment 04672,Four_event_stress,4,1.0,1.0,1.0,1.0,West,"Independent 2027-01-01 snapshot; four events at days 0, 2, 4, 6. Event estimates are not additive."
SC04673,Independent recovery experiment 04673,Four_event_stress,4,1.0,1.0,1.0,1.0,North,"Independent 2027-01-01 snapshot; four events at days 0, 2, 4, 6. Event estimates are not additive."
SC04674,Independent recovery experiment 04674,Four_event_stress,4,1.0,1.0,1.0,1.0,South,"Independent 2027-01-01 snapshot; four events at days 0, 2, 4, 6. Event estimates are not additive."
SC04675,Independent recovery experiment 04675,Four_event_stress,4,1.0,1.0,1.0,1.0,South,"Independent 2027-01-01 snapshot; four events at days 0, 2, 4, 6. Event estimates are not additive."
SC04676,Independent recovery experiment 04676,Four_event_stress,4,1.0,1.0,1.0,1.0,West,"Independent 2027-01-01 snapshot; four events at days 0, 2, 4, 6. Event estimates are not additive."
SC04677,Independent recovery experiment 04677,Four_event_stress,4,1.0,1.0,1.0,1.0,East,"Independent 2027-01-01 snapshot; four events at days 0, 2, 4, 6. Event estimates are not additive."
SC04678,Independent recovery experiment 04678,Four_event_stress,4,1.0,1.0,1.0,1.0,West,"Independent 2027-01-01 snapshot; four events at days 0, 2, 4, 6. Event estimates are not additive."
SC04679,Independent recovery experiment 04679,Four_event_stress,4,1.0,1.0,1.0,1.0,North,"Independent 2027-01-01 snapshot; four events at days 0, 2, 4, 6. Event estimates are not additive."
SC04680,Independent recovery experiment 04680,Four_event_stress,4,1.0,1.0,1.0,1.0,South,"Independent 2027-01-01 snapshot; four events at days 0, 2, 4, 6. Event estimates are not additive."
SC04681,Independent recovery experiment 04681,Four_event_stress,4,1.0,1.0,1.0,1.0,South,"Independent 2027-01-01 snapshot; four events at days 0, 2, 4, 6. Event estimates are not additive."
SC04682,Independent recovery experiment 04682,Four_event_stress,4,1.0,1.0,1.0,1.0,West,"Independent 2027-01-01 snapshot; four events at days 0, 2, 4, 6. Event estimates are not additive."
SC04683,Independent recovery experiment 04683,Four_event_stress,4,1.0,1.0,1.0,1.0,North,"Independent 2027-01-01 snapshot; four events at days 0, 2, 4, 6. Event estimates are not additive."
SC04684,Independent recovery experiment 04684,Four_event_stress,4,1.0,1.0,1.0,1.0,South,"Independent 2027-01-01 snapshot; four events at days 0, 2, 4, 6. Event estimates are not additive."
SC04685,Independent recovery experiment 04685,Four_event_stress,4,1.0,1.0,1.0,1.0,South,"Independent 2027-01-01 snapshot; four events at days 0, 2, 4, 6. Event estimates are not additive."
SC04686,Independent recovery experiment 04686,Four_event_stress,4,1.0,1.0,1.0,1.0,West,"Independent 2027-01-01 snapshot; four events at days 0, 2, 4, 6. Event estimates are not additive."
SC04687,Independent recovery experiment 04687,Four_event_stress,4,1.0,1.0,1.0,1.0,East,"Independent 2027-01-01 snapshot; four events at days 0, 2, 4, 6. Event estimates are not additive."
SC04688,Independent recovery experiment 04688,Four_event_stress,4,1.0,1.0,1.0,1.0,West,"Independent 2027-01-01 snapshot; four events at days 0, 2, 4, 6. Event estimates are not additive."
SC04689,Independent recovery experiment 04689,Four_event_stress,4,1.0,1.0,1.0,1.0,North,"Independent 2027-01-01 snapshot; four events at days 0, 2, 4, 6. Event estimates are not additive."
SC04690,Independent recovery experiment 04690,Four_event_stress,4,1.0,1.0,1.0,1.0,South,"Independent 2027-01-01 snapshot; four events at days 0, 2, 4, 6. Event estimates are not additive."
SC04691,Independent recovery experiment 04691,Four_event_stress,4,1.0,1.0,1.0,1.0,South,"Independent 2027-01-01 snapshot; four events at days 0, 2, 4, 6. Event estimates are not additive."
SC04692,Independent recovery experiment 04692,Four_event_stress,4,1.0,1.0,1.0,1.0,West,"Independent 2027-01-01 snapshot; four events at days 0, 2, 4, 6. Event estimates are not additive."
SC04693,Independent recovery experiment 04693,Four_event_stress,4,1.0,1.0,1.0,1.0,North,"Independent 2027-01-01 snapshot; four events at days 0, 2, 4, 6. Event estimates are not additive."
SC04694,Independent recovery experiment 04694,Four_event_stress,4,1.0,1.0,1.0,1.0,South,"Independent 2027-01-01 snapshot; four events at days 0, 2, 4, 6. Event estimates are not additive."
SC04695,Independent recovery experiment 04695,Four_event_stress,4,1.0,1.0,1.0,1.0,South,"Independent 2027-01-01 snapshot; four events at days 0, 2, 4, 6. Event estimates are not additive."
SC04696,Independent recovery experiment 04696,Four_event_stress,4,1.0,1.0,1.0,1.0,West,"Independent 2027-01-01 snapshot; four events at days 0, 2, 4, 6. Event estimates are not additive."
SC04697,Independent recovery experiment 04697,Four_event_stress,4,1.0,1.0,1.0,1.0,East,"Independent 2027-01-01 snapshot; four events at days 0, 2, 4, 6. Event estimates are not additive."
SC04698,Independent recovery experiment 04698,Four_event_stress,4,1.0,1.0,1.0,1.0,West,"Independent 2027-01-01 snapshot; four events at days 0, 2, 4, 6. Event estimates are not additive."
SC04699,Independent recovery experiment 04699,Four_event_stress,4,1.0,1.0,1.0,1.0,North,"Independent 2027-01-01 snapshot; four events at days 0, 2, 4, 6. Event estimates are not additive."
SC04700,Independent recovery experiment 04700,Four_event_stress,4,1.0,1.0,1.0,1.0,South,"Independent 2027-01-01 snapshot; four events at days 0, 2, 4, 6. Event estimates are not additive."
SC04701,Independent recovery experiment 04701,Four_event_stress,4,1.0,1.0,1.0,1.0,South,"Independent 2027-01-01 snapshot; four events at days 0, 2, 4, 6. Event estimates are not additive."
SC04702,Independent recovery experiment 04702,Four_event_stress,4,1.0,1.0,1.0,1.0,West,"Independent 2027-01-01 snapshot; four events at days 0, 2, 4, 6. Event estimates are not additive."
SC04703,Independent recovery experiment 04703,Four_event_stress,4,1.0,1.0,1.0,1.0,North,"Independent 2027-01-01 snapshot; four events at days 0, 2, 4, 6. Event estimates are not additive."
SC04704,Independent recovery experiment 04704,Four_event_stress,4,1.0,1.0,1.0,1.0,South,"Independent 2027-01-01 snapshot; four events at days 0, 2, 4, 6. Event estimates are not additive."
SC04705,Independent recovery experiment 04705,Four_event_stress,4,1.0,1.0,1.0,1.0,South,"Independent 2027-01-01 snapshot; four events at days 0, 2, 4, 6. Event estimates are not additive."
SC04706,Independent recovery experiment 04706,Four_event_stress,4,1.0,1.0,1.0,1.0,West,"Independent 2027-01-01 snapshot; four events at days 0, 2, 4, 6. Event estimates are not additive."
SC04707,Independent recovery experiment 04707,Four_event_stress,4,1.0,1.0,1.0,1.0,East,"Independent 2027-01-01 snapshot; four events at days 0, 2, 4, 6. Event estimates are not additive."
SC04708,Independent recovery experiment 04708,Four_event_stress,4,1.0,1.0,1.0,1.0,West,"Independent 2027-01-01 snapshot; four events at days 0, 2, 4, 6. Event estimates are not additive."
SC04709,Independent recovery experiment 04709,Four_event_stress,4,1.0,1.0,1.0,1.0,North,"Independent 2027-01-01 snapshot; four events at days 0, 2, 4, 6. Event estimates are not additive."
SC04710,Independent recovery experiment 04710,Four_event_stress,4,1.0,1.0,1.0,1.0,South,"Independent 2027-01-01 snapshot; four events at days 0, 2, 4, 6. Event estimates are not additive."
SC04711,Independent recovery experiment 04711,Four_event_stress,4,1.0,1.0,1.0,1.0,South,"Independent 2027-01-01 snapshot; four events at days 0, 2, 4, 6. Event estimates are not additive."
SC04712,Independent recovery experiment 04712,Four_event_stress,4,1.0,1.0,1.0,1.0,West,"Independent 2027-01-01 snapshot; four events at days 0, 2, 4, 6. Event estimates are not additive."
SC04713,Independent recovery experiment 04713,Four_event_stress,4,1.0,1.0,1.0,1.0,North,"Independent 2027-01-01 snapshot; four events at days 0, 2, 4, 6. Event estimates are not additive."
SC04714,Independent recovery experiment 04714,Four_event_stress,4,1.0,1.0,1.0,1.0,South,"Independent 2027-01-01 snapshot; four events at days 0, 2, 4, 6. Event estimates are not additive."
SC04715,Independent recovery experiment 04715,Four_event_stress,4,1.0,1.0,1.0,1.0,South,"Independent 2027-01-01 snapshot; four events at days 0, 2, 4, 6. Event estimates are not additive."
SC04716,Independent recovery experiment 04716,Four_event_stress,4,1.0,1.0,1.0,1.0,West,"Independent 2027-01-01 snapshot; four events at days 0, 2, 4, 6. Event estimates are not additive."
SC04717,Independent recovery experiment 04717,Four_event_stress,4,1.0,1.0,1.0,1.0,East,"Independent 2027-01-01 snapshot; four events at days 0, 2, 4, 6. Event estimates are not additive."
SC04718,Independent recovery experiment 04718,Four_event_stress,4,1.0,1.0,1.0,1.0,West,"Independent 2027-01-01 snapshot; four events at days 0, 2, 4, 6. Event estimates are not additive."
SC04719,Independent recovery experiment 04719,Four_event_stress,4,1.0,1.0,1.0,1.0,North,"Independent 2027-01-01 snapshot; four events at days 0, 2, 4, 6. Event estimates are not additive."
SC04720,Independent recovery experiment 04720,Four_event_stress,4,1.0,1.0,1.0,1.0,South,"Independent 2027-01-01 snapshot; four events at days 0, 2, 4, 6. Event estimates are not additive."
SC04721,Independent recovery experiment 04721,Four_event_stress,4,1.0,1.0,1.0,1.0,South,"Independent 2027-01-01 snapshot; four events at days 0, 2, 4, 6. Event estimates are not additive."
SC04722,Independent recovery experiment 04722,Four_event_stress,4,1.0,1.0,1.0,1.0,West,"Independent 2027-01-01 snapshot; four events at days 0, 2, 4, 6. Event estimates are not additive."
SC04723,Independent recovery experiment 04723,Four_event_stress,4,1.0,1.0,1.0,1.0,North,"Independent 2027-01-01 snapshot; four events at days 0, 2, 4, 6. Event estimates are not additive."
SC04724,Independent recovery experiment 04724,Four_event_stress,4,1.0,1.0,1.0,1.0,South,"Independent 2027-01-01 snapshot; four events at days 0, 2, 4, 6. Event estimates are not additive."
SC04725,Independent recovery experiment 04725,Four_event_stress,4,1.0,1.0,1.0,1.0,South,"Independent 2027-01-01 snapshot; four events at days 0, 2, 4, 6. Event estimates are not additive."
SC04726,Independent recovery experiment 04726,Four_event_stress,4,1.0,1.0,1.0,1.0,West,"Independent 2027-01-01 snapshot; four events at days 0, 2, 4, 6. Event estimates are not additive."
SC04727,Independent recovery experiment 04727,Four_event_stress,4,1.0,1.0,1.0,1.0,East,"Independent 2027-01-01 snapshot; four events at days 0, 2, 4, 6. Event estimates are not additive."
SC04728,Independent recovery experiment 04728,Four_event_stress,4,1.0,1.0,1.0,1.0,West,"Independent 2027-01-01 snapshot; four events at days 0, 2, 4, 6. Event estimates are not additive."
SC04729,Independent recovery experiment 04729,Four_event_stress,4,1.0,1.0,1.0,1.0,North,"Independent 2027-01-01 snapshot; four events at days 0, 2, 4, 6. Event estimates are not additive."
SC04730,Independent recovery experiment 04730,Four_event_stress,4,1.0,1.0,1.0,1.0,South,"Independent 2027-01-01 snapshot; four events at days 0, 2, 4, 6. Event estimates are not additive."
SC04731,Independent recovery experiment 04731,Four_event_stress,4,1.0,1.0,1.0,1.0,South,"Independent 2027-01-01 snapshot; four events at days 0, 2, 4, 6. Event estimates are not additive."
SC04732,Independent recovery experiment 04732,Four_event_stress,4,1.0,1.0,1.0,1.0,West,"Independent 2027-01-01 snapshot; four events at days 0, 2, 4, 6. Event estimates are not additive."
SC04733,Independent recovery experiment 04733,Four_event_stress,4,1.0,1.0,1.0,1.0,North,"Independent 2027-01-01 snapshot; four events at days 0, 2, 4, 6. Event estimates are not additive."
SC04734,Independent recovery experiment 04734,Four_event_stress,4,1.0,1.0,1.0,1.0,South,"Independent 2027-01-01 snapshot; four events at days 0, 2, 4, 6. Event estimates are not additive."
SC04735,Independent recovery experiment 04735,Four_event_stress,4,1.0,1.0,1.0,1.0,South,"Independent 2027-01-01 snapshot; four events at days 0, 2, 4, 6. Event estimates are not additive."
SC04736,Independent recovery experiment 04736,Four_event_stress,4,1.0,1.0,1.0,1.0,West,"Independent 2027-01-01 snapshot; four events at days 0, 2, 4, 6. Event estimates are not additive."
SC04737,Independent recovery experiment 04737,Four_event_stress,4,1.0,1.0,1.0,1.0,East,"Independent 2027-01-01 snapshot; four events at days 0, 2, 4, 6. Event estimates are not additive."
SC04738,Independent recovery experiment 04738,Four_event_stress,4,1.0,1.0,1.0,1.0,West,"Independent 2027-01-01 snapshot; four events at days 0, 2, 4, 6. Event estimates are not additive."
SC04739,Independent recovery experiment 04739,Four_event_stress,4,1.0,1.0,1.0,1.0,North,"Independent 2027-01-01 snapshot; four events at days 0, 2, 4, 6. Event estimates are not additive."
SC04740,Independent recovery experiment 04740,Four_event_stress,4,1.0,1.0,1.0,1.0,South,"Independent 2027-01-01 snapshot; four events at days 0, 2, 4, 6. Event estimates are not additive."
SC04741,Independent recovery experiment 04741,Four_event_stress,4,1.0,1.0,1.0,1.0,South,"Independent 2027-01-01 snapshot; four events at days 0, 2, 4, 6. Event estimates are not additive."
SC04742,Independent recovery experiment 04742,Four_event_stress,4,1.0,1.0,1.0,1.0,West,"Independent 2027-01-01 snapshot; four events at days 0, 2, 4, 6. Event estimates are not additive."
SC04743,Independent recovery experiment 04743,Four_event_stress,4,1.0,1.0,1.0,1.0,North,"Independent 2027-01-01 snapshot; four events at days 0, 2, 4, 6. Event estimates are not additive."
SC04744,Independent recovery experiment 04744,Four_event_stress,4,1.0,1.0,1.0,1.0,South,"Independent 2027-01-01 snapshot; four events at days 0, 2, 4, 6. Event estimates are not additive."
SC04745,Independent recovery experiment 04745,Four_event_stress,4,1.0,1.0,1.0,1.0,South,"Independent 2027-01-01 snapshot; four events at days 0, 2, 4, 6. Event estimates are not additive."
SC04746,Independent recovery experiment 04746,Four_event_stress,4,1.0,1.0,1.0,1.0,West,"Independent 2027-01-01 snapshot; four events at days 0, 2, 4, 6. Event estimates are not additive."
SC04747,Independent recovery experiment 04747,Four_event_stress,4,1.0,1.0,1.0,1.0,East,"Independent 2027-01-01 snapshot; four events at days 0, 2, 4, 6. Event estimates are not additive."
SC04748,Independent recovery experiment 04748,Four_event_stress,4,1.0,1.0,1.0,1.0,West,"Independent 2027-01-01 snapshot; four events at days 0, 2, 4, 6. Event estimates are not additive."
SC04749,Independent recovery experiment 04749,Four_event_stress,4,1.0,1.0,1.0,1.0,North,"Independent 2027-01-01 snapshot; four events at days 0, 2, 4, 6. Event estimates are not additive."
SC04750,Independent recovery experiment 04750,Four_event_stress,4,1.0,1.0,1.0,1.0,South,"Independent 2027-01-01 snapshot; four events at days 0, 2, 4, 6. Event estimates are not additive."
SC04751,Independent recovery experiment 04751,Four_event_stress,4,1.0,1.0,1.0,1.0,South,"Independent 2027-01-01 snapshot; four events at days 0, 2, 4, 6. Event estimates are not additive."
SC04752,Independent recovery experiment 04752,Four_event_stress,4,1.0,1.0,1.0,1.0,West,"Independent 2027-01-01 snapshot; four events at days 0, 2, 4, 6. Event estimates are not additive."
SC04753,Independent recovery experiment 04753,Four_event_stress,4,1.0,1.0,1.0,1.0,North,"Independent 2027-01-01 snapshot; four events at days 0, 2, 4, 6. Event estimates are not additive."
SC04754,Independent recovery experiment 04754,Four_event_stress,4,1.0,1.0,1.0,1.0,South,"Independent 2027-01-01 snapshot; four events at days 0, 2, 4, 6. Event estimates are not additive."
SC04755,Independent recovery experiment 04755,Four_event_stress,4,1.0,1.0,1.0,1.0,South,"Independent 2027-01-01 snapshot; four events at days 0, 2, 4, 6. Event estimates are not additive."
SC04756,Independent recovery experiment 04756,Four_event_stress,4,1.0,1.0,1.0,1.0,West,"Independent 2027-01-01 snapshot; four events at days 0, 2, 4, 6. Event estimates are not additive."
SC04757,Independent recovery experiment 04757,Four_event_stress,4,1.0,1.0,1.0,1.0,East,"Independent 2027-01-01 snapshot; four events at days 0, 2, 4, 6. Event estimates are not additive."
SC04758,Independent recovery experiment 04758,Four_event_stress,4,1.0,1.0,1.0,1.0,West,"Independent 2027-01-01 snapshot; four events at days 0, 2, 4, 6. Event estimates are not additive."
SC04759,Independent recovery experiment 04759,Four_event_stress,4,1.0,1.0,1.0,1.0,North,"Independent 2027-01-01 snapshot; four events at days 0, 2, 4, 6. Event estimates are not additive."
SC04760,Independent recovery experiment 04760,Four_event_stress,4,1.0,1.0,1.0,1.0,South,"Independent 2027-01-01 snapshot; four events at days 0, 2, 4, 6. Event estimates are not additive."
SC04761,Independent recovery experiment 04761,Four_event_stress,4,1.0,1.0,1.0,1.0,South,"Independent 2027-01-01 snapshot; four events at days 0, 2, 4, 6. Event estimates are not additive."
SC04762,Independent recovery experiment 04762,Four_event_stress,4,1.0,1.0,1.0,1.0,West,"Independent 2027-01-01 snapshot; four events at days 0, 2, 4, 6. Event estimates are not additive."
SC04763,Independent recovery experiment 04763,Four_event_stress,4,1.0,1.0,1.0,1.0,North,"Independent 2027-01-01 snapshot; four events at days 0, 2, 4, 6. Event estimates are not additive."
SC04764,Independent recovery experiment 04764,Four_event_stress,4,1.0,1.0,1.0,1.0,South,"Independent 2027-01-01 snapshot; four events at days 0, 2, 4, 6. Event estimates are not additive."
SC04765,Independent recovery experiment 04765,Four_event_stress,4,1.0,1.0,1.0,1.0,South,"Independent 2027-01-01 snapshot; four events at days 0, 2, 4, 6. Event estimates are not additive."
SC04766,Independent recovery experiment 04766,Four_event_stress,4,1.0,1.0,1.0,1.0,West,"Independent 2027-01-01 snapshot; four events at days 0, 2, 4, 6. Event estimates are not additive."
SC04767,Independent recovery experiment 04767,Four_event_stress,4,1.0,1.0,1.0,1.0,East,"Independent 2027-01-01 snapshot; four events at days 0, 2, 4, 6. Event estimates are not additive."
SC04768,Independent recovery experiment 04768,Four_event_stress,4,1.0,1.0,1.0,1.0,West,"Independent 2027-01-01 snapshot; four events at days 0, 2, 4, 6. Event estimates are not additive."
SC04769,Independent recovery experiment 04769,Four_event_stress,4,1.0,1.0,1.0,1.0,North,"Independent 2027-01-01 snapshot; four events at days 0, 2, 4, 6. Event estimates are not additive."
SC04770,Independent recovery experiment 04770,Four_event_stress,4,1.0,1.0,1.0,1.0,South,"Independent 2027-01-01 snapshot; four events at days 0, 2, 4, 6. Event estimates are not additive."
SC04771,Independent recovery experiment 04771,Four_event_stress,4,1.0,1.0,1.0,1.0,South,"Independent 2027-01-01 snapshot; four events at days 0, 2, 4, 6. Event estimates are not additive."
SC04772,Independent recovery experiment 04772,Four_event_stress,4,1.0,1.0,1.0,1.0,West,"Independent 2027-01-01 snapshot; four events at days 0, 2, 4, 6. Event estimates are not additive."
SC04773,Independent recovery experiment 04773,Four_event_stress,4,1.0,1.0,1.0,1.0,North,"Independent 2027-01-01 snapshot; four events at days 0, 2, 4, 6. Event estimates are not additive."
SC04774,Independent recovery experiment 04774,Four_event_stress,4,1.0,1.0,1.0,1.0,South,"Independent 2027-01-01 snapshot; four events at days 0, 2, 4, 6. Event estimates are not additive."
SC04775,Independent recovery experiment 04775,Four_event_stress,4,1.0,1.0,1.0,1.0,South,"Independent 2027-01-01 snapshot; four events at days 0, 2, 4, 6. Event estimates are not additive."
SC04776,Independent recovery experiment 04776,Four_event_stress,4,1.0,1.0,1.0,1.0,West,"Independent 2027-01-01 snapshot; four events at days 0, 2, 4, 6. Event estimates are not additive."
SC04777,Independent recovery experiment 04777,Four_event_stress,4,1.0,1.0,1.0,1.0,East,"Independent 2027-01-01 snapshot; four events at days 0, 2, 4, 6. Event estimates are not additive."
SC04778,Independent recovery experiment 04778,Four_event_stress,4,1.0,1.0,1.0,1.0,West,"Independent 2027-01-01 snapshot; four events at days 0, 2, 4, 6. Event estimates are not additive."
SC04779,Independent recovery experiment 04779,Four_event_stress,4,1.0,1.0,1.0,1.0,North,"Independent 2027-01-01 snapshot; four events at days 0, 2, 4, 6. Event estimates are not additive."
SC04780,Independent recovery experiment 04780,Four_event_stress,4,1.0,1.0,1.0,1.0,South,"Independent 2027-01-01 snapshot; four events at days 0, 2, 4, 6. Event estimates are not additive."
SC04781,Independent recovery experiment 04781,Four_event_stress,4,1.0,1.0,1.0,1.0,South,"Independent 2027-01-01 snapshot; four events at days 0, 2, 4, 6. Event estimates are not additive."
SC04782,Independent recovery experiment 04782,Four_event_stress,4,1.0,1.0,1.0,1.0,West,"Independent 2027-01-01 snapshot; four events at days 0, 2, 4, 6. Event estimates are not additive."
SC04783,Independent recovery experiment 04783,Four_event_stress,4,1.0,1.0,1.0,1.0,North,"Independent 2027-01-01 snapshot; four events at days 0, 2, 4, 6. Event estimates are not additive."
SC04784,Independent recovery experiment 04784,Four_event_stress,4,1.0,1.0,1.0,1.0,South,"Independent 2027-01-01 snapshot; four events at days 0, 2, 4, 6. Event estimates are not additive."
SC04785,Independent recovery experiment 04785,Four_event_stress,4,1.0,1.0,1.0,1.0,South,"Independent 2027-01-01 snapshot; four events at days 0, 2, 4, 6. Event estimates are not additive."
SC04786,Independent recovery experiment 04786,Four_event_stress,4,1.0,1.0,1.0,1.0,West,"Independent 2027-01-01 snapshot; four events at days 0, 2, 4, 6. Event estimates are not additive."
SC04787,Independent recovery experiment 04787,Four_event_stress,4,1.0,1.0,1.0,1.0,East,"Independent 2027-01-01 snapshot; four events at days 0, 2, 4, 6. Event estimates are not additive."
SC04788,Independent recovery experiment 04788,Four_event_stress,4,1.0,1.0,1.0,1.0,West,"Independent 2027-01-01 snapshot; four events at days 0, 2, 4, 6. Event estimates are not additive."
SC04789,Independent recovery experiment 04789,Four_event_stress,4,1.0,1.0,1.0,1.0,North,"Independent 2027-01-01 snapshot; four events at days 0, 2, 4, 6. Event estimates are not additive."
SC04790,Independent recovery experiment 04790,Four_event_stress,4,1.0,1.0,1.0,1.0,South,"Independent 2027-01-01 snapshot; four events at days 0, 2, 4, 6. Event estimates are not additive."
SC04791,Independent recovery experiment 04791,Four_event_stress,4,1.0,1.0,1.0,1.0,South,"Independent 2027-01-01 snapshot; four events at days 0, 2, 4, 6. Event estimates are not additive."
SC04792,Independent recovery experiment 04792,Four_event_stress,4,1.0,1.0,1.0,1.0,West,"Independent 2027-01-01 snapshot; four events at days 0, 2, 4, 6. Event estimates are not additive."
SC04793,Independent recovery experiment 04793,Four_event_stress,4,1.0,1.0,1.0,1.0,North,"Independent 2027-01-01 snapshot; four events at days 0, 2, 4, 6. Event estimates are not additive."
SC04794,Independent recovery experiment 04794,Four_event_stress,4,1.0,1.0,1.0,1.0,South,"Independent 2027-01-01 snapshot; four events at days 0, 2, 4, 6. Event estimates are not additive."
SC04795,Independent recovery experiment 04795,Four_event_stress,4,1.0,1.0,1.0,1.0,South,"Independent 2027-01-01 snapshot; four events at days 0, 2, 4, 6. Event estimates are not additive."
SC04796,Independent recovery experiment 04796,Four_event_stress,4,1.0,1.0,1.0,1.0,West,"Independent 2027-01-01 snapshot; four events at days 0, 2, 4, 6. Event estimates are not additive."
SC04797,Independent recovery experiment 04797,Four_event_stress,4,1.0,1.0,1.0,1.0,East,"Independent 2027-01-01 snapshot; four events at days 0, 2, 4, 6. Event estimates are not additive."
SC04798,Independent recovery experiment 04798,Four_event_stress,4,1.0,1.0,1.0,1.0,West,"Independent 2027-01-01 snapshot; four events at days 0, 2, 4, 6. Event estimates are not additive."
SC04799,Independent recovery experiment 04799,Four_event_stress,4,1.0,1.0,1.0,1.0,North,"Independent 2027-01-01 snapshot; four events at days 0, 2, 4, 6. Event estimates are not additive."
SC04800,Independent recovery experiment 04800,Four_event_stress,4,1.0,1.0,1.0,1.0,South,"Independent 2027-01-01 snapshot; four events at days 0, 2, 4, 6. Event estimates are not additive."
SC04801,Independent recovery experiment 04801,Four_event_stress,4,1.0,1.0,1.0,1.0,South,"Independent 2027-01-01 snapshot; four events at days 0, 2, 4, 6. Event estimates are not additive."
SC04802,Independent recovery experiment 04802,Four_event_stress,4,1.0,1.0,1.0,1.0,West,"Independent 2027-01-01 snapshot; four events at days 0, 2, 4, 6. Event estimates are not additive."
SC04803,Independent recovery experiment 04803,Four_event_stress,4,1.0,1.0,1.0,1.0,North,"Independent 2027-01-01 snapshot; four events at days 0, 2, 4, 6. Event estimates are not additive."
SC04804,Independent recovery experiment 04804,Four_event_stress,4,1.0,1.0,1.0,1.0,South,"Independent 2027-01-01 snapshot; four events at days 0, 2, 4, 6. Event estimates are not additive."
SC04805,Independent recovery experiment 04805,Four_event_stress,4,1.0,1.0,1.0,1.0,South,"Independent 2027-01-01 snapshot; four events at days 0, 2, 4, 6. Event estimates are not additive."
SC04806,Independent recovery experiment 04806,Four_event_stress,4,1.0,1.0,1.0,1.0,West,"Independent 2027-01-01 snapshot; four events at days 0, 2, 4, 6. Event estimates are not additive."
SC04807,Independent recovery experiment 04807,Four_event_stress,4,1.0,1.0,1.0,1.0,East,"Independent 2027-01-01 snapshot; four events at days 0, 2, 4, 6. Event estimates are not additive."
SC04808,Independent recovery experiment 04808,Four_event_stress,4,1.0,1.0,1.0,1.0,West,"Independent 2027-01-01 snapshot; four events at days 0, 2, 4, 6. Event estimates are not additive."
SC04809,Independent recovery experiment 04809,Four_event_stress,4,1.0,1.0,1.0,1.0,North,"Independent 2027-01-01 snapshot; four events at days 0, 2, 4, 6. Event estimates are not additive."
SC04810,Independent recovery experiment 04810,Four_event_stress,4,1.0,1.0,1.0,1.0,South,"Independent 2027-01-01 snapshot; four events at days 0, 2, 4, 6. Event estimates are not additive."
SC04811,Independent recovery experiment 04811,Four_event_stress,4,1.0,1.0,1.0,1.0,South,"Independent 2027-01-01 snapshot; four events at days 0, 2, 4, 6. Event estimates are not additive."
SC04812,Independent recovery experiment 04812,Four_event_stress,4,1.0,1.0,1.0,1.0,West,"Independent 2027-01-01 snapshot; four events at days 0, 2, 4, 6. Event estimates are not additive."
SC04813,Independent recovery experiment 04813,Four_event_stress,4,1.0,1.0,1.0,1.0,North,"Independent 2027-01-01 snapshot; four events at days 0, 2, 4, 6. Event estimates are not additive."
SC04814,Independent recovery experiment 04814,Four_event_stress,4,1.0,1.0,1.0,1.0,South,"Independent 2027-01-01 snapshot; four events at days 0, 2, 4, 6. Event estimates are not additive."
SC04815,Independent recovery experiment 04815,Four_event_stress,4,1.0,1.0,1.0,1.0,South,"Independent 2027-01-01 snapshot; four events at days 0, 2, 4, 6. Event estimates are not additive."
SC04816,Independent recovery experiment 04816,Four_event_stress,4,1.0,1.0,1.0,1.0,West,"Independent 2027-01-01 snapshot; four events at days 0, 2, 4, 6. Event estimates are not additive."
SC04817,Independent recovery experiment 04817,Four_event_stress,4,1.0,1.0,1.0,1.0,East,"Independent 2027-01-01 snapshot; four events at days 0, 2, 4, 6. Event estimates are not additive."
SC04818,Independent recovery experiment 04818,Four_event_stress,4,1.0,1.0,1.0,1.0,West,"Independent 2027-01-01 snapshot; four events at days 0, 2, 4, 6. Event estimates are not additive."
SC04819,Independent recovery experiment 04819,Four_event_stress,4,1.0,1.0,1.0,1.0,North,"Independent 2027-01-01 snapshot; four events at days 0, 2, 4, 6. Event estimates are not additive."
SC04820,Independent recovery experiment 04820,Four_event_stress,4,1.0,1.0,1.0,1.0,South,"Independent 2027-01-01 snapshot; four events at days 0, 2, 4, 6. Event estimates are not additive."
SC04821,Independent recovery experiment 04821,Four_event_stress,4,1.0,1.0,1.0,1.0,South,"Independent 2027-01-01 snapshot; four events at days 0, 2, 4, 6. Event estimates are not additive."
SC04822,Independent recovery experiment 04822,Four_event_stress,4,1.0,1.0,1.0,1.0,West,"Independent 2027-01-01 snapshot; four events at days 0, 2, 4, 6. Event estimates are not additive."
SC04823,Independent recovery experiment 04823,Four_event_stress,4,1.0,1.0,1.0,1.0,North,"Independent 2027-01-01 snapshot; four events at days 0, 2, 4, 6. Event estimates are not additive."
SC04824,Independent recovery experiment 04824,Four_event_stress,4,1.0,1.0,1.0,1.0,South,"Independent 2027-01-01 snapshot; four events at days 0, 2, 4, 6. Event estimates are not additive."
SC04825,Independent recovery experiment 04825,Four_event_stress,4,1.0,1.0,1.0,1.0,South,"Independent 2027-01-01 snapshot; four events at days 0, 2, 4, 6. Event estimates are not additive."
SC04826,Independent recovery experiment 04826,Four_event_stress,4,1.0,1.0,1.0,1.0,West,"Independent 2027-01-01 snapshot; four events at days 0, 2, 4, 6. Event estimates are not additive."
SC04827,Independent recovery experiment 04827,Four_event_stress,4,1.0,1.0,1.0,1.0,East,"Independent 2027-01-01 snapshot; four events at days 0, 2, 4, 6. Event estimates are not additive."
SC04828,Independent recovery experiment 04828,Four_event_stress,4,1.0,1.0,1.0,1.0,West,"Independent 2027-01-01 snapshot; four events at days 0, 2, 4, 6. Event estimates are not additive."
SC04829,Independent recovery experiment 04829,Four_event_stress,4,1.0,1.0,1.0,1.0,North,"Independent 2027-01-01 snapshot; four events at days 0, 2, 4, 6. Event estimates are not additive."
SC04830,Independent recovery experiment 04830,Four_event_stress,4,1.0,1.0,1.0,1.0,South,"Independent 2027-01-01 snapshot; four events at days 0, 2, 4, 6. Event estimates are not additive."
SC04831,Independent recovery experiment 04831,Four_event_stress,4,1.0,1.0,1.0,1.0,South,"Independent 2027-01-01 snapshot; four events at days 0, 2, 4, 6. Event estimates are not additive."
SC04832,Independent recovery experiment 04832,Four_event_stress,4,1.0,1.0,1.0,1.0,West,"Independent 2027-01-01 snapshot; four events at days 0, 2, 4, 6. Event estimates are not additive."
SC04833,Independent recovery experiment 04833,Four_event_stress,4,1.0,1.0,1.0,1.0,North,"Independent 2027-01-01 snapshot; four events at days 0, 2, 4, 6. Event estimates are not additive."
SC04834,Independent recovery experiment 04834,Four_event_stress,4,1.0,1.0,1.0,1.0,South,"Independent 2027-01-01 snapshot; four events at days 0, 2, 4, 6. Event estimates are not additive."
SC04835,Independent recovery experiment 04835,Four_event_stress,4,1.0,1.0,1.0,1.0,South,"Independent 2027-01-01 snapshot; four events at days 0, 2, 4, 6. Event estimates are not additive."
SC04836,Independent recovery experiment 04836,Four_event_stress,4,1.0,1.0,1.0,1.0,West,"Independent 2027-01-01 snapshot; four events at days 0, 2, 4, 6. Event estimates are not additive."
SC04837,Independent recovery experiment 04837,Four_event_stress,4,1.0,1.0,1.0,1.0,East,"Independent 2027-01-01 snapshot; four events at days 0, 2, 4, 6. Event estimates are not additive."
SC04838,Independent recovery experiment 04838,Four_event_stress,4,1.0,1.0,1.0,1.0,West,"Independent 2027-01-01 snapshot; four events at days 0, 2, 4, 6. Event estimates are not additive."
SC04839,Independent recovery experiment 04839,Four_event_stress,4,1.0,1.0,1.0,1.0,North,"Independent 2027-01-01 snapshot; four events at days 0, 2, 4, 6. Event estimates are not additive."
SC04840,Independent recovery experiment 04840,Four_event_stress,4,1.0,1.0,1.0,1.0,South,"Independent 2027-01-01 snapshot; four events at days 0, 2, 4, 6. Event estimates are not additive."
SC04841,Independent recovery experiment 04841,Four_event_stress,4,1.0,1.0,1.0,1.0,South,"Independent 2027-01-01 snapshot; four events at days 0, 2, 4, 6. Event estimates are not additive."
SC04842,Independent recovery experiment 04842,Four_event_stress,4,1.0,1.0,1.0,1.0,West,"Independent 2027-01-01 snapshot; four events at days 0, 2, 4, 6. Event estimates are not additive."
SC04843,Independent recovery experiment 04843,Four_event_stress,4,1.0,1.0,1.0,1.0,North,"Independent 2027-01-01 snapshot; four events at days 0, 2, 4, 6. Event estimates are not additive."
SC04844,Independent recovery experiment 04844,Four_event_stress,4,1.0,1.0,1.0,1.0,South,"Independent 2027-01-01 snapshot; four events at days 0, 2, 4, 6. Event estimates are not additive."
SC04845,Independent recovery experiment 04845,Four_event_stress,4,1.0,1.0,1.0,1.0,South,"Independent 2027-01-01 snapshot; four events at days 0, 2, 4, 6. Event estimates are not additive."
SC04846,Independent recovery experiment 04846,Four_event_stress,4,1.0,1.0,1.0,1.0,West,"Independent 2027-01-01 snapshot; four events at days 0, 2, 4, 6. Event estimates are not additive."
SC04847,Independent recovery experiment 04847,Four_event_stress,4,1.0,1.0,1.0,1.0,East,"Independent 2027-01-01 snapshot; four events at days 0, 2, 4, 6. Event estimates are not additive."
SC04848,Independent recovery experiment 04848,Four_event_stress,4,1.0,1.0,1.0,1.0,West,"Independent 2027-01-01 snapshot; four events at days 0, 2, 4, 6. Event estimates are not additive."
SC04849,Independent recovery experiment 04849,Four_event_stress,4,1.0,1.0,1.0,1.0,North,"Independent 2027-01-01 snapshot; four events at days 0, 2, 4, 6. Event estimates are not additive."
SC04850,Independent recovery experiment 04850,Four_event_stress,4,1.0,1.0,1.0,1.0,South,"Independent 2027-01-01 snapshot; four events at days 0, 2, 4, 6. Event estimates are not additive."
SC04851,Independent recovery experiment 04851,Four_event_stress,4,1.0,1.0,1.0,1.0,South,"Independent 2027-01-01 snapshot; four events at days 0, 2, 4, 6. Event estimates are not additive."
SC04852,Independent recovery experiment 04852,Four_event_stress,4,1.0,1.0,1.0,1.0,West,"Independent 2027-01-01 snapshot; four events at days 0, 2, 4, 6. Event estimates are not additive."
SC04853,Independent recovery experiment 04853,Four_event_stress,4,1.0,1.0,1.0,1.0,North,"Independent 2027-01-01 snapshot; four events at days 0, 2, 4, 6. Event estimates are not additive."
SC04854,Independent recovery experiment 04854,Four_event_stress,4,1.0,1.0,1.0,1.0,South,"Independent 2027-01-01 snapshot; four events at days 0, 2, 4, 6. Event estimates are not additive."
SC04855,Independent recovery experiment 04855,Four_event_stress,4,1.0,1.0,1.0,1.0,South,"Independent 2027-01-01 snapshot; four events at days 0, 2, 4, 6. Event estimates are not additive."
SC04856,Independent recovery experiment 04856,Four_event_stress,4,1.0,1.0,1.0,1.0,West,"Independent 2027-01-01 snapshot; four events at days 0, 2, 4, 6. Event estimates are not additive."
SC04857,Independent recovery experiment 04857,Four_event_stress,4,1.0,1.0,1.0,1.0,East,"Independent 2027-01-01 snapshot; four events at days 0, 2, 4, 6. Event estimates are not additive."
SC04858,Independent recovery experiment 04858,Four_event_stress,4,1.0,1.0,1.0,1.0,West,"Independent 2027-01-01 snapshot; four events at days 0, 2, 4, 6. Event estimates are not additive."
SC04859,Independent recovery experiment 04859,Four_event_stress,4,1.0,1.0,1.0,1.0,North,"Independent 2027-01-01 snapshot; four events at days 0, 2, 4, 6. Event estimates are not additive."
SC04860,Independent recovery experiment 04860,Four_event_stress,4,1.0,1.0,1.0,1.0,South,"Independent 2027-01-01 snapshot; four events at days 0, 2, 4, 6. Event estimates are not additive."
SC04861,Independent recovery experiment 04861,Four_event_stress,4,1.0,1.0,1.0,1.0,South,"Independent 2027-01-01 snapshot; four events at days 0, 2, 4, 6. Event estimates are not additive."
SC04862,Independent recovery experiment 04862,Four_event_stress,4,1.0,1.0,1.0,1.0,West,"Independent 2027-01-01 snapshot; four events at days 0, 2, 4, 6. Event estimates are not additive."
SC04863,Independent recovery experiment 04863,Four_event_stress,4,1.0,1.0,1.0,1.0,North,"Independent 2027-01-01 snapshot; four events at days 0, 2, 4, 6. Event estimates are not additive."
SC04864,Independent recovery experiment 04864,Four_event_stress,4,1.0,1.0,1.0,1.0,South,"Independent 2027-01-01 snapshot; four events at days 0, 2, 4, 6. Event estimates are not additive."
SC04865,Independent recovery experiment 04865,Four_event_stress,4,1.0,1.0,1.0,1.0,South,"Independent 2027-01-01 snapshot; four events at days 0, 2, 4, 6. Event estimates are not additive."
SC04866,Independent recovery experiment 04866,Four_event_stress,4,1.0,1.0,1.0,1.0,West,"Independent 2027-01-01 snapshot; four events at days 0, 2, 4, 6. Event estimates are not additive."
SC04867,Independent recovery experiment 04867,Four_event_stress,4,1.0,1.0,1.0,1.0,East,"Independent 2027-01-01 snapshot; four events at days 0, 2, 4, 6. Event estimates are not additive."
SC04868,Independent recovery experiment 04868,Four_event_stress,4,1.0,1.0,1.0,1.0,West,"Independent 2027-01-01 snapshot; four events at days 0, 2, 4, 6. Event estimates are not additive."
SC04869,Independent recovery experiment 04869,Four_event_stress,4,1.0,1.0,1.0,1.0,North,"Independent 2027-01-01 snapshot; four events at days 0, 2, 4, 6. Event estimates are not additive."
SC04870,Independent recovery experiment 04870,Four_event_stress,4,1.0,1.0,1.0,1.0,South,"Independent 2027-01-01 snapshot; four events at days 0, 2, 4, 6. Event estimates are not additive."
SC04871,Independent recovery experiment 04871,Four_event_stress,4,1.0,1.0,1.0,1.0,South,"Independent 2027-01-01 snapshot; four events at days 0, 2, 4, 6. Event estimates are not additive."
SC04872,Independent recovery experiment 04872,Four_event_stress,4,1.0,1.0,1.0,1.0,West,"Independent 2027-01-01 snapshot; four events at days 0, 2, 4, 6. Event estimates are not additive."
SC04873,Independent recovery experiment 04873,Four_event_stress,4,1.0,1.0,1.0,1.0,North,"Independent 2027-01-01 snapshot; four events at days 0, 2, 4, 6. Event estimates are not additive."
SC04874,Independent recovery experiment 04874,Four_event_stress,4,1.0,1.0,1.0,1.0,South,"Independent 2027-01-01 snapshot; four events at days 0, 2, 4, 6. Event estimates are not additive."
SC04875,Independent recovery experiment 04875,Four_event_stress,4,1.0,1.0,1.0,1.0,South,"Independent 2027-01-01 snapshot; four events at days 0, 2, 4, 6. Event estimates are not additive."
SC04876,Independent recovery experiment 04876,Four_event_stress,4,1.0,1.0,1.0,1.0,West,"Independent 2027-01-01 snapshot; four events at days 0, 2, 4, 6. Event estimates are not additive."
SC04877,Independent recovery experiment 04877,Four_event_stress,4,1.0,1.0,1.0,1.0,East,"Independent 2027-01-01 snapshot; four events at days 0, 2, 4, 6. Event estimates are not additive."
SC04878,Independent recovery experiment 04878,Four_event_stress,4,1.0,1.0,1.0,1.0,West,"Independent 2027-01-01 snapshot; four events at days 0, 2, 4, 6. Event estimates are not additive."
SC04879,Independent recovery experiment 04879,Four_event_stress,4,1.0,1.0,1.0,1.0,North,"Independent 2027-01-01 snapshot; four events at days 0, 2, 4, 6. Event estimates are not additive."
SC04880,Independent recovery experiment 04880,Four_event_stress,4,1.0,1.0,1.0,1.0,South,"Independent 2027-01-01 snapshot; four events at days 0, 2, 4, 6. Event estimates are not additive."
SC04881,Independent recovery experiment 04881,Four_event_stress,4,1.0,1.0,1.0,1.0,South,"Independent 2027-01-01 snapshot; four events at days 0, 2, 4, 6. Event estimates are not additive."
SC04882,Independent recovery experiment 04882,Four_event_stress,4,1.0,1.0,1.0,1.0,West,"Independent 2027-01-01 snapshot; four events at days 0, 2, 4, 6. Event estimates are not additive."
SC04883,Independent recovery experiment 04883,Four_event_stress,4,1.0,1.0,1.0,1.0,North,"Independent 2027-01-01 snapshot; four events at days 0, 2, 4, 6. Event estimates are not additive."
SC04884,Independent recovery experiment 04884,Four_event_stress,4,1.0,1.0,1.0,1.0,South,"Independent 2027-01-01 snapshot; four events at days 0, 2, 4, 6. Event estimates are not additive."
SC04885,Independent recovery experiment 04885,Four_event_stress,4,1.0,1.0,1.0,1.0,South,"Independent 2027-01-01 snapshot; four events at days 0, 2, 4, 6. Event estimates are not additive."
SC04886,Independent recovery experiment 04886,Four_event_stress,4,1.0,1.0,1.0,1.0,West,"Independent 2027-01-01 snapshot; four events at days 0, 2, 4, 6. Event estimates are not additive."
SC04887,Independent recovery experiment 04887,Four_event_stress,4,1.0,1.0,1.0,1.0,East,"Independent 2027-01-01 snapshot; four events at days 0, 2, 4, 6. Event estimates are not additive."
SC04888,Independent recovery experiment 04888,Four_event_stress,4,1.0,1.0,1.0,1.0,West,"Independent 2027-01-01 snapshot; four events at days 0, 2, 4, 6. Event estimates are not additive."
SC04889,Independent recovery experiment 04889,Four_event_stress,4,1.0,1.0,1.0,1.0,North,"Independent 2027-01-01 snapshot; four events at days 0, 2, 4, 6. Event estimates are not additive."
SC04890,Independent recovery experiment 04890,Four_event_stress,4,1.0,1.0,1.0,1.0,South,"Independent 2027-01-01 snapshot; four events at days 0, 2, 4, 6. Event estimates are not additive."
SC04891,Independent recovery experiment 04891,Four_event_stress,4,1.0,1.0,1.0,1.0,South,"Independent 2027-01-01 snapshot; four events at days 0, 2, 4, 6. Event estimates are not additive."
SC04892,Independent recovery experiment 04892,Four_event_stress,4,1.0,1.0,1.0,1.0,West,"Independent 2027-01-01 snapshot; four events at days 0, 2, 4, 6. Event estimates are not additive."
SC04893,Independent recovery experiment 04893,Four_event_stress,4,1.0,1.0,1.0,1.0,North,"Independent 2027-01-01 snapshot; four events at days 0, 2, 4, 6. Event estimates are not additive."
SC04894,Independent recovery experiment 04894,Four_event_stress,4,1.0,1.0,1.0,1.0,South,"Independent 2027-01-01 snapshot; four events at days 0, 2, 4, 6. Event estimates are not additive."
SC04895,Independent recovery experiment 04895,Four_event_stress,4,1.0,1.0,1.0,1.0,South,"Independent 2027-01-01 snapshot; four events at days 0, 2, 4, 6. Event estimates are not additive."
SC04896,Independent recovery experiment 04896,Four_event_stress,4,1.0,1.0,1.0,1.0,West,"Independent 2027-01-01 snapshot; four events at days 0, 2, 4, 6. Event estimates are not additive."
SC04897,Independent recovery experiment 04897,Four_event_stress,4,1.0,1.0,1.0,1.0,East,"Independent 2027-01-01 snapshot; four events at days 0, 2, 4, 6. Event estimates are not additive."
SC04898,Independent recovery experiment 04898,Four_event_stress,4,1.0,1.0,1.0,1.0,West,"Independent 2027-01-01 snapshot; four events at days 0, 2, 4, 6. Event estimates are not additive."
SC04899,Independent recovery experiment 04899,Four_event_stress,4,1.0,1.0,1.0,1.0,North,"Independent 2027-01-01 snapshot; four events at days 0, 2, 4, 6. Event estimates are not additive."
SC04900,Independent recovery experiment 04900,Four_event_stress,4,1.0,1.0,1.0,1.0,South,"Independent 2027-01-01 snapshot; four events at days 0, 2, 4, 6. Event estimates are not additive."
SC04901,Independent recovery experiment 04901,Four_event_stress,4,1.0,1.0,1.0,1.0,South,"Independent 2027-01-01 snapshot; four events at days 0, 2, 4, 6. Event estimates are not additive."
SC04902,Independent recovery experiment 04902,Four_event_stress,4,1.0,1.0,1.0,1.0,West,"Independent 2027-01-01 snapshot; four events at days 0, 2, 4, 6. Event estimates are not additive."
SC04903,Independent recovery experiment 04903,Four_event_stress,4,1.0,1.0,1.0,1.0,North,"Independent 2027-01-01 snapshot; four events at days 0, 2, 4, 6. Event estimates are not additive."
SC04904,Independent recovery experiment 04904,Four_event_stress,4,1.0,1.0,1.0,1.0,South,"Independent 2027-01-01 snapshot; four events at days 0, 2, 4, 6. Event estimates are not additive."
SC04905,Independent recovery experiment 04905,Four_event_stress,4,1.0,1.0,1.0,1.0,South,"Independent 2027-01-01 snapshot; four events at days 0, 2, 4, 6. Event estimates are not additive."
SC04906,Independent recovery experiment 04906,Four_event_stress,4,1.0,1.0,1.0,1.0,West,"Independent 2027-01-01 snapshot; four events at days 0, 2, 4, 6. Event estimates are not additive."
SC04907,Independent recovery experiment 04907,Four_event_stress,4,1.0,1.0,1.0,1.0,East,"Independent 2027-01-01 snapshot; four events at days 0, 2, 4, 6. Event estimates are not additive."
SC04908,Independent recovery experiment 04908,Four_event_stress,4,1.0,1.0,1.0,1.0,West,"Independent 2027-01-01 snapshot; four events at days 0, 2, 4, 6. Event estimates are not additive."
SC04909,Independent recovery experiment 04909,Four_event_stress,4,1.0,1.0,1.0,1.0,North,"Independent 2027-01-01 snapshot; four events at days 0, 2, 4, 6. Event estimates are not additive."
SC04910,Independent recovery experiment 04910,Four_event_stress,4,1.0,1.0,1.0,1.0,South,"Independent 2027-01-01 snapshot; four events at days 0, 2, 4, 6. Event estimates are not additive."
SC04911,Independent recovery experiment 04911,Four_event_stress,4,1.0,1.0,1.0,1.0,South,"Independent 2027-01-01 snapshot; four events at days 0, 2, 4, 6. Event estimates are not additive."
SC04912,Independent recovery experiment 04912,Four_event_stress,4,1.0,1.0,1.0,1.0,West,"Independent 2027-01-01 snapshot; four events at days 0, 2, 4, 6. Event estimates are not additive."
SC04913,Independent recovery experiment 04913,Four_event_stress,4,1.0,1.0,1.0,1.0,North,"Independent 2027-01-01 snapshot; four events at days 0, 2, 4, 6. Event estimates are not additive."
SC04914,Independent recovery experiment 04914,Four_event_stress,4,1.0,1.0,1.0,1.0,South,"Independent 2027-01-01 snapshot; four events at days 0, 2, 4, 6. Event estimates are not additive."
SC04915,Independent recovery experiment 04915,Four_event_stress,4,1.0,1.0,1.0,1.0,South,"Independent 2027-01-01 snapshot; four events at days 0, 2, 4, 6. Event estimates are not additive."
SC04916,Independent recovery experiment 04916,Four_event_stress,4,1.0,1.0,1.0,1.0,West,"Independent 2027-01-01 snapshot; four events at days 0, 2, 4, 6. Event estimates are not additive."
SC04917,Independent recovery experiment 04917,Four_event_stress,4,1.0,1.0,1.0,1.0,East,"Independent 2027-01-01 snapshot; four events at days 0, 2, 4, 6. Event estimates are not additive."
SC04918,Independent recovery experiment 04918,Four_event_stress,4,1.0,1.0,1.0,1.0,West,"Independent 2027-01-01 snapshot; four events at days 0, 2, 4, 6. Event estimates are not additive."
SC04919,Independent recovery experiment 04919,Four_event_stress,4,1.0,1.0,1.0,1.0,North,"Independent 2027-01-01 snapshot; four events at days 0, 2, 4, 6. Event estimates are not additive."
SC04920,Independent recovery experiment 04920,Four_event_stress,4,1.0,1.0,1.0,1.0,South,"Independent 2027-01-01 snapshot; four events at days 0, 2, 4, 6. Event estimates are not additive."
SC04921,Independent recovery experiment 04921,Four_event_stress,4,1.0,1.0,1.0,1.0,South,"Independent 2027-01-01 snapshot; four events at days 0, 2, 4, 6. Event estimates are not additive."
SC04922,Independent recovery experiment 04922,Four_event_stress,4,1.0,1.0,1.0,1.0,West,"Independent 2027-01-01 snapshot; four events at days 0, 2, 4, 6. Event estimates are not additive."
SC04923,Independent recovery experiment 04923,Four_event_stress,4,1.0,1.0,1.0,1.0,North,"Independent 2027-01-01 snapshot; four events at days 0, 2, 4, 6. Event estimates are not additive."
SC04924,Independent recovery experiment 04924,Four_event_stress,4,1.0,1.0,1.0,1.0,South,"Independent 2027-01-01 snapshot; four events at days 0, 2, 4, 6. Event estimates are not additive."
SC04925,Independent recovery experiment 04925,Four_event_stress,4,1.0,1.0,1.0,1.0,South,"Independent 2027-01-01 snapshot; four events at days 0, 2, 4, 6. Event estimates are not additive."
SC04926,Independent recovery experiment 04926,Four_event_stress,4,1.0,1.0,1.0,1.0,West,"Independent 2027-01-01 snapshot; four events at days 0, 2, 4, 6. Event estimates are not additive."
SC04927,Independent recovery experiment 04927,Four_event_stress,4,1.0,1.0,1.0,1.0,East,"Independent 2027-01-01 snapshot; four events at days 0, 2, 4, 6. Event estimates are not additive."
SC04928,Independent recovery experiment 04928,Four_event_stress,4,1.0,1.0,1.0,1.0,West,"Independent 2027-01-01 snapshot; four events at days 0, 2, 4, 6. Event estimates are not additive."
SC04929,Independent recovery experiment 04929,Four_event_stress,4,1.0,1.0,1.0,1.0,North,"Independent 2027-01-01 snapshot; four events at days 0, 2, 4, 6. Event estimates are not additive."
SC04930,Independent recovery experiment 04930,Four_event_stress,4,1.0,1.0,1.0,1.0,South,"Independent 2027-01-01 snapshot; four events at days 0, 2, 4, 6. Event estimates are not additive."
SC04931,Independent recovery experiment 04931,Four_event_stress,4,1.0,1.0,1.0,1.0,South,"Independent 2027-01-01 snapshot; four events at days 0, 2, 4, 6. Event estimates are not additive."
SC04932,Independent recovery experiment 04932,Four_event_stress,4,1.0,1.0,1.0,1.0,West,"Independent 2027-01-01 snapshot; four events at days 0, 2, 4, 6. Event estimates are not additive."
SC04933,Independent recovery experiment 04933,Four_event_stress,4,1.0,1.0,1.0,1.0,North,"Independent 2027-01-01 snapshot; four events at days 0, 2, 4, 6. Event estimates are not additive."
SC04934,Independent recovery experiment 04934,Four_event_stress,4,1.0,1.0,1.0,1.0,South,"Independent 2027-01-01 snapshot; four events at days 0, 2, 4, 6. Event estimates are not additive."
SC04935,Independent recovery experiment 04935,Four_event_stress,4,1.0,1.0,1.0,1.0,South,"Independent 2027-01-01 snapshot; four events at days 0, 2, 4, 6. Event estimates are not additive."
SC04936,Independent recovery experiment 04936,Four_event_stress,4,1.0,1.0,1.0,1.0,West,"Independent 2027-01-01 snapshot; four events at days 0, 2, 4, 6. Event estimates are not additive."
SC04937,Independent recovery experiment 04937,Four_event_stress,4,1.0,1.0,1.0,1.0,East,"Independent 2027-01-01 snapshot; four events at days 0, 2, 4, 6. Event estimates are not additive."
SC04938,Independent recovery experiment 04938,Four_event_stress,4,1.0,1.0,1.0,1.0,West,"Independent 2027-01-01 snapshot; four events at days 0, 2, 4, 6. Event estimates are not additive."
SC04939,Independent recovery experiment 04939,Four_event_stress,4,1.0,1.0,1.0,1.0,North,"Independent 2027-01-01 snapshot; four events at days 0, 2, 4, 6. Event estimates are not additive."
SC04940,Independent recovery experiment 04940,Four_event_stress,4,1.0,1.0,1.0,1.0,South,"Independent 2027-01-01 snapshot; four events at days 0, 2, 4, 6. Event estimates are not additive."
SC04941,Independent recovery experiment 04941,Four_event_stress,4,1.0,1.0,1.0,1.0,South,"Independent 2027-01-01 snapshot; four events at days 0, 2, 4, 6. Event estimates are not additive."
SC04942,Independent recovery experiment 04942,Four_event_stress,4,1.0,1.0,1.0,1.0,West,"Independent 2027-01-01 snapshot; four events at days 0, 2, 4, 6. Event estimates are not additive."
SC04943,Independent recovery experiment 04943,Four_event_stress,4,1.0,1.0,1.0,1.0,North,"Independent 2027-01-01 snapshot; four events at days 0, 2, 4, 6. Event estimates are not additive."
SC04944,Independent recovery experiment 04944,Four_event_stress,4,1.0,1.0,1.0,1.0,South,"Independent 2027-01-01 snapshot; four events at days 0, 2, 4, 6. Event estimates are not additive."
SC04945,Independent recovery experiment 04945,Four_event_stress,4,1.0,1.0,1.0,1.0,South,"Independent 2027-01-01 snapshot; four events at days 0, 2, 4, 6. Event estimates are not additive."
SC04946,Independent recovery experiment 04946,Four_event_stress,4,1.0,1.0,1.0,1.0,West,"Independent 2027-01-01 snapshot; four events at days 0, 2, 4, 6. Event estimates are not additive."
SC04947,Independent recovery experiment 04947,Four_event_stress,4,1.0,1.0,1.0,1.0,East,"Independent 2027-01-01 snapshot; four events at days 0, 2, 4, 6. Event estimates are not additive."
SC04948,Independent recovery experiment 04948,Four_event_stress,4,1.0,1.0,1.0,1.0,West,"Independent 2027-01-01 snapshot; four events at days 0, 2, 4, 6. Event estimates are not additive."
SC04949,Independent recovery experiment 04949,Four_event_stress,4,1.0,1.0,1.0,1.0,North,"Independent 2027-01-01 snapshot; four events at days 0, 2, 4, 6. Event estimates are not additive."
SC04950,Independent recovery experiment 04950,Four_event_stress,4,1.0,1.0,1.0,1.0,South,"Independent 2027-01-01 snapshot; four events at days 0, 2, 4, 6. Event estimates are not additive."
SC04951,Independent recovery experiment 04951,Four_event_stress,4,1.0,1.0,1.0,1.0,South,"Independent 2027-01-01 snapshot; four events at days 0, 2, 4, 6. Event estimates are not additive."
SC04952,Independent recovery experiment 04952,Four_event_stress,4,1.0,1.0,1.0,1.0,West,"Independent 2027-01-01 snapshot; four events at days 0, 2, 4, 6. Event estimates are not additive."
SC04953,Independent recovery experiment 04953,Four_event_stress,4,1.0,1.0,1.0,1.0,North,"Independent 2027-01-01 snapshot; four events at days 0, 2, 4, 6. Event estimates are not additive."
SC04954,Independent recovery experiment 04954,Four_event_stress,4,1.0,1.0,1.0,1.0,South,"Independent 2027-01-01 snapshot; four events at days 0, 2, 4, 6. Event estimates are not additive."
SC04955,Independent recovery experiment 04955,Four_event_stress,4,1.0,1.0,1.0,1.0,South,"Independent 2027-01-01 snapshot; four events at days 0, 2, 4, 6. Event estimates are not additive."
SC04956,Independent recovery experiment 04956,Four_event_stress,4,1.0,1.0,1.0,1.0,West,"Independent 2027-01-01 snapshot; four events at days 0, 2, 4, 6. Event estimates are not additive."
SC04957,Independent recovery experiment 04957,Four_event_stress,4,1.0,1.0,1.0,1.0,East,"Independent 2027-01-01 snapshot; four events at days 0, 2, 4, 6. Event estimates are not additive."
SC04958,Independent recovery experiment 04958,Four_event_stress,4,1.0,1.0,1.0,1.0,West,"Independent 2027-01-01 snapshot; four events at days 0, 2, 4, 6. Event estimates are not additive."
SC04959,Independent recovery experiment 04959,Four_event_stress,4,1.0,1.0,1.0,1.0,North,"Independent 2027-01-01 snapshot; four events at days 0, 2, 4, 6. Event estimates are not additive."
SC04960,Independent recovery experiment 04960,Four_event_stress,4,1.0,1.0,1.0,1.0,South,"Independent 2027-01-01 snapshot; four events at days 0, 2, 4, 6. Event estimates are not additive."
SC04961,Independent recovery experiment 04961,Four_event_stress,4,1.0,1.0,1.0,1.0,South,"Independent 2027-01-01 snapshot; four events at days 0, 2, 4, 6. Event estimates are not additive."
SC04962,Independent recovery experiment 04962,Four_event_stress,4,1.0,1.0,1.0,1.0,West,"Independent 2027-01-01 snapshot; four events at days 0, 2, 4, 6. Event estimates are not additive."
SC04963,Independent recovery experiment 04963,Four_event_stress,4,1.0,1.0,1.0,1.0,North,"Independent 2027-01-01 snapshot; four events at days 0, 2, 4, 6. Event estimates are not additive."
SC04964,Independent recovery experiment 04964,Four_event_stress,4,1.0,1.0,1.0,1.0,South,"Independent 2027-01-01 snapshot; four events at days 0, 2, 4, 6. Event estimates are not additive."
SC04965,Independent recovery experiment 04965,Four_event_stress,4,1.0,1.0,1.0,1.0,South,"Independent 2027-01-01 snapshot; four events at days 0, 2, 4, 6. Event estimates are not additive."
SC04966,Independent recovery experiment 04966,Four_event_stress,4,1.0,1.0,1.0,1.0,West,"Independent 2027-01-01 snapshot; four events at days 0, 2, 4, 6. Event estimates are not additive."
SC04967,Independent recovery experiment 04967,Four_event_stress,4,1.0,1.0,1.0,1.0,East,"Independent 2027-01-01 snapshot; four events at days 0, 2, 4, 6. Event estimates are not additive."
SC04968,Independent recovery experiment 04968,Four_event_stress,4,1.0,1.0,1.0,1.0,West,"Independent 2027-01-01 snapshot; four events at days 0, 2, 4, 6. Event estimates are not additive."
SC04969,Independent recovery experiment 04969,Four_event_stress,4,1.0,1.0,1.0,1.0,North,"Independent 2027-01-01 snapshot; four events at days 0, 2, 4, 6. Event estimates are not additive."
SC04970,Independent recovery experiment 04970,Four_event_stress,4,1.0,1.0,1.0,1.0,South,"Independent 2027-01-01 snapshot; four events at days 0, 2, 4, 6. Event estimates are not additive."
SC04971,Independent recovery experiment 04971,Four_event_stress,4,1.0,1.0,1.0,1.0,South,"Independent 2027-01-01 snapshot; four events at days 0, 2, 4, 6. Event estimates are not additive."
SC04972,Independent recovery experiment 04972,Four_event_stress,4,1.0,1.0,1.0,1.0,West,"Independent 2027-01-01 snapshot; four events at days 0, 2, 4, 6. Event estimates are not additive."
SC04973,Independent recovery experiment 04973,Four_event_stress,4,1.0,1.0,1.0,1.0,North,"Independent 2027-01-01 snapshot; four events at days 0, 2, 4, 6. Event estimates are not additive."
SC04974,Independent recovery experiment 04974,Four_event_stress,4,1.0,1.0,1.0,1.0,South,"Independent 2027-01-01 snapshot; four events at days 0, 2, 4, 6. Event estimates are not additive."
SC04975,Independent recovery experiment 04975,Four_event_stress,4,1.0,1.0,1.0,1.0,South,"Independent 2027-01-01 snapshot; four events at days 0, 2, 4, 6. Event estimates are not additive."
SC04976,Independent recovery experiment 04976,Four_event_stress,4,1.0,1.0,1.0,1.0,West,"Independent 2027-01-01 snapshot; four events at days 0, 2, 4, 6. Event estimates are not additive."
SC04977,Independent recovery experiment 04977,Four_event_stress,4,1.0,1.0,1.0,1.0,East,"Independent 2027-01-01 snapshot; four events at days 0, 2, 4, 6. Event estimates are not additive."
SC04978,Independent recovery experiment 04978,Four_event_stress,4,1.0,1.0,1.0,1.0,West,"Independent 2027-01-01 snapshot; four events at days 0, 2, 4, 6. Event estimates are not additive."
SC04979,Independent recovery experiment 04979,Four_event_stress,4,1.0,1.0,1.0,1.0,North,"Independent 2027-01-01 snapshot; four events at days 0, 2, 4, 6. Event estimates are not additive."
SC04980,Independent recovery experiment 04980,Four_event_stress,4,1.0,1.0,1.0,1.0,South,"Independent 2027-01-01 snapshot; four events at days 0, 2, 4, 6. Event estimates are not additive."
SC04981,Independent recovery experiment 04981,Four_event_stress,4,1.0,1.0,1.0,1.0,South,"Independent 2027-01-01 snapshot; four events at days 0, 2, 4, 6. Event estimates are not additive."
SC04982,Independent recovery experiment 04982,Four_event_stress,4,1.0,1.0,1.0,1.0,West,"Independent 2027-01-01 snapshot; four events at days 0, 2, 4, 6. Event estimates are not additive."
SC04983,Independent recovery experiment 04983,Four_event_stress,4,1.0,1.0,1.0,1.0,North,"Independent 2027-01-01 snapshot; four events at days 0, 2, 4, 6. Event estimates are not additive."
SC04984,Independent recovery experiment 04984,Four_event_stress,4,1.0,1.0,1.0,1.0,South,"Independent 2027-01-01 snapshot; four events at days 0, 2, 4, 6. Event estimates are not additive."
SC04985,Independent recovery experiment 04985,Four_event_stress,4,1.0,1.0,1.0,1.0,South,"Independent 2027-01-01 snapshot; four events at days 0, 2, 4, 6. Event estimates are not additive."
SC04986,Independent recovery experiment 04986,Four_event_stress,4,1.0,1.0,1.0,1.0,West,"Independent 2027-01-01 snapshot; four events at days 0, 2, 4, 6. Event estimates are not additive."
SC04987,Independent recovery experiment 04987,Four_event_stress,4,1.0,1.0,1.0,1.0,East,"Independent 2027-01-01 snapshot; four events at days 0, 2, 4, 6. Event estimates are not additive."
SC04988,Independent recovery experiment 04988,Four_event_stress,4,1.0,1.0,1.0,1.0,West,"Independent 2027-01-01 snapshot; four events at days 0, 2, 4, 6. Event estimates are not additive."
SC04989,Independent recovery experiment 04989,Four_event_stress,4,1.0,1.0,1.0,1.0,North,"Independent 2027-01-01 snapshot; four events at days 0, 2, 4, 6. Event estimates are not additive."
SC04990,Independent recovery experiment 04990,Four_event_stress,4,1.0,1.0,1.0,1.0,South,"Independent 2027-01-01 snapshot; four events at days 0, 2, 4, 6. Event estimates are not additive."
SC04991,Independent recovery experiment 04991,Four_event_stress,4,1.0,1.0,1.0,1.0,South,"Independent 2027-01-01 snapshot; four events at days 0, 2, 4, 6. Event estimates are not additive."
SC04992,Independent recovery experiment 04992,Four_event_stress,4,1.0,1.0,1.0,1.0,West,"Independent 2027-01-01 snapshot; four events at days 0, 2, 4, 6. Event estimates are not additive."
SC04993,Independent recovery experiment 04993,Four_event_stress,4,1.0,1.0,1.0,1.0,North,"Independent 2027-01-01 snapshot; four events at days 0, 2, 4, 6. Event estimates are not additive."
SC04994,Independent recovery experiment 04994,Four_event_stress,4,1.0,1.0,1.0,1.0,South,"Independent 2027-01-01 snapshot; four events at days 0, 2, 4, 6. Event estimates are not additive."
SC04995,Independent recovery experiment 04995,Four_event_stress,4,1.0,1.0,1.0,1.0,South,"Independent 2027-01-01 snapshot; four events at days 0, 2, 4, 6. Event estimates are not additive."
SC04996,Independent recovery experiment 04996,Four_event_stress,4,1.0,1.0,1.0,1.0,West,"Independent 2027-01-01 snapshot; four events at days 0, 2, 4, 6. Event estimates are not additive."
SC04997,Independent recovery experiment 04997,Four_event_stress,4,1.0,1.0,1.0,1.0,East,"Independent 2027-01-01 snapshot; four events at days 0, 2, 4, 6. Event estimates are not additive."
SC04998,Independent recovery experiment 04998,Four_event_stress,4,1.0,1.0,1.0,1.0,West,"Independent 2027-01-01 snapshot; four events at days 0, 2, 4, 6. Event estimates are not additive."
SC04999,Independent recovery experiment 04999,Four_event_stress,4,1.0,1.0,1.0,1.0,North,"Independent 2027-01-01 snapshot; four events at days 0, 2, 4, 6. Event estimates are not additive."
SC05000,Independent recovery experiment 05000,Four_event_stress,4,1.0,1.0,1.0,1.0,South,"Independent 2027-01-01 snapshot; four events at days 0, 2, 4, 6. Event estimates are not additive."
